# https://github.com/mikedh/trimesh

o Visualization Toolkit generated SLA File
v 0.00160000 0.02199349 0.00299999
v 0.00160000 0.02199349 -0.00000000
v 0.00157329 0.02170235 0.00299999
v 0.00156482 0.02165983 0.00150001
v 0.00148766 0.02140454 0.00299999
v 0.00145165 0.02132066 0.00150001
v 0.00133919 0.02111796 0.00299999
v 0.00125690 0.02100344 0.00150001
v 0.00113137 0.02086212 0.00299999
v 0.00099005 0.02073659 0.00150001
v 0.00087553 0.02065430 0.00299999
v 0.00067283 0.02054184 0.00150001
v 0.00058895 0.02050583 0.00299999
v 0.00033366 0.02042866 0.00150001
v 0.00029114 0.02042020 0.00299999
v -0.00000000 0.02039349 0.00150001
v -0.00000000 0.02039349 0.00299999
v -0.00029114 0.02042020 0.00299999
v -0.00033366 0.02042866 0.00150001
v -0.00058895 0.02050583 0.00299999
v -0.00058895 0.02050583 0.00150001
v -0.00083603 0.02062928 0.00150001
v -0.00058895 0.02050583 -0.00000000
v -0.00087554 0.02065430 -0.00000000
v 0.00157329 0.02170235 -0.00000000
v 0.00148766 0.02140454 -0.00000000
v 0.00133919 0.02111796 -0.00000000
v 0.00113137 0.02086212 -0.00000000
v 0.00087553 0.02065430 -0.00000000
v 0.00058895 0.02050583 -0.00000000
v 0.00029114 0.02042020 -0.00000000
v -0.00000000 0.02039349 -0.00000000
v -0.00029114 0.02042020 -0.00000000
v -0.00106250 0.02079721 0.00150001
v -0.00113137 0.02086212 -0.00000000
v -0.00125691 0.02100344 0.00150001
v -0.00133919 0.02111796 -0.00000000
v -0.00141048 0.02123814 0.00150001
v -0.00148766 0.02140454 -0.00000000
v -0.00151849 0.02148932 0.00150001
v -0.00157329 0.02170235 -0.00000000
v -0.00158054 0.02174472 0.00150001
v -0.00160000 0.02199349 -0.00000000
v -0.00160000 0.02199349 0.00299999
v -0.00157329 0.02170235 0.00299999
v -0.00148766 0.02140454 0.00299999
v -0.00133919 0.02111796 0.00299999
v -0.00113137 0.02086212 0.00299999
v -0.00087554 0.02065430 0.00299999
v 0.00160000 -0.02200651 0.00299999
v 0.00160000 -0.02200651 -0.00000000
v 0.00157328 -0.02229765 0.00299999
v 0.00156482 -0.02234017 0.00150001
v 0.00148766 -0.02259547 0.00299999
v 0.00145165 -0.02267935 0.00150001
v 0.00133919 -0.02288205 0.00299999
v 0.00125690 -0.02299656 0.00150001
v 0.00113137 -0.02313788 0.00299999
v 0.00099004 -0.02326342 0.00150001
v 0.00087553 -0.02334571 0.00299999
v 0.00067283 -0.02345817 0.00150001
v 0.00058895 -0.02349417 0.00299999
v 0.00033365 -0.02357134 0.00150001
v 0.00029114 -0.02357980 0.00299999
v -0.00000001 -0.02360651 0.00150001
v -0.00000001 -0.02360651 0.00299999
v -0.00029115 -0.02357980 0.00299999
v -0.00033366 -0.02357134 0.00150001
v -0.00058896 -0.02349417 0.00299999
v -0.00058896 -0.02349417 0.00150001
v -0.00083603 -0.02337072 0.00150001
v -0.00058896 -0.02349417 -0.00000000
v -0.00087554 -0.02334571 -0.00000000
v 0.00157328 -0.02229765 -0.00000000
v 0.00148766 -0.02259547 -0.00000000
v 0.00133919 -0.02288205 -0.00000000
v 0.00113137 -0.02313788 -0.00000000
v 0.00087553 -0.02334571 -0.00000000
v 0.00058895 -0.02349417 -0.00000000
v 0.00029114 -0.02357980 -0.00000000
v -0.00000001 -0.02360651 -0.00000000
v -0.00029115 -0.02357980 -0.00000000
v -0.00106251 -0.02320279 0.00150001
v -0.00113138 -0.02313788 -0.00000000
v -0.00125691 -0.02299656 0.00150001
v -0.00133920 -0.02288205 -0.00000000
v -0.00141048 -0.02276186 0.00150001
v -0.00148767 -0.02259547 -0.00000000
v -0.00151850 -0.02251068 0.00150001
v -0.00157329 -0.02229765 -0.00000000
v -0.00158055 -0.02225528 0.00150001
v -0.00160001 -0.02200651 -0.00000000
v -0.00160001 -0.02200651 0.00299999
v -0.00157329 -0.02229765 0.00299999
v -0.00148767 -0.02259547 0.00299999
v -0.00133920 -0.02288205 0.00299999
v -0.00113138 -0.02313788 0.00299999
v -0.00087554 -0.02334571 0.00299999
v 0.00500000 -0.00000651 0.00299999
v 0.00500000 -0.00000651 -0.00000000
v 0.00491652 -0.00091633 0.00299999
v 0.00489007 -0.00104919 0.00150001
v 0.00464894 -0.00184699 0.00299999
v 0.00453641 -0.00210911 0.00150001
v 0.00418498 -0.00274256 0.00299999
v 0.00392782 -0.00310041 0.00150001
v 0.00353553 -0.00354205 0.00299999
v 0.00309390 -0.00393433 0.00150001
v 0.00273605 -0.00419149 0.00299999
v 0.00210260 -0.00454293 0.00150001
v 0.00184047 -0.00465545 0.00299999
v 0.00104267 -0.00489659 0.00150001
v 0.00090981 -0.00492304 0.00299999
v -0.00000000 -0.00500651 0.00150001
v -0.00000000 -0.00500651 0.00299999
v -0.00090982 -0.00492304 0.00299999
v -0.00104268 -0.00489659 0.00150001
v -0.00184048 -0.00465545 0.00299999
v -0.00184048 -0.00465545 0.00150001
v -0.00261259 -0.00426966 0.00150001
v -0.00184048 -0.00465545 -0.00000000
v -0.00273605 -0.00419149 -0.00000000
v 0.00491652 -0.00091633 -0.00000000
v 0.00464894 -0.00184699 -0.00000000
v 0.00418498 -0.00274256 -0.00000000
v 0.00353553 -0.00354205 -0.00000000
v 0.00273605 -0.00419149 -0.00000000
v 0.00184047 -0.00465545 -0.00000000
v 0.00090981 -0.00492304 -0.00000000
v -0.00000000 -0.00500651 -0.00000000
v -0.00090982 -0.00492304 -0.00000000
v -0.00332033 -0.00374489 0.00150001
v -0.00353554 -0.00354205 -0.00000000
v -0.00392782 -0.00310041 0.00150001
v -0.00418498 -0.00274256 -0.00000000
v -0.00440775 -0.00236697 0.00150001
v -0.00464894 -0.00184698 -0.00000000
v -0.00474529 -0.00158203 0.00150001
v -0.00491653 -0.00091633 -0.00000000
v -0.00493920 -0.00078392 0.00150001
v -0.00500000 -0.00000651 -0.00000000
v -0.00500000 -0.00000651 0.00299999
v -0.00491653 -0.00091633 0.00299999
v -0.00464894 -0.00184699 0.00299999
v -0.00418498 -0.00274256 0.00299999
v -0.00353554 -0.00354205 0.00299999
v -0.00273605 -0.00419149 0.00299999
v 0.00756715 0.00267227 0.00299999
v 0.00756715 0.00267227 -0.00000000
v 0.00754879 0.00247211 0.00299999
v 0.00754297 0.00244288 0.00150001
v 0.00748992 0.00226737 0.00299999
v 0.00746517 0.00220970 0.00150001
v 0.00738785 0.00207034 0.00299999
v 0.00733127 0.00199161 0.00150001
v 0.00724497 0.00189445 0.00299999
v 0.00714781 0.00180815 0.00150001
v 0.00706909 0.00175158 0.00299999
v 0.00692973 0.00167426 0.00150001
v 0.00687206 0.00164950 0.00299999
v 0.00669654 0.00159646 0.00150001
v 0.00666731 0.00159064 0.00299999
v 0.00646715 0.00157227 0.00150001
v 0.00646715 0.00157227 0.00299999
v 0.00626699 0.00159064 0.00299999
v 0.00623776 0.00159646 0.00150001
v 0.00606225 0.00164950 0.00299999
v 0.00606225 0.00164950 0.00150001
v 0.00589239 0.00173438 0.00150001
v 0.00606225 0.00164950 -0.00000000
v 0.00586522 0.00175158 -0.00000000
v 0.00754879 0.00247211 -0.00000000
v 0.00748992 0.00226737 -0.00000000
v 0.00738785 0.00207034 -0.00000000
v 0.00724497 0.00189445 -0.00000000
v 0.00706909 0.00175158 -0.00000000
v 0.00687206 0.00164950 -0.00000000
v 0.00666731 0.00159064 -0.00000000
v 0.00646715 0.00157227 -0.00000000
v 0.00626699 0.00159064 -0.00000000
v 0.00573668 0.00184983 0.00150001
v 0.00568934 0.00189445 -0.00000000
v 0.00560303 0.00199161 0.00150001
v 0.00554646 0.00207034 -0.00000000
v 0.00549745 0.00215297 0.00150001
v 0.00544439 0.00226737 -0.00000000
v 0.00542319 0.00232566 0.00150001
v 0.00538552 0.00247211 -0.00000000
v 0.00538053 0.00250124 0.00150001
v 0.00536715 0.00267227 -0.00000000
v 0.00536715 0.00267227 0.00299999
v 0.00538552 0.00247211 0.00299999
v 0.00544439 0.00226737 0.00299999
v 0.00554646 0.00207034 0.00299999
v 0.00568934 0.00189445 0.00299999
v 0.00586522 0.00175158 0.00299999
v -0.00157879 0.00646065 0.00299999
v -0.00157879 0.00646065 -0.00000000
v -0.00159715 0.00626049 0.00299999
v -0.00160297 0.00623126 0.00150001
v -0.00165602 0.00605574 0.00299999
v -0.00168078 0.00599807 0.00150001
v -0.00175809 0.00585871 0.00299999
v -0.00181467 0.00577999 0.00150001
v -0.00190097 0.00568283 0.00299999
v -0.00199813 0.00559653 0.00150001
v -0.00207686 0.00553995 0.00299999
v -0.00221621 0.00546263 0.00150001
v -0.00227388 0.00543788 0.00299999
v -0.00244940 0.00538483 0.00150001
v -0.00247863 0.00537901 0.00299999
v -0.00267879 0.00536065 0.00150001
v -0.00267879 0.00536065 0.00299999
v -0.00287895 0.00537901 0.00299999
v -0.00290817 0.00538483 0.00150001
v -0.00308369 0.00543788 0.00299999
v -0.00308369 0.00543788 0.00150001
v -0.00325355 0.00552275 0.00150001
v -0.00308369 0.00543788 -0.00000000
v -0.00328072 0.00553995 -0.00000000
v -0.00159715 0.00626049 -0.00000000
v -0.00165602 0.00605574 -0.00000000
v -0.00175809 0.00585871 -0.00000000
v -0.00190097 0.00568283 -0.00000000
v -0.00207686 0.00553995 -0.00000000
v -0.00227388 0.00543788 -0.00000000
v -0.00247863 0.00537901 -0.00000000
v -0.00267879 0.00536065 -0.00000000
v -0.00287895 0.00537901 -0.00000000
v -0.00340926 0.00563820 0.00150001
v -0.00345660 0.00568283 -0.00000000
v -0.00354291 0.00577999 0.00150001
v -0.00359948 0.00585871 -0.00000000
v -0.00364849 0.00594135 0.00150001
v -0.00370155 0.00605574 -0.00000000
v -0.00372275 0.00611403 0.00150001
v -0.00376042 0.00626049 -0.00000000
v -0.00376541 0.00628962 0.00150001
v -0.00377879 0.00646065 -0.00000000
v -0.00377879 0.00646065 0.00299999
v -0.00376042 0.00626049 0.00299999
v -0.00370155 0.00605574 0.00299999
v -0.00359948 0.00585871 0.00299999
v -0.00345660 0.00568283 0.00299999
v -0.00328072 0.00553995 0.00299999
v -0.00536716 -0.00268530 0.00299999
v -0.00536716 -0.00268530 -0.00000000
v -0.00538552 -0.00288546 0.00299999
v -0.00539134 -0.00291468 0.00150001
v -0.00544439 -0.00309020 0.00299999
v -0.00546915 -0.00314787 0.00150001
v -0.00554647 -0.00328723 0.00299999
v -0.00560304 -0.00336595 0.00150001
v -0.00568934 -0.00346311 0.00299999
v -0.00578650 -0.00354942 0.00150001
v -0.00586523 -0.00360599 0.00299999
v -0.00600459 -0.00368331 0.00150001
v -0.00606226 -0.00370806 0.00299999
v -0.00623777 -0.00376111 0.00150001
v -0.00626700 -0.00376693 0.00299999
v -0.00646716 -0.00378530 0.00150001
v -0.00646716 -0.00378530 0.00299999
v -0.00666732 -0.00376693 0.00299999
v -0.00669655 -0.00376111 0.00150001
v -0.00687206 -0.00370806 0.00299999
v -0.00687206 -0.00370806 0.00150001
v -0.00704193 -0.00362319 0.00150001
v -0.00687206 -0.00370806 -0.00000000
v -0.00706909 -0.00360599 -0.00000000
v -0.00538552 -0.00288545 -0.00000000
v -0.00544439 -0.00309020 -0.00000000
v -0.00554647 -0.00328723 -0.00000000
v -0.00568934 -0.00346311 -0.00000000
v -0.00586523 -0.00360599 -0.00000000
v -0.00606226 -0.00370806 -0.00000000
v -0.00626700 -0.00376693 -0.00000000
v -0.00646716 -0.00378530 -0.00000000
v -0.00666732 -0.00376693 -0.00000000
v -0.00719763 -0.00350774 0.00150001
v -0.00724498 -0.00346311 -0.00000000
v -0.00733128 -0.00336595 0.00150001
v -0.00738786 -0.00328723 -0.00000000
v -0.00743687 -0.00320460 0.00150001
v -0.00748993 -0.00309020 -0.00000000
v -0.00751112 -0.00303191 0.00150001
v -0.00754880 -0.00288545 -0.00000000
v -0.00755378 -0.00285632 0.00150001
v -0.00756716 -0.00268530 -0.00000000
v -0.00756716 -0.00268530 0.00299999
v -0.00754880 -0.00288546 0.00299999
v -0.00748993 -0.00309020 0.00299999
v -0.00738786 -0.00328723 0.00299999
v -0.00724498 -0.00346311 0.00299999
v -0.00706909 -0.00360599 0.00299999
v 0.00377878 -0.00647367 0.00299999
v 0.00377878 -0.00647367 -0.00000000
v 0.00376042 -0.00667383 0.00299999
v 0.00375460 -0.00670306 0.00150001
v 0.00370155 -0.00687857 0.00299999
v 0.00367679 -0.00693624 0.00150001
v 0.00359948 -0.00707560 0.00299999
v 0.00354290 -0.00715433 0.00150001
v 0.00345660 -0.00725149 0.00299999
v 0.00335944 -0.00733779 0.00150001
v 0.00328071 -0.00739437 0.00299999
v 0.00314135 -0.00747168 0.00150001
v 0.00308368 -0.00749644 0.00299999
v 0.00290817 -0.00754949 0.00150001
v 0.00287894 -0.00755531 0.00299999
v 0.00267878 -0.00757367 0.00150001
v 0.00267878 -0.00757367 0.00299999
v 0.00247862 -0.00755531 0.00299999
v 0.00244939 -0.00754949 0.00150001
v 0.00227388 -0.00749644 0.00299999
v 0.00227388 -0.00749644 0.00150001
v 0.00210401 -0.00741156 0.00150001
v 0.00227388 -0.00749644 -0.00000000
v 0.00207685 -0.00739436 -0.00000000
v 0.00376042 -0.00667383 -0.00000000
v 0.00370155 -0.00687857 -0.00000000
v 0.00359948 -0.00707560 -0.00000000
v 0.00345660 -0.00725149 -0.00000000
v 0.00328071 -0.00739436 -0.00000000
v 0.00308368 -0.00749644 -0.00000000
v 0.00287894 -0.00755530 -0.00000000
v 0.00267878 -0.00757367 -0.00000000
v 0.00247862 -0.00755530 -0.00000000
v 0.00194831 -0.00729611 0.00150001
v 0.00190096 -0.00725149 -0.00000000
v 0.00181466 -0.00715433 0.00150001
v 0.00175809 -0.00707560 -0.00000000
v 0.00170908 -0.00699297 0.00150001
v 0.00165601 -0.00687857 -0.00000000
v 0.00163482 -0.00682028 0.00150001
v 0.00159715 -0.00667383 -0.00000000
v 0.00159216 -0.00664470 0.00150001
v 0.00157878 -0.00647367 -0.00000000
v 0.00157878 -0.00647367 0.00299999
v 0.00159715 -0.00667383 0.00299999
v 0.00165601 -0.00687857 0.00299999
v 0.00175809 -0.00707560 0.00299999
v 0.00190096 -0.00725149 0.00299999
v 0.00207685 -0.00739437 0.00299999
v 0.00756715 -0.00268530 0.00299999
v 0.00756715 -0.00268530 -0.00000000
v 0.00754879 -0.00288546 0.00299999
v 0.00754297 -0.00291469 0.00150001
v 0.00748992 -0.00309020 0.00299999
v 0.00746517 -0.00314787 0.00150001
v 0.00738785 -0.00328723 0.00299999
v 0.00733127 -0.00336596 0.00150001
v 0.00724497 -0.00346311 0.00299999
v 0.00714781 -0.00354942 0.00150001
v 0.00706909 -0.00360599 0.00299999
v 0.00692973 -0.00368331 0.00150001
v 0.00687206 -0.00370806 0.00299999
v 0.00669654 -0.00376111 0.00150001
v 0.00666731 -0.00376693 0.00299999
v 0.00646715 -0.00378530 0.00150001
v 0.00646715 -0.00378530 0.00299999
v 0.00626699 -0.00376693 0.00299999
v 0.00623776 -0.00376111 0.00150001
v 0.00606225 -0.00370806 0.00299999
v 0.00606225 -0.00370806 0.00150001
v 0.00589239 -0.00362319 0.00150001
v 0.00606225 -0.00370806 -0.00000000
v 0.00586522 -0.00360599 -0.00000000
v 0.00754879 -0.00288546 -0.00000000
v 0.00748992 -0.00309020 -0.00000000
v 0.00738785 -0.00328723 -0.00000000
v 0.00724497 -0.00346311 -0.00000000
v 0.00706909 -0.00360599 -0.00000000
v 0.00687206 -0.00370806 -0.00000000
v 0.00666731 -0.00376693 -0.00000000
v 0.00646715 -0.00378530 -0.00000000
v 0.00626699 -0.00376693 -0.00000000
v 0.00573668 -0.00350774 0.00150001
v 0.00568934 -0.00346311 -0.00000000
v 0.00560303 -0.00336595 0.00150001
v 0.00554646 -0.00328723 -0.00000000
v 0.00549745 -0.00320460 0.00150001
v 0.00544439 -0.00309020 -0.00000000
v 0.00542319 -0.00303191 0.00150001
v 0.00538552 -0.00288546 -0.00000000
v 0.00538053 -0.00285633 0.00150001
v 0.00536715 -0.00268530 -0.00000000
v 0.00536715 -0.00268530 0.00299999
v 0.00538552 -0.00288546 0.00299999
v 0.00544439 -0.00309020 0.00299999
v 0.00554646 -0.00328723 0.00299999
v 0.00568934 -0.00346311 0.00299999
v 0.00586522 -0.00360599 0.00299999
v -0.00157879 -0.00647367 0.00299999
v -0.00157879 -0.00647367 -0.00000000
v -0.00159715 -0.00667383 0.00299999
v -0.00160297 -0.00670306 0.00150001
v -0.00165602 -0.00687857 0.00299999
v -0.00168078 -0.00693624 0.00150001
v -0.00175809 -0.00707560 0.00299999
v -0.00181467 -0.00715433 0.00150001
v -0.00190097 -0.00725149 0.00299999
v -0.00199813 -0.00733779 0.00150001
v -0.00207686 -0.00739436 0.00299999
v -0.00221622 -0.00747168 0.00150001
v -0.00227388 -0.00749644 0.00299999
v -0.00244940 -0.00754949 0.00150001
v -0.00247863 -0.00755530 0.00299999
v -0.00267879 -0.00757367 0.00150001
v -0.00267879 -0.00757367 0.00299999
v -0.00287895 -0.00755530 0.00299999
v -0.00290818 -0.00754949 0.00150001
v -0.00308369 -0.00749644 0.00299999
v -0.00308369 -0.00749644 0.00150001
v -0.00325356 -0.00741156 0.00150001
v -0.00308369 -0.00749644 -0.00000000
v -0.00328072 -0.00739436 -0.00000000
v -0.00159715 -0.00667383 -0.00000000
v -0.00165602 -0.00687857 -0.00000000
v -0.00175809 -0.00707560 -0.00000000
v -0.00190097 -0.00725149 -0.00000000
v -0.00207686 -0.00739436 -0.00000000
v -0.00227388 -0.00749644 -0.00000000
v -0.00247863 -0.00755530 -0.00000000
v -0.00267879 -0.00757367 -0.00000000
v -0.00287895 -0.00755530 -0.00000000
v -0.00340926 -0.00729611 0.00150001
v -0.00345661 -0.00725149 -0.00000000
v -0.00354291 -0.00715433 0.00150001
v -0.00359948 -0.00707560 -0.00000000
v -0.00364849 -0.00699297 0.00150001
v -0.00370156 -0.00687857 -0.00000000
v -0.00372275 -0.00682028 0.00150001
v -0.00376042 -0.00667383 -0.00000000
v -0.00376541 -0.00664470 0.00150001
v -0.00377879 -0.00647367 -0.00000000
v -0.00377879 -0.00647367 0.00299999
v -0.00376042 -0.00667383 0.00299999
v -0.00370156 -0.00687857 0.00299999
v -0.00359948 -0.00707560 0.00299999
v -0.00345661 -0.00725149 0.00299999
v -0.00328072 -0.00739436 0.00299999
v -0.00536716 0.00267227 0.00299999
v -0.00536716 0.00267227 -0.00000000
v -0.00538552 0.00247211 0.00299999
v -0.00539134 0.00244288 0.00150001
v -0.00544439 0.00226737 0.00299999
v -0.00546915 0.00220970 0.00150001
v -0.00554647 0.00207034 0.00299999
v -0.00560304 0.00199161 0.00150001
v -0.00568934 0.00189446 0.00299999
v -0.00578650 0.00180815 0.00150001
v -0.00586523 0.00175158 0.00299999
v -0.00600459 0.00167426 0.00150001
v -0.00606226 0.00164951 0.00299999
v -0.00623777 0.00159646 0.00150001
v -0.00626700 0.00159064 0.00299999
v -0.00646716 0.00157227 0.00150001
v -0.00646716 0.00157227 0.00299999
v -0.00666732 0.00159064 0.00299999
v -0.00669655 0.00159646 0.00150001
v -0.00687206 0.00164951 0.00299999
v -0.00687206 0.00164951 0.00150001
v -0.00704193 0.00173438 0.00150001
v -0.00687206 0.00164951 -0.00000000
v -0.00706909 0.00175158 -0.00000000
v -0.00538552 0.00247211 -0.00000000
v -0.00544439 0.00226737 -0.00000000
v -0.00554647 0.00207034 -0.00000000
v -0.00568934 0.00189446 -0.00000000
v -0.00586523 0.00175158 -0.00000000
v -0.00606226 0.00164951 -0.00000000
v -0.00626700 0.00159064 -0.00000000
v -0.00646716 0.00157227 -0.00000000
v -0.00666732 0.00159064 -0.00000000
v -0.00719763 0.00184983 0.00150001
v -0.00724498 0.00189446 -0.00000000
v -0.00733128 0.00199161 0.00150001
v -0.00738786 0.00207034 -0.00000000
v -0.00743687 0.00215297 0.00150001
v -0.00748993 0.00226737 -0.00000000
v -0.00751112 0.00232566 0.00150001
v -0.00754880 0.00247211 -0.00000000
v -0.00755378 0.00250124 0.00150001
v -0.00756716 0.00267227 -0.00000000
v -0.00756716 0.00267227 0.00299999
v -0.00754880 0.00247211 0.00299999
v -0.00748993 0.00226737 0.00299999
v -0.00738786 0.00207034 0.00299999
v -0.00724498 0.00189446 0.00299999
v -0.00706909 0.00175158 0.00299999
v 0.00377878 0.00646065 0.00299999
v 0.00377878 0.00646065 -0.00000000
v 0.00376042 0.00626049 0.00299999
v 0.00375460 0.00623126 0.00150001
v 0.00370155 0.00605574 0.00299999
v 0.00367679 0.00599807 0.00150001
v 0.00359948 0.00585871 0.00299999
v 0.00354290 0.00577999 0.00150001
v 0.00345660 0.00568283 0.00299999
v 0.00335944 0.00559653 0.00150001
v 0.00328071 0.00553995 0.00299999
v 0.00314135 0.00546263 0.00150001
v 0.00308368 0.00543788 0.00299999
v 0.00290817 0.00538483 0.00150001
v 0.00287894 0.00537901 0.00299999
v 0.00267878 0.00536065 0.00150001
v 0.00267878 0.00536064 0.00299999
v 0.00247862 0.00537901 0.00299999
v 0.00244939 0.00538483 0.00150001
v 0.00227388 0.00543788 0.00299999
v 0.00227388 0.00543788 0.00150001
v 0.00210401 0.00552275 0.00150001
v 0.00227388 0.00543788 -0.00000000
v 0.00207685 0.00553995 -0.00000000
v 0.00376042 0.00626049 -0.00000000
v 0.00370155 0.00605574 -0.00000000
v 0.00359948 0.00585871 -0.00000000
v 0.00345660 0.00568283 -0.00000000
v 0.00328071 0.00553995 -0.00000000
v 0.00308368 0.00543788 -0.00000000
v 0.00287894 0.00537901 -0.00000000
v 0.00267878 0.00536065 -0.00000000
v 0.00247862 0.00537901 -0.00000000
v 0.00194831 0.00563820 0.00150001
v 0.00190096 0.00568283 -0.00000000
v 0.00181466 0.00577999 0.00150001
v 0.00175809 0.00585871 -0.00000000
v 0.00170908 0.00594134 0.00150001
v 0.00165601 0.00605574 -0.00000000
v 0.00163482 0.00611403 0.00150001
v 0.00159715 0.00626049 -0.00000000
v 0.00159216 0.00628962 0.00150001
v 0.00157878 0.00646065 -0.00000000
v 0.00157878 0.00646065 0.00299999
v 0.00159715 0.00626049 0.00299999
v 0.00165601 0.00605574 0.00299999
v 0.00175809 0.00585871 0.00299999
v 0.00190096 0.00568283 0.00299999
v 0.00207685 0.00553995 0.00299999
v 0.00376042 0.00666080 -0.00000000
v 0.00376540 0.00663167 0.00150001
v 0.00376042 0.00666080 0.00299999
v 0.00372274 0.00680726 0.00150001
v 0.00370155 0.00686555 0.00299999
v 0.00364849 0.00697995 0.00150001
v 0.00359948 0.00706258 0.00299999
v 0.00354290 0.00714130 0.00150001
v 0.00345660 0.00723846 0.00299999
v 0.00340925 0.00728309 0.00150001
v 0.00328071 0.00738134 0.00299999
v 0.00325355 0.00739854 0.00150001
v 0.00308368 0.00748341 0.00299999
v 0.00308368 0.00748341 0.00150001
v 0.00290817 0.00753646 0.00150001
v 0.00308368 0.00748341 -0.00000000
v 0.00287894 0.00754228 -0.00000000
v 0.00267878 0.00756065 0.00150001
v 0.00267878 0.00756065 -0.00000000
v 0.00247862 0.00754228 -0.00000000
v 0.00244939 0.00753646 0.00150001
v 0.00227388 0.00748341 -0.00000000
v 0.00221621 0.00745866 0.00150001
v 0.00207685 0.00738134 -0.00000000
v 0.00199812 0.00732477 0.00150001
v 0.00190096 0.00723846 -0.00000000
v 0.00181466 0.00714130 0.00150001
v 0.00175809 0.00706258 -0.00000000
v 0.00168077 0.00692322 0.00150001
v 0.00165601 0.00686555 -0.00000000
v 0.00160296 0.00669003 0.00150001
v 0.00159715 0.00666081 -0.00000000
v 0.00159715 0.00666080 0.00299999
v 0.00287894 0.00754228 0.00299999
v 0.00267878 0.00756064 0.00299999
v 0.00247862 0.00754228 0.00299999
v 0.00227388 0.00748341 0.00299999
v 0.00207685 0.00738134 0.00299999
v 0.00190096 0.00723846 0.00299999
v 0.00175809 0.00706258 0.00299999
v 0.00165601 0.00686555 0.00299999
v 0.00328071 0.00738134 -0.00000000
v 0.00345660 0.00723846 -0.00000000
v 0.00359948 0.00706258 -0.00000000
v 0.00370155 0.00686555 -0.00000000
v -0.00538552 0.00287243 -0.00000000
v -0.00538054 0.00284330 0.00150001
v -0.00538552 0.00287243 0.00299999
v -0.00542320 0.00301889 0.00150001
v -0.00544439 0.00307718 0.00299999
v -0.00549746 0.00319157 0.00150001
v -0.00554647 0.00327420 0.00299999
v -0.00560304 0.00335293 0.00150001
v -0.00568934 0.00345009 0.00299999
v -0.00573669 0.00349472 0.00150001
v -0.00586523 0.00359297 0.00299999
v -0.00589239 0.00361016 0.00150001
v -0.00606226 0.00369504 0.00299999
v -0.00606226 0.00369504 0.00150001
v -0.00623777 0.00374809 0.00150001
v -0.00606226 0.00369504 -0.00000000
v -0.00626700 0.00375391 -0.00000000
v -0.00646716 0.00377227 0.00150001
v -0.00646716 0.00377227 -0.00000000
v -0.00666732 0.00375391 -0.00000000
v -0.00669655 0.00374809 0.00150001
v -0.00687206 0.00369504 -0.00000000
v -0.00692973 0.00367028 0.00150001
v -0.00706909 0.00359297 -0.00000000
v -0.00714782 0.00353639 0.00150001
v -0.00724498 0.00345009 -0.00000000
v -0.00733128 0.00335293 0.00150001
v -0.00738786 0.00327420 -0.00000000
v -0.00746517 0.00313485 0.00150001
v -0.00748993 0.00307718 -0.00000000
v -0.00754298 0.00290166 0.00150001
v -0.00754880 0.00287243 -0.00000000
v -0.00754880 0.00287243 0.00299999
v -0.00626700 0.00375391 0.00299999
v -0.00646716 0.00377227 0.00299999
v -0.00666732 0.00375391 0.00299999
v -0.00687206 0.00369504 0.00299999
v -0.00706909 0.00359297 0.00299999
v -0.00724498 0.00345009 0.00299999
v -0.00738786 0.00327420 0.00299999
v -0.00748993 0.00307718 0.00299999
v -0.00586523 0.00359297 -0.00000000
v -0.00568934 0.00345009 -0.00000000
v -0.00554647 0.00327420 -0.00000000
v -0.00544439 0.00307718 -0.00000000
v -0.00159715 -0.00627351 -0.00000000
v -0.00159217 -0.00630264 0.00150001
v -0.00159715 -0.00627351 0.00299999
v -0.00163483 -0.00612705 0.00150001
v -0.00165602 -0.00606876 0.00299999
v -0.00170908 -0.00595437 0.00150001
v -0.00175809 -0.00587174 0.00299999
v -0.00181467 -0.00579301 0.00150001
v -0.00190097 -0.00569585 0.00299999
v -0.00194832 -0.00565123 0.00150001
v -0.00207686 -0.00555297 0.00299999
v -0.00210402 -0.00553578 0.00150001
v -0.00227388 -0.00545090 0.00299999
v -0.00227388 -0.00545090 0.00150001
v -0.00244940 -0.00539785 0.00150001
v -0.00227388 -0.00545090 -0.00000000
v -0.00247863 -0.00539203 -0.00000000
v -0.00267879 -0.00537367 0.00150001
v -0.00267879 -0.00537367 -0.00000000
v -0.00287895 -0.00539203 -0.00000000
v -0.00290818 -0.00539785 0.00150001
v -0.00308369 -0.00545090 -0.00000000
v -0.00314136 -0.00547566 0.00150001
v -0.00328072 -0.00555297 -0.00000000
v -0.00335945 -0.00560955 0.00150001
v -0.00345661 -0.00569585 -0.00000000
v -0.00354291 -0.00579301 0.00150001
v -0.00359948 -0.00587174 -0.00000000
v -0.00367680 -0.00601110 0.00150001
v -0.00370156 -0.00606876 -0.00000000
v -0.00375460 -0.00624428 0.00150001
v -0.00376042 -0.00627351 -0.00000000
v -0.00376042 -0.00627351 0.00299999
v -0.00247863 -0.00539203 0.00299999
v -0.00267879 -0.00537367 0.00299999
v -0.00287895 -0.00539203 0.00299999
v -0.00308369 -0.00545090 0.00299999
v -0.00328072 -0.00555297 0.00299999
v -0.00345661 -0.00569585 0.00299999
v -0.00359948 -0.00587174 0.00299999
v -0.00370156 -0.00606876 0.00299999
v -0.00207686 -0.00555297 -0.00000000
v -0.00190097 -0.00569585 -0.00000000
v -0.00175809 -0.00587174 -0.00000000
v -0.00165602 -0.00606876 -0.00000000
v 0.00754879 -0.00248514 -0.00000000
v 0.00755378 -0.00251427 0.00150001
v 0.00754879 -0.00248514 0.00299999
v 0.00751112 -0.00233868 0.00150001
v 0.00748992 -0.00228039 0.00299999
v 0.00743686 -0.00216600 0.00150001
v 0.00738785 -0.00208337 0.00299999
v 0.00733127 -0.00200464 0.00150001
v 0.00724497 -0.00190748 0.00299999
v 0.00719763 -0.00186285 0.00150001
v 0.00706909 -0.00176460 0.00299999
v 0.00704192 -0.00174740 0.00150001
v 0.00687206 -0.00166253 0.00299999
v 0.00687206 -0.00166253 0.00150001
v 0.00669654 -0.00160948 0.00150001
v 0.00687206 -0.00166253 -0.00000000
v 0.00666731 -0.00160366 -0.00000000
v 0.00646715 -0.00158530 0.00150001
v 0.00646715 -0.00158530 -0.00000000
v 0.00626699 -0.00160366 -0.00000000
v 0.00623776 -0.00160948 0.00150001
v 0.00606225 -0.00166253 -0.00000000
v 0.00600458 -0.00168728 0.00150001
v 0.00586522 -0.00176460 -0.00000000
v 0.00578650 -0.00182118 0.00150001
v 0.00568934 -0.00190748 -0.00000000
v 0.00560303 -0.00200464 0.00150001
v 0.00554646 -0.00208337 -0.00000000
v 0.00546914 -0.00222272 0.00150001
v 0.00544439 -0.00228039 -0.00000000
v 0.00539134 -0.00245591 0.00150001
v 0.00538552 -0.00248514 -0.00000000
v 0.00538552 -0.00248514 0.00299999
v 0.00666731 -0.00160366 0.00299999
v 0.00646715 -0.00158530 0.00299999
v 0.00626699 -0.00160366 0.00299999
v 0.00606225 -0.00166253 0.00299999
v 0.00586522 -0.00176460 0.00299999
v 0.00568934 -0.00190748 0.00299999
v 0.00554646 -0.00208337 0.00299999
v 0.00544439 -0.00228039 0.00299999
v 0.00706909 -0.00176460 -0.00000000
v 0.00724497 -0.00190748 -0.00000000
v 0.00738785 -0.00208337 -0.00000000
v 0.00748992 -0.00228039 -0.00000000
v 0.00376042 -0.00627351 -0.00000000
v 0.00376540 -0.00630264 0.00150001
v 0.00376042 -0.00627351 0.00299999
v 0.00372274 -0.00612706 0.00150001
v 0.00370155 -0.00606877 0.00299999
v 0.00364849 -0.00595437 0.00150001
v 0.00359948 -0.00587174 0.00299999
v 0.00354290 -0.00579301 0.00150001
v 0.00345660 -0.00569585 0.00299999
v 0.00340925 -0.00565123 0.00150001
v 0.00328071 -0.00555297 0.00299999
v 0.00325355 -0.00553578 0.00150001
v 0.00308368 -0.00545090 0.00299999
v 0.00308368 -0.00545090 0.00150001
v 0.00290817 -0.00539785 0.00150001
v 0.00308368 -0.00545090 -0.00000000
v 0.00287894 -0.00539203 -0.00000000
v 0.00267878 -0.00537367 0.00150001
v 0.00267878 -0.00537367 -0.00000000
v 0.00247862 -0.00539203 -0.00000000
v 0.00244939 -0.00539785 0.00150001
v 0.00227388 -0.00545090 -0.00000000
v 0.00221621 -0.00547566 0.00150001
v 0.00207685 -0.00555297 -0.00000000
v 0.00199812 -0.00560955 0.00150001
v 0.00190096 -0.00569585 -0.00000000
v 0.00181466 -0.00579301 0.00150001
v 0.00175809 -0.00587174 -0.00000000
v 0.00168077 -0.00601110 0.00150001
v 0.00165601 -0.00606876 -0.00000000
v 0.00160296 -0.00624428 0.00150001
v 0.00159715 -0.00627351 -0.00000000
v 0.00159715 -0.00627351 0.00299999
v 0.00287894 -0.00539203 0.00299999
v 0.00267878 -0.00537367 0.00299999
v 0.00247862 -0.00539203 0.00299999
v 0.00227388 -0.00545090 0.00299999
v 0.00207685 -0.00555297 0.00299999
v 0.00190096 -0.00569585 0.00299999
v 0.00175809 -0.00587174 0.00299999
v 0.00165601 -0.00606877 0.00299999
v 0.00328071 -0.00555297 -0.00000000
v 0.00345660 -0.00569585 -0.00000000
v 0.00359948 -0.00587174 -0.00000000
v 0.00370155 -0.00606876 -0.00000000
v -0.00538552 -0.00248514 -0.00000000
v -0.00538054 -0.00251427 0.00150001
v -0.00538552 -0.00248514 0.00299999
v -0.00542320 -0.00233868 0.00150001
v -0.00544439 -0.00228039 0.00299999
v -0.00549746 -0.00216599 0.00150001
v -0.00554647 -0.00208336 0.00299999
v -0.00560304 -0.00200464 0.00150001
v -0.00568934 -0.00190748 0.00299999
v -0.00573669 -0.00186285 0.00150001
v -0.00586523 -0.00176460 0.00299999
v -0.00589239 -0.00174740 0.00150001
v -0.00606226 -0.00166253 0.00299999
v -0.00606226 -0.00166253 0.00150001
v -0.00623777 -0.00160948 0.00150001
v -0.00606226 -0.00166253 -0.00000000
v -0.00626700 -0.00160366 -0.00000000
v -0.00646716 -0.00158530 0.00150001
v -0.00646716 -0.00158530 -0.00000000
v -0.00666732 -0.00160366 -0.00000000
v -0.00669655 -0.00160948 0.00150001
v -0.00687206 -0.00166253 -0.00000000
v -0.00692973 -0.00168728 0.00150001
v -0.00706909 -0.00176460 -0.00000000
v -0.00714782 -0.00182117 0.00150001
v -0.00724498 -0.00190748 -0.00000000
v -0.00733128 -0.00200464 0.00150001
v -0.00738786 -0.00208336 -0.00000000
v -0.00746517 -0.00222272 0.00150001
v -0.00748993 -0.00228039 -0.00000000
v -0.00754298 -0.00245591 0.00150001
v -0.00754880 -0.00248514 -0.00000000
v -0.00754880 -0.00248514 0.00299999
v -0.00626700 -0.00160366 0.00299999
v -0.00646716 -0.00158530 0.00299999
v -0.00666732 -0.00160366 0.00299999
v -0.00687206 -0.00166253 0.00299999
v -0.00706909 -0.00176460 0.00299999
v -0.00724498 -0.00190748 0.00299999
v -0.00738786 -0.00208336 0.00299999
v -0.00748993 -0.00228039 0.00299999
v -0.00586523 -0.00176460 -0.00000000
v -0.00568934 -0.00190748 -0.00000000
v -0.00554647 -0.00208336 -0.00000000
v -0.00544439 -0.00228039 -0.00000000
v -0.00159715 0.00666081 -0.00000000
v -0.00159216 0.00663167 0.00150001
v -0.00159715 0.00666080 0.00299999
v -0.00163482 0.00680726 0.00150001
v -0.00165602 0.00686555 0.00299999
v -0.00170908 0.00697995 0.00150001
v -0.00175809 0.00706258 0.00299999
v -0.00181467 0.00714130 0.00150001
v -0.00190097 0.00723846 0.00299999
v -0.00194832 0.00728309 0.00150001
v -0.00207686 0.00738134 0.00299999
v -0.00210402 0.00739854 0.00150001
v -0.00227388 0.00748341 0.00299999
v -0.00227388 0.00748341 0.00150001
v -0.00244940 0.00753646 0.00150001
v -0.00227388 0.00748341 -0.00000000
v -0.00247863 0.00754228 -0.00000000
v -0.00267879 0.00756065 0.00150001
v -0.00267879 0.00756065 -0.00000000
v -0.00287895 0.00754228 -0.00000000
v -0.00290817 0.00753646 0.00150001
v -0.00308369 0.00748341 -0.00000000
v -0.00314136 0.00745866 0.00150001
v -0.00328072 0.00738134 -0.00000000
v -0.00335944 0.00732477 0.00150001
v -0.00345660 0.00723846 -0.00000000
v -0.00354291 0.00714130 0.00150001
v -0.00359948 0.00706258 -0.00000000
v -0.00367680 0.00692322 0.00150001
v -0.00370155 0.00686555 -0.00000000
v -0.00375460 0.00669004 0.00150001
v -0.00376042 0.00666081 -0.00000000
v -0.00376042 0.00666081 0.00299999
v -0.00247863 0.00754228 0.00299999
v -0.00267879 0.00756065 0.00299999
v -0.00287895 0.00754228 0.00299999
v -0.00308369 0.00748341 0.00299999
v -0.00328072 0.00738134 0.00299999
v -0.00345660 0.00723846 0.00299999
v -0.00359948 0.00706258 0.00299999
v -0.00370155 0.00686555 0.00299999
v -0.00207686 0.00738134 -0.00000000
v -0.00190097 0.00723846 -0.00000000
v -0.00175809 0.00706258 -0.00000000
v -0.00165602 0.00686555 -0.00000000
v 0.00754879 0.00287243 -0.00000000
v 0.00755378 0.00284330 0.00150001
v 0.00754879 0.00287243 0.00299999
v 0.00751112 0.00301889 0.00150001
v 0.00748992 0.00307718 0.00299999
v 0.00743686 0.00319157 0.00150001
v 0.00738785 0.00327420 0.00299999
v 0.00733127 0.00335293 0.00150001
v 0.00724497 0.00345009 0.00299999
v 0.00719763 0.00349471 0.00150001
v 0.00706909 0.00359297 0.00299999
v 0.00704192 0.00361016 0.00150001
v 0.00687206 0.00369504 0.00299999
v 0.00687206 0.00369504 0.00150001
v 0.00669654 0.00374809 0.00150001
v 0.00687206 0.00369504 -0.00000000
v 0.00666731 0.00375391 -0.00000000
v 0.00646715 0.00377227 0.00150001
v 0.00646715 0.00377227 -0.00000000
v 0.00626699 0.00375391 -0.00000000
v 0.00623776 0.00374809 0.00150001
v 0.00606225 0.00369504 -0.00000000
v 0.00600458 0.00367028 0.00150001
v 0.00586522 0.00359297 -0.00000000
v 0.00578650 0.00353639 0.00150001
v 0.00568934 0.00345009 -0.00000000
v 0.00560303 0.00335293 0.00150001
v 0.00554646 0.00327420 -0.00000000
v 0.00546914 0.00313484 0.00150001
v 0.00544439 0.00307718 -0.00000000
v 0.00539134 0.00290166 0.00150001
v 0.00538552 0.00287243 -0.00000000
v 0.00538552 0.00287243 0.00299999
v 0.00666731 0.00375391 0.00299999
v 0.00646715 0.00377227 0.00299999
v 0.00626699 0.00375391 0.00299999
v 0.00606225 0.00369504 0.00299999
v 0.00586522 0.00359297 0.00299999
v 0.00568934 0.00345009 0.00299999
v 0.00554646 0.00327420 0.00299999
v 0.00544439 0.00307718 0.00299999
v 0.00706909 0.00359297 -0.00000000
v 0.00724497 0.00345009 -0.00000000
v 0.00738785 0.00327420 -0.00000000
v 0.00748992 0.00307718 -0.00000000
v 0.00491652 0.00090330 -0.00000000
v 0.00493919 0.00077089 0.00150001
v 0.00491652 0.00090330 0.00299999
v 0.00474528 0.00156901 0.00150001
v 0.00464894 0.00183396 0.00299999
v 0.00440775 0.00235394 0.00150001
v 0.00418498 0.00272954 0.00299999
v 0.00392782 0.00308739 0.00150001
v 0.00353553 0.00352902 0.00299999
v 0.00332032 0.00373186 0.00150001
v 0.00273605 0.00417847 0.00299999
v 0.00261258 0.00425663 0.00150001
v 0.00184047 0.00464243 0.00299999
v 0.00184047 0.00464243 0.00150001
v 0.00104267 0.00488356 0.00150001
v 0.00184047 0.00464243 -0.00000000
v 0.00090981 0.00491002 -0.00000000
v -0.00000000 0.00499349 0.00150001
v -0.00000000 0.00499349 -0.00000000
v -0.00090982 0.00491002 -0.00000000
v -0.00104268 0.00488356 0.00150001
v -0.00184048 0.00464243 -0.00000000
v -0.00210260 0.00452991 0.00150001
v -0.00273605 0.00417847 -0.00000000
v -0.00309391 0.00392131 0.00150001
v -0.00353554 0.00352902 -0.00000000
v -0.00392782 0.00308739 0.00150001
v -0.00418498 0.00272954 -0.00000000
v -0.00453642 0.00209609 0.00150001
v -0.00464894 0.00183396 -0.00000000
v -0.00489008 0.00103616 0.00150001
v -0.00491653 0.00090330 -0.00000000
v -0.00491653 0.00090330 0.00299999
v 0.00090981 0.00491002 0.00299999
v -0.00000000 0.00499349 0.00299999
v -0.00090982 0.00491002 0.00299999
v -0.00184048 0.00464243 0.00299999
v -0.00273605 0.00417847 0.00299999
v -0.00353554 0.00352902 0.00299999
v -0.00418498 0.00272954 0.00299999
v -0.00464894 0.00183396 0.00299999
v 0.00273605 0.00417847 -0.00000000
v 0.00353553 0.00352902 -0.00000000
v 0.00418498 0.00272954 -0.00000000
v 0.00464894 0.00183396 -0.00000000
v 0.00157328 -0.02171537 -0.00000000
v 0.00158054 -0.02175774 0.00150001
v 0.00157328 -0.02171537 0.00299999
v 0.00151849 -0.02150235 0.00150001
v 0.00148766 -0.02141756 0.00299999
v 0.00141047 -0.02125117 0.00150001
v 0.00133919 -0.02113098 0.00299999
v 0.00125690 -0.02101646 0.00150001
v 0.00113137 -0.02087514 0.00299999
v 0.00106250 -0.02081023 0.00150001
v 0.00087553 -0.02066732 0.00299999
v 0.00083602 -0.02064231 0.00150001
v 0.00058895 -0.02051885 0.00299999
v 0.00058895 -0.02051885 0.00150001
v 0.00033365 -0.02044169 0.00150001
v 0.00058895 -0.02051885 -0.00000000
v 0.00029114 -0.02043322 -0.00000000
v -0.00000001 -0.02040651 0.00150001
v -0.00000001 -0.02040651 -0.00000000
v -0.00029115 -0.02043322 -0.00000000
v -0.00033366 -0.02044169 0.00150001
v -0.00058896 -0.02051885 -0.00000000
v -0.00067284 -0.02055486 0.00150001
v -0.00087554 -0.02066732 -0.00000000
v -0.00099005 -0.02074961 0.00150001
v -0.00113138 -0.02087514 -0.00000000
v -0.00125691 -0.02101646 0.00150001
v -0.00133920 -0.02113098 -0.00000000
v -0.00145166 -0.02133368 0.00150001
v -0.00148767 -0.02141756 -0.00000000
v -0.00156483 -0.02167286 0.00150001
v -0.00157329 -0.02171537 -0.00000000
v -0.00157329 -0.02171537 0.00299999
v 0.00029114 -0.02043322 0.00299999
v -0.00000001 -0.02040651 0.00299999
v -0.00029115 -0.02043322 0.00299999
v -0.00058896 -0.02051885 0.00299999
v -0.00087554 -0.02066732 0.00299999
v -0.00113138 -0.02087514 0.00299999
v -0.00133920 -0.02113098 0.00299999
v -0.00148767 -0.02141756 0.00299999
v 0.00087553 -0.02066732 -0.00000000
v 0.00113137 -0.02087514 -0.00000000
v 0.00133919 -0.02113098 -0.00000000
v 0.00148766 -0.02141756 -0.00000000
v 0.00157329 0.02228463 -0.00000000
v 0.00158054 0.02224226 0.00150001
v 0.00157329 0.02228463 0.00299999
v 0.00151849 0.02249766 0.00150001
v 0.00148766 0.02258244 0.00299999
v 0.00141048 0.02274884 0.00150001
v 0.00133919 0.02286902 0.00299999
v 0.00125690 0.02298354 0.00150001
v 0.00113137 0.02312486 0.00299999
v 0.00106250 0.02318977 0.00150001
v 0.00087553 0.02333268 0.00299999
v 0.00083603 0.02335769 0.00150001
v 0.00058895 0.02348115 0.00299999
v 0.00058895 0.02348115 0.00150001
v 0.00033366 0.02355831 0.00150001
v 0.00058895 0.02348115 -0.00000000
v 0.00029114 0.02356678 -0.00000000
v -0.00000000 0.02359349 0.00150001
v -0.00000000 0.02359349 -0.00000000
v -0.00029114 0.02356678 -0.00000000
v -0.00033366 0.02355831 0.00150001
v -0.00058895 0.02348115 -0.00000000
v -0.00067283 0.02344514 0.00150001
v -0.00087554 0.02333268 -0.00000000
v -0.00099005 0.02325039 0.00150001
v -0.00113137 0.02312486 -0.00000000
v -0.00125691 0.02298354 0.00150001
v -0.00133919 0.02286902 -0.00000000
v -0.00145165 0.02266632 0.00150001
v -0.00148766 0.02258244 -0.00000000
v -0.00156483 0.02232715 0.00150001
v -0.00157329 0.02228463 -0.00000000
v -0.00157329 0.02228463 0.00299999
v 0.00029114 0.02356678 0.00299999
v -0.00000000 0.02359349 0.00299999
v -0.00029114 0.02356678 0.00299999
v -0.00058895 0.02348115 0.00299999
v -0.00087554 0.02333268 0.00299999
v -0.00113137 0.02312486 0.00299999
v -0.00133919 0.02286902 0.00299999
v -0.00148766 0.02258244 0.00299999
v 0.00087553 0.02333268 -0.00000000
v 0.00113137 0.02312486 -0.00000000
v 0.00133919 0.02286902 -0.00000000
v 0.00148766 0.02258244 -0.00000000
v -0.01700000 0.00399349 0.00299999
v -0.01700000 0.00399349 -0.00000000
v -0.01400000 0.00399349 0.00150001
v -0.01100000 0.00399349 -0.00000000
v -0.01100000 0.00399349 0.00299999
v -0.01700000 0.01799349 0.00299999
v -0.01700000 0.01799349 -0.00000000
v -0.01700000 0.01099349 0.00150001
v -0.00700000 0.01799349 0.00299999
v -0.00700000 0.01799349 -0.00000000
v -0.01200000 0.01799349 0.00150001
v -0.00700000 0.02499349 0.00299999
v -0.00700000 0.02499349 -0.00000000
v -0.00700000 0.02149349 0.00150001
v 0.00700000 0.02499349 0.00299999
v 0.00700000 0.02499349 -0.00000000
v -0.00000000 0.02499349 0.00150001
v 0.00700000 0.01799349 0.00299999
v 0.00700000 0.01799349 -0.00000000
v 0.00700000 0.02149349 0.00150001
v 0.01700000 0.01799349 0.00299999
v 0.01700000 0.01799349 -0.00000000
v 0.01200000 0.01799349 0.00150001
v 0.01700000 -0.01800651 0.00299999
v 0.01700000 -0.01800651 -0.00000000
v 0.01700000 -0.00000651 0.00150001
v 0.00700000 -0.01800651 0.00299999
v 0.00700000 -0.01800651 -0.00000000
v 0.01200000 -0.01800651 0.00150001
v 0.00700000 -0.02500651 0.00299999
v 0.00700000 -0.02500651 -0.00000000
v 0.00700000 -0.02150651 0.00150001
v -0.00700001 -0.02500651 0.00299999
v -0.00700001 -0.02500651 -0.00000000
v -0.00000001 -0.02500651 0.00150001
v -0.00700001 -0.01800651 0.00299999
v -0.00700001 -0.01800651 -0.00000000
v -0.00700001 -0.02150651 0.00150001
v -0.01700001 -0.01800651 0.00299999
v -0.01700001 -0.01800651 -0.00000000
v -0.01200001 -0.01800651 0.00150001
v -0.01700000 -0.00400651 0.00299999
v -0.01700000 -0.00400651 -0.00000000
v -0.01700000 -0.01100651 0.00150001
v -0.01100000 -0.00400651 0.00299999
v -0.01100000 -0.00400651 -0.00000000
v -0.01400000 -0.00400651 0.00150001
v -0.01100000 -0.00000651 0.00150001
v -0.00000000 0.00756065 0.00299999
v -0.00000000 -0.00537367 0.00299999
v -0.00000001 -0.01800651 0.00299999
v -0.00756716 -0.00000651 -0.00000000
v -0.00894404 -0.00000651 -0.00000000
v 0.00536715 -0.00000651 -0.00000000
v 0.00616101 0.00193317 0.00300002
v 0.00616101 0.00193317 0.00500002
v 0.00630958 0.00188795 0.00300002
v 0.00632187 0.00188558 0.00400000
v 0.00646715 0.00187227 0.00300002
v 0.00650020 0.00187296 0.00400000
v 0.00662473 0.00188795 0.00300002
v 0.00668400 0.00190222 0.00400000
v 0.00677330 0.00193317 0.00300002
v 0.00685833 0.00197443 0.00400000
v 0.00687457 0.00198379 0.00300002
v 0.00697062 0.00205057 0.00300002
v 0.00700899 0.00208370 0.00400000
v 0.00705770 0.00213259 0.00300002
v 0.00712617 0.00221873 0.00400000
v 0.00713233 0.00222782 0.00300002
v 0.00719175 0.00233321 0.00300002
v 0.00720626 0.00236613 0.00400000
v 0.00723421 0.00244505 0.00300002
v 0.00725385 0.00252699 0.00400000
v 0.00725914 0.00255934 0.00300002
v 0.00726705 0.00265968 0.00400000
v 0.00726715 0.00267227 0.00300002
v 0.00725730 0.00279744 0.00400000
v 0.00725914 0.00278521 0.00300002
v 0.00723421 0.00289950 0.00300002
v 0.00722306 0.00293419 0.00400000
v 0.00719175 0.00301133 0.00300002
v 0.00716499 0.00306345 0.00400000
v 0.00713233 0.00311673 0.00300002
v 0.00708596 0.00317930 0.00400000
v 0.00705770 0.00321196 0.00300002
v 0.00699060 0.00327726 0.00400000
v 0.00697062 0.00329398 0.00300002
v 0.00688449 0.00335479 0.00400000
v 0.00687457 0.00336076 0.00300002
v 0.00677330 0.00341138 0.00300002
v 0.00677330 0.00341138 0.00500002
v 0.00690268 0.00334333 0.00500002
v 0.00702387 0.00324679 0.00500002
v 0.00712784 0.00312337 0.00500002
v 0.00720626 0.00297842 0.00500002
v 0.00725331 0.00282047 0.00500002
v 0.00726705 0.00265968 0.00500002
v 0.00630061 0.00188980 0.00500002
v 0.00645456 0.00187237 0.00500002
v 0.00661535 0.00188612 0.00500002
v 0.00677330 0.00193317 0.00500002
v 0.00691825 0.00201158 0.00500002
v 0.00704167 0.00211556 0.00500002
v 0.00713821 0.00223675 0.00500002
v 0.00720626 0.00236613 0.00500002
v 0.00724963 0.00250573 0.00500002
v 0.00616101 -0.00342440 0.00300002
v 0.00616101 -0.00342440 0.00500002
v 0.00630061 -0.00346777 0.00300002
v 0.00632187 -0.00347199 0.00400000
v 0.00645456 -0.00348520 0.00300002
v 0.00650020 -0.00348461 0.00400000
v 0.00661535 -0.00347145 0.00300002
v 0.00668400 -0.00345535 0.00400000
v 0.00677330 -0.00342440 0.00300002
v 0.00685833 -0.00338314 0.00400000
v 0.00691825 -0.00334598 0.00300002
v 0.00700899 -0.00327386 0.00400000
v 0.00704167 -0.00324201 0.00300002
v 0.00712617 -0.00313884 0.00400000
v 0.00713821 -0.00312082 0.00300002
v 0.00720626 -0.00299144 0.00400000
v 0.00720626 -0.00299144 0.00300002
v 0.00724962 -0.00285184 0.00300002
v 0.00725385 -0.00283058 0.00400000
v 0.00726705 -0.00269789 0.00300002
v 0.00726705 -0.00269789 0.00400000
v 0.00725730 -0.00256013 0.00400000
v 0.00726705 -0.00269789 0.00500002
v 0.00725331 -0.00253709 0.00500002
v 0.00630061 -0.00346777 0.00500002
v 0.00645456 -0.00348520 0.00500002
v 0.00661535 -0.00347145 0.00500002
v 0.00677330 -0.00342440 0.00500002
v 0.00691825 -0.00334598 0.00500002
v 0.00704167 -0.00324201 0.00500002
v 0.00713821 -0.00312082 0.00500002
v 0.00720626 -0.00299144 0.00500002
v 0.00724962 -0.00285184 0.00500002
v 0.00722306 -0.00242338 0.00400000
v 0.00720626 -0.00237915 0.00500002
v 0.00716499 -0.00229412 0.00400000
v 0.00712784 -0.00223420 0.00500002
v 0.00708596 -0.00217827 0.00400000
v 0.00702387 -0.00211078 0.00500002
v 0.00699060 -0.00208031 0.00400000
v 0.00690268 -0.00201424 0.00500002
v 0.00688449 -0.00200278 0.00400000
v 0.00677330 -0.00194619 0.00500002
v 0.00677330 -0.00194619 0.00300002
v 0.00690268 -0.00201424 0.00300002
v 0.00702387 -0.00211078 0.00300002
v 0.00712784 -0.00223419 0.00300002
v 0.00720626 -0.00237915 0.00300002
v 0.00725331 -0.00253709 0.00300002
v 0.00237263 -0.00721277 0.00300002
v 0.00237263 -0.00721277 0.00500002
v 0.00251223 -0.00725614 0.00300002
v 0.00253349 -0.00726036 0.00400000
v 0.00266619 -0.00727357 0.00300002
v 0.00271183 -0.00727298 0.00400000
v 0.00282698 -0.00725982 0.00300002
v 0.00289562 -0.00724372 0.00400000
v 0.00298493 -0.00721277 0.00300002
v 0.00306996 -0.00717151 0.00400000
v 0.00312988 -0.00713436 0.00300002
v 0.00322062 -0.00706224 0.00400000
v 0.00325330 -0.00703038 0.00300002
v 0.00333779 -0.00692721 0.00400000
v 0.00334984 -0.00690919 0.00300002
v 0.00341788 -0.00677981 0.00400000
v 0.00341788 -0.00677981 0.00300002
v 0.00346125 -0.00664021 0.00300002
v 0.00346548 -0.00661895 0.00400000
v 0.00347868 -0.00648626 0.00300002
v 0.00347868 -0.00648626 0.00400000
v 0.00346893 -0.00634850 0.00400000
v 0.00347440 -0.00639006 0.00500002
v 0.00345370 -0.00627493 0.00500002
v 0.00248004 -0.00724859 0.00500002
v 0.00259517 -0.00726929 0.00500002
v 0.00271474 -0.00727286 0.00500002
v 0.00283485 -0.00725830 0.00500002
v 0.00295139 -0.00722579 0.00500002
v 0.00306050 -0.00717673 0.00500002
v 0.00315894 -0.00711355 0.00500002
v 0.00324447 -0.00703935 0.00500002
v 0.00331866 -0.00695383 0.00500002
v 0.00338184 -0.00685538 0.00500002
v 0.00343090 -0.00674628 0.00500002
v 0.00346341 -0.00662974 0.00500002
v 0.00347797 -0.00650963 0.00500002
v 0.00343469 -0.00621175 0.00400000
v 0.00341788 -0.00616752 0.00500002
v 0.00337662 -0.00608249 0.00400000
v 0.00334480 -0.00603048 0.00500002
v 0.00329759 -0.00596664 0.00400000
v 0.00324447 -0.00590798 0.00500002
v 0.00320222 -0.00586868 0.00400000
v 0.00312197 -0.00580764 0.00500002
v 0.00309612 -0.00579115 0.00400000
v 0.00298493 -0.00573456 0.00500002
v 0.00298493 -0.00573456 0.00300002
v 0.00311430 -0.00580261 0.00300002
v 0.00323549 -0.00589915 0.00300002
v 0.00333947 -0.00602257 0.00300002
v 0.00341788 -0.00616752 0.00300002
v 0.00346493 -0.00632547 0.00300002
v -0.00677331 -0.00342440 0.00300002
v -0.00677331 -0.00342440 0.00500002
v -0.00663371 -0.00346777 0.00300002
v -0.00661245 -0.00347199 0.00400000
v -0.00647975 -0.00348519 0.00300002
v -0.00643411 -0.00348461 0.00400000
v -0.00631896 -0.00347145 0.00300002
v -0.00625032 -0.00345534 0.00400000
v -0.00616101 -0.00342440 0.00300002
v -0.00607599 -0.00338313 0.00400000
v -0.00601606 -0.00334598 0.00300002
v -0.00592533 -0.00327386 0.00400000
v -0.00589264 -0.00324201 0.00300002
v -0.00580815 -0.00313884 0.00400000
v -0.00579610 -0.00312082 0.00300002
v -0.00572806 -0.00299144 0.00400000
v -0.00572806 -0.00299144 0.00300002
v -0.00568469 -0.00285184 0.00300002
v -0.00568046 -0.00283058 0.00400000
v -0.00566726 -0.00269789 0.00300002
v -0.00566726 -0.00269789 0.00400000
v -0.00567701 -0.00256013 0.00400000
v -0.00566716 -0.00268529 0.00500002
v -0.00567517 -0.00257236 0.00500002
v -0.00662473 -0.00346962 0.00500002
v -0.00646716 -0.00348529 0.00500002
v -0.00630959 -0.00346962 0.00500002
v -0.00616101 -0.00342440 0.00500002
v -0.00605974 -0.00337378 0.00500002
v -0.00596369 -0.00330700 0.00500002
v -0.00587662 -0.00322498 0.00500002
v -0.00580199 -0.00312975 0.00500002
v -0.00574257 -0.00302435 0.00500002
v -0.00570011 -0.00291252 0.00500002
v -0.00567517 -0.00279823 0.00500002
v -0.00570011 -0.00245807 0.00500002
v -0.00571125 -0.00242338 0.00400000
v -0.00568101 -0.00253709 0.00300002
v -0.00572806 -0.00237915 0.00300002
v -0.00576932 -0.00229412 0.00400000
v -0.00580647 -0.00223419 0.00300002
v -0.00584835 -0.00217827 0.00400000
v -0.00591045 -0.00211077 0.00300002
v -0.00594372 -0.00208031 0.00400000
v -0.00603164 -0.00201424 0.00300002
v -0.00604982 -0.00200278 0.00400000
v -0.00616101 -0.00194619 0.00300002
v -0.00605974 -0.00199681 0.00500002
v -0.00616101 -0.00194619 0.00500002
v -0.00574257 -0.00234623 0.00500002
v -0.00580199 -0.00224084 0.00500002
v -0.00587662 -0.00214561 0.00500002
v -0.00596369 -0.00206359 0.00500002
v -0.00298493 -0.00721277 0.00300002
v -0.00298493 -0.00721277 0.00500002
v -0.00284533 -0.00725614 0.00300002
v -0.00282408 -0.00726036 0.00400000
v -0.00269138 -0.00727357 0.00300002
v -0.00264574 -0.00727298 0.00400000
v -0.00253059 -0.00725982 0.00300002
v -0.00246194 -0.00724372 0.00400000
v -0.00237264 -0.00721277 0.00300002
v -0.00228761 -0.00717151 0.00400000
v -0.00222769 -0.00713436 0.00300002
v -0.00213695 -0.00706224 0.00400000
v -0.00210427 -0.00703038 0.00300002
v -0.00201978 -0.00692721 0.00400000
v -0.00200773 -0.00690919 0.00300002
v -0.00193968 -0.00677981 0.00400000
v -0.00193968 -0.00677981 0.00300002
v -0.00189632 -0.00664021 0.00300002
v -0.00189209 -0.00661895 0.00400000
v -0.00187889 -0.00648626 0.00300002
v -0.00187889 -0.00648626 0.00400000
v -0.00188864 -0.00634850 0.00400000
v -0.00187889 -0.00648626 0.00500002
v -0.00189264 -0.00632547 0.00500002
v -0.00284533 -0.00725614 0.00500002
v -0.00269138 -0.00727357 0.00500002
v -0.00253059 -0.00725982 0.00500002
v -0.00237264 -0.00721277 0.00500002
v -0.00222769 -0.00713436 0.00500002
v -0.00210427 -0.00703038 0.00500002
v -0.00200773 -0.00690919 0.00500002
v -0.00193968 -0.00677981 0.00500002
v -0.00189632 -0.00664021 0.00500002
v -0.00192288 -0.00621175 0.00400000
v -0.00193968 -0.00616752 0.00500002
v -0.00198095 -0.00608249 0.00400000
v -0.00201810 -0.00602257 0.00500002
v -0.00205998 -0.00596664 0.00400000
v -0.00212208 -0.00589915 0.00500002
v -0.00215534 -0.00586868 0.00400000
v -0.00224326 -0.00580261 0.00500002
v -0.00226145 -0.00579115 0.00400000
v -0.00237264 -0.00573456 0.00500002
v -0.00237264 -0.00573456 0.00300002
v -0.00224326 -0.00580261 0.00300002
v -0.00212208 -0.00589915 0.00300002
v -0.00201810 -0.00602257 0.00300002
v -0.00193968 -0.00616752 0.00300002
v -0.00189264 -0.00632547 0.00300002
v -0.00677331 0.00193317 0.00300002
v -0.00677331 0.00193317 0.00500002
v -0.00663371 0.00188980 0.00300002
v -0.00661245 0.00188558 0.00400000
v -0.00647975 0.00187237 0.00300002
v -0.00643411 0.00187296 0.00400000
v -0.00631896 0.00188612 0.00300002
v -0.00625032 0.00190222 0.00400000
v -0.00616101 0.00193317 0.00300002
v -0.00607598 0.00197443 0.00400000
v -0.00601606 0.00201159 0.00300002
v -0.00592532 0.00208370 0.00400000
v -0.00589264 0.00211556 0.00300002
v -0.00580815 0.00221873 0.00400000
v -0.00579610 0.00223675 0.00300002
v -0.00572806 0.00236613 0.00400000
v -0.00572806 0.00236613 0.00300002
v -0.00568469 0.00250573 0.00300002
v -0.00568046 0.00252699 0.00400000
v -0.00566726 0.00265968 0.00300002
v -0.00566726 0.00265968 0.00400000
v -0.00567701 0.00279744 0.00400000
v -0.00566726 0.00265968 0.00500002
v -0.00568101 0.00282048 0.00500002
v -0.00663371 0.00188980 0.00500002
v -0.00647975 0.00187237 0.00500002
v -0.00631896 0.00188612 0.00500002
v -0.00616101 0.00193317 0.00500002
v -0.00601606 0.00201159 0.00500002
v -0.00589264 0.00211556 0.00500002
v -0.00579610 0.00223675 0.00500002
v -0.00572806 0.00236613 0.00500002
v -0.00568469 0.00250573 0.00500002
v -0.00571125 0.00293419 0.00400000
v -0.00572806 0.00297842 0.00500002
v -0.00576932 0.00306345 0.00400000
v -0.00580647 0.00312337 0.00500002
v -0.00584835 0.00317930 0.00400000
v -0.00591045 0.00324679 0.00500002
v -0.00594372 0.00327726 0.00400000
v -0.00603164 0.00334333 0.00500002
v -0.00604982 0.00335479 0.00400000
v -0.00616101 0.00341138 0.00500002
v -0.00616101 0.00341138 0.00300002
v -0.00603164 0.00334333 0.00300002
v -0.00591045 0.00324679 0.00300002
v -0.00580647 0.00312337 0.00300002
v -0.00572806 0.00297842 0.00300002
v -0.00568101 0.00282048 0.00300002
v -0.00298493 0.00572154 0.00300002
v -0.00298493 0.00572154 0.00500002
v -0.00287753 0.00568573 0.00300002
v -0.00282407 0.00567395 0.00400000
v -0.00276240 0.00566503 0.00300002
v -0.00264574 0.00566133 0.00400000
v -0.00264283 0.00566146 0.00300002
v -0.00252272 0.00567602 0.00300002
v -0.00246194 0.00569060 0.00400000
v -0.00240617 0.00570853 0.00300002
v -0.00228761 0.00576281 0.00400000
v -0.00229707 0.00575759 0.00300002
v -0.00219863 0.00582077 0.00300002
v -0.00213695 0.00587208 0.00400000
v -0.00211310 0.00589496 0.00300002
v -0.00201978 0.00600710 0.00400000
v -0.00203891 0.00598049 0.00300002
v -0.00197573 0.00607893 0.00300002
v -0.00193968 0.00615450 0.00400000
v -0.00192667 0.00618803 0.00300002
v -0.00189209 0.00631536 0.00400000
v -0.00189416 0.00630457 0.00300002
v -0.00187960 0.00642469 0.00300002
v -0.00187889 0.00644806 0.00400000
v -0.00188317 0.00654426 0.00300002
v -0.00188864 0.00658581 0.00400000
v -0.00190387 0.00665939 0.00300002
v -0.00192288 0.00672256 0.00400000
v -0.00193968 0.00676679 0.00300002
v -0.00198095 0.00685182 0.00400000
v -0.00201276 0.00690383 0.00300002
v -0.00205998 0.00696767 0.00400000
v -0.00211310 0.00702633 0.00300002
v -0.00215534 0.00706563 0.00400000
v -0.00223560 0.00712667 0.00300002
v -0.00226145 0.00714316 0.00400000
v -0.00237264 0.00719975 0.00300002
v -0.00237264 0.00719975 0.00500002
v -0.00224326 0.00713170 0.00500002
v -0.00212208 0.00703517 0.00500002
v -0.00201810 0.00691175 0.00500002
v -0.00193968 0.00676679 0.00500002
v -0.00189263 0.00660885 0.00500002
v -0.00187889 0.00644806 0.00500002
v -0.00284533 0.00567818 0.00500002
v -0.00269138 0.00566075 0.00500002
v -0.00253059 0.00567449 0.00500002
v -0.00237264 0.00572154 0.00500002
v -0.00222769 0.00579996 0.00500002
v -0.00210427 0.00590394 0.00500002
v -0.00200773 0.00602512 0.00500002
v -0.00193968 0.00615450 0.00500002
v -0.00189632 0.00629410 0.00500002
v -0.00850626 0.00297570 0.00300002
v -0.00850626 0.00297570 0.00500002
v -0.00841901 0.00294860 0.00300002
v -0.00840572 0.00294596 0.00400000
v -0.00832279 0.00293770 0.00300002
v -0.00829427 0.00293807 0.00400000
v -0.00822229 0.00294630 0.00300002
v -0.00817939 0.00295636 0.00400000
v -0.00812358 0.00297570 0.00300002
v -0.00807043 0.00300149 0.00400000
v -0.00803298 0.00302471 0.00300002
v -0.00797627 0.00306978 0.00400000
v -0.00795585 0.00308970 0.00300002
v -0.00790304 0.00315418 0.00400000
v -0.00789551 0.00316544 0.00300002
v -0.00785298 0.00324630 0.00400000
v -0.00785298 0.00324630 0.00300002
v -0.00782587 0.00333355 0.00300002
v -0.00782323 0.00334684 0.00400000
v -0.00781498 0.00342977 0.00300002
v -0.00781498 0.00342977 0.00400000
v -0.00782108 0.00351587 0.00400000
v -0.00781498 0.00342977 0.00500002
v -0.00782357 0.00353027 0.00500002
v -0.00841901 0.00294860 0.00500002
v -0.00832279 0.00293770 0.00500002
v -0.00822229 0.00294630 0.00500002
v -0.00812358 0.00297570 0.00500002
v -0.00803298 0.00302471 0.00500002
v -0.00795585 0.00308970 0.00500002
v -0.00789551 0.00316544 0.00500002
v -0.00785298 0.00324630 0.00500002
v -0.00782587 0.00333355 0.00500002
v -0.00784248 0.00360134 0.00400000
v -0.00785298 0.00362898 0.00500002
v -0.00787877 0.00368213 0.00400000
v -0.00790199 0.00371958 0.00500002
v -0.00792816 0.00375453 0.00400000
v -0.00796697 0.00379672 0.00500002
v -0.00798777 0.00381576 0.00400000
v -0.00804272 0.00385705 0.00500002
v -0.00805408 0.00386421 0.00400000
v -0.00812358 0.00389958 0.00500002
v -0.00812358 0.00389958 0.00300002
v -0.00804272 0.00385705 0.00300002
v -0.00796697 0.00379672 0.00300002
v -0.00790199 0.00371958 0.00300002
v -0.00785298 0.00362898 0.00300002
v -0.00782357 0.00353027 0.00300002
v 0.00237263 0.00572154 0.00300002
v 0.00237263 0.00572154 0.00500002
v 0.00251223 0.00567817 0.00300002
v 0.00253349 0.00567395 0.00400000
v 0.00266619 0.00566075 0.00300002
v 0.00271183 0.00566133 0.00400000
v 0.00282698 0.00567449 0.00300002
v 0.00289563 0.00569060 0.00400000
v 0.00298493 0.00572154 0.00300002
v 0.00306996 0.00576281 0.00400000
v 0.00312988 0.00579996 0.00300002
v 0.00322062 0.00587208 0.00400000
v 0.00325330 0.00590394 0.00300002
v 0.00333779 0.00600710 0.00400000
v 0.00334984 0.00602512 0.00300002
v 0.00341788 0.00615450 0.00400000
v 0.00341788 0.00615450 0.00300002
v 0.00346125 0.00629410 0.00300002
v 0.00346548 0.00631536 0.00400000
v 0.00347868 0.00644806 0.00300002
v 0.00347868 0.00644806 0.00400000
v 0.00346893 0.00658581 0.00400000
v 0.00347868 0.00644806 0.00500002
v 0.00346493 0.00660885 0.00500002
v 0.00251223 0.00567817 0.00500002
v 0.00266619 0.00566075 0.00500002
v 0.00282698 0.00567449 0.00500002
v 0.00298493 0.00572154 0.00500002
v 0.00312988 0.00579996 0.00500002
v 0.00325330 0.00590394 0.00500002
v 0.00334984 0.00602512 0.00500002
v 0.00341788 0.00615450 0.00500002
v 0.00346125 0.00629410 0.00500002
v 0.00343469 0.00672256 0.00400000
v 0.00341788 0.00676679 0.00500002
v 0.00337662 0.00685182 0.00400000
v 0.00333947 0.00691175 0.00500002
v 0.00329759 0.00696767 0.00400000
v 0.00323549 0.00703517 0.00500002
v 0.00320223 0.00706563 0.00400000
v 0.00311431 0.00713170 0.00500002
v 0.00309612 0.00714316 0.00400000
v 0.00298493 0.00719975 0.00500002
v 0.00298493 0.00719975 0.00300002
v 0.00311431 0.00713170 0.00300002
v 0.00323549 0.00703517 0.00300002
v 0.00333947 0.00691175 0.00300002
v 0.00341788 0.00676679 0.00300002
v 0.00346493 0.00660885 0.00300002
v -0.00114805 -0.00277815 0.00280001
v -0.00114805 -0.00277815 0.00600001
v -0.00062455 -0.00294078 0.00280001
v -0.00054483 -0.00295662 0.00440001
v -0.00004722 -0.00300614 0.00280001
v 0.00012392 -0.00300395 0.00440001
v 0.00055575 -0.00295458 0.00280001
v 0.00081317 -0.00289420 0.00440001
v 0.00114805 -0.00277815 0.00280001
v 0.00146690 -0.00262341 0.00440001
v 0.00169162 -0.00248409 0.00280001
v 0.00203188 -0.00221365 0.00440001
v 0.00215444 -0.00209418 0.00280001
v 0.00247129 -0.00170730 0.00440001
v 0.00251646 -0.00163973 0.00280001
v 0.00277164 -0.00115456 0.00440001
v 0.00277164 -0.00115456 0.00280001
v 0.00293427 -0.00063106 0.00280001
v 0.00295011 -0.00055134 0.00440001
v 0.00299962 -0.00005373 0.00280001
v 0.00299962 -0.00005373 0.00440001
v 0.00296305 0.00046286 0.00440001
v 0.00299962 -0.00005373 0.00600001
v 0.00294807 0.00054924 0.00600001
v -0.00062455 -0.00294078 0.00600001
v -0.00004722 -0.00300614 0.00600001
v 0.00055575 -0.00295458 0.00600001
v 0.00114805 -0.00277815 0.00600001
v 0.00169162 -0.00248409 0.00600001
v 0.00215444 -0.00209418 0.00600001
v 0.00251646 -0.00163973 0.00600001
v 0.00277164 -0.00115456 0.00600001
v 0.00293427 -0.00063106 0.00600001
v 0.00283466 0.00097567 0.00440001
v 0.00277164 0.00114154 0.00600001
v 0.00261690 0.00146040 0.00440001
v 0.00247758 0.00168511 0.00600001
v 0.00232053 0.00189484 0.00440001
v 0.00208767 0.00214794 0.00600001
v 0.00196292 0.00226218 0.00440001
v 0.00163322 0.00250995 0.00600001
v 0.00156502 0.00255292 0.00440001
v 0.00114805 0.00276513 0.00600001
v 0.00114805 0.00276513 0.00280001
v 0.00163322 0.00250995 0.00280001
v 0.00208767 0.00214794 0.00280001
v 0.00247758 0.00168511 0.00280001
v 0.00277164 0.00114154 0.00280001
v 0.00294807 0.00054924 0.00280001
v -0.00059316 -0.00143852 0.00180003
v -0.00059316 -0.00143852 0.00280001
v -0.00032269 -0.00152255 0.00180003
v -0.00028150 -0.00153073 0.00230002
v -0.00002440 -0.00155632 0.00180003
v 0.00006402 -0.00155519 0.00230002
v 0.00028714 -0.00152968 0.00180003
v 0.00042013 -0.00149848 0.00230002
v 0.00059316 -0.00143852 0.00180003
v 0.00075790 -0.00135858 0.00230002
v 0.00087400 -0.00128659 0.00180003
v 0.00104980 -0.00114686 0.00230002
v 0.00111313 -0.00108514 0.00180003
v 0.00127683 -0.00088525 0.00230002
v 0.00130017 -0.00085034 0.00180003
v 0.00143201 -0.00059967 0.00230002
v 0.00143201 -0.00059967 0.00180003
v 0.00151604 -0.00032919 0.00180003
v 0.00152422 -0.00028800 0.00230002
v 0.00154980 -0.00003091 0.00180003
v 0.00154980 -0.00003091 0.00230002
v 0.00153091 0.00023600 0.00230002
v 0.00154980 -0.00003091 0.00280001
v 0.00152317 0.00028063 0.00280001
v -0.00032269 -0.00152255 0.00280001
v -0.00002440 -0.00155632 0.00280001
v 0.00028714 -0.00152968 0.00280001
v 0.00059316 -0.00143852 0.00280001
v 0.00087400 -0.00128659 0.00280001
v 0.00111313 -0.00108514 0.00280001
v 0.00130017 -0.00085034 0.00280001
v 0.00143201 -0.00059967 0.00280001
v 0.00151604 -0.00032919 0.00280001
v 0.00146457 0.00050095 0.00230002
v 0.00143201 0.00058665 0.00280001
v 0.00135206 0.00075139 0.00230002
v 0.00128008 0.00086750 0.00280001
v 0.00119894 0.00097586 0.00230002
v 0.00107863 0.00110662 0.00280001
v 0.00101417 0.00116565 0.00230002
v 0.00084383 0.00129366 0.00280001
v 0.00080859 0.00131586 0.00230002
v 0.00059316 0.00142550 0.00280001
v 0.00059316 0.00142550 0.00180003
v 0.00084383 0.00129366 0.00180003
v 0.00107863 0.00110662 0.00180003
v 0.00128008 0.00086750 0.00180003
v 0.00143201 0.00058665 0.00180003
v 0.00152317 0.00028063 0.00180003
v -0.00382684 -0.00924531 0.00500002
v -0.00382684 -0.00924531 0.00300002
v -0.00298121 -0.00955179 0.00500002
v -0.00285585 -0.00959005 0.00400000
v -0.00208183 -0.00978741 0.00500002
v -0.00181609 -0.00984022 0.00400000
v -0.00113699 -0.00994166 0.00500002
v -0.00072071 -0.00998051 0.00400000
v -0.00015740 -0.01000527 0.00500002
v 0.00041307 -0.00999798 0.00400000
v 0.00084401 -0.00997083 0.00500002
v 0.00156456 -0.00988336 0.00400000
v 0.00185251 -0.00983342 0.00500002
v 0.00271056 -0.00963215 0.00400000
v 0.00285222 -0.00959113 0.00500002
v 0.00382683 -0.00924531 0.00400000
v 0.00382683 -0.00924531 0.00500002
v 0.00476052 -0.00880068 0.00500002
v 0.00488969 -0.00872952 0.00400000
v 0.00563875 -0.00826511 0.00500002
v 0.00587767 -0.00809681 0.00400000
v 0.00644903 -0.00764916 0.00500002
v 0.00677294 -0.00736363 0.00400000
v 0.00718148 -0.00696541 0.00500002
v 0.00756229 -0.00654957 0.00400000
v 0.00782918 -0.00622776 0.00500002
v 0.00823765 -0.00567583 0.00400000
v 0.00838821 -0.00545058 0.00500002
v 0.00879597 -0.00476370 0.00400000
v 0.00885756 -0.00464801 0.00500002
v 0.00923879 -0.00383335 0.00400000
v 0.00923879 -0.00383335 0.00500002
v 0.00954528 -0.00298772 0.00500002
v 0.00958353 -0.00286236 0.00400000
v 0.00978089 -0.00208834 0.00500002
v 0.00983370 -0.00182260 0.00400000
v 0.00993515 -0.00114349 0.00500002
v 0.00994998 -0.00100540 0.00400000
v 0.00999876 -0.00016390 0.00500002
v 0.00999876 -0.00016390 0.00400000
v 0.00997545 0.00069365 0.00400000
v 0.00999876 -0.00016390 0.00300002
v 0.00996432 0.00083750 0.00300002
v -0.00298121 -0.00955179 0.00300002
v -0.00208183 -0.00978741 0.00300002
v -0.00113699 -0.00994166 0.00300002
v -0.00015740 -0.01000527 0.00300002
v 0.00084401 -0.00997083 0.00300002
v 0.00185251 -0.00983342 0.00300002
v 0.00285222 -0.00959113 0.00300002
v 0.00382683 -0.00924531 0.00300002
v 0.00476052 -0.00880068 0.00300002
v 0.00563875 -0.00826511 0.00300002
v 0.00644903 -0.00764916 0.00300002
v 0.00718148 -0.00696541 0.00300002
v 0.00782918 -0.00622776 0.00300002
v 0.00838821 -0.00545058 0.00300002
v 0.00885756 -0.00464801 0.00300002
v 0.00923879 -0.00383335 0.00300002
v 0.00954528 -0.00298772 0.00300002
v 0.00978089 -0.00208834 0.00300002
v 0.00993515 -0.00114349 0.00300002
v 0.00987685 0.00155805 0.00400000
v 0.00982691 0.00184601 0.00300002
v 0.00970129 0.00241939 0.00400000
v 0.00958461 0.00284571 0.00300002
v 0.00944888 0.00326742 0.00400000
v 0.00923879 0.00382032 0.00300002
v 0.00912155 0.00409193 0.00400000
v 0.00879417 0.00475401 0.00300002
v 0.00872301 0.00488318 0.00400000
v 0.00825860 0.00563224 0.00300002
v 0.00825860 0.00563224 0.00400000
v 0.00773510 0.00633133 0.00400000
v 0.00825860 0.00563224 0.00500002
v 0.00764264 0.00644252 0.00500002
v 0.00716037 0.00697411 0.00400000
v 0.00695889 0.00717498 0.00500002
v 0.00654306 0.00755579 0.00400000
v 0.00622124 0.00782267 0.00500002
v 0.00589217 0.00807324 0.00400000
v 0.00544406 0.00838170 0.00500002
v 0.00521675 0.00852493 0.00400000
v 0.00464150 0.00885106 0.00500002
v 0.00452556 0.00891085 0.00400000
v 0.00382683 0.00923228 0.00500002
v 0.00382683 0.00923228 0.00300002
v 0.00464150 0.00885106 0.00300002
v 0.00544406 0.00838170 0.00300002
v 0.00622124 0.00782267 0.00300002
v 0.00695889 0.00717498 0.00300002
v 0.00764264 0.00644252 0.00300002
v 0.00879417 0.00475401 0.00500002
v 0.00923879 0.00382032 0.00500002
v 0.00958461 0.00284571 0.00500002
v 0.00982691 0.00184601 0.00500002
v 0.00996432 0.00083750 0.00500002
v -0.00104092 -0.00489696 0.00300002
v -0.00191342 -0.00462591 0.00300002
v -0.00142793 -0.00479828 0.00240001
v -0.00191342 -0.00462591 0.00180003
v -0.00104092 -0.00489696 0.00180003
v -0.00007870 -0.00500589 0.00180003
v -0.00036036 -0.00499351 0.00240001
v -0.00090805 -0.00492336 0.00240001
v 0.00020653 -0.00500224 0.00240001
v 0.00092625 -0.00491997 0.00180003
v 0.00078228 -0.00494493 0.00240001
v 0.00135528 -0.00481933 0.00240001
v 0.00092625 -0.00491997 0.00300002
v 0.00191341 -0.00462591 0.00300002
v 0.00191341 -0.00462591 0.00240001
v 0.00244484 -0.00436801 0.00240001
v 0.00191341 -0.00462591 0.00180003
v 0.00281937 -0.00413581 0.00180003
v 0.00359074 -0.00348596 0.00180003
v 0.00338647 -0.00368507 0.00240001
v 0.00293883 -0.00405166 0.00240001
v 0.00281937 -0.00413581 0.00300002
v 0.00378114 -0.00327804 0.00240001
v 0.00419410 -0.00272854 0.00180003
v 0.00411882 -0.00284117 0.00240001
v 0.00439798 -0.00238511 0.00240001
v 0.00419410 -0.00272854 0.00300002
v 0.00461939 -0.00191993 0.00300002
v 0.00461939 -0.00191993 0.00240001
v 0.00479176 -0.00143444 0.00240001
v 0.00461939 -0.00191993 0.00180003
v 0.00489045 -0.00104742 0.00180003
v 0.00491685 -0.00091455 0.00240001
v 0.00499938 -0.00008521 0.00180003
v 0.00499938 -0.00008521 0.00240001
v 0.00493842 0.00077577 0.00240001
v 0.00499938 -0.00008521 0.00300002
v 0.00491345 0.00091975 0.00300002
v 0.00472444 0.00163045 0.00240001
v 0.00461939 0.00190691 0.00300002
v 0.00436150 0.00243834 0.00240001
v 0.00412930 0.00281286 0.00300002
v 0.00386755 0.00316241 0.00240001
v 0.00347945 0.00358423 0.00300002
v 0.00327153 0.00377464 0.00240001
v 0.00272203 0.00418760 0.00300002
v 0.00260837 0.00425921 0.00240001
v 0.00191341 0.00461289 0.00300002
v 0.00191341 0.00461289 0.00180003
v 0.00272203 0.00418760 0.00180003
v 0.00347945 0.00358423 0.00180003
v 0.00412930 0.00281286 0.00180003
v 0.00461939 0.00190691 0.00180003
v 0.00491345 0.00091975 0.00180003
v 0.00489045 -0.00104742 0.00300002
v 0.00359074 -0.00348596 0.00300002
v -0.00007870 -0.00500589 0.00300002
v 0.00272203 0.00418760 0.00500002
v 0.00191341 0.00461289 0.00500002
v 0.00237859 0.00439148 0.00550002
v 0.00191341 0.00461289 0.00600001
v 0.00272203 0.00418760 0.00600001
v 0.00347945 0.00358423 0.00600001
v 0.00327153 0.00377464 0.00550002
v 0.00283465 0.00411231 0.00550002
v 0.00367856 0.00337996 0.00550002
v 0.00412930 0.00281286 0.00600001
v 0.00404515 0.00293233 0.00550002
v 0.00436150 0.00243834 0.00550002
v 0.00412930 0.00281286 0.00500002
v 0.00461939 0.00190691 0.00500002
v 0.00461939 0.00190691 0.00550002
v 0.00481281 0.00134877 0.00550002
v 0.00461939 0.00190691 0.00600001
v 0.00491345 0.00091975 0.00600001
v 0.00499938 -0.00008521 0.00600001
v 0.00499573 0.00020003 0.00550002
v 0.00493842 0.00077577 0.00550002
v 0.00491345 0.00091975 0.00500002
v 0.00498699 -0.00036686 0.00550002
v 0.00489045 -0.00104742 0.00600001
v 0.00491685 -0.00091455 0.00550002
v 0.00479176 -0.00143444 0.00550002
v 0.00489045 -0.00104742 0.00500002
v 0.00461939 -0.00191993 0.00500002
v 0.00461939 -0.00191993 0.00550002
v 0.00439798 -0.00238511 0.00550002
v 0.00461939 -0.00191993 0.00600001
v 0.00419410 -0.00272854 0.00600001
v 0.00411882 -0.00284117 0.00550002
v 0.00359074 -0.00348596 0.00600001
v 0.00359074 -0.00348596 0.00550002
v 0.00293883 -0.00405166 0.00550002
v 0.00359074 -0.00348596 0.00500002
v 0.00281937 -0.00413581 0.00500002
v 0.00218317 -0.00450470 0.00550002
v 0.00191341 -0.00462591 0.00500002
v 0.00135528 -0.00481933 0.00550002
v 0.00092625 -0.00491997 0.00500002
v 0.00049400 -0.00498205 0.00550002
v -0.00007870 -0.00500589 0.00500002
v -0.00036036 -0.00499351 0.00550002
v -0.00104092 -0.00489696 0.00500002
v -0.00117192 -0.00486723 0.00550002
v -0.00191342 -0.00462591 0.00500002
v -0.00191342 -0.00462591 0.00600001
v -0.00104092 -0.00489696 0.00600001
v -0.00007870 -0.00500589 0.00600001
v 0.00092625 -0.00491997 0.00600001
v 0.00191341 -0.00462591 0.00600001
v 0.00281937 -0.00413581 0.00600001
v 0.00419410 -0.00272854 0.00500002
v 0.00499938 -0.00008521 0.00500002
v 0.00347945 0.00358423 0.00500002
v 0.00104091 0.00488394 0.00600001
v 0.00117192 0.00485421 0.00550002
v 0.00104091 0.00488394 0.00500002
v 0.00036035 0.00498049 0.00550002
v 0.00007869 0.00499287 0.00500002
v -0.00049401 0.00496903 0.00550002
v -0.00092626 0.00490695 0.00500002
v -0.00135528 0.00480631 0.00550002
v -0.00191342 0.00461289 0.00500002
v -0.00218318 0.00449168 0.00550002
v -0.00281938 0.00412279 0.00500002
v -0.00293884 0.00403864 0.00550002
v -0.00359075 0.00347294 0.00500002
v -0.00359075 0.00347294 0.00550002
v -0.00411883 0.00282815 0.00550002
v -0.00359075 0.00347294 0.00600001
v -0.00419411 0.00271552 0.00600001
v -0.00439799 0.00237209 0.00550002
v -0.00461940 0.00190691 0.00600001
v -0.00461940 0.00190691 0.00550002
v -0.00479177 0.00142141 0.00550002
v -0.00461940 0.00190691 0.00500002
v -0.00489045 0.00103440 0.00500002
v -0.00419411 0.00271552 0.00500002
v -0.00499938 0.00007219 0.00500002
v -0.00498700 0.00035384 0.00550002
v -0.00491686 0.00090153 0.00550002
v -0.00489045 0.00103440 0.00600001
v -0.00499574 -0.00021305 0.00550002
v -0.00491346 -0.00093277 0.00500002
v -0.00493843 -0.00078879 0.00550002
v -0.00481282 -0.00136179 0.00550002
v -0.00491346 -0.00093277 0.00600001
v -0.00461940 -0.00191993 0.00600001
v -0.00461940 -0.00191993 0.00550002
v -0.00436151 -0.00245136 0.00550002
v -0.00461940 -0.00191993 0.00500002
v -0.00412931 -0.00282588 0.00500002
v -0.00347945 -0.00359725 0.00500002
v -0.00367856 -0.00339298 0.00550002
v -0.00404515 -0.00294535 0.00550002
v -0.00412931 -0.00282588 0.00600001
v -0.00327154 -0.00378766 0.00550002
v -0.00272204 -0.00420062 0.00500002
v -0.00283466 -0.00412534 0.00550002
v -0.00237860 -0.00440450 0.00550002
v -0.00272204 -0.00420062 0.00600001
v -0.00347945 -0.00359725 0.00600001
v -0.00499938 0.00007219 0.00600001
v -0.00281938 0.00412279 0.00600001
v -0.00191342 0.00461289 0.00600001
v -0.00092626 0.00490695 0.00600001
v 0.00007869 0.00499287 0.00600001
v 0.00062454 0.00292776 0.00600001
v 0.00004721 0.00299312 0.00600001
v -0.00055576 0.00294156 0.00600001
v -0.00114805 0.00276513 0.00600001
v -0.00169163 0.00247107 0.00600001
v -0.00215445 0.00208116 0.00600001
v -0.00251647 0.00162671 0.00600001
v -0.00277164 0.00114154 0.00600001
v -0.00293427 0.00061804 0.00600001
v -0.00299963 0.00004071 0.00600001
v -0.00294808 -0.00056226 0.00600001
v -0.00277164 -0.00115456 0.00600001
v -0.00247758 -0.00169814 0.00600001
v -0.00208767 -0.00216096 0.00600001
v -0.00163322 -0.00252297 0.00600001
v -0.00272204 -0.00420062 0.00180003
v -0.00260838 -0.00427223 0.00240001
v -0.00272204 -0.00420062 0.00300002
v -0.00327154 -0.00378766 0.00240001
v -0.00347945 -0.00359725 0.00300002
v -0.00386755 -0.00317543 0.00240001
v -0.00412931 -0.00282588 0.00300002
v -0.00436151 -0.00245136 0.00240001
v -0.00461940 -0.00191993 0.00300002
v -0.00472445 -0.00164347 0.00240001
v -0.00491346 -0.00093277 0.00300002
v -0.00493843 -0.00078879 0.00240001
v -0.00499938 0.00007219 0.00300002
v -0.00499938 0.00007219 0.00240001
v -0.00491686 0.00090153 0.00240001
v -0.00499938 0.00007219 0.00180003
v -0.00489045 0.00103440 0.00180003
v -0.00479177 0.00142141 0.00240001
v -0.00461940 0.00190691 0.00180003
v -0.00461940 0.00190691 0.00240001
v -0.00439799 0.00237209 0.00240001
v -0.00461940 0.00190691 0.00300002
v -0.00419411 0.00271552 0.00300002
v -0.00489045 0.00103440 0.00300002
v -0.00359075 0.00347294 0.00300002
v -0.00378115 0.00326502 0.00240001
v -0.00411883 0.00282815 0.00240001
v -0.00419411 0.00271552 0.00180003
v -0.00338648 0.00367205 0.00240001
v -0.00281938 0.00412279 0.00300002
v -0.00293884 0.00403864 0.00240001
v -0.00244485 0.00435499 0.00240001
v -0.00281938 0.00412279 0.00180003
v -0.00191342 0.00461289 0.00180003
v -0.00191342 0.00461289 0.00240001
v -0.00135528 0.00480631 0.00240001
v -0.00191342 0.00461289 0.00300002
v -0.00092626 0.00490695 0.00300002
v 0.00007869 0.00499287 0.00300002
v -0.00020654 0.00498922 0.00240001
v -0.00078228 0.00493191 0.00240001
v -0.00092626 0.00490695 0.00180003
v 0.00036035 0.00498049 0.00240001
v 0.00104091 0.00488394 0.00300002
v 0.00090804 0.00491034 0.00240001
v 0.00142792 0.00478526 0.00240001
v 0.00104091 0.00488394 0.00180003
v 0.00007869 0.00499287 0.00180003
v -0.00359075 0.00347294 0.00180003
v -0.00491346 -0.00093277 0.00180003
v -0.00461940 -0.00191993 0.00180003
v -0.00412931 -0.00282588 0.00180003
v -0.00347945 -0.00359725 0.00180003
v -0.00084383 -0.00130668 0.00180003
v -0.00107863 -0.00111964 0.00180003
v -0.00128009 -0.00088052 0.00180003
v -0.00143202 -0.00059967 0.00180003
v -0.00152317 -0.00029365 0.00180003
v -0.00154981 0.00001789 0.00180003
v -0.00151604 0.00031617 0.00180003
v -0.00143202 0.00058665 0.00180003
v -0.00130018 0.00083732 0.00180003
v -0.00111313 0.00107212 0.00180003
v -0.00087401 0.00127357 0.00180003
v -0.00059316 0.00142550 0.00180003
v -0.00028714 0.00151666 0.00180003
v 0.00002439 0.00154330 0.00180003
v 0.00032268 0.00150953 0.00180003
v -0.00464151 -0.00886408 0.00300002
v -0.00452557 -0.00892387 0.00400000
v -0.00464151 -0.00886408 0.00500002
v -0.00521675 -0.00853795 0.00400000
v -0.00544407 -0.00839473 0.00500002
v -0.00589218 -0.00808626 0.00400000
v -0.00622125 -0.00783569 0.00500002
v -0.00654307 -0.00756881 0.00400000
v -0.00695890 -0.00718800 0.00500002
v -0.00716038 -0.00698713 0.00400000
v -0.00764265 -0.00645554 0.00500002
v -0.00773510 -0.00634435 0.00400000
v -0.00825861 -0.00564526 0.00500002
v -0.00825861 -0.00564526 0.00400000
v -0.00872301 -0.00489620 0.00400000
v -0.00825861 -0.00564526 0.00300002
v -0.00879417 -0.00476703 0.00300002
v -0.00912156 -0.00410495 0.00400000
v -0.00923880 -0.00383334 0.00300002
v -0.00944889 -0.00328044 0.00400000
v -0.00958462 -0.00285873 0.00300002
v -0.00970129 -0.00243241 0.00400000
v -0.00982692 -0.00185903 0.00300002
v -0.00987685 -0.00157107 0.00400000
v -0.00996432 -0.00085052 0.00300002
v -0.00997546 -0.00070667 0.00400000
v -0.00999876 0.00015088 0.00300002
v -0.00999876 0.00015088 0.00400000
v -0.00994999 0.00099238 0.00400000
v -0.00999876 0.00015088 0.00500002
v -0.00993516 0.00113047 0.00500002
v -0.00879417 -0.00476703 0.00500002
v -0.00923880 -0.00383334 0.00500002
v -0.00958462 -0.00285873 0.00500002
v -0.00982692 -0.00185903 0.00500002
v -0.00996432 -0.00085052 0.00500002
v -0.00983371 0.00180958 0.00400000
v -0.00978090 0.00207532 0.00500002
v -0.00958354 0.00284934 0.00400000
v -0.00954529 0.00297470 0.00500002
v -0.00923880 0.00382032 0.00400000
v -0.00923880 0.00382032 0.00500002
v -0.00885757 0.00463499 0.00500002
v -0.00879598 0.00475068 0.00400000
v -0.00838822 0.00543756 0.00500002
v -0.00823765 0.00566281 0.00400000
v -0.00782919 0.00621474 0.00500002
v -0.00756230 0.00653655 0.00400000
v -0.00718149 0.00695239 0.00500002
v -0.00677295 0.00735061 0.00400000
v -0.00644903 0.00763614 0.00500002
v -0.00587768 0.00808379 0.00400000
v -0.00563875 0.00825209 0.00500002
v -0.00488970 0.00871650 0.00400000
v -0.00476053 0.00878766 0.00500002
v -0.00382684 0.00923228 0.00400000
v -0.00382684 0.00923228 0.00500002
v -0.00285222 0.00957810 0.00500002
v -0.00271057 0.00961913 0.00400000
v -0.00185252 0.00982040 0.00500002
v -0.00156456 0.00987034 0.00400000
v -0.00084402 0.00995781 0.00500002
v -0.00041308 0.00998495 0.00400000
v 0.00015739 0.00999225 0.00500002
v 0.00072070 0.00996748 0.00400000
v 0.00113698 0.00992864 0.00500002
v 0.00181608 0.00982720 0.00400000
v 0.00208182 0.00977439 0.00500002
v 0.00285585 0.00957702 0.00400000
v 0.00298121 0.00953877 0.00500002
v 0.00298121 0.00953877 0.00300002
v 0.00208182 0.00977439 0.00300002
v 0.00113698 0.00992864 0.00300002
v 0.00015739 0.00999225 0.00300002
v -0.00084402 0.00995781 0.00300002
v -0.00185252 0.00982040 0.00300002
v -0.00285222 0.00957810 0.00300002
v -0.00382684 0.00923228 0.00300002
v -0.00476053 0.00878766 0.00300002
v -0.00563875 0.00825209 0.00300002
v -0.00644903 0.00763614 0.00300002
v -0.00718149 0.00695239 0.00300002
v -0.00782919 0.00621474 0.00300002
v -0.00838822 0.00543756 0.00300002
v -0.00885757 0.00463499 0.00300002
v -0.00923880 0.00382032 0.00300002
v -0.00954529 0.00297470 0.00300002
v -0.00978090 0.00207532 0.00300002
v -0.00993516 0.00113047 0.00300002
v -0.00764265 -0.00645554 0.00300002
v -0.00695890 -0.00718800 0.00300002
v -0.00622125 -0.00783569 0.00300002
v -0.00544407 -0.00839473 0.00300002
v 0.00284533 0.00724312 0.00500002
v 0.00193968 0.00676679 0.00500002
v 0.00200772 0.00689617 0.00500002
v 0.00210426 0.00701736 0.00500002
v -0.00248005 0.00723557 0.00500002
v -0.00259518 0.00725627 0.00500002
v -0.00271475 0.00725984 0.00500002
v -0.00283486 0.00724528 0.00500002
v -0.00295140 0.00721277 0.00500002
v -0.00306050 0.00716371 0.00500002
v -0.00315895 0.00710053 0.00500002
v -0.00324447 0.00702633 0.00500002
v -0.00331867 0.00694081 0.00500002
v -0.00338185 0.00684236 0.00500002
v -0.00343091 0.00673326 0.00500002
v -0.00630061 0.00345475 0.00500002
v -0.00720626 0.00297842 0.00500002
v -0.00713822 0.00310780 0.00500002
v -0.00704168 0.00322899 0.00500002
v -0.00821083 0.00392669 0.00500002
v -0.00830705 0.00393758 0.00500002
v -0.00840755 0.00392899 0.00500002
v -0.00850626 0.00389958 0.00500002
v -0.00859686 0.00385057 0.00500002
v -0.00867399 0.00378559 0.00500002
v -0.00873433 0.00370984 0.00500002
v -0.00877686 0.00362898 0.00500002
v -0.00880397 0.00354173 0.00500002
v -0.00881486 0.00344551 0.00500002
v -0.00880626 0.00334502 0.00500002
v -0.00877686 0.00324630 0.00500002
v -0.00872785 0.00315570 0.00500002
v -0.00866287 0.00307857 0.00500002
v -0.00858712 0.00301823 0.00500002
v -0.00712785 0.00222117 0.00500002
v -0.00720626 0.00236613 0.00500002
v -0.00690269 0.00200122 0.00500002
v -0.00702387 0.00209776 0.00500002
v -0.00720626 -0.00237915 0.00500002
v -0.00724963 -0.00251875 0.00500002
v -0.00726706 -0.00267270 0.00500002
v -0.00725331 -0.00283350 0.00500002
v -0.00720626 -0.00299144 0.00500002
v -0.00712785 -0.00313639 0.00500002
v -0.00702387 -0.00325981 0.00500002
v -0.00690269 -0.00335635 0.00500002
v -0.00341789 -0.00616752 0.00500002
v -0.00334985 -0.00603814 0.00500002
v -0.00630061 -0.00190282 0.00500002
v -0.00311431 -0.00714472 0.00500002
v -0.00323550 -0.00704819 0.00500002
v -0.00333948 -0.00692477 0.00500002
v 0.00201809 -0.00692477 0.00500002
v 0.00193968 -0.00677981 0.00500002
v 0.00189263 -0.00662187 0.00500002
v 0.00212207 -0.00704819 0.00500002
v 0.00224325 -0.00714472 0.00500002
v 0.00663370 -0.00190282 0.00500002
v 0.00647974 -0.00188539 0.00500002
v 0.00631895 -0.00189914 0.00500002
v 0.00616101 -0.00194619 0.00500002
v 0.00601605 -0.00202461 0.00500002
v 0.00589263 -0.00212858 0.00500002
v 0.00579610 -0.00224977 0.00500002
v 0.00662473 0.00345660 0.00500002
v 0.00646715 0.00347227 0.00500002
v 0.00630958 0.00345660 0.00500002
v 0.00616101 0.00341138 0.00500002
v 0.00605973 0.00336076 0.00500002
v 0.00596369 0.00329398 0.00500002
v 0.00587661 0.00321196 0.00500002
v 0.00580198 0.00311673 0.00500002
v 0.00574256 0.00301133 0.00500002
v 0.00566715 0.00267227 0.00500002
v 0.00567517 0.00278521 0.00500002
v 0.00570010 0.00289950 0.00500002
v 0.00587661 0.00213259 0.00500002
v 0.00580198 0.00222782 0.00500002
v 0.00574256 0.00233321 0.00500002
v 0.00605973 0.00198379 0.00500002
v 0.00572805 -0.00237915 0.00500002
v 0.00568468 -0.00251875 0.00500002
v 0.00566725 -0.00267270 0.00500002
v 0.00568100 -0.00283350 0.00500002
v 0.00572805 -0.00299144 0.00500002
v 0.00580647 -0.00313639 0.00500002
v 0.00591044 -0.00325981 0.00500002
v 0.00603163 -0.00335635 0.00500002
v 0.00269137 -0.00567377 0.00500002
v 0.00284533 -0.00569119 0.00500002
v 0.00210426 -0.00591696 0.00500002
v 0.00222768 -0.00581298 0.00500002
v 0.00237263 -0.00573456 0.00500002
v 0.00193968 -0.00616752 0.00500002
v 0.00200772 -0.00603814 0.00500002
v -0.00266620 -0.00567377 0.00500002
v -0.00251224 -0.00569119 0.00500002
v -0.00312989 -0.00581298 0.00500002
v -0.00298493 -0.00573456 0.00500002
v -0.00282699 -0.00568751 0.00500002
v -0.00531170 0.00219367 0.00500002
v -0.00645457 -0.00188539 0.00500002
v -0.00661536 -0.00189914 0.00500002
v -0.00677331 -0.00194619 0.00500002
v -0.00691826 -0.00202461 0.00500002
v -0.00704168 -0.00212858 0.00500002
v -0.00713822 -0.00224977 0.00500002
v -0.00341789 0.00615450 0.00500002
v -0.00334481 0.00601746 0.00500002
v -0.00324447 0.00589496 0.00500002
v -0.00312197 0.00579462 0.00500002
v 0.00189631 0.00662719 0.00500002
v 0.00189263 0.00631245 0.00500002
v 0.00187888 0.00647324 0.00500002
v 0.00212207 0.00588613 0.00500002
v 0.00201809 0.00600955 0.00500002
v 0.00193968 0.00615450 0.00500002
v 0.00222768 0.00712134 0.00500002
v 0.00237263 0.00719975 0.00500002
v 0.00253058 0.00724680 0.00500002
v 0.00269137 0.00726055 0.00500002
v 0.00224326 0.00578959 0.00500002
v -0.00724963 0.00283882 0.00500002
v -0.00726706 0.00268487 0.00500002
v -0.00725331 0.00252407 0.00500002
v -0.00345371 0.00626191 0.00500002
v -0.00347441 0.00637704 0.00500002
v -0.00347798 0.00649661 0.00500002
v -0.00346342 0.00661672 0.00500002
v -0.00691826 0.00333296 0.00500002
v -0.00677331 0.00341138 0.00500002
v -0.00661536 0.00345843 0.00500002
v -0.00645457 0.00347217 0.00500002
v -0.00341789 -0.00677981 0.00500002
v -0.00346494 -0.00662187 0.00500002
v -0.00347869 -0.00646108 0.00500002
v -0.00346126 -0.00630712 0.00500002
v -0.00325331 -0.00591695 0.00500002
v 0.00187888 -0.00646108 0.00500002
v 0.00189631 -0.00630712 0.00500002
v 0.00253058 -0.00568751 0.00500002
v 0.00596369 0.00205057 0.00500002
v 0.00570010 0.00244505 0.00500002
v 0.00567517 0.00255934 0.00500002
v -0.00311431 -0.00714472 0.00300002
v -0.00333948 -0.00692477 0.00300002
v -0.00323550 -0.00704819 0.00300002
v -0.00346494 -0.00662187 0.00300002
v -0.00341789 -0.00677981 0.00300002
v -0.00346126 -0.00630712 0.00300002
v -0.00347869 -0.00646108 0.00300002
v -0.00687458 -0.00337378 0.00300002
v -0.00697063 -0.00330700 0.00300002
v -0.00705770 -0.00322498 0.00300002
v -0.00713234 -0.00312975 0.00300002
v -0.00719176 -0.00302435 0.00300002
v -0.00723421 -0.00291252 0.00300002
v -0.00725915 -0.00279823 0.00300002
v -0.00726716 -0.00268529 0.00300002
v -0.00725915 -0.00257236 0.00300002
v -0.00723421 -0.00245807 0.00300002
v -0.00719176 -0.00234623 0.00300002
v -0.00713234 -0.00224084 0.00300002
v -0.00705770 -0.00214561 0.00300002
v -0.00697063 -0.00206359 0.00300002
v -0.00687458 -0.00199681 0.00300002
v -0.00690269 0.00200122 0.00300002
v -0.00702387 0.00209776 0.00300002
v -0.00712785 0.00222117 0.00300002
v -0.00858712 0.00301823 0.00300002
v -0.00881486 0.00344551 0.00300002
v -0.00880626 0.00334502 0.00300002
v -0.00877686 0.00324630 0.00300002
v -0.00867399 0.00378559 0.00300002
v -0.00873433 0.00370984 0.00300002
v -0.00877686 0.00362898 0.00300002
v -0.00821083 0.00392669 0.00300002
v -0.00830705 0.00393758 0.00300002
v -0.00840755 0.00392899 0.00300002
v -0.00661536 0.00345843 0.00300002
v -0.00630061 0.00345475 0.00300002
v -0.00645457 0.00347218 0.00300002
v -0.00341789 0.00676679 0.00300002
v -0.00334984 0.00689617 0.00300002
v -0.00325331 0.00701736 0.00300002
v -0.00312989 0.00712134 0.00300002
v -0.00298493 0.00719975 0.00300002
v -0.00282699 0.00724680 0.00300002
v -0.00266620 0.00726055 0.00300002
v -0.00251224 0.00724312 0.00300002
v 0.00193968 0.00676679 0.00300002
v 0.00189631 0.00662719 0.00300002
v 0.00200772 0.00689617 0.00300002
v 0.00210426 0.00701736 0.00300002
v 0.00222768 0.00712134 0.00300002
v 0.00237263 0.00719975 0.00300002
v 0.00253058 0.00724680 0.00300002
v 0.00269137 0.00726055 0.00300002
v 0.00284533 0.00724312 0.00300002
v 0.00616101 0.00341138 0.00300002
v 0.00601605 0.00333296 0.00300002
v 0.00589263 0.00322899 0.00300002
v 0.00579610 0.00310780 0.00300002
v 0.00631895 0.00345843 0.00300002
v 0.00647975 0.00347217 0.00300002
v 0.00663370 0.00345475 0.00300002
v 0.00663370 -0.00190282 0.00300002
v 0.00647974 -0.00188539 0.00300002
v 0.00603163 -0.00335635 0.00300002
v 0.00591044 -0.00325981 0.00300002
v 0.00580647 -0.00313639 0.00300002
v 0.00572805 -0.00299144 0.00300002
v 0.00568100 -0.00283350 0.00300002
v 0.00566725 -0.00267270 0.00300002
v 0.00568468 -0.00251875 0.00300002
v 0.00572805 -0.00237915 0.00300002
v 0.00531170 -0.00220669 0.00300002
v 0.00579610 -0.00224977 0.00300002
v 0.00589263 -0.00212858 0.00300002
v 0.00601605 -0.00202461 0.00300002
v 0.00616101 -0.00194619 0.00300002
v 0.00631895 -0.00189914 0.00300002
v 0.00223560 -0.00713969 0.00300002
v 0.00211310 -0.00703935 0.00300002
v 0.00201276 -0.00691685 0.00300002
v 0.00193968 -0.00677981 0.00300002
v 0.00190386 -0.00667241 0.00300002
v 0.00188316 -0.00655728 0.00300002
v 0.00187959 -0.00643771 0.00300002
v 0.00189415 -0.00631759 0.00300002
v 0.00192666 -0.00620105 0.00300002
v 0.00197572 -0.00609195 0.00300002
v 0.00203890 -0.00599351 0.00300002
v 0.00211310 -0.00590798 0.00300002
v 0.00219862 -0.00583379 0.00300002
v 0.00229706 -0.00577061 0.00300002
v 0.00240617 -0.00572155 0.00300002
v 0.00252271 -0.00568904 0.00300002
v 0.00264282 -0.00567448 0.00300002
v 0.00276239 -0.00567805 0.00300002
v 0.00287752 -0.00569875 0.00300002
v 0.00212207 0.00588613 0.00300002
v 0.00224326 0.00578959 0.00300002
v 0.00189263 0.00631245 0.00300002
v 0.00193968 0.00615450 0.00300002
v 0.00201809 0.00600955 0.00300002
v 0.00187888 0.00647324 0.00300002
v -0.00311431 0.00578959 0.00300002
v -0.00341789 0.00615450 0.00300002
v -0.00333948 0.00600955 0.00300002
v -0.00662473 -0.00190097 0.00300002
v -0.00677331 -0.00194619 0.00300002
v -0.00630959 -0.00190097 0.00300002
v -0.00646716 -0.00188529 0.00300002
v -0.00312989 -0.00581298 0.00300002
v -0.00325331 -0.00591695 0.00300002
v -0.00334985 -0.00603814 0.00300002
v -0.00266620 -0.00567377 0.00300002
v -0.00282699 -0.00568751 0.00300002
v -0.00298493 -0.00573456 0.00300002
v 0.00603163 0.00200122 0.00300002
v 0.00591044 0.00209775 0.00300002
v 0.00580647 0.00222117 0.00300002
v 0.00572805 0.00236613 0.00300002
v 0.00568100 0.00252407 0.00300002
v 0.00566725 0.00268487 0.00300002
v 0.00568468 0.00283882 0.00300002
v 0.00572805 0.00297842 0.00300002
v -0.00720626 0.00236613 0.00300002
v -0.00725331 0.00252407 0.00300002
v -0.00726706 0.00268487 0.00300002
v -0.00724963 0.00283882 0.00300002
v -0.00720626 0.00297842 0.00300002
v -0.00713822 0.00310780 0.00300002
v -0.00704168 0.00322899 0.00300002
v -0.00691826 0.00333296 0.00300002
v -0.00677331 0.00341138 0.00300002
v -0.00850626 0.00389958 0.00300002
v -0.00859686 0.00385057 0.00300002
v -0.00880397 0.00354173 0.00300002
v -0.00872785 0.00315570 0.00300002
v -0.00866287 0.00307857 0.00300002
v -0.00346126 0.00662719 0.00300002
v -0.00347869 0.00647324 0.00300002
v -0.00346494 0.00631245 0.00300002
v -0.00323550 0.00588613 0.00300002
v -0.00251224 -0.00569119 0.00300002
v -0.00341789 -0.00616752 0.00300002
v -0.00084383 -0.00130668 0.00280001
v -0.00080860 -0.00132888 0.00230002
v -0.00101418 -0.00117867 0.00230002
v -0.00119894 -0.00098888 0.00230002
v -0.00135207 -0.00076441 0.00230002
v -0.00146458 -0.00051397 0.00230002
v -0.00153092 -0.00024902 0.00230002
v -0.00154981 0.00001789 0.00230002
v -0.00152423 0.00027498 0.00230002
v -0.00154981 0.00001789 0.00280001
v -0.00151604 0.00031617 0.00280001
v -0.00143202 0.00058665 0.00230002
v -0.00143202 0.00058665 0.00280001
v -0.00130018 0.00083732 0.00280001
v -0.00127684 0.00087223 0.00230002
v -0.00111313 0.00107212 0.00280001
v -0.00104981 0.00113384 0.00230002
v -0.00087401 0.00127357 0.00280001
v -0.00075791 0.00134556 0.00230002
v -0.00059316 0.00142550 0.00280001
v -0.00042014 0.00148546 0.00230002
v -0.00028714 0.00151666 0.00280001
v -0.00006403 0.00154217 0.00230002
v 0.00002439 0.00154330 0.00280001
v 0.00028149 0.00151771 0.00230002
v 0.00032268 0.00150953 0.00280001
v -0.00152317 -0.00029365 0.00280001
v -0.00143202 -0.00059967 0.00280001
v -0.00128009 -0.00088052 0.00280001
v -0.00107863 -0.00111964 0.00280001
v -0.00156503 -0.00256594 0.00440001
v -0.00163322 -0.00252297 0.00280001
v -0.00196292 -0.00227520 0.00440001
v -0.00208767 -0.00216096 0.00280001
v -0.00232053 -0.00190786 0.00440001
v -0.00247758 -0.00169813 0.00280001
v -0.00261691 -0.00147342 0.00440001
v -0.00277164 -0.00115456 0.00280001
v -0.00283467 -0.00098869 0.00440001
v -0.00294808 -0.00056226 0.00280001
v -0.00296306 -0.00047588 0.00440001
v -0.00299963 0.00004071 0.00280001
v -0.00299963 0.00004071 0.00440001
v -0.00295012 0.00053832 0.00440001
v -0.00277164 0.00114154 0.00440001
v -0.00247130 0.00169428 0.00440001
v -0.00203189 0.00220063 0.00440001
v -0.00146691 0.00261039 0.00440001
v -0.00081317 0.00288118 0.00440001
v -0.00012393 0.00299093 0.00440001
v 0.00054482 0.00294360 0.00440001
v 0.00062454 0.00292776 0.00280001
v -0.00293427 0.00061804 0.00280001
v -0.00277164 0.00114154 0.00280001
v -0.00251647 0.00162671 0.00280001
v -0.00215445 0.00208116 0.00280001
v -0.00169163 0.00247107 0.00280001
v -0.00114805 0.00276513 0.00280001
v -0.00055576 0.00294156 0.00280001
v 0.00004721 0.00299312 0.00280001
v 0.00226144 0.00577813 0.00400000
v 0.00215534 0.00585566 0.00400000
v 0.00205997 0.00595362 0.00400000
v 0.00198094 0.00606947 0.00400000
v 0.00192287 0.00619873 0.00400000
v 0.00188863 0.00633548 0.00400000
v 0.00187888 0.00647324 0.00400000
v 0.00189208 0.00660593 0.00400000
v 0.00193968 0.00676679 0.00400000
v 0.00201977 0.00691419 0.00400000
v 0.00213695 0.00704922 0.00400000
v 0.00228761 0.00715849 0.00400000
v 0.00246194 0.00723070 0.00400000
v 0.00264574 0.00725996 0.00400000
v 0.00282407 0.00724734 0.00400000
v -0.00857576 0.00301107 0.00400000
v -0.00864207 0.00305953 0.00400000
v -0.00870167 0.00312075 0.00400000
v -0.00875107 0.00319316 0.00400000
v -0.00878736 0.00327394 0.00400000
v -0.00880876 0.00335941 0.00400000
v -0.00881486 0.00344551 0.00400000
v -0.00880660 0.00352845 0.00400000
v -0.00877686 0.00362898 0.00400000
v -0.00872680 0.00372111 0.00400000
v -0.00865357 0.00380550 0.00400000
v -0.00855940 0.00387379 0.00400000
v -0.00845045 0.00391892 0.00400000
v -0.00833557 0.00393721 0.00400000
v -0.00822411 0.00392933 0.00400000
v -0.00309613 0.00577813 0.00400000
v -0.00320223 0.00585566 0.00400000
v -0.00329760 0.00595362 0.00400000
v -0.00337663 0.00606947 0.00400000
v -0.00343470 0.00619873 0.00400000
v -0.00346894 0.00633548 0.00400000
v -0.00347869 0.00647324 0.00400000
v -0.00346548 0.00660593 0.00400000
v -0.00341789 0.00676679 0.00400000
v -0.00333780 0.00691419 0.00400000
v -0.00322062 0.00704922 0.00400000
v -0.00306996 0.00715849 0.00400000
v -0.00289563 0.00723070 0.00400000
v -0.00271183 0.00725996 0.00400000
v -0.00253350 0.00724734 0.00400000
v -0.00688450 0.00198976 0.00400000
v -0.00699061 0.00206729 0.00400000
v -0.00708597 0.00216525 0.00400000
v -0.00716500 0.00228110 0.00400000
v -0.00722307 0.00241036 0.00400000
v -0.00725731 0.00254711 0.00400000
v -0.00726706 0.00268487 0.00400000
v -0.00725386 0.00281756 0.00400000
v -0.00720626 0.00297842 0.00400000
v -0.00712617 0.00312582 0.00400000
v -0.00700900 0.00326084 0.00400000
v -0.00685834 0.00337011 0.00400000
v -0.00668401 0.00344232 0.00400000
v -0.00650021 0.00347159 0.00400000
v -0.00632187 0.00345897 0.00400000
v -0.00309613 -0.00715618 0.00400000
v -0.00320223 -0.00707865 0.00400000
v -0.00329760 -0.00698069 0.00400000
v -0.00337663 -0.00686484 0.00400000
v -0.00343470 -0.00673558 0.00400000
v -0.00346894 -0.00659883 0.00400000
v -0.00347869 -0.00646108 0.00400000
v -0.00346548 -0.00632838 0.00400000
v -0.00341789 -0.00616752 0.00400000
v -0.00333780 -0.00602012 0.00400000
v -0.00322062 -0.00588510 0.00400000
v -0.00306996 -0.00577583 0.00400000
v -0.00289563 -0.00570362 0.00400000
v -0.00271183 -0.00567435 0.00400000
v -0.00253350 -0.00568697 0.00400000
v -0.00688450 -0.00336781 0.00400000
v -0.00699061 -0.00329028 0.00400000
v -0.00708597 -0.00319232 0.00400000
v -0.00716500 -0.00307647 0.00400000
v -0.00722307 -0.00294721 0.00400000
v -0.00725731 -0.00281046 0.00400000
v -0.00726706 -0.00267270 0.00400000
v -0.00725386 -0.00254001 0.00400000
v -0.00720626 -0.00237915 0.00400000
v -0.00712617 -0.00223175 0.00400000
v -0.00700900 -0.00209672 0.00400000
v -0.00685834 -0.00198745 0.00400000
v -0.00668401 -0.00191524 0.00400000
v -0.00650021 -0.00188598 0.00400000
v -0.00632187 -0.00189860 0.00400000
v 0.00226144 -0.00715618 0.00400000
v 0.00215534 -0.00707865 0.00400000
v 0.00205997 -0.00698069 0.00400000
v 0.00198094 -0.00686484 0.00400000
v 0.00192287 -0.00673558 0.00400000
v 0.00188863 -0.00659883 0.00400000
v 0.00187888 -0.00646108 0.00400000
v 0.00189208 -0.00632838 0.00400000
v 0.00193968 -0.00616752 0.00400000
v 0.00201977 -0.00602012 0.00400000
v 0.00213694 -0.00588510 0.00400000
v 0.00228760 -0.00577583 0.00400000
v 0.00246193 -0.00570362 0.00400000
v 0.00264573 -0.00567435 0.00400000
v 0.00282407 -0.00568697 0.00400000
v 0.00604981 -0.00336781 0.00400000
v 0.00594371 -0.00329028 0.00400000
v 0.00584834 -0.00319232 0.00400000
v 0.00576931 -0.00307647 0.00400000
v 0.00571124 -0.00294721 0.00400000
v 0.00567701 -0.00281046 0.00400000
v 0.00566725 -0.00267270 0.00400000
v 0.00568046 -0.00254001 0.00400000
v 0.00572805 -0.00237915 0.00400000
v 0.00580814 -0.00223175 0.00400000
v 0.00592532 -0.00209672 0.00400000
v 0.00607598 -0.00198745 0.00400000
v 0.00625031 -0.00191524 0.00400000
v 0.00643411 -0.00188598 0.00400000
v 0.00661244 -0.00189860 0.00400000
v 0.00604981 0.00198976 0.00400000
v 0.00594371 0.00206729 0.00400000
v 0.00584834 0.00216525 0.00400000
v 0.00576931 0.00228110 0.00400000
v 0.00571124 0.00241036 0.00400000
v 0.00567701 0.00254711 0.00400000
v 0.00566725 0.00268487 0.00400000
v 0.00568046 0.00281756 0.00400000
v 0.00572805 0.00297842 0.00400000
v 0.00580814 0.00312582 0.00400000
v 0.00592532 0.00326084 0.00400000
v 0.00607598 0.00337011 0.00400000
v 0.00625031 0.00344232 0.00400000
v 0.00643411 0.00347159 0.00400000
v 0.00661244 0.00345897 0.00400000
f 1 2 3
f 3 2 4
f 3 4 5
f 5 4 6
f 5 6 7
f 7 6 8
f 7 8 9
f 9 8 10
f 9 10 11
f 11 10 12
f 11 12 13
f 13 12 14
f 13 14 15
f 15 14 16
f 15 16 17
f 17 16 18
f 18 16 19
f 18 19 20
f 20 19 21
f 20 21 22
f 22 21 23
f 22 23 24
f 2 25 4
f 4 25 26
f 4 26 6
f 6 26 27
f 6 27 8
f 8 27 28
f 8 28 10
f 10 28 29
f 10 29 12
f 12 29 30
f 12 30 14
f 14 30 31
f 14 31 16
f 16 31 32
f 16 32 33
f 16 33 19
f 19 33 23
f 19 23 21
f 22 24 34
f 34 24 35
f 34 35 36
f 36 35 37
f 36 37 38
f 38 37 39
f 38 39 40
f 40 39 41
f 40 41 42
f 42 41 43
f 42 43 44
f 44 45 42
f 42 45 40
f 45 46 40
f 40 46 38
f 46 47 38
f 38 47 36
f 47 48 36
f 36 48 34
f 48 49 34
f 34 49 22
f 49 20 22
f 50 51 52
f 52 51 53
f 52 53 54
f 54 53 55
f 54 55 56
f 56 55 57
f 56 57 58
f 58 57 59
f 58 59 60
f 60 59 61
f 60 61 62
f 62 61 63
f 62 63 64
f 64 63 65
f 64 65 66
f 66 65 67
f 67 65 68
f 67 68 69
f 69 68 70
f 69 70 71
f 71 70 72
f 71 72 73
f 51 74 53
f 53 74 75
f 53 75 55
f 55 75 76
f 55 76 57
f 57 76 77
f 57 77 59
f 59 77 78
f 59 78 61
f 61 78 79
f 61 79 63
f 63 79 80
f 63 80 65
f 65 80 81
f 65 81 82
f 65 82 68
f 68 82 72
f 68 72 70
f 71 73 83
f 83 73 84
f 83 84 85
f 85 84 86
f 85 86 87
f 87 86 88
f 87 88 89
f 89 88 90
f 89 90 91
f 91 90 92
f 91 92 93
f 93 94 91
f 91 94 89
f 94 95 89
f 89 95 87
f 95 96 87
f 87 96 85
f 96 97 85
f 85 97 83
f 97 98 83
f 83 98 71
f 98 69 71
f 99 100 101
f 101 100 102
f 101 102 103
f 103 102 104
f 103 104 105
f 105 104 106
f 105 106 107
f 107 106 108
f 107 108 109
f 109 108 110
f 109 110 111
f 111 110 112
f 111 112 113
f 113 112 114
f 113 114 115
f 115 114 116
f 116 114 117
f 116 117 118
f 118 117 119
f 118 119 120
f 120 119 121
f 120 121 122
f 100 123 102
f 102 123 124
f 102 124 104
f 104 124 125
f 104 125 106
f 106 125 126
f 106 126 108
f 108 126 127
f 108 127 110
f 110 127 128
f 110 128 112
f 112 128 129
f 112 129 114
f 114 129 130
f 114 130 131
f 114 131 117
f 117 131 121
f 117 121 119
f 120 122 132
f 132 122 133
f 132 133 134
f 134 133 135
f 134 135 136
f 136 135 137
f 136 137 138
f 138 137 139
f 138 139 140
f 140 139 141
f 140 141 142
f 142 143 140
f 140 143 138
f 143 144 138
f 138 144 136
f 144 145 136
f 136 145 134
f 145 146 134
f 134 146 132
f 146 147 132
f 132 147 120
f 147 118 120
f 148 149 150
f 150 149 151
f 150 151 152
f 152 151 153
f 152 153 154
f 154 153 155
f 154 155 156
f 156 155 157
f 156 157 158
f 158 157 159
f 158 159 160
f 160 159 161
f 160 161 162
f 162 161 163
f 162 163 164
f 164 163 165
f 165 163 166
f 165 166 167
f 167 166 168
f 167 168 169
f 169 168 170
f 169 170 171
f 149 172 151
f 151 172 173
f 151 173 153
f 153 173 174
f 153 174 155
f 155 174 175
f 155 175 157
f 157 175 176
f 157 176 159
f 159 176 177
f 159 177 161
f 161 177 178
f 161 178 163
f 163 178 179
f 163 179 180
f 163 180 166
f 166 180 170
f 166 170 168
f 169 171 181
f 181 171 182
f 181 182 183
f 183 182 184
f 183 184 185
f 185 184 186
f 185 186 187
f 187 186 188
f 187 188 189
f 189 188 190
f 189 190 191
f 191 192 189
f 189 192 187
f 192 193 187
f 187 193 185
f 193 194 185
f 185 194 183
f 194 195 183
f 183 195 181
f 195 196 181
f 181 196 169
f 196 167 169
f 197 198 199
f 199 198 200
f 199 200 201
f 201 200 202
f 201 202 203
f 203 202 204
f 203 204 205
f 205 204 206
f 205 206 207
f 207 206 208
f 207 208 209
f 209 208 210
f 209 210 211
f 211 210 212
f 211 212 213
f 213 212 214
f 214 212 215
f 214 215 216
f 216 215 217
f 216 217 218
f 218 217 219
f 218 219 220
f 198 221 200
f 200 221 222
f 200 222 202
f 202 222 223
f 202 223 204
f 204 223 224
f 204 224 206
f 206 224 225
f 206 225 208
f 208 225 226
f 208 226 210
f 210 226 227
f 210 227 212
f 212 227 228
f 212 228 229
f 212 229 215
f 215 229 219
f 215 219 217
f 218 220 230
f 230 220 231
f 230 231 232
f 232 231 233
f 232 233 234
f 234 233 235
f 234 235 236
f 236 235 237
f 236 237 238
f 238 237 239
f 238 239 240
f 240 241 238
f 238 241 236
f 241 242 236
f 236 242 234
f 242 243 234
f 234 243 232
f 243 244 232
f 232 244 230
f 244 245 230
f 230 245 218
f 245 216 218
f 246 247 248
f 248 247 249
f 248 249 250
f 250 249 251
f 250 251 252
f 252 251 253
f 252 253 254
f 254 253 255
f 254 255 256
f 256 255 257
f 256 257 258
f 258 257 259
f 258 259 260
f 260 259 261
f 260 261 262
f 262 261 263
f 263 261 264
f 263 264 265
f 265 264 266
f 265 266 267
f 267 266 268
f 267 268 269
f 247 270 249
f 249 270 271
f 249 271 251
f 251 271 272
f 251 272 253
f 253 272 273
f 253 273 255
f 255 273 274
f 255 274 257
f 257 274 275
f 257 275 259
f 259 275 276
f 259 276 261
f 261 276 277
f 261 277 278
f 261 278 264
f 264 278 268
f 264 268 266
f 267 269 279
f 279 269 280
f 279 280 281
f 281 280 282
f 281 282 283
f 283 282 284
f 283 284 285
f 285 284 286
f 285 286 287
f 287 286 288
f 287 288 289
f 289 290 287
f 287 290 285
f 290 291 285
f 285 291 283
f 291 292 283
f 283 292 281
f 292 293 281
f 281 293 279
f 293 294 279
f 279 294 267
f 294 265 267
f 295 296 297
f 297 296 298
f 297 298 299
f 299 298 300
f 299 300 301
f 301 300 302
f 301 302 303
f 303 302 304
f 303 304 305
f 305 304 306
f 305 306 307
f 307 306 308
f 307 308 309
f 309 308 310
f 309 310 311
f 311 310 312
f 312 310 313
f 312 313 314
f 314 313 315
f 314 315 316
f 316 315 317
f 316 317 318
f 296 319 298
f 298 319 320
f 298 320 300
f 300 320 321
f 300 321 302
f 302 321 322
f 302 322 304
f 304 322 323
f 304 323 306
f 306 323 324
f 306 324 308
f 308 324 325
f 308 325 310
f 310 325 326
f 310 326 327
f 310 327 313
f 313 327 317
f 313 317 315
f 316 318 328
f 328 318 329
f 328 329 330
f 330 329 331
f 330 331 332
f 332 331 333
f 332 333 334
f 334 333 335
f 334 335 336
f 336 335 337
f 336 337 338
f 338 339 336
f 336 339 334
f 339 340 334
f 334 340 332
f 340 341 332
f 332 341 330
f 341 342 330
f 330 342 328
f 342 343 328
f 328 343 316
f 343 314 316
f 344 345 346
f 346 345 347
f 346 347 348
f 348 347 349
f 348 349 350
f 350 349 351
f 350 351 352
f 352 351 353
f 352 353 354
f 354 353 355
f 354 355 356
f 356 355 357
f 356 357 358
f 358 357 359
f 358 359 360
f 360 359 361
f 361 359 362
f 361 362 363
f 363 362 364
f 363 364 365
f 365 364 366
f 365 366 367
f 345 368 347
f 347 368 369
f 347 369 349
f 349 369 370
f 349 370 351
f 351 370 371
f 351 371 353
f 353 371 372
f 353 372 355
f 355 372 373
f 355 373 357
f 357 373 374
f 357 374 359
f 359 374 375
f 359 375 376
f 359 376 362
f 362 376 366
f 362 366 364
f 365 367 377
f 377 367 378
f 377 378 379
f 379 378 380
f 379 380 381
f 381 380 382
f 381 382 383
f 383 382 384
f 383 384 385
f 385 384 386
f 385 386 387
f 387 388 385
f 385 388 383
f 388 389 383
f 383 389 381
f 389 390 381
f 381 390 379
f 390 391 379
f 379 391 377
f 391 392 377
f 377 392 365
f 392 363 365
f 393 394 395
f 395 394 396
f 395 396 397
f 397 396 398
f 397 398 399
f 399 398 400
f 399 400 401
f 401 400 402
f 401 402 403
f 403 402 404
f 403 404 405
f 405 404 406
f 405 406 407
f 407 406 408
f 407 408 409
f 409 408 410
f 410 408 411
f 410 411 412
f 412 411 413
f 412 413 414
f 414 413 415
f 414 415 416
f 394 417 396
f 396 417 418
f 396 418 398
f 398 418 419
f 398 419 400
f 400 419 420
f 400 420 402
f 402 420 421
f 402 421 404
f 404 421 422
f 404 422 406
f 406 422 423
f 406 423 408
f 408 423 424
f 408 424 425
f 408 425 411
f 411 425 415
f 411 415 413
f 414 416 426
f 426 416 427
f 426 427 428
f 428 427 429
f 428 429 430
f 430 429 431
f 430 431 432
f 432 431 433
f 432 433 434
f 434 433 435
f 434 435 436
f 436 437 434
f 434 437 432
f 437 438 432
f 432 438 430
f 438 439 430
f 430 439 428
f 439 440 428
f 428 440 426
f 440 441 426
f 426 441 414
f 441 412 414
f 442 443 444
f 444 443 445
f 444 445 446
f 446 445 447
f 446 447 448
f 448 447 449
f 448 449 450
f 450 449 451
f 450 451 452
f 452 451 453
f 452 453 454
f 454 453 455
f 454 455 456
f 456 455 457
f 456 457 458
f 458 457 459
f 459 457 460
f 459 460 461
f 461 460 462
f 461 462 463
f 463 462 464
f 463 464 465
f 443 466 445
f 445 466 467
f 445 467 447
f 447 467 468
f 447 468 449
f 449 468 469
f 449 469 451
f 451 469 470
f 451 470 453
f 453 470 471
f 453 471 455
f 455 471 472
f 455 472 457
f 457 472 473
f 457 473 474
f 457 474 460
f 460 474 464
f 460 464 462
f 463 465 475
f 475 465 476
f 475 476 477
f 477 476 478
f 477 478 479
f 479 478 480
f 479 480 481
f 481 480 482
f 481 482 483
f 483 482 484
f 483 484 485
f 485 486 483
f 483 486 481
f 486 487 481
f 481 487 479
f 487 488 479
f 479 488 477
f 488 489 477
f 477 489 475
f 489 490 475
f 475 490 463
f 490 461 463
f 491 492 493
f 493 492 494
f 493 494 495
f 495 494 496
f 495 496 497
f 497 496 498
f 497 498 499
f 499 498 500
f 499 500 501
f 501 500 502
f 501 502 503
f 503 502 504
f 503 504 505
f 505 504 506
f 505 506 507
f 507 506 508
f 508 506 509
f 508 509 510
f 510 509 511
f 510 511 512
f 512 511 513
f 512 513 514
f 492 515 494
f 494 515 516
f 494 516 496
f 496 516 517
f 496 517 498
f 498 517 518
f 498 518 500
f 500 518 519
f 500 519 502
f 502 519 520
f 502 520 504
f 504 520 521
f 504 521 506
f 506 521 522
f 506 522 523
f 506 523 509
f 509 523 513
f 509 513 511
f 512 514 524
f 524 514 525
f 524 525 526
f 526 525 527
f 526 527 528
f 528 527 529
f 528 529 530
f 530 529 531
f 530 531 532
f 532 531 533
f 532 533 534
f 534 535 532
f 532 535 530
f 535 536 530
f 530 536 528
f 536 537 528
f 528 537 526
f 537 538 526
f 526 538 524
f 538 539 524
f 524 539 512
f 539 510 512
f 540 492 541
f 541 492 491
f 541 491 542
f 541 542 543
f 543 542 544
f 543 544 545
f 545 544 546
f 545 546 547
f 547 546 548
f 547 548 549
f 549 548 550
f 549 550 551
f 551 550 552
f 551 552 553
f 553 552 554
f 553 554 555
f 555 554 556
f 556 554 557
f 556 557 558
f 558 557 559
f 559 557 560
f 559 560 561
f 561 560 562
f 561 562 563
f 563 562 564
f 563 564 565
f 565 564 566
f 565 566 567
f 567 566 568
f 567 568 569
f 569 568 570
f 569 570 571
f 571 570 533
f 533 570 572
f 533 572 534
f 552 573 554
f 554 573 557
f 573 574 557
f 557 574 575
f 557 575 560
f 560 575 576
f 560 576 562
f 562 576 577
f 562 577 564
f 564 577 578
f 564 578 566
f 566 578 579
f 566 579 568
f 568 579 580
f 568 580 570
f 570 580 572
f 553 555 551
f 551 555 581
f 551 581 549
f 549 581 582
f 549 582 547
f 547 582 583
f 547 583 545
f 545 583 584
f 545 584 543
f 543 584 540
f 543 540 541
f 585 443 586
f 586 443 442
f 586 442 587
f 586 587 588
f 588 587 589
f 588 589 590
f 590 589 591
f 590 591 592
f 592 591 593
f 592 593 594
f 594 593 595
f 594 595 596
f 596 595 597
f 596 597 598
f 598 597 599
f 598 599 600
f 600 599 601
f 601 599 602
f 601 602 603
f 603 602 604
f 604 602 605
f 604 605 606
f 606 605 607
f 606 607 608
f 608 607 609
f 608 609 610
f 610 609 611
f 610 611 612
f 612 611 613
f 612 613 614
f 614 613 615
f 614 615 616
f 616 615 484
f 484 615 617
f 484 617 485
f 597 618 599
f 599 618 602
f 618 619 602
f 602 619 620
f 602 620 605
f 605 620 621
f 605 621 607
f 607 621 622
f 607 622 609
f 609 622 623
f 609 623 611
f 611 623 624
f 611 624 613
f 613 624 625
f 613 625 615
f 615 625 617
f 598 600 596
f 596 600 626
f 596 626 594
f 594 626 627
f 594 627 592
f 592 627 628
f 592 628 590
f 590 628 629
f 590 629 588
f 588 629 585
f 588 585 586
f 630 394 631
f 631 394 393
f 631 393 632
f 631 632 633
f 633 632 634
f 633 634 635
f 635 634 636
f 635 636 637
f 637 636 638
f 637 638 639
f 639 638 640
f 639 640 641
f 641 640 642
f 641 642 643
f 643 642 644
f 643 644 645
f 645 644 646
f 646 644 647
f 646 647 648
f 648 647 649
f 649 647 650
f 649 650 651
f 651 650 652
f 651 652 653
f 653 652 654
f 653 654 655
f 655 654 656
f 655 656 657
f 657 656 658
f 657 658 659
f 659 658 660
f 659 660 661
f 661 660 435
f 435 660 662
f 435 662 436
f 642 663 644
f 644 663 647
f 663 664 647
f 647 664 665
f 647 665 650
f 650 665 666
f 650 666 652
f 652 666 667
f 652 667 654
f 654 667 668
f 654 668 656
f 656 668 669
f 656 669 658
f 658 669 670
f 658 670 660
f 660 670 662
f 643 645 641
f 641 645 671
f 641 671 639
f 639 671 672
f 639 672 637
f 637 672 673
f 637 673 635
f 635 673 674
f 635 674 633
f 633 674 630
f 633 630 631
f 675 345 676
f 676 345 344
f 676 344 677
f 676 677 678
f 678 677 679
f 678 679 680
f 680 679 681
f 680 681 682
f 682 681 683
f 682 683 684
f 684 683 685
f 684 685 686
f 686 685 687
f 686 687 688
f 688 687 689
f 688 689 690
f 690 689 691
f 691 689 692
f 691 692 693
f 693 692 694
f 694 692 695
f 694 695 696
f 696 695 697
f 696 697 698
f 698 697 699
f 698 699 700
f 700 699 701
f 700 701 702
f 702 701 703
f 702 703 704
f 704 703 705
f 704 705 706
f 706 705 386
f 386 705 707
f 386 707 387
f 687 708 689
f 689 708 692
f 708 709 692
f 692 709 710
f 692 710 695
f 695 710 711
f 695 711 697
f 697 711 712
f 697 712 699
f 699 712 713
f 699 713 701
f 701 713 714
f 701 714 703
f 703 714 715
f 703 715 705
f 705 715 707
f 688 690 686
f 686 690 716
f 686 716 684
f 684 716 717
f 684 717 682
f 682 717 718
f 682 718 680
f 680 718 719
f 680 719 678
f 678 719 675
f 678 675 676
f 720 296 721
f 721 296 295
f 721 295 722
f 721 722 723
f 723 722 724
f 723 724 725
f 725 724 726
f 725 726 727
f 727 726 728
f 727 728 729
f 729 728 730
f 729 730 731
f 731 730 732
f 731 732 733
f 733 732 734
f 733 734 735
f 735 734 736
f 736 734 737
f 736 737 738
f 738 737 739
f 739 737 740
f 739 740 741
f 741 740 742
f 741 742 743
f 743 742 744
f 743 744 745
f 745 744 746
f 745 746 747
f 747 746 748
f 747 748 749
f 749 748 750
f 749 750 751
f 751 750 337
f 337 750 752
f 337 752 338
f 732 753 734
f 734 753 737
f 753 754 737
f 737 754 755
f 737 755 740
f 740 755 756
f 740 756 742
f 742 756 757
f 742 757 744
f 744 757 758
f 744 758 746
f 746 758 759
f 746 759 748
f 748 759 760
f 748 760 750
f 750 760 752
f 733 735 731
f 731 735 761
f 731 761 729
f 729 761 762
f 729 762 727
f 727 762 763
f 727 763 725
f 725 763 764
f 725 764 723
f 723 764 720
f 723 720 721
f 765 247 766
f 766 247 246
f 766 246 767
f 766 767 768
f 768 767 769
f 768 769 770
f 770 769 771
f 770 771 772
f 772 771 773
f 772 773 774
f 774 773 775
f 774 775 776
f 776 775 777
f 776 777 778
f 778 777 779
f 778 779 780
f 780 779 781
f 781 779 782
f 781 782 783
f 783 782 784
f 784 782 785
f 784 785 786
f 786 785 787
f 786 787 788
f 788 787 789
f 788 789 790
f 790 789 791
f 790 791 792
f 792 791 793
f 792 793 794
f 794 793 795
f 794 795 796
f 796 795 288
f 288 795 797
f 288 797 289
f 777 798 779
f 779 798 782
f 798 799 782
f 782 799 800
f 782 800 785
f 785 800 801
f 785 801 787
f 787 801 802
f 787 802 789
f 789 802 803
f 789 803 791
f 791 803 804
f 791 804 793
f 793 804 805
f 793 805 795
f 795 805 797
f 778 780 776
f 776 780 806
f 776 806 774
f 774 806 807
f 774 807 772
f 772 807 808
f 772 808 770
f 770 808 809
f 770 809 768
f 768 809 765
f 768 765 766
f 810 198 811
f 811 198 197
f 811 197 812
f 811 812 813
f 813 812 814
f 813 814 815
f 815 814 816
f 815 816 817
f 817 816 818
f 817 818 819
f 819 818 820
f 819 820 821
f 821 820 822
f 821 822 823
f 823 822 824
f 823 824 825
f 825 824 826
f 826 824 827
f 826 827 828
f 828 827 829
f 829 827 830
f 829 830 831
f 831 830 832
f 831 832 833
f 833 832 834
f 833 834 835
f 835 834 836
f 835 836 837
f 837 836 838
f 837 838 839
f 839 838 840
f 839 840 841
f 841 840 239
f 239 840 842
f 239 842 240
f 822 843 824
f 824 843 827
f 843 844 827
f 827 844 845
f 827 845 830
f 830 845 846
f 830 846 832
f 832 846 847
f 832 847 834
f 834 847 848
f 834 848 836
f 836 848 849
f 836 849 838
f 838 849 850
f 838 850 840
f 840 850 842
f 823 825 821
f 821 825 851
f 821 851 819
f 819 851 852
f 819 852 817
f 817 852 853
f 817 853 815
f 815 853 854
f 815 854 813
f 813 854 810
f 813 810 811
f 855 149 856
f 856 149 148
f 856 148 857
f 856 857 858
f 858 857 859
f 858 859 860
f 860 859 861
f 860 861 862
f 862 861 863
f 862 863 864
f 864 863 865
f 864 865 866
f 866 865 867
f 866 867 868
f 868 867 869
f 868 869 870
f 870 869 871
f 871 869 872
f 871 872 873
f 873 872 874
f 874 872 875
f 874 875 876
f 876 875 877
f 876 877 878
f 878 877 879
f 878 879 880
f 880 879 881
f 880 881 882
f 882 881 883
f 882 883 884
f 884 883 885
f 884 885 886
f 886 885 190
f 190 885 887
f 190 887 191
f 867 888 869
f 869 888 872
f 888 889 872
f 872 889 890
f 872 890 875
f 875 890 891
f 875 891 877
f 877 891 892
f 877 892 879
f 879 892 893
f 879 893 881
f 881 893 894
f 881 894 883
f 883 894 895
f 883 895 885
f 885 895 887
f 868 870 866
f 866 870 896
f 866 896 864
f 864 896 897
f 864 897 862
f 862 897 898
f 862 898 860
f 860 898 899
f 860 899 858
f 858 899 855
f 858 855 856
f 900 100 901
f 901 100 99
f 901 99 902
f 901 902 903
f 903 902 904
f 903 904 905
f 905 904 906
f 905 906 907
f 907 906 908
f 907 908 909
f 909 908 910
f 909 910 911
f 911 910 912
f 911 912 913
f 913 912 914
f 913 914 915
f 915 914 916
f 916 914 917
f 916 917 918
f 918 917 919
f 919 917 920
f 919 920 921
f 921 920 922
f 921 922 923
f 923 922 924
f 923 924 925
f 925 924 926
f 925 926 927
f 927 926 928
f 927 928 929
f 929 928 930
f 929 930 931
f 931 930 141
f 141 930 932
f 141 932 142
f 912 933 914
f 914 933 917
f 933 934 917
f 917 934 935
f 917 935 920
f 920 935 936
f 920 936 922
f 922 936 937
f 922 937 924
f 924 937 938
f 924 938 926
f 926 938 939
f 926 939 928
f 928 939 940
f 928 940 930
f 930 940 932
f 913 915 911
f 911 915 941
f 911 941 909
f 909 941 942
f 909 942 907
f 907 942 943
f 907 943 905
f 905 943 944
f 905 944 903
f 903 944 900
f 903 900 901
f 945 51 946
f 946 51 50
f 946 50 947
f 946 947 948
f 948 947 949
f 948 949 950
f 950 949 951
f 950 951 952
f 952 951 953
f 952 953 954
f 954 953 955
f 954 955 956
f 956 955 957
f 956 957 958
f 958 957 959
f 958 959 960
f 960 959 961
f 961 959 962
f 961 962 963
f 963 962 964
f 964 962 965
f 964 965 966
f 966 965 967
f 966 967 968
f 968 967 969
f 968 969 970
f 970 969 971
f 970 971 972
f 972 971 973
f 972 973 974
f 974 973 975
f 974 975 976
f 976 975 92
f 92 975 977
f 92 977 93
f 957 978 959
f 959 978 962
f 978 979 962
f 962 979 980
f 962 980 965
f 965 980 981
f 965 981 967
f 967 981 982
f 967 982 969
f 969 982 983
f 969 983 971
f 971 983 984
f 971 984 973
f 973 984 985
f 973 985 975
f 975 985 977
f 958 960 956
f 956 960 986
f 956 986 954
f 954 986 987
f 954 987 952
f 952 987 988
f 952 988 950
f 950 988 989
f 950 989 948
f 948 989 945
f 948 945 946
f 990 2 991
f 991 2 1
f 991 1 992
f 991 992 993
f 993 992 994
f 993 994 995
f 995 994 996
f 995 996 997
f 997 996 998
f 997 998 999
f 999 998 1000
f 999 1000 1001
f 1001 1000 1002
f 1001 1002 1003
f 1003 1002 1004
f 1003 1004 1005
f 1005 1004 1006
f 1006 1004 1007
f 1006 1007 1008
f 1008 1007 1009
f 1009 1007 1010
f 1009 1010 1011
f 1011 1010 1012
f 1011 1012 1013
f 1013 1012 1014
f 1013 1014 1015
f 1015 1014 1016
f 1015 1016 1017
f 1017 1016 1018
f 1017 1018 1019
f 1019 1018 1020
f 1019 1020 1021
f 1021 1020 43
f 43 1020 1022
f 43 1022 44
f 1002 1023 1004
f 1004 1023 1007
f 1023 1024 1007
f 1007 1024 1025
f 1007 1025 1010
f 1010 1025 1026
f 1010 1026 1012
f 1012 1026 1027
f 1012 1027 1014
f 1014 1027 1028
f 1014 1028 1016
f 1016 1028 1029
f 1016 1029 1018
f 1018 1029 1030
f 1018 1030 1020
f 1020 1030 1022
f 1003 1005 1001
f 1001 1005 1031
f 1001 1031 999
f 999 1031 1032
f 999 1032 997
f 997 1032 1033
f 997 1033 995
f 995 1033 1034
f 995 1034 993
f 993 1034 990
f 993 990 991
f 1035 1036 1037
f 1037 1036 1038
f 1037 1038 1039
f 1039 1035 1037
f 1040 1041 1042
f 1042 1041 1036
f 1042 1036 1035
f 1035 1040 1042
f 1043 1044 1045
f 1045 1044 1041
f 1045 1041 1040
f 1040 1043 1045
f 1046 1047 1048
f 1048 1047 1044
f 1048 1044 1043
f 1043 1046 1048
f 1049 1050 1051
f 1051 1050 1047
f 1051 1047 1046
f 1046 1049 1051
f 1052 1053 1054
f 1054 1053 1050
f 1054 1050 1049
f 1049 1052 1054
f 1055 1056 1057
f 1057 1056 1053
f 1057 1053 1052
f 1052 1055 1057
f 1058 1059 1060
f 1060 1059 1056
f 1060 1056 1055
f 1055 1058 1060
f 1061 1062 1063
f 1063 1062 1059
f 1063 1059 1058
f 1058 1061 1063
f 1064 1065 1066
f 1066 1065 1062
f 1066 1062 1061
f 1061 1064 1066
f 1067 1068 1069
f 1069 1068 1065
f 1069 1065 1064
f 1064 1067 1069
f 1070 1071 1072
f 1072 1071 1068
f 1072 1068 1067
f 1067 1070 1072
f 1073 1074 1075
f 1075 1074 1071
f 1075 1071 1070
f 1070 1073 1075
f 1076 1077 1078
f 1078 1077 1074
f 1078 1074 1073
f 1073 1076 1078
f 1079 1080 1081
f 1081 1080 1077
f 1081 1077 1076
f 1076 1079 1081
f 1039 1038 1082
f 1082 1038 1080
f 1082 1080 1079
f 1079 1039 1082
f 493 891 491
f 491 891 890
f 491 890 542
f 542 890 889
f 542 889 888
f 495 893 493
f 493 893 892
f 493 892 891
f 893 495 894
f 894 495 497
f 894 497 908
f 908 497 499
f 908 499 501
f 501 503 908
f 908 503 910
f 910 503 505
f 910 505 507
f 507 508 910
f 910 508 912
f 912 508 510
f 912 510 539
f 539 538 912
f 912 538 537
f 912 537 933
f 933 537 536
f 933 536 535
f 535 534 933
f 933 534 1083
f 933 1083 934
f 934 1083 935
f 935 1083 197
f 935 197 199
f 534 572 1083
f 1083 572 580
f 1083 580 579
f 579 578 1083
f 1083 578 577
f 1083 577 576
f 575 13 576
f 576 13 15
f 576 15 1083
f 1083 15 17
f 1083 17 18
f 13 575 11
f 11 575 574
f 11 574 1052
f 1052 574 573
f 1052 573 552
f 552 550 1052
f 1052 550 548
f 1052 548 546
f 546 544 1052
f 1052 544 867
f 1052 867 865
f 867 544 888
f 888 544 542
f 444 940 442
f 442 940 939
f 442 939 587
f 587 939 589
f 589 939 591
f 591 939 938
f 591 938 243
f 243 938 244
f 244 938 245
f 245 938 216
f 216 938 937
f 216 937 214
f 214 937 213
f 213 937 211
f 211 937 936
f 211 936 209
f 209 936 207
f 207 936 205
f 205 936 203
f 203 936 935
f 203 935 201
f 201 935 199
f 444 446 940
f 940 446 448
f 940 448 932
f 932 448 450
f 932 450 452
f 932 452 142
f 142 452 454
f 142 454 456
f 458 799 456
f 456 799 798
f 456 798 142
f 142 798 777
f 142 777 775
f 458 459 799
f 799 459 800
f 800 459 461
f 800 461 801
f 801 461 490
f 801 490 802
f 802 490 489
f 802 489 803
f 803 489 488
f 803 488 804
f 804 488 487
f 804 487 805
f 805 487 1039
f 805 1039 1079
f 487 486 1039
f 1039 486 485
f 1039 485 617
f 617 625 1039
f 1039 625 624
f 1039 624 623
f 623 622 1039
f 1039 622 1043
f 1039 1043 1040
f 622 621 1043
f 1043 621 850
f 1043 850 849
f 621 620 850
f 850 620 842
f 842 620 619
f 842 619 618
f 842 618 240
f 240 618 597
f 240 597 241
f 241 597 595
f 241 595 593
f 241 593 242
f 242 593 591
f 242 591 243
f 395 1084 393
f 393 1084 116
f 393 116 632
f 632 116 634
f 634 116 636
f 636 116 118
f 636 118 638
f 638 118 640
f 640 118 642
f 642 118 663
f 663 118 147
f 663 147 664
f 664 147 665
f 665 147 666
f 666 147 146
f 666 146 667
f 667 146 668
f 668 146 669
f 669 146 252
f 669 252 670
f 670 252 254
f 670 254 662
f 662 254 256
f 662 256 258
f 395 397 1084
f 1084 397 340
f 1084 340 339
f 397 399 340
f 340 399 341
f 341 399 401
f 341 401 342
f 342 401 1085
f 342 1085 343
f 343 1085 314
f 314 1085 312
f 312 1085 311
f 311 1085 309
f 309 1085 1061
f 309 1061 307
f 307 1061 305
f 305 1061 303
f 303 1061 301
f 301 1061 299
f 299 1061 356
f 299 356 358
f 401 403 1085
f 1085 403 405
f 1085 405 407
f 407 409 1085
f 1085 409 410
f 1085 410 1070
f 1070 410 412
f 1070 412 441
f 441 440 1070
f 1070 440 439
f 1070 439 438
f 437 263 438
f 438 263 265
f 438 265 1070
f 1070 265 294
f 1070 294 1079
f 1079 294 293
f 1079 293 292
f 436 260 437
f 437 260 262
f 437 262 263
f 260 436 258
f 258 436 662
f 677 344 1058
f 1058 344 346
f 1058 346 348
f 348 350 1058
f 1058 350 1061
f 1061 350 352
f 1061 352 354
f 354 356 1061
f 299 358 297
f 297 358 360
f 297 360 361
f 297 361 295
f 295 361 363
f 295 363 722
f 722 363 392
f 722 392 391
f 722 391 724
f 724 391 390
f 724 390 726
f 726 390 107
f 726 107 728
f 728 107 730
f 730 107 732
f 732 107 109
f 732 109 753
f 753 109 754
f 754 109 755
f 755 109 111
f 755 111 756
f 756 111 757
f 757 111 758
f 758 111 759
f 759 111 113
f 759 113 760
f 760 113 752
f 752 113 338
f 338 113 1084
f 338 1084 339
f 107 390 105
f 105 390 389
f 105 389 388
f 388 387 105
f 105 387 103
f 103 387 707
f 103 707 715
f 715 714 103
f 103 714 101
f 101 714 713
f 101 713 712
f 101 712 99
f 99 712 711
f 99 711 710
f 99 710 165
f 165 710 709
f 165 709 164
f 164 709 162
f 162 709 708
f 162 708 160
f 160 708 687
f 160 687 685
f 160 685 158
f 158 685 683
f 158 683 156
f 156 683 681
f 156 681 154
f 154 681 679
f 154 679 152
f 152 679 677
f 152 677 150
f 150 677 1055
f 150 1055 148
f 148 1055 857
f 857 1055 859
f 859 1055 861
f 861 1055 1052
f 861 1052 863
f 863 1052 865
f 1055 677 1058
f 248 145 246
f 246 145 144
f 246 144 767
f 767 144 769
f 769 144 771
f 771 144 143
f 771 143 773
f 773 143 775
f 775 143 142
f 248 250 145
f 145 250 252
f 145 252 146
f 292 291 1079
f 1079 291 290
f 1079 290 289
f 289 797 1079
f 1079 797 805
f 849 848 1043
f 1043 848 847
f 1043 847 846
f 846 845 1043
f 1043 845 844
f 1043 844 49
f 49 844 843
f 49 843 20
f 20 843 822
f 20 822 18
f 18 822 1083
f 822 820 1083
f 1083 820 818
f 1083 818 816
f 816 814 1083
f 1083 814 812
f 1083 812 197
f 165 167 99
f 99 167 196
f 99 196 902
f 902 196 195
f 902 195 194
f 902 194 904
f 904 194 193
f 904 193 192
f 192 191 904
f 904 191 906
f 906 191 887
f 906 887 895
f 895 894 906
f 906 894 908
f 113 115 1084
f 1084 115 116
f 52 1064 50
f 50 1064 1061
f 50 1061 947
f 947 1061 949
f 949 1061 951
f 951 1061 953
f 953 1061 1085
f 953 1085 955
f 955 1085 957
f 957 1085 978
f 978 1085 979
f 979 1085 980
f 980 1085 981
f 981 1085 982
f 982 1085 983
f 983 1085 1070
f 983 1070 984
f 984 1070 985
f 985 1070 977
f 977 1070 93
f 93 1070 1067
f 93 1067 94
f 94 1067 95
f 95 1067 96
f 96 1067 97
f 97 1067 98
f 98 1067 69
f 69 1067 67
f 67 1067 66
f 66 1067 1064
f 66 1064 64
f 64 1064 62
f 62 1064 60
f 60 1064 58
f 58 1064 56
f 56 1064 54
f 54 1064 52
f 3 1052 1
f 1 1052 1049
f 1 1049 992
f 992 1049 994
f 994 1049 996
f 996 1049 998
f 998 1049 1000
f 1000 1049 1002
f 1002 1049 1023
f 1023 1049 1024
f 1024 1049 1046
f 1024 1046 1025
f 1025 1046 1026
f 1026 1046 1027
f 1027 1046 1028
f 1028 1046 1029
f 1029 1046 1030
f 1030 1046 1022
f 1022 1046 44
f 44 1046 1043
f 44 1043 45
f 45 1043 46
f 46 1043 47
f 47 1043 48
f 48 1043 49
f 3 5 1052
f 1052 5 7
f 1052 7 9
f 9 11 1052
f 1076 1073 1079
f 1079 1073 1070
f 1040 1035 1039
f 540 874 492
f 492 874 876
f 492 876 515
f 515 876 878
f 515 878 880
f 584 871 540
f 540 871 873
f 540 873 874
f 583 1053 584
f 584 1053 870
f 584 870 871
f 583 582 1053
f 1053 582 581
f 1053 581 555
f 555 556 1053
f 1053 556 558
f 1053 558 29
f 29 558 559
f 29 559 30
f 30 559 561
f 30 561 31
f 31 561 563
f 31 563 32
f 32 563 565
f 32 565 567
f 32 567 918
f 918 567 569
f 918 569 571
f 571 533 918
f 918 533 916
f 916 533 531
f 916 531 529
f 529 527 916
f 916 527 915
f 915 527 525
f 915 525 514
f 514 513 915
f 915 513 523
f 915 523 941
f 941 523 522
f 941 522 521
f 521 520 941
f 941 520 942
f 942 520 519
f 942 519 518
f 518 517 942
f 942 517 882
f 942 882 943
f 943 882 884
f 943 884 886
f 517 516 882
f 882 516 880
f 880 516 515
f 585 927 443
f 443 927 929
f 443 929 466
f 466 929 467
f 467 929 468
f 468 929 931
f 468 931 469
f 469 931 470
f 470 931 141
f 470 141 471
f 471 141 472
f 472 141 1086
f 472 1086 473
f 473 1086 474
f 474 1086 464
f 464 1086 465
f 465 1086 476
f 476 1086 478
f 478 1086 480
f 480 1086 482
f 482 1086 484
f 484 1086 1087
f 484 1087 1038
f 1038 1087 1080
f 1080 1087 288
f 1080 288 286
f 585 629 927
f 927 629 628
f 927 628 925
f 925 628 233
f 925 233 231
f 233 628 235
f 235 628 627
f 235 627 237
f 237 627 626
f 237 626 600
f 237 600 239
f 239 600 601
f 239 601 841
f 841 601 603
f 841 603 604
f 841 604 839
f 839 604 606
f 839 606 1044
f 1044 606 608
f 1044 608 1038
f 1038 608 610
f 1038 610 612
f 612 614 1038
f 1038 614 616
f 1038 616 484
f 630 131 394
f 394 131 130
f 394 130 417
f 417 130 418
f 418 130 419
f 419 130 963
f 419 963 420
f 420 963 421
f 421 963 964
f 421 964 422
f 422 964 966
f 422 966 423
f 423 966 968
f 423 968 424
f 424 968 1071
f 424 1071 425
f 425 1071 415
f 415 1071 416
f 416 1071 427
f 427 1071 429
f 429 1071 431
f 431 1071 268
f 431 268 278
f 630 674 131
f 131 674 673
f 131 673 121
f 121 673 672
f 121 672 671
f 671 645 121
f 121 645 646
f 121 646 122
f 122 646 648
f 122 648 649
f 649 651 122
f 122 651 133
f 133 651 653
f 133 653 655
f 655 657 133
f 133 657 135
f 135 657 659
f 135 659 661
f 661 435 135
f 135 435 272
f 135 272 271
f 433 276 435
f 435 276 275
f 435 275 274
f 431 278 433
f 433 278 277
f 433 277 276
f 368 345 1059
f 1059 345 675
f 1059 675 172
f 172 675 719
f 172 719 173
f 173 719 718
f 173 718 174
f 174 718 717
f 174 717 175
f 175 717 176
f 176 717 716
f 176 716 177
f 177 716 690
f 177 690 178
f 178 690 691
f 178 691 179
f 179 691 693
f 179 693 1088
f 1088 693 694
f 1088 694 696
f 696 698 1088
f 1088 698 123
f 1088 123 100
f 698 700 123
f 123 700 702
f 123 702 124
f 124 702 704
f 124 704 706
f 706 386 124
f 124 386 125
f 125 386 384
f 125 384 382
f 382 380 125
f 125 380 126
f 126 380 763
f 126 763 762
f 763 380 764
f 764 380 378
f 764 378 720
f 720 378 367
f 720 367 366
f 720 366 296
f 296 366 376
f 296 376 319
f 319 376 375
f 319 375 374
f 319 374 320
f 320 374 373
f 320 373 1062
f 1062 373 372
f 1062 372 371
f 371 370 1062
f 1062 370 1059
f 1059 370 369
f 1059 369 368
f 762 761 126
f 126 761 735
f 126 735 127
f 127 735 736
f 127 736 738
f 738 739 127
f 127 739 128
f 128 739 741
f 128 741 743
f 743 745 128
f 128 745 747
f 128 747 129
f 129 747 749
f 129 749 751
f 751 337 129
f 129 337 130
f 130 337 335
f 130 335 333
f 333 331 130
f 130 331 963
f 331 329 963
f 963 329 318
f 963 318 961
f 961 318 317
f 961 317 960
f 960 317 327
f 960 327 986
f 986 327 326
f 986 326 1062
f 1062 326 325
f 1062 325 324
f 324 323 1062
f 1062 323 322
f 1062 322 321
f 321 320 1062
f 765 141 247
f 247 141 139
f 247 139 137
f 765 809 141
f 141 809 808
f 141 808 807
f 807 806 141
f 141 806 780
f 141 780 781
f 141 781 1086
f 1086 781 783
f 1086 783 784
f 784 786 1086
f 1086 786 788
f 1086 788 790
f 790 792 1086
f 1086 792 794
f 1086 794 796
f 796 288 1086
f 1086 288 1087
f 286 284 1080
f 1080 284 282
f 1080 282 280
f 280 269 1080
f 1080 269 1071
f 1080 1071 1074
f 269 268 1071
f 274 273 435
f 435 273 272
f 271 270 135
f 135 270 247
f 135 247 137
f 810 918 198
f 198 918 919
f 198 919 221
f 221 919 222
f 222 919 223
f 223 919 921
f 223 921 224
f 224 921 225
f 225 921 226
f 226 921 227
f 227 921 923
f 227 923 228
f 228 923 229
f 229 923 219
f 219 923 925
f 219 925 220
f 220 925 231
f 810 854 918
f 918 854 853
f 918 853 32
f 32 853 852
f 32 852 851
f 32 851 33
f 33 851 825
f 33 825 23
f 23 825 826
f 23 826 24
f 24 826 828
f 24 828 1044
f 1044 828 829
f 1044 829 831
f 831 833 1044
f 1044 833 835
f 1044 835 837
f 837 839 1044
f 172 149 1056
f 1056 149 855
f 1056 855 899
f 899 898 1056
f 1056 898 1053
f 1053 898 897
f 1053 897 896
f 896 870 1053
f 886 190 943
f 943 190 944
f 944 190 188
f 944 188 186
f 186 184 944
f 944 184 900
f 900 184 182
f 900 182 171
f 900 171 1088
f 1088 171 170
f 1088 170 180
f 180 179 1088
f 1059 172 1056
f 100 900 1088
f 945 1062 51
f 51 1062 1065
f 51 1065 74
f 74 1065 75
f 75 1065 76
f 76 1065 77
f 77 1065 78
f 78 1065 79
f 79 1065 80
f 80 1065 81
f 81 1065 1068
f 81 1068 82
f 82 1068 72
f 72 1068 73
f 73 1068 84
f 84 1068 86
f 86 1068 88
f 88 1068 90
f 90 1068 92
f 92 1068 1071
f 92 1071 976
f 976 1071 974
f 974 1071 972
f 972 1071 970
f 970 1071 968
f 945 989 1062
f 1062 989 988
f 1062 988 987
f 987 986 1062
f 990 1050 2
f 2 1050 1053
f 2 1053 25
f 25 1053 26
f 26 1053 27
f 27 1053 28
f 28 1053 29
f 990 1034 1050
f 1050 1034 1033
f 1050 1033 1032
f 1032 1031 1050
f 1050 1031 1005
f 1050 1005 1006
f 1006 1008 1050
f 1050 1008 1047
f 1047 1008 1009
f 1047 1009 1011
f 1011 1013 1047
f 1047 1013 1015
f 1047 1015 1017
f 1017 1019 1047
f 1047 1019 1021
f 1047 1021 43
f 1047 43 1044
f 1044 43 41
f 1044 41 39
f 39 37 1044
f 1044 37 35
f 1044 35 24
f 1036 1041 1038
f 1038 1041 1044
f 1074 1077 1080
f 1089 1090 1091
f 1091 1090 1092
f 1091 1092 1093
f 1093 1092 1094
f 1093 1094 1095
f 1095 1094 1096
f 1095 1096 1097
f 1097 1096 1098
f 1097 1098 1099
f 1099 1098 1100
f 1100 1098 1101
f 1100 1101 1102
f 1102 1101 1103
f 1102 1103 1104
f 1104 1103 1105
f 1105 1103 1106
f 1105 1106 1107
f 1107 1106 1108
f 1107 1108 1109
f 1109 1108 1110
f 1109 1110 1111
f 1111 1110 1112
f 1111 1112 1113
f 1113 1112 1114
f 1114 1112 1115
f 1114 1115 1116
f 1116 1115 1117
f 1116 1117 1118
f 1118 1117 1119
f 1118 1119 1120
f 1120 1119 1121
f 1120 1121 1122
f 1122 1121 1123
f 1122 1123 1124
f 1124 1123 1125
f 1125 1123 1126
f 1126 1123 1127
f 1127 1123 1121
f 1127 1121 1128
f 1128 1121 1119
f 1128 1119 1129
f 1129 1119 1117
f 1129 1117 1130
f 1130 1117 1115
f 1130 1115 1131
f 1131 1115 1112
f 1131 1112 1132
f 1132 1112 1110
f 1132 1110 1108
f 1090 1133 1092
f 1092 1133 1134
f 1092 1134 1094
f 1094 1134 1135
f 1094 1135 1096
f 1096 1135 1136
f 1096 1136 1098
f 1098 1136 1137
f 1098 1137 1101
f 1101 1137 1138
f 1101 1138 1103
f 1103 1138 1139
f 1103 1139 1106
f 1106 1139 1140
f 1106 1140 1141
f 1106 1141 1108
f 1108 1141 1132
f 1142 1143 1144
f 1144 1143 1145
f 1144 1145 1146
f 1146 1145 1147
f 1146 1147 1148
f 1148 1147 1149
f 1148 1149 1150
f 1150 1149 1151
f 1150 1151 1152
f 1152 1151 1153
f 1152 1153 1154
f 1154 1153 1155
f 1154 1155 1156
f 1156 1155 1157
f 1156 1157 1158
f 1158 1157 1159
f 1159 1157 1160
f 1159 1160 1161
f 1161 1160 1162
f 1161 1162 1163
f 1163 1162 1164
f 1163 1164 1165
f 1143 1166 1145
f 1145 1166 1167
f 1145 1167 1147
f 1147 1167 1168
f 1147 1168 1149
f 1149 1168 1169
f 1149 1169 1151
f 1151 1169 1170
f 1151 1170 1153
f 1153 1170 1171
f 1153 1171 1155
f 1155 1171 1172
f 1155 1172 1157
f 1157 1172 1173
f 1157 1173 1174
f 1157 1174 1160
f 1160 1174 1164
f 1160 1164 1162
f 1163 1165 1175
f 1175 1165 1176
f 1175 1176 1177
f 1177 1176 1178
f 1177 1178 1179
f 1179 1178 1180
f 1179 1180 1181
f 1181 1180 1182
f 1181 1182 1183
f 1183 1182 1184
f 1183 1184 1185
f 1185 1186 1183
f 1183 1186 1181
f 1186 1187 1181
f 1181 1187 1179
f 1187 1188 1179
f 1179 1188 1177
f 1188 1189 1177
f 1177 1189 1175
f 1189 1190 1175
f 1175 1190 1163
f 1190 1161 1163
f 1191 1192 1193
f 1193 1192 1194
f 1193 1194 1195
f 1195 1194 1196
f 1195 1196 1197
f 1197 1196 1198
f 1197 1198 1199
f 1199 1198 1200
f 1199 1200 1201
f 1201 1200 1202
f 1201 1202 1203
f 1203 1202 1204
f 1203 1204 1205
f 1205 1204 1206
f 1205 1206 1207
f 1207 1206 1208
f 1208 1206 1209
f 1208 1209 1210
f 1210 1209 1211
f 1210 1211 1212
f 1212 1211 1213
f 1212 1213 1214
f 1192 1215 1194
f 1194 1215 1216
f 1194 1216 1196
f 1196 1216 1217
f 1196 1217 1218
f 1196 1218 1198
f 1198 1218 1219
f 1198 1219 1200
f 1200 1219 1220
f 1200 1220 1221
f 1200 1221 1202
f 1202 1221 1222
f 1202 1222 1204
f 1204 1222 1223
f 1204 1223 1224
f 1204 1224 1206
f 1206 1224 1225
f 1206 1225 1209
f 1209 1225 1226
f 1209 1226 1227
f 1209 1227 1211
f 1211 1227 1213
f 1212 1214 1228
f 1228 1214 1229
f 1228 1229 1230
f 1230 1229 1231
f 1230 1231 1232
f 1232 1231 1233
f 1232 1233 1234
f 1234 1233 1235
f 1234 1235 1236
f 1236 1235 1237
f 1236 1237 1238
f 1238 1239 1236
f 1236 1239 1234
f 1239 1240 1234
f 1234 1240 1232
f 1240 1241 1232
f 1232 1241 1230
f 1241 1242 1230
f 1230 1242 1228
f 1242 1243 1228
f 1228 1243 1212
f 1243 1210 1212
f 1244 1245 1246
f 1246 1245 1247
f 1246 1247 1248
f 1248 1247 1249
f 1248 1249 1250
f 1250 1249 1251
f 1250 1251 1252
f 1252 1251 1253
f 1252 1253 1254
f 1254 1253 1255
f 1254 1255 1256
f 1256 1255 1257
f 1256 1257 1258
f 1258 1257 1259
f 1258 1259 1260
f 1260 1259 1261
f 1261 1259 1262
f 1261 1262 1263
f 1263 1262 1264
f 1263 1264 1265
f 1265 1264 1266
f 1265 1266 1267
f 1245 1268 1247
f 1247 1268 1269
f 1247 1269 1249
f 1249 1269 1270
f 1249 1270 1251
f 1251 1270 1271
f 1251 1271 1253
f 1253 1271 1272
f 1253 1272 1273
f 1253 1273 1255
f 1255 1273 1274
f 1255 1274 1257
f 1257 1274 1275
f 1257 1275 1276
f 1257 1276 1259
f 1259 1276 1277
f 1259 1277 1262
f 1262 1277 1278
f 1262 1278 1264
f 1264 1278 1266
f 1267 1279 1265
f 1265 1279 1280
f 1265 1280 1281
f 1281 1280 1282
f 1282 1280 1283
f 1282 1283 1284
f 1284 1283 1285
f 1284 1285 1286
f 1286 1285 1287
f 1286 1287 1288
f 1288 1287 1289
f 1288 1289 1290
f 1290 1289 1291
f 1290 1291 1292
f 1279 1293 1280
f 1280 1293 1283
f 1293 1294 1283
f 1283 1294 1285
f 1294 1295 1285
f 1285 1295 1287
f 1295 1296 1287
f 1287 1296 1289
f 1296 1291 1289
f 1281 1263 1265
f 1297 1298 1299
f 1299 1298 1300
f 1299 1300 1301
f 1301 1300 1302
f 1301 1302 1303
f 1303 1302 1304
f 1303 1304 1305
f 1305 1304 1306
f 1305 1306 1307
f 1307 1306 1308
f 1307 1308 1309
f 1309 1308 1310
f 1309 1310 1311
f 1311 1310 1312
f 1311 1312 1313
f 1313 1312 1314
f 1314 1312 1315
f 1314 1315 1316
f 1316 1315 1317
f 1316 1317 1318
f 1318 1317 1319
f 1318 1319 1320
f 1298 1321 1300
f 1300 1321 1322
f 1300 1322 1302
f 1302 1322 1323
f 1302 1323 1304
f 1304 1323 1324
f 1304 1324 1306
f 1306 1324 1325
f 1306 1325 1308
f 1308 1325 1326
f 1308 1326 1310
f 1310 1326 1327
f 1310 1327 1312
f 1312 1327 1328
f 1312 1328 1329
f 1312 1329 1315
f 1315 1329 1319
f 1315 1319 1317
f 1318 1320 1330
f 1330 1320 1331
f 1330 1331 1332
f 1332 1331 1333
f 1332 1333 1334
f 1334 1333 1335
f 1334 1335 1336
f 1336 1335 1337
f 1336 1337 1338
f 1338 1337 1339
f 1338 1339 1340
f 1340 1341 1338
f 1338 1341 1336
f 1341 1342 1336
f 1336 1342 1334
f 1342 1343 1334
f 1334 1343 1332
f 1343 1344 1332
f 1332 1344 1330
f 1344 1345 1330
f 1330 1345 1318
f 1345 1316 1318
f 1346 1347 1348
f 1348 1347 1349
f 1348 1349 1350
f 1350 1349 1351
f 1350 1351 1352
f 1352 1351 1353
f 1352 1353 1354
f 1354 1353 1355
f 1354 1355 1356
f 1356 1355 1357
f 1356 1357 1358
f 1358 1357 1359
f 1358 1359 1360
f 1360 1359 1361
f 1360 1361 1362
f 1362 1361 1363
f 1363 1361 1364
f 1363 1364 1365
f 1365 1364 1366
f 1365 1366 1367
f 1367 1366 1368
f 1367 1368 1369
f 1347 1370 1349
f 1349 1370 1371
f 1349 1371 1351
f 1351 1371 1372
f 1351 1372 1353
f 1353 1372 1373
f 1353 1373 1355
f 1355 1373 1374
f 1355 1374 1357
f 1357 1374 1375
f 1357 1375 1359
f 1359 1375 1376
f 1359 1376 1361
f 1361 1376 1377
f 1361 1377 1378
f 1361 1378 1364
f 1364 1378 1368
f 1364 1368 1366
f 1367 1369 1379
f 1379 1369 1380
f 1379 1380 1381
f 1381 1380 1382
f 1381 1382 1383
f 1383 1382 1384
f 1383 1384 1385
f 1385 1384 1386
f 1385 1386 1387
f 1387 1386 1388
f 1387 1388 1389
f 1389 1390 1387
f 1387 1390 1385
f 1390 1391 1385
f 1385 1391 1383
f 1391 1392 1383
f 1383 1392 1381
f 1392 1393 1381
f 1381 1393 1379
f 1393 1394 1379
f 1379 1394 1367
f 1394 1365 1367
f 1395 1396 1397
f 1397 1396 1398
f 1397 1398 1399
f 1399 1398 1400
f 1399 1400 1401
f 1401 1400 1402
f 1402 1400 1403
f 1402 1403 1404
f 1404 1403 1405
f 1404 1405 1406
f 1406 1405 1407
f 1407 1405 1408
f 1407 1408 1409
f 1409 1408 1410
f 1409 1410 1411
f 1411 1410 1412
f 1412 1410 1413
f 1412 1413 1414
f 1414 1413 1415
f 1414 1415 1416
f 1416 1415 1417
f 1417 1415 1418
f 1417 1418 1419
f 1419 1418 1420
f 1419 1420 1421
f 1421 1420 1422
f 1421 1422 1423
f 1423 1422 1424
f 1423 1424 1425
f 1425 1424 1426
f 1425 1426 1427
f 1427 1426 1428
f 1427 1428 1429
f 1429 1428 1430
f 1429 1430 1431
f 1431 1430 1432
f 1432 1430 1433
f 1433 1430 1428
f 1433 1428 1434
f 1434 1428 1426
f 1434 1426 1435
f 1435 1426 1424
f 1435 1424 1436
f 1436 1424 1422
f 1436 1422 1437
f 1437 1422 1420
f 1437 1420 1438
f 1438 1420 1418
f 1438 1418 1415
f 1396 1439 1398
f 1398 1439 1440
f 1398 1440 1400
f 1400 1440 1441
f 1400 1441 1403
f 1403 1441 1442
f 1403 1442 1405
f 1405 1442 1443
f 1405 1443 1408
f 1408 1443 1444
f 1408 1444 1410
f 1410 1444 1445
f 1410 1445 1413
f 1413 1445 1446
f 1413 1446 1447
f 1413 1447 1415
f 1415 1447 1438
f 1448 1449 1450
f 1450 1449 1451
f 1450 1451 1452
f 1452 1451 1453
f 1452 1453 1454
f 1454 1453 1455
f 1454 1455 1456
f 1456 1455 1457
f 1456 1457 1458
f 1458 1457 1459
f 1458 1459 1460
f 1460 1459 1461
f 1460 1461 1462
f 1462 1461 1463
f 1462 1463 1464
f 1464 1463 1465
f 1465 1463 1466
f 1465 1466 1467
f 1467 1466 1468
f 1467 1468 1469
f 1469 1468 1470
f 1469 1470 1471
f 1449 1472 1451
f 1451 1472 1473
f 1451 1473 1453
f 1453 1473 1474
f 1453 1474 1455
f 1455 1474 1475
f 1455 1475 1457
f 1457 1475 1476
f 1457 1476 1459
f 1459 1476 1477
f 1459 1477 1461
f 1461 1477 1478
f 1461 1478 1463
f 1463 1478 1479
f 1463 1479 1480
f 1463 1480 1466
f 1466 1480 1470
f 1466 1470 1468
f 1469 1471 1481
f 1481 1471 1482
f 1481 1482 1483
f 1483 1482 1484
f 1483 1484 1485
f 1485 1484 1486
f 1485 1486 1487
f 1487 1486 1488
f 1487 1488 1489
f 1489 1488 1490
f 1489 1490 1491
f 1491 1492 1489
f 1489 1492 1487
f 1492 1493 1487
f 1487 1493 1485
f 1493 1494 1485
f 1485 1494 1483
f 1494 1495 1483
f 1483 1495 1481
f 1495 1496 1481
f 1481 1496 1469
f 1496 1467 1469
f 1497 1498 1499
f 1499 1498 1500
f 1499 1500 1501
f 1501 1500 1502
f 1501 1502 1503
f 1503 1502 1504
f 1503 1504 1505
f 1505 1504 1506
f 1505 1506 1507
f 1507 1506 1508
f 1507 1508 1509
f 1509 1508 1510
f 1509 1510 1511
f 1511 1510 1512
f 1511 1512 1513
f 1513 1512 1514
f 1514 1512 1515
f 1514 1515 1516
f 1516 1515 1517
f 1516 1517 1518
f 1518 1517 1519
f 1518 1519 1520
f 1498 1521 1500
f 1500 1521 1522
f 1500 1522 1502
f 1502 1522 1523
f 1502 1523 1504
f 1504 1523 1524
f 1504 1524 1506
f 1506 1524 1525
f 1506 1525 1508
f 1508 1525 1526
f 1508 1526 1510
f 1510 1526 1527
f 1510 1527 1512
f 1512 1527 1528
f 1512 1528 1529
f 1512 1529 1515
f 1515 1529 1519
f 1515 1519 1517
f 1518 1520 1530
f 1530 1520 1531
f 1530 1531 1532
f 1532 1531 1533
f 1532 1533 1534
f 1534 1533 1535
f 1534 1535 1536
f 1536 1535 1537
f 1536 1537 1538
f 1538 1537 1539
f 1538 1539 1540
f 1540 1541 1538
f 1538 1541 1536
f 1541 1542 1536
f 1536 1542 1534
f 1542 1543 1534
f 1534 1543 1532
f 1543 1544 1532
f 1532 1544 1530
f 1544 1545 1530
f 1530 1545 1518
f 1545 1516 1518
f 1546 1547 1548
f 1548 1547 1549
f 1548 1549 1550
f 1550 1549 1551
f 1550 1551 1552
f 1552 1551 1553
f 1552 1553 1554
f 1554 1553 1555
f 1554 1555 1556
f 1556 1555 1557
f 1556 1557 1558
f 1558 1557 1559
f 1558 1559 1560
f 1560 1559 1561
f 1560 1561 1562
f 1562 1561 1563
f 1563 1561 1564
f 1563 1564 1565
f 1565 1564 1566
f 1565 1566 1567
f 1567 1566 1568
f 1567 1568 1569
f 1547 1570 1549
f 1549 1570 1571
f 1549 1571 1551
f 1551 1571 1572
f 1551 1572 1553
f 1553 1572 1573
f 1553 1573 1555
f 1555 1573 1574
f 1555 1574 1557
f 1557 1574 1575
f 1557 1575 1559
f 1559 1575 1576
f 1559 1576 1561
f 1561 1576 1577
f 1561 1577 1578
f 1561 1578 1564
f 1564 1578 1568
f 1564 1568 1566
f 1567 1569 1579
f 1579 1569 1580
f 1579 1580 1581
f 1581 1580 1582
f 1581 1582 1583
f 1583 1582 1584
f 1583 1584 1585
f 1585 1584 1586
f 1585 1586 1587
f 1587 1586 1588
f 1587 1588 1589
f 1589 1590 1587
f 1587 1590 1585
f 1590 1591 1585
f 1585 1591 1583
f 1591 1592 1583
f 1583 1592 1581
f 1592 1593 1581
f 1581 1593 1579
f 1593 1594 1579
f 1579 1594 1567
f 1594 1565 1567
f 1595 1596 1597
f 1597 1596 1598
f 1597 1598 1599
f 1599 1598 1600
f 1599 1600 1601
f 1601 1600 1602
f 1601 1602 1603
f 1603 1602 1604
f 1603 1604 1605
f 1605 1604 1606
f 1605 1606 1607
f 1607 1606 1608
f 1607 1608 1609
f 1609 1608 1610
f 1609 1610 1611
f 1611 1610 1612
f 1612 1610 1613
f 1612 1613 1614
f 1614 1613 1615
f 1614 1615 1616
f 1616 1615 1617
f 1616 1617 1618
f 1596 1619 1598
f 1598 1619 1620
f 1598 1620 1600
f 1600 1620 1621
f 1600 1621 1602
f 1602 1621 1622
f 1602 1622 1604
f 1604 1622 1623
f 1604 1623 1606
f 1606 1623 1624
f 1606 1624 1608
f 1608 1624 1625
f 1608 1625 1610
f 1610 1625 1626
f 1610 1626 1627
f 1610 1627 1613
f 1613 1627 1617
f 1613 1617 1615
f 1616 1618 1628
f 1628 1618 1629
f 1628 1629 1630
f 1630 1629 1631
f 1630 1631 1632
f 1632 1631 1633
f 1632 1633 1634
f 1634 1633 1635
f 1634 1635 1636
f 1636 1635 1637
f 1636 1637 1638
f 1638 1639 1636
f 1636 1639 1634
f 1639 1640 1634
f 1634 1640 1632
f 1640 1641 1632
f 1632 1641 1630
f 1641 1642 1630
f 1630 1642 1628
f 1642 1643 1628
f 1628 1643 1616
f 1643 1614 1616
f 1644 1645 1646
f 1646 1645 1647
f 1646 1647 1648
f 1648 1647 1649
f 1648 1649 1650
f 1650 1649 1651
f 1650 1651 1652
f 1652 1651 1653
f 1652 1653 1654
f 1654 1653 1655
f 1654 1655 1656
f 1656 1655 1657
f 1656 1657 1658
f 1658 1657 1659
f 1658 1659 1660
f 1660 1659 1661
f 1661 1659 1662
f 1661 1662 1663
f 1663 1662 1664
f 1663 1664 1665
f 1665 1664 1666
f 1665 1666 1667
f 1667 1666 1668
f 1667 1668 1669
f 1669 1668 1670
f 1669 1670 1671
f 1671 1670 1672
f 1671 1672 1673
f 1673 1672 1674
f 1673 1674 1675
f 1675 1674 1676
f 1676 1674 1677
f 1676 1677 1678
f 1678 1677 1679
f 1678 1679 1680
f 1680 1679 1681
f 1680 1681 1682
f 1682 1681 1683
f 1682 1683 1684
f 1684 1683 1685
f 1684 1685 1686
f 1645 1687 1647
f 1647 1687 1688
f 1647 1688 1649
f 1649 1688 1689
f 1649 1689 1651
f 1651 1689 1690
f 1651 1690 1653
f 1653 1690 1691
f 1653 1691 1655
f 1655 1691 1692
f 1655 1692 1657
f 1657 1692 1693
f 1657 1693 1659
f 1659 1693 1694
f 1659 1694 1695
f 1659 1695 1662
f 1662 1695 1696
f 1662 1696 1664
f 1664 1696 1697
f 1664 1697 1666
f 1666 1697 1698
f 1666 1698 1668
f 1668 1698 1699
f 1668 1699 1670
f 1670 1699 1700
f 1670 1700 1672
f 1672 1700 1701
f 1672 1701 1674
f 1674 1701 1702
f 1674 1702 1703
f 1674 1703 1677
f 1677 1703 1704
f 1677 1704 1679
f 1679 1704 1705
f 1679 1705 1681
f 1681 1705 1685
f 1681 1685 1683
f 1684 1686 1706
f 1706 1686 1707
f 1706 1707 1708
f 1708 1707 1709
f 1708 1709 1710
f 1710 1709 1711
f 1710 1711 1712
f 1712 1711 1713
f 1712 1713 1714
f 1714 1713 1715
f 1714 1715 1716
f 1716 1715 1717
f 1716 1717 1718
f 1718 1717 1719
f 1719 1717 1720
f 1719 1720 1721
f 1721 1720 1722
f 1721 1722 1723
f 1723 1722 1724
f 1723 1724 1725
f 1725 1724 1726
f 1725 1726 1727
f 1727 1726 1728
f 1727 1728 1729
f 1729 1728 1730
f 1730 1728 1731
f 1731 1728 1726
f 1731 1726 1732
f 1732 1726 1724
f 1732 1724 1733
f 1733 1724 1722
f 1733 1722 1734
f 1734 1722 1720
f 1734 1720 1735
f 1735 1720 1717
f 1735 1717 1715
f 1716 1718 1714
f 1714 1718 1736
f 1714 1736 1712
f 1712 1736 1737
f 1712 1737 1710
f 1710 1737 1738
f 1710 1738 1708
f 1708 1738 1739
f 1708 1739 1706
f 1706 1739 1740
f 1706 1740 1684
f 1684 1740 1682
f 1741 1742 1743
f 1743 1742 1744
f 1743 1744 1745
f 1746 1747 1745
f 1745 1747 1748
f 1745 1748 1743
f 1743 1748 1741
f 1747 1746 1749
f 1749 1746 1750
f 1749 1750 1751
f 1751 1750 1752
f 1751 1752 1753
f 1753 1752 1754
f 1754 1752 1755
f 1754 1755 1756
f 1756 1755 1757
f 1756 1757 1758
f 1750 1757 1752
f 1752 1757 1755
f 1759 1760 1758
f 1758 1760 1761
f 1758 1761 1756
f 1756 1761 1762
f 1756 1762 1754
f 1760 1759 1763
f 1763 1759 1764
f 1763 1764 1765
f 1765 1764 1766
f 1765 1766 1767
f 1767 1766 1768
f 1768 1766 1769
f 1768 1769 1770
f 1770 1769 1771
f 1770 1771 1772
f 1764 1771 1766
f 1766 1771 1769
f 1770 1772 1773
f 1773 1772 1774
f 1773 1774 1775
f 1775 1774 1776
f 1775 1776 1777
f 1777 1776 1778
f 1778 1776 1779
f 1778 1779 1780
f 1780 1779 1781
f 1780 1781 1782
f 1782 1781 1783
f 1782 1783 1784
f 1784 1783 1785
f 1784 1785 1786
f 1786 1785 1787
f 1786 1787 1788
f 1788 1787 1789
f 1789 1787 1790
f 1790 1787 1785
f 1790 1785 1791
f 1791 1785 1783
f 1791 1783 1792
f 1792 1783 1781
f 1792 1781 1793
f 1793 1781 1779
f 1793 1779 1794
f 1794 1779 1776
f 1794 1776 1774
f 1775 1777 1773
f 1773 1777 1795
f 1773 1795 1770
f 1770 1795 1768
f 1765 1767 1763
f 1763 1767 1796
f 1763 1796 1760
f 1760 1796 1762
f 1760 1762 1761
f 1751 1753 1749
f 1749 1753 1797
f 1749 1797 1747
f 1747 1797 1741
f 1747 1741 1748
f 1798 1799 1800
f 1800 1799 1801
f 1800 1801 1802
f 1803 1804 1802
f 1802 1804 1805
f 1802 1805 1800
f 1800 1805 1798
f 1804 1803 1806
f 1806 1803 1807
f 1806 1807 1808
f 1808 1807 1809
f 1808 1809 1810
f 1810 1809 1811
f 1811 1809 1812
f 1811 1812 1813
f 1813 1812 1814
f 1813 1814 1815
f 1807 1814 1809
f 1809 1814 1812
f 1816 1817 1815
f 1815 1817 1818
f 1815 1818 1813
f 1813 1818 1819
f 1813 1819 1811
f 1817 1816 1820
f 1820 1816 1821
f 1820 1821 1822
f 1822 1821 1823
f 1822 1823 1824
f 1824 1823 1825
f 1825 1823 1826
f 1825 1826 1827
f 1827 1826 1828
f 1827 1828 1829
f 1821 1828 1823
f 1823 1828 1826
f 1827 1829 1830
f 1830 1829 1831
f 1830 1831 1832
f 1832 1831 1833
f 1832 1833 1834
f 1834 1833 1835
f 1835 1833 1836
f 1835 1836 1837
f 1837 1836 1838
f 1837 1838 1839
f 1839 1838 1840
f 1839 1840 1841
f 1841 1840 1842
f 1841 1842 1843
f 1843 1842 1844
f 1843 1844 1845
f 1845 1844 1846
f 1846 1844 1847
f 1847 1844 1842
f 1847 1842 1848
f 1848 1842 1840
f 1848 1840 1849
f 1849 1840 1838
f 1849 1838 1850
f 1850 1838 1836
f 1850 1836 1851
f 1851 1836 1833
f 1851 1833 1831
f 1832 1834 1830
f 1830 1834 1852
f 1830 1852 1827
f 1827 1852 1825
f 1822 1824 1820
f 1820 1824 1853
f 1820 1853 1817
f 1817 1853 1819
f 1817 1819 1818
f 1808 1810 1806
f 1806 1810 1854
f 1806 1854 1804
f 1804 1854 1798
f 1804 1798 1805
f 1855 1801 1856
f 1856 1801 1799
f 1856 1799 1857
f 1856 1857 1858
f 1858 1857 1859
f 1858 1859 1860
f 1860 1859 1861
f 1860 1861 1862
f 1862 1861 1863
f 1862 1863 1864
f 1864 1863 1865
f 1864 1865 1866
f 1866 1865 1867
f 1866 1867 1868
f 1868 1867 1869
f 1868 1869 1870
f 1870 1869 1871
f 1871 1869 1872
f 1871 1872 1873
f 1873 1872 1874
f 1873 1874 1875
f 1875 1874 1876
f 1875 1876 1877
f 1867 1878 1869
f 1869 1878 1872
f 1878 1876 1872
f 1872 1876 1874
f 1879 1880 1877
f 1877 1880 1881
f 1877 1881 1875
f 1875 1881 1882
f 1875 1882 1873
f 1880 1879 1883
f 1883 1879 1884
f 1883 1884 1885
f 1885 1884 1886
f 1885 1886 1887
f 1887 1886 1888
f 1888 1886 1889
f 1888 1889 1890
f 1890 1889 1891
f 1890 1891 1892
f 1884 1891 1886
f 1886 1891 1889
f 1893 1894 1892
f 1892 1894 1895
f 1892 1895 1890
f 1890 1895 1896
f 1890 1896 1888
f 1894 1893 1897
f 1897 1893 1898
f 1897 1898 1899
f 1899 1898 1900
f 1899 1900 1901
f 1901 1900 1846
f 1846 1900 1845
f 1845 1900 1898
f 1899 1901 1897
f 1897 1901 1902
f 1897 1902 1894
f 1894 1902 1896
f 1894 1896 1895
f 1885 1887 1883
f 1883 1887 1903
f 1883 1903 1880
f 1880 1903 1882
f 1880 1882 1881
f 1868 1870 1866
f 1866 1870 1904
f 1866 1904 1864
f 1864 1904 1905
f 1864 1905 1862
f 1862 1905 1906
f 1862 1906 1860
f 1860 1906 1907
f 1860 1907 1858
f 1858 1907 1855
f 1858 1855 1856
f 1901 1846 1547
f 1547 1846 1847
f 1547 1847 1570
f 1570 1847 1848
f 1570 1848 1571
f 1571 1848 1849
f 1571 1849 1572
f 1572 1849 1850
f 1572 1850 1573
f 1573 1850 1851
f 1573 1851 1574
f 1574 1851 1831
f 1574 1831 1575
f 1575 1831 1829
f 1575 1829 1576
f 1576 1829 1828
f 1576 1828 1577
f 1577 1828 1578
f 1578 1828 1821
f 1578 1821 1568
f 1568 1821 1816
f 1568 1816 1569
f 1569 1816 1815
f 1569 1815 1580
f 1580 1815 1814
f 1580 1814 1582
f 1582 1814 1807
f 1582 1807 1584
f 1584 1807 1803
f 1584 1803 1586
f 1586 1803 1802
f 1586 1802 1588
f 1588 1802 1801
f 1588 1801 1855
f 1588 1855 1908
f 1908 1855 1907
f 1908 1907 1909
f 1909 1907 1906
f 1909 1906 1910
f 1910 1906 1905
f 1910 1905 1911
f 1911 1905 1904
f 1911 1904 1912
f 1912 1904 1870
f 1912 1870 1913
f 1913 1870 1871
f 1913 1871 1914
f 1914 1871 1873
f 1914 1873 1915
f 1915 1873 1916
f 1916 1873 1882
f 1916 1882 1917
f 1917 1882 1903
f 1917 1903 1918
f 1918 1903 1887
f 1918 1887 1919
f 1919 1887 1888
f 1919 1888 1920
f 1920 1888 1896
f 1920 1896 1921
f 1921 1896 1902
f 1921 1902 1922
f 1922 1902 1901
f 1922 1901 1547
f 1923 1744 1924
f 1924 1744 1742
f 1924 1742 1925
f 1924 1925 1926
f 1926 1925 1927
f 1926 1927 1928
f 1928 1927 1929
f 1928 1929 1930
f 1930 1929 1931
f 1930 1931 1932
f 1932 1931 1933
f 1932 1933 1934
f 1934 1933 1935
f 1934 1935 1936
f 1936 1935 1937
f 1936 1937 1938
f 1938 1937 1939
f 1939 1937 1940
f 1939 1940 1941
f 1941 1940 1942
f 1941 1942 1943
f 1943 1942 1944
f 1943 1944 1945
f 1935 1946 1937
f 1937 1946 1940
f 1946 1944 1940
f 1940 1944 1942
f 1947 1948 1945
f 1945 1948 1949
f 1945 1949 1943
f 1943 1949 1950
f 1943 1950 1941
f 1948 1947 1951
f 1951 1947 1952
f 1951 1952 1953
f 1953 1952 1954
f 1953 1954 1955
f 1955 1954 1956
f 1956 1954 1957
f 1956 1957 1958
f 1958 1957 1959
f 1958 1959 1960
f 1952 1959 1954
f 1954 1959 1957
f 1961 1962 1960
f 1960 1962 1963
f 1960 1963 1958
f 1958 1963 1964
f 1958 1964 1956
f 1962 1961 1965
f 1965 1961 1966
f 1965 1966 1967
f 1967 1966 1968
f 1967 1968 1969
f 1969 1968 1789
f 1789 1968 1788
f 1788 1968 1966
f 1967 1969 1965
f 1965 1969 1970
f 1965 1970 1962
f 1962 1970 1964
f 1962 1964 1963
f 1953 1955 1951
f 1951 1955 1971
f 1951 1971 1948
f 1948 1971 1950
f 1948 1950 1949
f 1936 1938 1934
f 1934 1938 1972
f 1934 1972 1932
f 1932 1972 1973
f 1932 1973 1930
f 1930 1973 1974
f 1930 1974 1928
f 1928 1974 1975
f 1928 1975 1926
f 1926 1975 1923
f 1926 1923 1924
f 1745 1744 1595
f 1595 1744 1923
f 1595 1923 1976
f 1976 1923 1975
f 1976 1975 1977
f 1977 1975 1974
f 1977 1974 1978
f 1978 1974 1973
f 1978 1973 1979
f 1979 1973 1972
f 1979 1972 1980
f 1980 1972 1938
f 1980 1938 1981
f 1981 1938 1939
f 1981 1939 1982
f 1982 1939 1941
f 1982 1941 1983
f 1983 1941 1984
f 1984 1941 1950
f 1984 1950 1985
f 1985 1950 1971
f 1985 1971 1986
f 1986 1971 1955
f 1986 1955 1987
f 1987 1955 1956
f 1987 1956 1988
f 1988 1956 1964
f 1988 1964 1989
f 1989 1964 1970
f 1989 1970 1990
f 1990 1970 1969
f 1990 1969 1638
f 1638 1969 1789
f 1638 1789 1790
f 1638 1790 1639
f 1639 1790 1791
f 1639 1791 1640
f 1640 1791 1792
f 1640 1792 1641
f 1641 1792 1793
f 1641 1793 1642
f 1642 1793 1794
f 1642 1794 1643
f 1643 1794 1774
f 1643 1774 1614
f 1614 1774 1772
f 1614 1772 1612
f 1612 1772 1771
f 1612 1771 1611
f 1611 1771 1609
f 1609 1771 1764
f 1609 1764 1607
f 1607 1764 1759
f 1607 1759 1758
f 1758 1757 1607
f 1607 1757 1750
f 1607 1750 1605
f 1605 1750 1603
f 1603 1750 1601
f 1601 1750 1599
f 1599 1750 1746
f 1599 1746 1597
f 1597 1746 1745
f 1597 1745 1595
f 1991 1645 1992
f 1992 1645 1644
f 1992 1644 1993
f 1992 1993 1994
f 1994 1993 1995
f 1994 1995 1996
f 1996 1995 1997
f 1996 1997 1998
f 1998 1997 1999
f 1998 1999 2000
f 2000 1999 2001
f 2000 2001 2002
f 2002 2001 2003
f 2002 2003 2004
f 2004 2003 2005
f 2004 2005 2006
f 2006 2005 2007
f 2007 2005 2008
f 2007 2008 2009
f 2009 2008 2010
f 2009 2010 2011
f 2011 2010 2012
f 2011 2012 2013
f 2013 2012 2014
f 2013 2014 2015
f 2015 2014 2016
f 2015 2016 2017
f 2017 2016 2018
f 2017 2018 2019
f 2019 2018 2020
f 2019 2020 2021
f 2003 2022 2005
f 2005 2022 2008
f 2022 2023 2008
f 2008 2023 2010
f 2023 2024 2010
f 2010 2024 2012
f 2024 2025 2012
f 2012 2025 2014
f 2025 2026 2014
f 2014 2026 2016
f 2026 2020 2016
f 2016 2020 2018
f 2019 2021 2027
f 2027 2021 2028
f 2027 2028 2029
f 2029 2028 2030
f 2029 2030 2031
f 2031 2030 2032
f 2031 2032 2033
f 2031 2033 2034
f 2034 2033 2035
f 2034 2035 2036
f 2036 2035 2037
f 2036 2037 2038
f 2038 2037 2039
f 2038 2039 2040
f 2040 2039 2041
f 2040 2041 2042
f 2042 2041 2043
f 2042 2043 2044
f 2044 2043 2045
f 2044 2045 2046
f 2046 2045 2047
f 2046 2047 2048
f 2046 2048 2049
f 2049 2048 2050
f 2049 2050 2051
f 2051 2050 2052
f 2051 2052 2053
f 2053 2052 2054
f 2053 2054 2055
f 2055 2054 2056
f 2055 2056 2057
f 2057 2056 2058
f 2057 2058 2059
f 2059 2058 2060
f 2059 2060 1730
f 1730 2060 1729
f 1730 2061 2059
f 2059 2061 2062
f 2059 2062 2057
f 2057 2062 2063
f 2057 2063 2055
f 2055 2063 2064
f 2055 2064 2053
f 2053 2064 2065
f 2053 2065 2051
f 2051 2065 2066
f 2051 2066 2049
f 2049 2066 2067
f 2049 2067 2046
f 2046 2067 2068
f 2046 2068 2069
f 2046 2069 2044
f 2044 2069 2070
f 2044 2070 2042
f 2042 2070 2071
f 2042 2071 2040
f 2040 2071 2072
f 2040 2072 2038
f 2038 2072 2073
f 2038 2073 2036
f 2036 2073 2074
f 2036 2074 2034
f 2034 2074 2075
f 2034 2075 2031
f 2031 2075 2076
f 2031 2076 2077
f 2031 2077 2029
f 2029 2077 2078
f 2029 2078 2027
f 2027 2078 2079
f 2027 2079 2019
f 2019 2079 2017
f 2004 2006 2002
f 2002 2006 2080
f 2002 2080 2000
f 2000 2080 2081
f 2000 2081 1998
f 1998 2081 2082
f 1998 2082 1996
f 1996 2082 2083
f 1996 2083 1994
f 1994 2083 1991
f 1994 1991 1992
f 2060 2084 1729
f 1729 2084 1539
f 1729 1539 1537
f 2058 2085 2060
f 2060 2085 2086
f 2060 2086 2087
f 2058 2056 2085
f 2085 2056 2054
f 2085 2054 1436
f 1436 2054 1435
f 1435 2054 2052
f 1435 2052 1434
f 1434 2052 2050
f 1434 2050 1433
f 1433 2050 1432
f 1432 2050 2088
f 2088 2050 2048
f 2088 2048 2089
f 2089 2048 2090
f 2090 2048 2091
f 2091 2048 2047
f 2091 2047 2092
f 2092 2047 2093
f 2093 2047 2094
f 2094 2047 2045
f 2094 2045 2095
f 2095 2045 2096
f 2096 2045 2097
f 2097 2045 2043
f 2097 2043 2098
f 2098 2043 2099
f 2098 2099 1388
f 2041 2100 2043
f 2043 2100 2101
f 2043 2101 2102
f 2041 2039 2100
f 2100 2039 2037
f 2100 2037 1484
f 1484 2037 1486
f 1486 2037 2035
f 1486 2035 1488
f 1488 2035 1490
f 1490 2035 2103
f 2103 2035 2033
f 2103 2033 2104
f 2104 2033 2105
f 2105 2033 2106
f 2106 2033 2107
f 2107 2033 2108
f 2108 2033 2032
f 2108 2032 2109
f 2109 2032 2110
f 2110 2032 2030
f 2110 2030 2028
f 2028 2021 2110
f 2110 2021 2111
f 2111 2021 2112
f 2112 2021 2113
f 2113 2021 2114
f 2114 2021 2115
f 2115 2021 2116
f 2116 2021 2117
f 2117 2021 1449
f 1449 2021 1472
f 1472 2021 1473
f 1473 2021 2118
f 1473 2118 2119
f 2020 2120 2021
f 2021 2120 2121
f 2021 2121 2118
f 2026 2122 2020
f 2020 2122 1347
f 2020 1347 2120
f 2026 2025 2122
f 2122 2025 2123
f 2123 2025 2024
f 2123 2024 2124
f 2124 2024 2125
f 2125 2024 2023
f 2125 2023 2126
f 2126 2023 2127
f 2127 2023 2022
f 2127 2022 2128
f 2128 2022 2129
f 2129 2022 2003
f 2129 2003 1245
f 1245 2003 1268
f 1268 2003 2001
f 1268 2001 1269
f 1269 2001 1270
f 1270 2001 1999
f 1270 1999 1271
f 1271 1999 2130
f 1271 2130 1272
f 1272 2130 2131
f 1272 2131 1273
f 1273 2131 1893
f 1273 1893 1274
f 1274 1893 1892
f 1274 1892 1275
f 1275 1892 1276
f 1276 1892 1277
f 1277 1892 1278
f 1278 1892 1266
f 1266 1892 1891
f 1266 1891 1267
f 1267 1891 1279
f 1279 1891 1293
f 1293 1891 1294
f 1294 1891 1295
f 1295 1891 1884
f 1295 1884 1296
f 1296 1884 1291
f 1291 1884 1292
f 1292 1884 2132
f 2132 1884 1879
f 2132 1879 1877
f 1999 1997 2130
f 2130 1997 1995
f 2130 1995 1993
f 1644 2133 1993
f 1993 2133 2134
f 1993 2134 2135
f 1646 1321 1644
f 1644 1321 1298
f 1644 1298 2133
f 1648 1323 1646
f 1646 1323 1322
f 1646 1322 1321
f 1650 1325 1648
f 1648 1325 1324
f 1648 1324 1323
f 1652 1327 1650
f 1650 1327 1326
f 1650 1326 1325
f 1654 2136 1652
f 1652 2136 2137
f 1652 2137 2138
f 2136 1654 2139
f 2139 1654 1656
f 2139 1656 2140
f 2140 1656 1192
f 1192 1656 1215
f 1215 1656 1658
f 1215 1658 1216
f 1216 1658 1217
f 1217 1658 1218
f 1218 1658 1660
f 1218 1660 1219
f 1219 1660 1220
f 1220 1660 1221
f 1221 1660 1661
f 1221 1661 1222
f 1222 1661 1223
f 1223 1661 1224
f 1224 1661 1663
f 1224 1663 1225
f 1225 1663 1226
f 1226 1663 1227
f 1227 1663 1665
f 1227 1665 1213
f 1213 1665 1214
f 1214 1665 1667
f 1214 1667 1143
f 1143 1667 1166
f 1166 1667 1669
f 1166 1669 1167
f 1167 1669 1168
f 1168 1669 1671
f 1168 1671 1169
f 1169 1671 1170
f 1170 1671 1673
f 1170 1673 1171
f 1171 1673 1172
f 1172 1673 1675
f 1172 1675 1173
f 1173 1675 1174
f 1174 1675 1676
f 1174 1676 1164
f 1164 1676 1165
f 1165 1676 1678
f 1165 1678 1176
f 1176 1678 1178
f 1178 1678 1680
f 1178 1680 1180
f 1180 1680 1182
f 1182 1680 1682
f 1182 1682 1184
f 1184 1682 1138
f 1184 1138 2141
f 2141 1138 2142
f 2142 1138 2143
f 2143 1138 2144
f 2144 1138 2145
f 2145 1138 2146
f 2146 1138 2147
f 2147 1138 1137
f 2147 1137 1136
f 1682 1740 1138
f 1138 1740 1739
f 1138 1739 1139
f 1139 1739 1140
f 1140 1739 1141
f 1141 1739 1738
f 1141 1738 1132
f 1132 1738 1131
f 1131 1738 1737
f 1131 1737 1130
f 1130 1737 1129
f 1129 1737 1736
f 1129 1736 1128
f 1128 1736 1127
f 1127 1736 1718
f 1127 1718 1126
f 1126 1718 2148
f 2148 1718 1719
f 2148 1719 2149
f 2149 1719 2150
f 2150 1719 1721
f 2150 1721 2151
f 2151 1721 2152
f 2152 1721 2153
f 2153 1721 2154
f 2154 1721 2155
f 2155 1721 2156
f 2156 1721 1528
f 2156 1528 1527
f 1528 1721 1529
f 1529 1721 1723
f 1529 1723 1519
f 1519 1723 1520
f 1520 1723 1725
f 1520 1725 1531
f 1531 1725 1533
f 1533 1725 1727
f 1533 1727 1535
f 1535 1727 1537
f 1537 1727 1729
f 1798 1522 1799
f 1799 1522 1521
f 1799 1521 1498
f 1854 1525 1798
f 1798 1525 1524
f 1798 1524 1523
f 1810 2156 1854
f 1854 2156 1527
f 1854 1527 1526
f 1811 2157 1810
f 1810 2157 2158
f 1810 2158 2159
f 1819 2160 1811
f 1811 2160 2161
f 1811 2161 2162
f 1853 1133 1819
f 1819 1133 1090
f 1819 1090 2163
f 1824 2147 1853
f 1853 2147 1136
f 1853 1136 1135
f 1824 1825 2147
f 2147 1825 2164
f 2164 1825 2165
f 2165 1825 2166
f 2166 1825 1852
f 2166 1852 2167
f 2167 1852 2168
f 2168 1852 2169
f 2169 1852 1834
f 2169 1834 2170
f 2170 1834 2171
f 2171 1834 1231
f 2171 1231 1229
f 1835 1235 1834
f 1834 1235 1233
f 1834 1233 1231
f 1837 2172 1835
f 1835 2172 2173
f 1835 2173 1237
f 1839 2174 1837
f 1837 2174 2175
f 1837 2175 2176
f 1841 2177 1839
f 1839 2177 2178
f 1839 2178 2174
f 1843 1320 1841
f 1841 1320 1319
f 1841 1319 1329
f 1845 1335 1843
f 1843 1335 1333
f 1843 1333 1331
f 1898 2179 1845
f 1845 2179 2180
f 1845 2180 1339
f 1893 2181 1898
f 1898 2181 2182
f 1898 2182 2183
f 1877 1876 2132
f 2132 1876 2184
f 2132 2184 2185
f 2185 2184 2186
f 2186 2184 2187
f 2187 2184 2188
f 2188 2184 2189
f 2189 2184 2190
f 2190 2184 2122
f 2122 2184 1377
f 2122 1377 1376
f 1876 1878 2184
f 2184 1878 1867
f 2184 1867 2191
f 2191 1867 2192
f 2192 1867 2193
f 2193 1867 2194
f 2194 1867 1865
f 2194 1865 1396
f 1396 1865 1439
f 1439 1865 1440
f 1440 1865 1863
f 1440 1863 1441
f 1441 1863 1442
f 1442 1863 1443
f 1443 1863 1444
f 1444 1863 1861
f 1444 1861 1445
f 1445 1861 1446
f 1446 1861 1447
f 1447 1861 1859
f 1447 1859 1438
f 1438 1859 1437
f 1437 1859 2195
f 1437 2195 1436
f 1436 2195 2085
f 1857 2196 1859
f 1859 2196 2197
f 1859 2197 2195
f 1799 2198 1857
f 1857 2198 2199
f 1857 2199 2200
f 2087 2201 2060
f 2060 2201 2202
f 2060 2202 2203
f 2203 2204 2060
f 2060 2204 2084
f 1526 1525 1854
f 1523 1522 1798
f 1498 2205 1799
f 1799 2205 2198
f 2200 2196 1857
f 1484 1482 2100
f 2100 1482 1471
f 2100 1471 1470
f 1470 1480 2100
f 2100 1480 1479
f 2100 1479 1478
f 2100 1478 2206
f 2206 1478 1477
f 2206 1477 2207
f 2207 1477 1476
f 2207 1476 2208
f 2208 1476 1475
f 2208 1475 2119
f 2119 1475 1474
f 2119 1474 1473
f 2191 2209 2184
f 2184 2209 2210
f 2184 2210 2211
f 2211 2212 2184
f 2184 2212 2098
f 2184 2098 1380
f 1380 2098 1382
f 1382 2098 1384
f 1384 2098 1386
f 1386 2098 1388
f 2102 2213 2043
f 2043 2213 2214
f 2043 2214 2215
f 2215 2216 2043
f 2043 2216 2099
f 1380 1369 2184
f 2184 1369 1368
f 2184 1368 1378
f 1378 1377 2184
f 1376 1375 2122
f 2122 1375 1374
f 2122 1374 1373
f 1373 1372 2122
f 2122 1372 1371
f 2122 1371 1370
f 1370 1347 2122
f 1327 1652 1328
f 1328 1652 2177
f 1328 2177 1329
f 1329 2177 1841
f 2135 2217 1993
f 1993 2217 2218
f 1993 2218 2219
f 2219 2220 1993
f 1993 2220 2130
f 2131 2221 1893
f 1893 2221 2181
f 2183 2179 1898
f 1339 1337 1845
f 1845 1337 1335
f 1331 1320 1843
f 2171 1229 1143
f 1143 1229 1214
f 2138 2222 1652
f 1652 2222 2223
f 1652 2223 2177
f 2176 2224 1837
f 1837 2224 2172
f 1237 1235 1835
f 1135 1134 1853
f 1853 1134 1133
f 2163 2225 1819
f 1819 2225 2160
f 2162 2226 1811
f 1811 2226 2227
f 1811 2227 2157
f 2159 2156 1810
f 1991 2228 1645
f 1645 2228 1297
f 1645 1297 1299
f 2083 2229 1991
f 1991 2229 2230
f 1991 2230 2228
f 2082 2231 2083
f 2083 2231 2232
f 2083 2232 2229
f 2081 2233 2082
f 2082 2233 2234
f 2082 2234 2231
f 2080 1250 2081
f 2081 1250 1252
f 2081 1252 1254
f 1250 2080 1248
f 1248 2080 2006
f 1248 2006 1246
f 1246 2006 1244
f 1244 2006 2235
f 2235 2006 2007
f 2235 2007 2236
f 2236 2007 2237
f 2237 2007 2238
f 2238 2007 2009
f 2238 2009 2239
f 2239 2009 2240
f 2240 2009 2241
f 2241 2009 2011
f 2241 2011 2242
f 2242 2011 2243
f 2243 2011 2244
f 2244 2011 2013
f 2244 2013 2245
f 2245 2013 2246
f 2246 2013 2247
f 2247 2013 2248
f 2248 2013 2249
f 2249 2013 2250
f 2249 2250 1346
f 2013 2015 2250
f 2250 2015 2251
f 2251 2015 2252
f 2252 2015 2017
f 2252 2017 2079
f 2079 2078 2252
f 2252 2078 1452
f 2252 1452 1454
f 2077 2253 2078
f 2078 2253 1448
f 2078 1448 1450
f 2076 2254 2077
f 2077 2254 2255
f 2077 2255 2256
f 2075 2257 2076
f 2076 2257 2258
f 2076 2258 2259
f 2074 2260 2075
f 2075 2260 2261
f 2075 2261 2262
f 2073 2263 2074
f 2074 2263 1493
f 2074 1493 1492
f 2072 2264 2073
f 2073 2264 2265
f 2073 2265 2263
f 2071 2266 2072
f 2072 2266 1389
f 2072 1389 2264
f 2071 2070 2266
f 2266 2070 2267
f 2267 2070 2069
f 2267 2069 2268
f 2268 2069 2269
f 2269 2069 2068
f 2269 2068 2270
f 2270 2068 2271
f 2271 2068 2067
f 2271 2067 2272
f 2272 2067 2273
f 2273 2067 2066
f 2273 2066 1431
f 1431 2066 1429
f 1429 2066 2065
f 1429 2065 1427
f 1427 2065 1425
f 1425 2065 2064
f 1425 2064 1423
f 1423 2064 1421
f 1421 2064 1419
f 1419 2064 1417
f 1417 2064 1416
f 1416 2064 1414
f 1414 2064 2274
f 1414 2274 2275
f 2274 2064 2276
f 2276 2064 2063
f 2276 2063 2277
f 2277 2063 2278
f 2278 2063 2062
f 2278 2062 2279
f 2279 2062 2280
f 2280 2062 2061
f 2280 2061 2281
f 2281 2061 2282
f 2282 2061 1730
f 2282 1730 1540
f 1540 1730 1541
f 1541 1730 1731
f 1541 1731 1542
f 1542 1731 1543
f 1543 1731 1544
f 1544 1731 1545
f 1545 1731 1516
f 1516 1731 1514
f 1514 1731 1513
f 1513 1731 1732
f 1513 1732 1733
f 1733 1734 1513
f 1513 1734 2283
f 1513 2283 1511
f 1511 2283 2284
f 1511 2284 1784
f 1784 2284 2285
f 1784 2285 2286
f 2283 1734 2287
f 2287 1734 1735
f 2287 1735 2288
f 2288 1735 1715
f 2288 1715 2289
f 2289 1715 1125
f 1125 1715 1124
f 1124 1715 1713
f 1124 1713 1122
f 1122 1713 1120
f 1120 1713 1118
f 1118 1713 1711
f 1118 1711 1116
f 1116 1711 1114
f 1114 1711 1113
f 1113 1711 1709
f 1113 1709 1111
f 1111 1709 1109
f 1109 1709 1107
f 1107 1709 1707
f 1107 1707 1105
f 1105 1707 1686
f 1105 1686 1685
f 1705 1186 1685
f 1685 1186 1185
f 1685 1185 1105
f 1105 1185 2290
f 1105 2290 2291
f 1704 1188 1705
f 1705 1188 1187
f 1705 1187 1186
f 1703 1190 1704
f 1704 1190 1189
f 1704 1189 1188
f 1702 1159 1703
f 1703 1159 1161
f 1703 1161 1190
f 1159 1702 1158
f 1158 1702 1701
f 1158 1701 1700
f 1700 1699 1158
f 1158 1699 1698
f 1158 1698 1697
f 1697 1696 1158
f 1158 1696 1156
f 1156 1696 1154
f 1154 1696 1152
f 1152 1696 1150
f 1150 1696 1148
f 1148 1696 1146
f 1146 1696 1144
f 1144 1696 1207
f 1144 1207 1142
f 1142 1207 2292
f 2292 1207 2293
f 2293 1207 2294
f 2294 1207 2295
f 2295 1207 2296
f 2296 1207 2297
f 2297 1207 2298
f 2298 1207 2299
f 2299 1207 2300
f 2299 2300 2301
f 2301 2300 2302
f 2302 2300 2303
f 2303 2300 2304
f 2304 2300 1105
f 2304 1105 2305
f 2305 1105 2291
f 1207 1696 1205
f 1205 1696 1695
f 1205 1695 1203
f 1203 1695 1201
f 1201 1695 1694
f 1201 1694 1199
f 1199 1694 1197
f 1197 1694 1693
f 1197 1693 1195
f 1195 1693 1193
f 1193 1693 1692
f 1193 1692 1191
f 1191 1692 2306
f 2306 1692 1691
f 2306 1691 2307
f 2307 1691 2308
f 2308 1691 1690
f 2308 1690 2309
f 2309 1690 1313
f 2309 1313 2310
f 2310 1313 1314
f 2310 1314 2311
f 2311 1314 1797
f 2311 1797 2312
f 2312 1797 1753
f 2312 1753 2313
f 2313 1753 2314
f 2314 1753 2315
f 2315 1753 2316
f 2316 1753 2317
f 2317 1753 1754
f 2317 1754 2318
f 2318 1754 2319
f 2319 1754 2320
f 2320 1754 2321
f 2321 1754 2322
f 2322 1754 1762
f 2322 1762 2323
f 2323 1762 2324
f 2324 1762 1238
f 1238 1762 1239
f 1239 1762 1796
f 1239 1796 1767
f 1690 1689 1313
f 1313 1689 1688
f 1313 1688 1687
f 1645 1299 1687
f 1687 1299 1301
f 1687 1301 1303
f 1966 2325 1788
f 1788 2325 2326
f 1788 2326 1497
f 1961 2327 1966
f 1966 2327 2328
f 1966 2328 2329
f 1960 1414 1961
f 1961 1414 2275
f 1961 2275 2330
f 1959 1409 1960
f 1960 1409 1411
f 1960 1411 1412
f 1952 1401 1959
f 1959 1401 1402
f 1959 1402 1404
f 1947 2331 1952
f 1952 2331 1395
f 1952 1395 1397
f 1945 1362 1947
f 1947 1362 2332
f 1947 2332 2333
f 1945 1944 1362
f 1362 1944 1360
f 1360 1944 1358
f 1358 1944 1946
f 1358 1946 1356
f 1356 1946 1354
f 1354 1946 1352
f 1352 1946 1935
f 1352 1935 1350
f 1350 1935 1348
f 1348 1935 2334
f 1348 2334 2335
f 1933 2336 1935
f 1935 2336 2337
f 1935 2337 2334
f 1931 1286 1933
f 1933 1286 1288
f 1933 1288 1290
f 1929 1263 1931
f 1931 1263 1281
f 1931 1281 1282
f 1927 1260 1929
f 1929 1260 1261
f 1929 1261 1263
f 1925 2338 1927
f 1927 2338 2339
f 1927 2339 2340
f 1742 2341 1925
f 1925 2341 2342
f 1925 2342 2343
f 1741 1342 1742
f 1742 1342 1341
f 1742 1341 1340
f 1797 1345 1741
f 1741 1345 1344
f 1741 1344 1343
f 1767 1768 1239
f 1239 1768 2300
f 1239 2300 1240
f 1240 2300 1241
f 1241 2300 1242
f 1242 2300 1243
f 1243 2300 1210
f 1210 2300 1208
f 1208 2300 1207
f 1768 1795 2300
f 2300 1795 1777
f 2300 1777 1097
f 1097 1777 1095
f 1095 1777 1093
f 1093 1777 1091
f 1091 1777 1778
f 1091 1778 1089
f 1089 1778 2344
f 2344 1778 2345
f 2345 1778 1780
f 2345 1780 2346
f 2346 1780 2347
f 2347 1780 2348
f 2348 1780 2349
f 2349 1780 1782
f 2349 1782 2350
f 2350 1782 2351
f 2351 1782 2286
f 2286 1782 1784
f 1786 1507 1784
f 1784 1507 1509
f 1784 1509 1511
f 1788 1501 1786
f 1786 1501 1503
f 1786 1503 1505
f 1497 1499 1788
f 1788 1499 1501
f 1505 1507 1786
f 2330 2327 1961
f 2329 2325 1966
f 1450 1452 2078
f 1454 1456 2252
f 2252 1456 1458
f 2252 1458 1460
f 2252 1460 2352
f 2352 1460 1462
f 2352 1462 2353
f 2353 1462 2354
f 2354 1462 2355
f 2355 1462 2356
f 2356 1462 1464
f 2356 1464 1465
f 2356 1465 2357
f 2357 1465 1467
f 2357 1467 2358
f 2358 1467 1496
f 2358 1496 2359
f 2359 1496 1495
f 2359 1495 2360
f 2360 1495 1494
f 2360 1494 1493
f 1492 1491 2074
f 2074 1491 2260
f 2262 2361 2075
f 2075 2361 2362
f 2075 2362 2257
f 2259 2363 2076
f 2076 2363 2254
f 2256 2364 2077
f 2077 2364 2365
f 2077 2365 2253
f 1397 1399 1952
f 1952 1399 1401
f 1404 1406 1959
f 1959 1406 1407
f 1959 1407 1409
f 1412 1414 1960
f 2366 1362 2266
f 2266 1362 1363
f 2266 1363 1365
f 2366 2367 1362
f 1362 2367 2368
f 1362 2368 2332
f 2333 2369 1947
f 1947 2369 2331
f 2249 1346 2335
f 2335 1346 1348
f 1365 1394 2266
f 2266 1394 1393
f 2266 1393 1392
f 1392 1391 2266
f 2266 1391 1390
f 2266 1390 1389
f 2263 2360 1493
f 1340 2370 1742
f 1742 2370 2341
f 2343 2338 1925
f 1927 2340 1260
f 1260 2340 2371
f 1260 2371 2081
f 2081 2371 2233
f 1303 1305 1687
f 1687 1305 1307
f 1687 1307 1309
f 1309 1311 1687
f 1687 1311 1313
f 1314 1316 1797
f 1797 1316 1345
f 1343 1342 1741
f 1290 2336 1933
f 1254 1256 2081
f 2081 1256 1258
f 2081 1258 1260
f 1282 1284 1931
f 1931 1284 1286
f 1097 1099 2300
f 2300 1099 1100
f 2300 1100 1102
f 1102 1104 2300
f 2300 1104 1105
f 2372 1596 2373
f 2373 1596 1595
f 2373 1595 1976
f 2373 1976 2374
f 2374 1976 1977
f 2374 1977 2375
f 2375 1977 1978
f 2375 1978 2376
f 2376 1978 1979
f 2376 1979 2377
f 2377 1979 1980
f 2377 1980 2378
f 2378 1980 1981
f 2378 1981 2379
f 2379 1981 2380
f 2379 2380 2381
f 2381 2380 2382
f 2382 2380 2383
f 2382 2383 2384
f 2384 2383 2385
f 2385 2383 2386
f 2385 2386 2387
f 2387 2386 2388
f 2387 2388 2389
f 2389 2388 2390
f 2389 2390 2391
f 2391 2390 2392
f 2391 2392 2393
f 2393 2392 2394
f 2393 2394 2395
f 2395 2394 2396
f 2395 2396 2397
f 2397 2396 1637
f 1637 2396 1990
f 1637 1990 1638
f 1981 1982 2380
f 2380 1982 2383
f 1982 1983 2383
f 2383 1983 1984
f 2383 1984 2386
f 2386 1984 1985
f 2386 1985 2388
f 2388 1985 1986
f 2388 1986 2390
f 2390 1986 1987
f 2390 1987 2392
f 2392 1987 1988
f 2392 1988 2394
f 2394 1988 1989
f 2394 1989 2396
f 2396 1989 1990
f 2379 2381 2378
f 2378 2381 2398
f 2378 2398 2377
f 2377 2398 2399
f 2377 2399 2376
f 2376 2399 2400
f 2376 2400 2375
f 2375 2400 2401
f 2375 2401 2374
f 2374 2401 2372
f 2374 2372 2373
f 1922 1547 2402
f 2402 1547 1546
f 2402 1546 2403
f 2402 2403 2404
f 2404 2403 2405
f 2404 2405 2406
f 2406 2405 2407
f 2406 2407 2408
f 2408 2407 2409
f 2408 2409 2410
f 2410 2409 2411
f 2410 2411 2412
f 2412 2411 2413
f 2412 2413 2414
f 2414 2413 2415
f 2414 2415 1917
f 1917 2415 1916
f 1916 2415 2416
f 1916 2416 1915
f 1915 2416 1914
f 1914 2416 2417
f 1914 2417 1913
f 1913 2417 2418
f 1913 2418 1912
f 1912 2418 2419
f 1912 2419 1911
f 1911 2419 2420
f 1911 2420 1910
f 1910 2420 2421
f 1910 2421 1909
f 1909 2421 2422
f 1909 2422 1908
f 1908 2422 1588
f 1588 2422 2423
f 1588 2423 1589
f 2413 2424 2415
f 2415 2424 2416
f 2424 2425 2416
f 2416 2425 2426
f 2416 2426 2417
f 2417 2426 2427
f 2417 2427 2418
f 2418 2427 2428
f 2418 2428 2419
f 2419 2428 2429
f 2419 2429 2420
f 2420 2429 2430
f 2420 2430 2421
f 2421 2430 2431
f 2421 2431 2422
f 2422 2431 2423
f 2414 1917 2412
f 2412 1917 1918
f 2412 1918 2410
f 2410 1918 1919
f 2410 1919 2408
f 2408 1919 1920
f 2408 1920 2406
f 2406 1920 1921
f 2406 1921 2404
f 2404 1921 1922
f 2404 1922 2402
f 1590 1589 1637
f 1637 1589 2423
f 1637 2423 2397
f 2397 2423 2431
f 2397 2431 2395
f 2395 2431 2430
f 2395 2430 2393
f 2393 2430 2429
f 2393 2429 2391
f 2391 2429 2428
f 2391 2428 2389
f 2389 2428 2427
f 2389 2427 2387
f 2387 2427 2426
f 2387 2426 2385
f 2385 2426 2425
f 2385 2425 2384
f 2384 2425 2382
f 2382 2425 2424
f 2382 2424 2381
f 2381 2424 2413
f 2381 2413 2398
f 2398 2413 2411
f 2398 2411 2399
f 2399 2411 2409
f 2399 2409 2400
f 2400 2409 2407
f 2400 2407 2401
f 2401 2407 2405
f 2401 2405 2372
f 2372 2405 2403
f 2372 2403 1596
f 1596 2403 1546
f 1596 1546 1548
f 1596 1548 1619
f 1619 1548 1550
f 1619 1550 1620
f 1620 1550 1552
f 1620 1552 1621
f 1621 1552 1554
f 1621 1554 1622
f 1622 1554 1556
f 1622 1556 1623
f 1623 1556 1558
f 1623 1558 1624
f 1624 1558 1560
f 1624 1560 1625
f 1625 1560 1562
f 1625 1562 1626
f 1626 1562 1627
f 1627 1562 1563
f 1627 1563 1617
f 1617 1563 1565
f 1617 1565 1618
f 1618 1565 1594
f 1618 1594 1629
f 1629 1594 1593
f 1629 1593 1631
f 1631 1593 1592
f 1631 1592 1633
f 1633 1592 1591
f 1633 1591 1635
f 1635 1591 1590
f 1635 1590 1637
f 2205 1498 2432
f 2432 1498 1497
f 2432 1497 2326
f 2432 2326 2433
f 2433 2326 2325
f 2433 2325 2434
f 2434 2325 2329
f 2434 2329 2435
f 2435 2329 2328
f 2435 2328 2436
f 2436 2328 2327
f 2436 2327 2437
f 2437 2327 2330
f 2437 2330 2438
f 2438 2330 2439
f 2438 2439 2197
f 2197 2439 2195
f 2195 2439 2440
f 2195 2440 2085
f 2085 2440 2086
f 2086 2440 2441
f 2086 2441 2087
f 2087 2441 2442
f 2087 2442 2201
f 2201 2442 2443
f 2201 2443 2202
f 2202 2443 2444
f 2202 2444 2203
f 2203 2444 2445
f 2203 2445 2204
f 2204 2445 2446
f 2204 2446 2084
f 2084 2446 1539
f 1539 2446 2282
f 1539 2282 1540
f 2330 2275 2439
f 2439 2275 2440
f 2275 2274 2440
f 2440 2274 2276
f 2440 2276 2441
f 2441 2276 2277
f 2441 2277 2442
f 2442 2277 2278
f 2442 2278 2443
f 2443 2278 2279
f 2443 2279 2444
f 2444 2279 2280
f 2444 2280 2445
f 2445 2280 2281
f 2445 2281 2446
f 2446 2281 2282
f 2438 2197 2437
f 2437 2197 2196
f 2437 2196 2436
f 2436 2196 2200
f 2436 2200 2435
f 2435 2200 2199
f 2435 2199 2434
f 2434 2199 2198
f 2434 2198 2433
f 2433 2198 2205
f 2433 2205 2432
f 2117 1449 2447
f 2447 1449 1448
f 2447 1448 2253
f 2447 2253 2448
f 2448 2253 2365
f 2448 2365 2449
f 2449 2365 2364
f 2449 2364 2450
f 2450 2364 2256
f 2450 2256 2451
f 2451 2256 2255
f 2451 2255 2452
f 2452 2255 2254
f 2452 2254 2453
f 2453 2254 2454
f 2453 2454 2112
f 2112 2454 2111
f 2111 2454 2455
f 2111 2455 2110
f 2110 2455 2109
f 2109 2455 2456
f 2109 2456 2108
f 2108 2456 2457
f 2108 2457 2107
f 2107 2457 2458
f 2107 2458 2106
f 2106 2458 2459
f 2106 2459 2105
f 2105 2459 2460
f 2105 2460 2104
f 2104 2460 2461
f 2104 2461 2103
f 2103 2461 1490
f 1490 2461 2260
f 1490 2260 1491
f 2254 2363 2454
f 2454 2363 2455
f 2363 2259 2455
f 2455 2259 2258
f 2455 2258 2456
f 2456 2258 2257
f 2456 2257 2457
f 2457 2257 2362
f 2457 2362 2458
f 2458 2362 2361
f 2458 2361 2459
f 2459 2361 2262
f 2459 2262 2460
f 2460 2262 2261
f 2460 2261 2461
f 2461 2261 2260
f 2453 2112 2452
f 2452 2112 2113
f 2452 2113 2451
f 2451 2113 2114
f 2451 2114 2450
f 2450 2114 2115
f 2450 2115 2449
f 2449 2115 2116
f 2449 2116 2448
f 2448 2116 2117
f 2448 2117 2447
f 2194 1396 2462
f 2462 1396 1395
f 2462 1395 2331
f 2462 2331 2463
f 2463 2331 2369
f 2463 2369 2464
f 2464 2369 2333
f 2464 2333 2465
f 2465 2333 2332
f 2465 2332 2466
f 2466 2332 2368
f 2466 2368 2467
f 2467 2368 2367
f 2467 2367 2468
f 2468 2367 2469
f 2468 2469 2211
f 2211 2469 2212
f 2212 2469 2098
f 2098 2469 2470
f 2098 2470 2097
f 2097 2470 2471
f 2097 2471 2096
f 2096 2471 2095
f 2095 2471 2472
f 2095 2472 2094
f 2094 2472 2473
f 2094 2473 2093
f 2093 2473 2092
f 2092 2473 2474
f 2092 2474 2091
f 2091 2474 2475
f 2091 2475 2090
f 2090 2475 2089
f 2089 2475 2476
f 2089 2476 2088
f 2088 2476 1432
f 1432 2476 2273
f 1432 2273 1431
f 2367 2366 2469
f 2469 2366 2470
f 2366 2266 2470
f 2470 2266 2267
f 2470 2267 2471
f 2471 2267 2268
f 2471 2268 2472
f 2472 2268 2269
f 2472 2269 2473
f 2473 2269 2270
f 2473 2270 2474
f 2474 2270 2271
f 2474 2271 2475
f 2475 2271 2272
f 2475 2272 2476
f 2476 2272 2273
f 2211 2210 2468
f 2468 2210 2467
f 2210 2209 2467
f 2467 2209 2466
f 2209 2191 2466
f 2466 2191 2465
f 2191 2192 2465
f 2465 2192 2464
f 2192 2193 2464
f 2464 2193 2463
f 2193 2194 2463
f 2463 2194 2462
f 2120 1347 2477
f 2477 1347 1346
f 2477 1346 2250
f 2477 2250 2478
f 2478 2250 2251
f 2478 2251 2479
f 2479 2251 2252
f 2479 2252 2480
f 2480 2252 2352
f 2480 2352 2481
f 2481 2352 2353
f 2481 2353 2482
f 2482 2353 2354
f 2482 2354 2483
f 2483 2354 2484
f 2483 2484 2207
f 2207 2484 2206
f 2206 2484 2485
f 2206 2485 2100
f 2100 2485 2101
f 2101 2485 2486
f 2101 2486 2102
f 2102 2486 2487
f 2102 2487 2213
f 2213 2487 2488
f 2213 2488 2214
f 2214 2488 2489
f 2214 2489 2215
f 2215 2489 2490
f 2215 2490 2216
f 2216 2490 2491
f 2216 2491 2099
f 2099 2491 1388
f 1388 2491 2264
f 1388 2264 1389
f 2354 2355 2484
f 2484 2355 2485
f 2355 2356 2485
f 2485 2356 2357
f 2485 2357 2486
f 2486 2357 2358
f 2486 2358 2487
f 2487 2358 2359
f 2487 2359 2488
f 2488 2359 2360
f 2488 2360 2489
f 2489 2360 2263
f 2489 2263 2490
f 2490 2263 2265
f 2490 2265 2491
f 2491 2265 2264
f 2483 2207 2482
f 2482 2207 2208
f 2482 2208 2481
f 2481 2208 2119
f 2481 2119 2480
f 2480 2119 2118
f 2480 2118 2479
f 2479 2118 2121
f 2479 2121 2478
f 2478 2121 2120
f 2478 2120 2477
f 2133 1298 2492
f 2492 1298 1297
f 2492 1297 2228
f 2492 2228 2493
f 2493 2228 2230
f 2493 2230 2494
f 2494 2230 2229
f 2494 2229 2495
f 2495 2229 2232
f 2495 2232 2496
f 2496 2232 2231
f 2496 2231 2497
f 2497 2231 2234
f 2497 2234 2498
f 2498 2234 2499
f 2498 2499 2219
f 2219 2499 2220
f 2220 2499 2500
f 2220 2500 2130
f 2130 2500 2131
f 2131 2500 2501
f 2131 2501 2221
f 2221 2501 2502
f 2221 2502 2181
f 2181 2502 2503
f 2181 2503 2182
f 2182 2503 2504
f 2182 2504 2183
f 2183 2504 2505
f 2183 2505 2179
f 2179 2505 2506
f 2179 2506 2180
f 2180 2506 1339
f 1339 2506 2370
f 1339 2370 1340
f 2234 2233 2499
f 2499 2233 2500
f 2233 2371 2500
f 2500 2371 2340
f 2500 2340 2501
f 2501 2340 2339
f 2501 2339 2502
f 2502 2339 2338
f 2502 2338 2503
f 2503 2338 2343
f 2503 2343 2504
f 2504 2343 2342
f 2504 2342 2505
f 2505 2342 2341
f 2505 2341 2506
f 2506 2341 2370
f 2498 2219 2497
f 2497 2219 2218
f 2497 2218 2496
f 2496 2218 2217
f 2496 2217 2495
f 2495 2217 2135
f 2495 2135 2494
f 2494 2135 2134
f 2494 2134 2493
f 2493 2134 2133
f 2493 2133 2492
f 2129 1245 2507
f 2507 1245 1244
f 2507 1244 2235
f 2235 2236 2507
f 2507 2236 2508
f 2507 2508 2129
f 2129 2508 2128
f 2128 2508 2509
f 2128 2509 2127
f 2127 2509 2510
f 2127 2510 2126
f 2126 2510 2511
f 2126 2511 2125
f 2125 2511 2512
f 2125 2512 2124
f 2124 2512 2513
f 2124 2513 2514
f 2514 2513 2243
f 2514 2243 2244
f 2236 2237 2508
f 2508 2237 2509
f 2237 2238 2509
f 2509 2238 2510
f 2238 2239 2510
f 2510 2239 2511
f 2239 2240 2511
f 2511 2240 2512
f 2240 2241 2512
f 2512 2241 2242
f 2512 2242 2513
f 2513 2242 2243
f 2514 2244 2515
f 2515 2244 2245
f 2515 2245 2516
f 2516 2245 2246
f 2516 2246 2247
f 2516 2247 2517
f 2517 2247 2248
f 2517 2248 2518
f 2518 2248 2249
f 2518 2249 2335
f 2518 2335 2519
f 2519 2335 2334
f 2519 2334 2520
f 2520 2334 2337
f 2520 2337 2521
f 2521 2337 2336
f 2521 2336 1292
f 1292 2336 1290
f 1292 2132 2521
f 2521 2132 2185
f 2521 2185 2520
f 2520 2185 2186
f 2520 2186 2519
f 2519 2186 2187
f 2519 2187 2518
f 2518 2187 2188
f 2518 2188 2517
f 2517 2188 2189
f 2517 2189 2516
f 2516 2189 2190
f 2516 2190 2515
f 2515 2190 2122
f 2515 2122 2123
f 2515 2123 2514
f 2514 2123 2124
f 2140 1192 2522
f 2522 1192 1191
f 2522 1191 2306
f 2522 2306 2523
f 2523 2306 2307
f 2523 2307 2524
f 2524 2307 2308
f 2524 2308 2525
f 2525 2308 2309
f 2525 2309 2526
f 2526 2309 2310
f 2526 2310 2527
f 2527 2310 2311
f 2527 2311 2528
f 2528 2311 2312
f 2528 2312 2529
f 2529 2312 2313
f 2529 2313 2314
f 2529 2314 2530
f 2530 2314 2315
f 2530 2315 2531
f 2531 2315 2316
f 2531 2316 2317
f 2531 2317 2532
f 2532 2317 2318
f 2532 2318 2533
f 2533 2318 2319
f 2533 2319 2320
f 2533 2320 2534
f 2534 2320 2321
f 2534 2321 2535
f 2535 2321 2322
f 2535 2322 2323
f 2535 2323 2536
f 2536 2323 2324
f 2536 2324 1237
f 1237 2324 1238
f 1237 2173 2536
f 2536 2173 2172
f 2536 2172 2535
f 2535 2172 2224
f 2535 2224 2534
f 2534 2224 2176
f 2534 2176 2533
f 2533 2176 2175
f 2533 2175 2532
f 2532 2175 2174
f 2532 2174 2531
f 2531 2174 2178
f 2531 2178 2530
f 2530 2178 2177
f 2530 2177 2223
f 2530 2223 2529
f 2529 2223 2222
f 2529 2222 2528
f 2528 2222 2527
f 2222 2138 2527
f 2527 2138 2526
f 2138 2137 2526
f 2526 2137 2525
f 2137 2136 2525
f 2525 2136 2524
f 2136 2139 2524
f 2524 2139 2523
f 2139 2140 2523
f 2523 2140 2522
f 2171 1143 2537
f 2537 1143 1142
f 2537 1142 2292
f 2537 2292 2538
f 2538 2292 2293
f 2538 2293 2539
f 2539 2293 2294
f 2539 2294 2540
f 2540 2294 2295
f 2540 2295 2541
f 2541 2295 2296
f 2541 2296 2542
f 2542 2296 2297
f 2542 2297 2543
f 2543 2297 2544
f 2543 2544 2166
f 2166 2544 2165
f 2165 2544 2545
f 2165 2545 2164
f 2164 2545 2147
f 2147 2545 2546
f 2147 2546 2146
f 2146 2546 2547
f 2146 2547 2145
f 2145 2547 2548
f 2145 2548 2144
f 2144 2548 2549
f 2144 2549 2143
f 2143 2549 2550
f 2143 2550 2142
f 2142 2550 2551
f 2142 2551 2141
f 2141 2551 1184
f 1184 2551 2290
f 1184 2290 1185
f 2297 2298 2544
f 2544 2298 2545
f 2298 2299 2545
f 2545 2299 2301
f 2545 2301 2546
f 2546 2301 2302
f 2546 2302 2547
f 2547 2302 2303
f 2547 2303 2548
f 2548 2303 2304
f 2548 2304 2549
f 2549 2304 2305
f 2549 2305 2550
f 2550 2305 2291
f 2550 2291 2551
f 2551 2291 2290
f 2543 2166 2542
f 2542 2166 2167
f 2542 2167 2541
f 2541 2167 2168
f 2541 2168 2540
f 2540 2168 2169
f 2540 2169 2539
f 2539 2169 2170
f 2539 2170 2538
f 2538 2170 2171
f 2538 2171 2537
f 1090 1089 2163
f 2163 1089 2552
f 2163 2552 2225
f 2225 2552 2553
f 2225 2553 2160
f 2160 2553 2554
f 2160 2554 2161
f 2161 2554 2555
f 2161 2555 2162
f 2162 2555 2556
f 2162 2556 2226
f 2226 2556 2557
f 2226 2557 2227
f 2227 2557 2157
f 2157 2557 2558
f 2157 2558 2158
f 2158 2558 2559
f 2158 2559 2159
f 2159 2559 2560
f 2159 2560 2156
f 2156 2560 2561
f 2156 2561 2155
f 2155 2561 2154
f 2154 2561 2562
f 2154 2562 2153
f 2153 2562 2563
f 2153 2563 2152
f 2152 2563 2151
f 2151 2563 2564
f 2151 2564 2150
f 2150 2564 2565
f 2150 2565 2149
f 2149 2565 2566
f 2149 2566 2148
f 2148 2566 1126
f 1126 2566 2289
f 1126 2289 1125
f 1089 2344 2552
f 2552 2344 2553
f 2344 2345 2553
f 2553 2345 2554
f 2345 2346 2554
f 2554 2346 2555
f 2346 2347 2555
f 2555 2347 2556
f 2347 2348 2556
f 2556 2348 2557
f 2348 2349 2557
f 2557 2349 2558
f 2558 2349 2559
f 2559 2349 2350
f 2559 2350 2560
f 2560 2350 2351
f 2560 2351 2286
f 2560 2286 2561
f 2561 2286 2285
f 2561 2285 2562
f 2562 2285 2284
f 2562 2284 2563
f 2563 2284 2283
f 2563 2283 2564
f 2564 2283 2287
f 2564 2287 2565
f 2565 2287 2288
f 2565 2288 2566
f 2566 2288 2289

