# https://github.com/mikedh/trimesh

o Visualization Toolkit generated SLA File
v -0.00023453 -0.01077692 -0.00119372
v -0.00023453 -0.01977693 -0.00119372
v -0.00000708 -0.01077692 -0.00117285
v 0.00002614 -0.01527692 -0.00116624
v 0.00022559 -0.01077692 -0.00110595
v 0.00029112 -0.01527692 -0.00107781
v 0.00044948 -0.01077692 -0.00098996
v 0.00053894 -0.01527692 -0.00092567
v 0.00064935 -0.01077692 -0.00082759
v 0.00074743 -0.01527692 -0.00071721
v 0.00081171 -0.01077692 -0.00062774
v 0.00089957 -0.01527692 -0.00046937
v 0.00092770 -0.01077692 -0.00040383
v 0.00098799 -0.01527692 -0.00020440
v 0.00099460 -0.01077692 -0.00017117
v 0.00101547 -0.01527692 0.00005628
v 0.00101547 -0.01077692 0.00005628
v 0.00099460 -0.01077692 0.00028374
v 0.00098799 -0.01527692 0.00031696
v 0.00092771 -0.01077692 0.00051640
v 0.00092771 -0.01527692 0.00051640
v 0.00083126 -0.01527692 0.00070943
v 0.00092771 -0.01977693 0.00051640
v 0.00081171 -0.01977693 0.00074031
v -0.00000708 -0.01977693 -0.00117285
v 0.00022559 -0.01977693 -0.00110595
v 0.00044948 -0.01977693 -0.00098996
v 0.00064935 -0.01977693 -0.00082759
v 0.00081171 -0.01977693 -0.00062774
v 0.00092771 -0.01977693 -0.00040383
v 0.00099460 -0.01977693 -0.00017117
v 0.00101547 -0.01977693 0.00005628
v 0.00099460 -0.01977693 0.00028374
v 0.00070006 -0.01527692 0.00088637
v 0.00064935 -0.01977693 0.00094016
v 0.00053894 -0.01527692 0.00103824
v 0.00044948 -0.01977693 0.00110252
v 0.00035558 -0.01527692 0.00115822
v 0.00022559 -0.01977693 0.00121851
v 0.00015935 -0.01527692 0.00124260
v -0.00000708 -0.01977693 0.00128542
v -0.00004018 -0.01527692 0.00129108
v -0.00023453 -0.01977693 0.00130628
v -0.00023453 -0.01077692 0.00130628
v -0.00000708 -0.01077692 0.00128542
v 0.00022559 -0.01077692 0.00121851
v 0.00044948 -0.01077692 0.00110252
v 0.00064935 -0.01077692 0.00094016
v 0.00081171 -0.01077692 0.00074031
v -0.00273452 -0.01977693 0.00005628
v -0.00323453 -0.01927692 0.00005628
v -0.00269278 -0.01977693 -0.00039862
v -0.00292406 -0.01952693 -0.00051720
v -0.00255899 -0.01977693 -0.00086395
v -0.00272954 -0.01952693 -0.00110014
v -0.00232701 -0.01977693 -0.00131173
v -0.00239482 -0.01952693 -0.00164537
v -0.00200229 -0.01977693 -0.00171147
v -0.00193616 -0.01952693 -0.00210403
v -0.00160255 -0.01977693 -0.00203620
v -0.00139095 -0.01952693 -0.00243874
v -0.00115476 -0.01977693 -0.00226818
v -0.00080799 -0.01952693 -0.00263326
v -0.00068943 -0.01977693 -0.00240196
v -0.00023453 -0.01952691 -0.00269373
v -0.00023453 -0.01977693 -0.00244371
v 0.00022038 -0.01977693 -0.00240196
v 0.00033895 -0.01952691 -0.00263326
v 0.00068571 -0.01977693 -0.00226818
v 0.00120240 -0.01952691 -0.00228844
v 0.00113349 -0.01977693 -0.00203620
v 0.00153323 -0.01977693 -0.00171147
v 0.00192578 -0.01952691 -0.00164537
v 0.00185795 -0.01977693 -0.00131173
v 0.00237538 -0.01952691 -0.00081025
v 0.00208994 -0.01977693 -0.00086395
v 0.00222373 -0.01977693 -0.00039862
v 0.00226547 -0.01977693 0.00005628
v 0.00270870 -0.01927692 -0.00052042
v 0.00276547 -0.01927692 0.00005628
v -0.00317775 -0.01927692 -0.00052042
v -0.00300617 -0.01927692 -0.00109176
v -0.00272349 -0.01927692 -0.00161712
v -0.00235585 -0.01927692 -0.00206505
v -0.00190792 -0.01927692 -0.00243269
v -0.00138258 -0.01927692 -0.00271536
v -0.00081122 -0.01927692 -0.00288693
v -0.00023453 -0.01927692 -0.00294371
v 0.00019681 -0.01927692 -0.00291182
v 0.00063120 -0.01927692 -0.00281562
v 0.00105052 -0.01927692 -0.00265439
v 0.00143886 -0.01927692 -0.00243269
v 0.00178366 -0.01927692 -0.00216318
v 0.00207925 -0.01927692 -0.00185255
v 0.00233430 -0.01927692 -0.00149189
v 0.00253711 -0.01927692 -0.00109176
v -0.01373454 -0.00827692 -0.02899371
v -0.01373454 -0.01512693 -0.02899371
v -0.01354348 -0.00827692 -0.02897619
v -0.01351557 -0.01170193 -0.02897064
v -0.01334804 -0.00827692 -0.02891998
v -0.01329299 -0.01170193 -0.02889637
v -0.01315997 -0.00827692 -0.02882255
v -0.01308482 -0.01170193 -0.02876855
v -0.01299207 -0.00827692 -0.02868618
v -0.01290969 -0.01170193 -0.02859343
v -0.01285569 -0.00827692 -0.02851827
v -0.01278189 -0.01170193 -0.02838526
v -0.01275826 -0.00827692 -0.02833022
v -0.01270762 -0.01170193 -0.02816267
v -0.01270207 -0.00827692 -0.02813478
v -0.01268454 -0.01170193 -0.02794371
v -0.01268454 -0.00827692 -0.02794371
v -0.01270207 -0.00827692 -0.02775265
v -0.01270762 -0.01170193 -0.02772476
v -0.01275826 -0.00827692 -0.02755721
v -0.01275826 -0.01170193 -0.02755721
v -0.01283928 -0.01170193 -0.02739508
v -0.01275826 -0.01512693 -0.02755721
v -0.01285569 -0.01512693 -0.02736915
v -0.01354347 -0.01512693 -0.02897619
v -0.01334804 -0.01512693 -0.02891998
v -0.01315997 -0.01512693 -0.02882255
v -0.01299207 -0.01512693 -0.02868618
v -0.01285569 -0.01512693 -0.02851827
v -0.01275826 -0.01512693 -0.02833022
v -0.01270207 -0.01512693 -0.02813478
v -0.01268454 -0.01512693 -0.02794371
v -0.01270207 -0.01512693 -0.02775265
v -0.01294948 -0.01170193 -0.02724646
v -0.01299207 -0.01512693 -0.02720125
v -0.01308482 -0.01170193 -0.02711887
v -0.01315997 -0.01512693 -0.02706487
v -0.01323884 -0.01170193 -0.02701808
v -0.01334804 -0.01512693 -0.02696745
v -0.01340368 -0.01170193 -0.02694721
v -0.01354347 -0.01512693 -0.02691124
v -0.01357128 -0.01170193 -0.02690647
v -0.01373454 -0.01512693 -0.02689372
v -0.01373454 -0.00827692 -0.02689372
v -0.01354348 -0.00827692 -0.02691124
v -0.01334804 -0.00827692 -0.02696745
v -0.01315997 -0.00827692 -0.02706487
v -0.01299207 -0.00827692 -0.02720125
v -0.01285569 -0.00827692 -0.02736915
v -0.01373453 -0.00827692 -0.00199370
v -0.01373453 -0.01627693 -0.00199370
v -0.01354347 -0.00827692 -0.00197618
v -0.01351557 -0.01227693 -0.00197063
v -0.01334803 -0.00827692 -0.00192000
v -0.01329299 -0.01227693 -0.00189636
v -0.01315996 -0.00827692 -0.00182254
v -0.01308481 -0.01227693 -0.00176854
v -0.01299207 -0.00827692 -0.00168617
v -0.01290969 -0.01227693 -0.00159342
v -0.01285569 -0.00827692 -0.00151829
v -0.01278188 -0.01227693 -0.00138525
v -0.01275825 -0.00827692 -0.00133021
v -0.01270762 -0.01227693 -0.00116266
v -0.01270206 -0.00827692 -0.00113477
v -0.01268453 -0.01227693 -0.00094370
v -0.01268453 -0.00827692 -0.00094370
v -0.01270206 -0.00827692 -0.00075264
v -0.01270762 -0.01227693 -0.00072475
v -0.01275825 -0.00827692 -0.00055720
v -0.01275825 -0.01227693 -0.00055720
v -0.01283927 -0.01227693 -0.00039507
v -0.01275825 -0.01627693 -0.00055720
v -0.01285568 -0.01627693 -0.00036914
v -0.01354347 -0.01627693 -0.00197618
v -0.01334803 -0.01627693 -0.00192000
v -0.01315996 -0.01627693 -0.00182254
v -0.01299207 -0.01627693 -0.00168617
v -0.01285568 -0.01627693 -0.00151829
v -0.01275825 -0.01627693 -0.00133021
v -0.01270206 -0.01627693 -0.00113477
v -0.01268453 -0.01627693 -0.00094370
v -0.01270206 -0.01627693 -0.00075264
v -0.01294947 -0.01227693 -0.00024645
v -0.01299207 -0.01627693 -0.00020124
v -0.01308481 -0.01227693 -0.00011886
v -0.01315996 -0.01627693 -0.00006486
v -0.01323884 -0.01227693 -0.00001807
v -0.01334803 -0.01627693 0.00003256
v -0.01340367 -0.01227693 0.00005280
v -0.01354347 -0.01627693 0.00008877
v -0.01357128 -0.01227693 0.00009351
v -0.01373453 -0.01627693 0.00010629
v -0.01373453 -0.00827692 0.00010629
v -0.01354347 -0.00827692 0.00008877
v -0.01334803 -0.00827692 0.00003256
v -0.01315996 -0.00827692 -0.00006486
v -0.01299207 -0.00827692 -0.00020124
v -0.01285569 -0.00827692 -0.00036914
v 0.01326547 -0.00827692 -0.00199373
v 0.01326547 -0.01627693 -0.00199373
v 0.01345653 -0.00827692 -0.00197618
v 0.01348443 -0.01227692 -0.00197063
v 0.01365197 -0.00827692 -0.00192000
v 0.01370702 -0.01227692 -0.00189636
v 0.01384004 -0.00827692 -0.00182257
v 0.01391519 -0.01227692 -0.00176857
v 0.01400793 -0.00827692 -0.00168617
v 0.01409031 -0.01227692 -0.00159342
v 0.01414432 -0.00827692 -0.00151829
v 0.01421812 -0.01227692 -0.00138525
v 0.01424175 -0.00827692 -0.00133021
v 0.01429239 -0.01227692 -0.00116269
v 0.01429794 -0.00827692 -0.00113477
v 0.01431547 -0.01227692 -0.00094370
v 0.01431547 -0.00827692 -0.00094370
v 0.01429794 -0.00827692 -0.00075264
v 0.01429239 -0.01227692 -0.00072475
v 0.01424175 -0.00827692 -0.00055723
v 0.01424175 -0.01227692 -0.00055723
v 0.01416073 -0.01227692 -0.00039507
v 0.01424175 -0.01627693 -0.00055723
v 0.01414432 -0.01627693 -0.00036914
v 0.01345653 -0.01627693 -0.00197618
v 0.01365197 -0.01627693 -0.00192000
v 0.01384004 -0.01627693 -0.00182257
v 0.01400793 -0.01627693 -0.00168617
v 0.01414432 -0.01627693 -0.00151829
v 0.01424175 -0.01627693 -0.00133021
v 0.01429794 -0.01627693 -0.00113477
v 0.01431547 -0.01627693 -0.00094370
v 0.01429794 -0.01627693 -0.00075264
v 0.01405053 -0.01227692 -0.00024645
v 0.01400793 -0.01627693 -0.00020127
v 0.01391519 -0.01227692 -0.00011886
v 0.01384004 -0.01627693 -0.00006486
v 0.01376117 -0.01227692 -0.00001810
v 0.01365197 -0.01627693 0.00003256
v 0.01359633 -0.01227692 0.00005280
v 0.01345653 -0.01627693 0.00008877
v 0.01342873 -0.01227692 0.00009351
v 0.01326547 -0.01627693 0.00010629
v 0.01326547 -0.00827692 0.00010629
v 0.01345653 -0.00827692 0.00008877
v 0.01365197 -0.00827692 0.00003256
v 0.01384004 -0.00827692 -0.00006486
v 0.01400793 -0.00827692 -0.00020124
v 0.01414432 -0.00827692 -0.00036914
v 0.01326546 -0.00827691 -0.02899371
v 0.01326546 -0.01627691 -0.02899371
v 0.01345653 -0.00827691 -0.02897619
v 0.01348443 -0.01227692 -0.02897064
v 0.01365196 -0.00827691 -0.02892001
v 0.01370701 -0.01227692 -0.02889637
v 0.01384003 -0.00827691 -0.02882255
v 0.01391518 -0.01227692 -0.02876855
v 0.01400793 -0.00827691 -0.02868618
v 0.01409031 -0.01227692 -0.02859343
v 0.01414431 -0.00827691 -0.02851830
v 0.01421811 -0.01227692 -0.02838526
v 0.01424174 -0.00827691 -0.02833022
v 0.01429238 -0.01227692 -0.02816267
v 0.01429794 -0.00827691 -0.02813478
v 0.01431547 -0.01227692 -0.02794371
v 0.01431547 -0.00827691 -0.02794371
v 0.01429794 -0.00827691 -0.02775265
v 0.01429238 -0.01227692 -0.02772476
v 0.01424174 -0.00827691 -0.02755721
v 0.01424174 -0.01227692 -0.02755721
v 0.01416073 -0.01227692 -0.02739508
v 0.01424174 -0.01627691 -0.02755724
v 0.01414431 -0.01627691 -0.02736915
v 0.01345653 -0.01627691 -0.02897619
v 0.01365197 -0.01627691 -0.02892001
v 0.01384004 -0.01627691 -0.02882255
v 0.01400793 -0.01627691 -0.02868618
v 0.01414431 -0.01627691 -0.02851830
v 0.01424174 -0.01627691 -0.02833022
v 0.01429794 -0.01627691 -0.02813478
v 0.01431547 -0.01627691 -0.02794371
v 0.01429794 -0.01627691 -0.02775265
v 0.01405052 -0.01227692 -0.02724646
v 0.01400793 -0.01627691 -0.02720125
v 0.01391518 -0.01227692 -0.02711887
v 0.01384004 -0.01627691 -0.02706487
v 0.01376116 -0.01227692 -0.02701808
v 0.01365197 -0.01627691 -0.02696745
v 0.01359632 -0.01227692 -0.02694721
v 0.01345653 -0.01627693 -0.02691124
v 0.01342872 -0.01227692 -0.02690647
v 0.01326546 -0.01627693 -0.02689372
v 0.01326546 -0.00827691 -0.02689372
v 0.01345653 -0.00827691 -0.02691124
v 0.01365196 -0.00827691 -0.02696745
v 0.01384003 -0.00827691 -0.02706487
v 0.01400793 -0.00827691 -0.02720125
v 0.01414431 -0.00827691 -0.02736915
v -0.01373454 -0.01627693 -0.02594371
v -0.01373454 -0.01607692 -0.02594371
v -0.01337061 -0.01627693 -0.02597712
v -0.01331746 -0.01617692 -0.02598770
v -0.01299834 -0.01627693 -0.02608414
v -0.01289349 -0.01617692 -0.02612914
v -0.01264012 -0.01627693 -0.02626972
v -0.01249698 -0.01617692 -0.02637259
v -0.01232032 -0.01627693 -0.02652950
v -0.01216341 -0.01617692 -0.02670614
v -0.01206054 -0.01627693 -0.02684928
v -0.01191997 -0.01617692 -0.02710266
v -0.01187496 -0.01627693 -0.02720754
v -0.01177851 -0.01617692 -0.02752663
v -0.01176792 -0.01627693 -0.02757980
v -0.01173453 -0.01617692 -0.02794371
v -0.01173453 -0.01627693 -0.02794371
v -0.01176792 -0.01627693 -0.02830763
v -0.01177851 -0.01617692 -0.02836080
v -0.01187496 -0.01627693 -0.02867989
v -0.01187496 -0.01617692 -0.02867989
v -0.01202928 -0.01617692 -0.02898876
v -0.01187496 -0.01607692 -0.02867989
v -0.01206054 -0.01607692 -0.02903814
v -0.01337061 -0.01607692 -0.02597712
v -0.01299834 -0.01607692 -0.02608414
v -0.01264012 -0.01607692 -0.02626972
v -0.01232032 -0.01607692 -0.02652950
v -0.01206054 -0.01607692 -0.02684928
v -0.01187496 -0.01607692 -0.02720754
v -0.01176792 -0.01607692 -0.02757980
v -0.01173453 -0.01607692 -0.02794371
v -0.01176792 -0.01607692 -0.02830763
v -0.01223919 -0.01617692 -0.02927185
v -0.01232032 -0.01607692 -0.02935792
v -0.01249698 -0.01617692 -0.02951483
v -0.01264012 -0.01607692 -0.02961771
v -0.01279035 -0.01617692 -0.02970682
v -0.01299835 -0.01607692 -0.02980329
v -0.01310433 -0.01617692 -0.02984182
v -0.01337061 -0.01607692 -0.02991034
v -0.01342357 -0.01617692 -0.02991940
v -0.01373454 -0.01607692 -0.02994372
v -0.01373454 -0.01627693 -0.02994372
v -0.01337061 -0.01627693 -0.02991034
v -0.01299835 -0.01627693 -0.02980329
v -0.01264012 -0.01627693 -0.02961771
v -0.01232032 -0.01627693 -0.02935792
v -0.01206054 -0.01627693 -0.02903814
v -0.01224306 -0.01560192 -0.02826173
v -0.01235093 -0.01560192 -0.02858500
v -0.01253655 -0.01560192 -0.02888734
v -0.01279090 -0.01560192 -0.02914171
v -0.01309324 -0.01560192 -0.02932732
v -0.01341652 -0.01560192 -0.02943520
v -0.01373454 -0.01560192 -0.02946873
v -0.01409846 -0.01607692 -0.02991034
v -0.01405255 -0.01560192 -0.02943520
v -0.01447072 -0.01607692 -0.02980329
v -0.01453137 -0.01560192 -0.02924396
v -0.01482896 -0.01607692 -0.02961771
v -0.01514875 -0.01607692 -0.02935792
v -0.01493252 -0.01560192 -0.02888734
v -0.01540853 -0.01607692 -0.02903814
v -0.01518185 -0.01560192 -0.02842425
v -0.01559411 -0.01607692 -0.02867989
v -0.01570115 -0.01607692 -0.02830763
v -0.01573454 -0.01607692 -0.02794371
v -0.01476701 -0.01512693 -0.02813478
v -0.01478454 -0.01512693 -0.02794371
v -0.01392560 -0.01512693 -0.02897619
v -0.01412104 -0.01512693 -0.02891998
v -0.01430911 -0.01512693 -0.02882255
v -0.01447700 -0.01512693 -0.02868618
v -0.01461338 -0.01512693 -0.02851827
v -0.01471081 -0.01512693 -0.02833022
v -0.00023453 -0.01627693 0.00305627
v -0.00023453 -0.01927692 0.00305627
v 0.00031136 -0.01627693 0.00300621
v 0.00039108 -0.01777692 0.00299032
v 0.00086976 -0.01627693 0.00284566
v 0.00102703 -0.01777692 0.00277813
v 0.00140710 -0.01627693 0.00256728
v 0.00162181 -0.01777692 0.00241299
v 0.00188679 -0.01627693 0.00217761
v 0.00212216 -0.01777692 0.00191264
v 0.00227646 -0.01627693 0.00169791
v 0.00248732 -0.01777692 0.00131785
v 0.00255484 -0.01627693 0.00116058
v 0.00269952 -0.01777692 0.00068189
v 0.00271539 -0.01627693 0.00060217
v 0.00276547 -0.01777692 0.00005628
v 0.00276547 -0.01627693 0.00005628
v 0.00271539 -0.01627693 -0.00048961
v 0.00269952 -0.01777692 -0.00056933
v 0.00255484 -0.01627693 -0.00104801
v 0.00255484 -0.01777692 -0.00104801
v 0.00232336 -0.01777692 -0.00151126
v 0.00034217 -0.01927692 0.00299950
v 0.00091352 -0.01927692 0.00282793
v 0.00143886 -0.01927692 0.00254525
v 0.00188679 -0.01927692 0.00217761
v 0.00225443 -0.01927692 0.00172968
v 0.00253711 -0.01927692 0.00120433
v 0.00270870 -0.01927692 0.00063299
v 0.00200850 -0.01777692 -0.00193591
v 0.00227646 -0.01627693 -0.00158535
v 0.00188679 -0.01627693 -0.00206505
v 0.00162181 -0.01777692 -0.00230039
v 0.00140710 -0.01627693 -0.00245471
v 0.00118175 -0.01777692 -0.00258837
v 0.00086975 -0.01627693 -0.00273306
v 0.00071078 -0.01777692 -0.00279088
v 0.00031136 -0.01627693 -0.00289364
v 0.00023191 -0.01777692 -0.00290723
v -0.00023453 -0.01627693 -0.00294371
v 0.01326547 -0.00827692 -0.00009371
v 0.01326546 0.01252308 -0.00009371
v 0.01342014 -0.00827692 -0.00010790
v 0.01344272 0.00212307 -0.00011240
v 0.01357835 -0.00827692 -0.00015341
v 0.01362291 0.00212307 -0.00017251
v 0.01373060 -0.00827692 -0.00023226
v 0.01379143 0.00212307 -0.00027598
v 0.01386651 -0.00827692 -0.00034268
v 0.01393320 0.00212309 -0.00041775
v 0.01397692 -0.00827692 -0.00047858
v 0.01403666 0.00212309 -0.00058628
v 0.01405579 -0.00827692 -0.00063084
v 0.01409678 0.00212309 -0.00076647
v 0.01410128 -0.00827692 -0.00078906
v 0.01411547 0.00212309 -0.00094370
v 0.01411547 -0.00827692 -0.00094370
v 0.01410128 -0.00827692 -0.00109838
v 0.01409678 0.00212309 -0.00112097
v 0.01405579 -0.00827692 -0.00125660
v 0.01405579 0.00212309 -0.00125660
v 0.01399020 0.00212309 -0.00138785
v 0.01405578 0.01252308 -0.00125660
v 0.01397691 0.01252308 -0.00140883
v 0.01342013 0.01252308 -0.00010790
v 0.01357835 0.01252308 -0.00015341
v 0.01373060 0.01252308 -0.00023226
v 0.01386651 0.01252308 -0.00034268
v 0.01397691 0.01252308 -0.00047858
v 0.01405578 0.01252308 -0.00063084
v 0.01410128 0.01252308 -0.00078903
v 0.01411546 0.01252308 -0.00094370
v 0.01410128 0.01252308 -0.00109838
v 0.01390099 0.00212309 -0.00150816
v 0.01386651 0.01252308 -0.00154476
v 0.01379143 0.00212309 -0.00161145
v 0.01373060 0.01252308 -0.00165514
v 0.01366675 0.00212309 -0.00169302
v 0.01357835 0.01252308 -0.00173403
v 0.01353331 0.00212309 -0.00175042
v 0.01342013 0.01252308 -0.00177951
v 0.01339763 0.00212309 -0.00178338
v 0.01326546 0.01252308 -0.00179373
v 0.01326547 -0.00827692 -0.00179373
v 0.01342014 -0.00827692 -0.00177954
v 0.01357835 -0.00827692 -0.00173403
v 0.01373060 -0.00827692 -0.00165517
v 0.01386651 -0.00827692 -0.00154476
v 0.01397692 -0.00827692 -0.00140886
v -0.01373453 -0.00827692 -0.00009371
v -0.01373454 0.01252307 -0.00009371
v -0.01357986 -0.00827692 -0.00010790
v -0.01355728 0.00212307 -0.00011240
v -0.01342165 -0.00827692 -0.00015338
v -0.01337709 0.00212307 -0.00017251
v -0.01326940 -0.00827692 -0.00023226
v -0.01320857 0.00212307 -0.00027598
v -0.01313349 -0.00827692 -0.00034268
v -0.01306680 0.00212307 -0.00041775
v -0.01302308 -0.00827692 -0.00047858
v -0.01296334 0.00212307 -0.00058625
v -0.01294421 -0.00827692 -0.00063084
v -0.01290322 0.00212307 -0.00076644
v -0.01289872 -0.00827692 -0.00078903
v -0.01288453 0.00212307 -0.00094370
v -0.01288453 -0.00827692 -0.00094370
v -0.01289872 -0.00827692 -0.00109838
v -0.01290322 0.00212307 -0.00112097
v -0.01294421 -0.00827692 -0.00125660
v -0.01294421 0.00212307 -0.00125660
v -0.01300980 0.00212307 -0.00138785
v -0.01294421 0.01252307 -0.00125660
v -0.01302309 0.01252307 -0.00140883
v -0.01357987 0.01252307 -0.00010790
v -0.01342166 0.01252307 -0.00015338
v -0.01326941 0.01252307 -0.00023226
v -0.01313349 0.01252307 -0.00034268
v -0.01302309 0.01252307 -0.00047858
v -0.01294421 0.01252307 -0.00063084
v -0.01289873 0.01252307 -0.00078903
v -0.01288454 0.01252307 -0.00094370
v -0.01289873 0.01252307 -0.00109838
v -0.01309901 0.00212307 -0.00150816
v -0.01313349 0.01252307 -0.00154476
v -0.01320857 0.00212307 -0.00161142
v -0.01326941 0.01252307 -0.00165514
v -0.01333326 0.00212307 -0.00169302
v -0.01342166 0.01252307 -0.00173403
v -0.01346670 0.00212307 -0.00175039
v -0.01357987 0.01252307 -0.00177951
v -0.01360238 0.00212307 -0.00178338
v -0.01373454 0.01252307 -0.00179370
v -0.01373453 -0.00827692 -0.00179370
v -0.01357986 -0.00827692 -0.00177951
v -0.01342165 -0.00827692 -0.00173403
v -0.01326940 -0.00827692 -0.00165514
v -0.01313349 -0.00827692 -0.00154476
v -0.01302308 -0.00827692 -0.00140883
v 0.01326546 -0.00827691 -0.02709372
v 0.01326546 0.01252308 -0.02709372
v 0.01342013 -0.00827691 -0.02710791
v 0.01344272 0.00212309 -0.02711241
v 0.01357834 -0.00827691 -0.02715339
v 0.01362291 0.00212309 -0.02717252
v 0.01373059 -0.00827691 -0.02723227
v 0.01379143 0.00212309 -0.02727599
v 0.01386651 -0.00827691 -0.02734269
v 0.01393319 0.00212309 -0.02741776
v 0.01397691 -0.00827691 -0.02747859
v 0.01403665 0.00212309 -0.02758626
v 0.01405578 -0.00827691 -0.02763085
v 0.01409677 0.00212309 -0.02776645
v 0.01410127 -0.00827691 -0.02778904
v 0.01411546 0.00212309 -0.02794371
v 0.01411546 -0.00827691 -0.02794371
v 0.01410127 -0.00827691 -0.02809839
v 0.01409677 0.00212309 -0.02812098
v 0.01405578 -0.00827691 -0.02825661
v 0.01405578 0.00212309 -0.02825661
v 0.01399020 0.00212309 -0.02838786
v 0.01405578 0.01252308 -0.02825658
v 0.01397691 0.01252308 -0.02840884
v 0.01342013 0.01252308 -0.02710791
v 0.01357834 0.01252308 -0.02715339
v 0.01373059 0.01252308 -0.02723227
v 0.01386650 0.01252308 -0.02734266
v 0.01397691 0.01252308 -0.02747859
v 0.01405578 0.01252308 -0.02763082
v 0.01410127 0.01252308 -0.02778904
v 0.01411546 0.01252308 -0.02794371
v 0.01410127 0.01252308 -0.02809839
v 0.01390099 0.00212309 -0.02850817
v 0.01386650 0.01252308 -0.02854477
v 0.01379143 0.00212309 -0.02861143
v 0.01373059 0.01252308 -0.02865515
v 0.01366674 0.00212309 -0.02869303
v 0.01357834 0.01252308 -0.02873404
v 0.01353330 0.00212309 -0.02875040
v 0.01342013 0.01252308 -0.02877952
v 0.01339762 0.00212309 -0.02878336
v 0.01326546 0.01252308 -0.02879371
v 0.01326546 -0.00827691 -0.02879371
v 0.01342013 -0.00827691 -0.02877952
v 0.01357834 -0.00827691 -0.02873404
v 0.01373059 -0.00827691 -0.02865515
v 0.01386651 -0.00827691 -0.02854477
v 0.01397691 -0.00827691 -0.02840884
v -0.01373454 -0.00827692 -0.02709372
v -0.01373454 0.01252308 -0.02709372
v -0.01357987 -0.00827692 -0.02710791
v -0.01355729 0.00212307 -0.02711241
v -0.01342166 -0.00827692 -0.02715339
v -0.01337710 0.00212307 -0.02717252
v -0.01326941 -0.00827692 -0.02723227
v -0.01320858 0.00212307 -0.02727599
v -0.01313350 -0.00827692 -0.02734266
v -0.01306681 0.00212307 -0.02741776
v -0.01302309 -0.00827692 -0.02747859
v -0.01296335 0.00212307 -0.02758626
v -0.01294422 -0.00827692 -0.02763082
v -0.01290323 0.00212307 -0.02776645
v -0.01289873 -0.00827692 -0.02778904
v -0.01288454 0.00212307 -0.02794371
v -0.01288454 -0.00827692 -0.02794371
v -0.01289873 -0.00827692 -0.02809839
v -0.01290323 0.00212307 -0.02812098
v -0.01294422 -0.00827692 -0.02825658
v -0.01294422 0.00212307 -0.02825658
v -0.01300981 0.00212307 -0.02838786
v -0.01294422 0.01252308 -0.02825658
v -0.01302310 0.01252308 -0.02840884
v -0.01357987 0.01252308 -0.02710791
v -0.01342166 0.01252308 -0.02715339
v -0.01326941 0.01252308 -0.02723227
v -0.01313350 0.01252308 -0.02734266
v -0.01302310 0.01252308 -0.02747859
v -0.01294422 0.01252308 -0.02763082
v -0.01289873 0.01252308 -0.02778904
v -0.01288454 0.01252308 -0.02794371
v -0.01289873 0.01252308 -0.02809839
v -0.01309902 0.00212307 -0.02850817
v -0.01313350 0.01252308 -0.02854474
v -0.01320858 0.00212307 -0.02861143
v -0.01326941 0.01252308 -0.02865515
v -0.01333326 0.00212307 -0.02869303
v -0.01342166 0.01252308 -0.02873404
v -0.01346670 0.00212307 -0.02875040
v -0.01357987 0.01252308 -0.02877952
v -0.01360238 0.00212307 -0.02878336
v -0.01373454 0.01252308 -0.02879371
v -0.01373454 -0.00827692 -0.02879371
v -0.01357987 -0.00827692 -0.02877952
v -0.01342166 -0.00827692 -0.02873404
v -0.01326941 -0.00827692 -0.02865515
v -0.01313350 -0.00827692 -0.02854477
v -0.01302309 -0.00827692 -0.02840884
v -0.01373454 0.01517308 -0.02899371
v -0.01373454 0.01252308 -0.02899371
v -0.01354348 0.01517308 -0.02897619
v -0.01351558 0.01384808 -0.02897061
v -0.01334804 0.01517308 -0.02891998
v -0.01329300 0.01384808 -0.02889634
v -0.01315997 0.01517308 -0.02882255
v -0.01308482 0.01384808 -0.02876855
v -0.01299208 0.01517308 -0.02868618
v -0.01290970 0.01384808 -0.02859343
v -0.01285570 0.01517308 -0.02851827
v -0.01278189 0.01384808 -0.02838526
v -0.01275826 0.01517308 -0.02833022
v -0.01270763 0.01384808 -0.02816267
v -0.01270207 0.01517308 -0.02813478
v -0.01268454 0.01384808 -0.02794371
v -0.01268454 0.01517308 -0.02794371
v -0.01270207 0.01517308 -0.02775265
v -0.01270763 0.01384808 -0.02772476
v -0.01275826 0.01517308 -0.02755721
v -0.01275826 0.01384808 -0.02755721
v -0.01283928 0.01384808 -0.02739505
v -0.01275826 0.01252308 -0.02755721
v -0.01285570 0.01252308 -0.02736912
v -0.01354348 0.01252308 -0.02897619
v -0.01334804 0.01252308 -0.02891998
v -0.01315997 0.01252308 -0.02882255
v -0.01299208 0.01252308 -0.02868618
v -0.01285570 0.01252308 -0.02851827
v -0.01275826 0.01252308 -0.02833022
v -0.01270207 0.01252308 -0.02813478
v -0.01268454 0.01252308 -0.02794371
v -0.01270207 0.01252308 -0.02775265
v -0.01294948 0.01384808 -0.02724643
v -0.01299208 0.01252308 -0.02720125
v -0.01308482 0.01384808 -0.02711887
v -0.01315997 0.01252308 -0.02706487
v -0.01323885 0.01384808 -0.02701808
v -0.01334804 0.01252308 -0.02696742
v -0.01340368 0.01384808 -0.02694721
v -0.01354348 0.01252308 -0.02691124
v -0.01357129 0.01384808 -0.02690647
v -0.01373454 0.01252308 -0.02689372
v -0.01373454 0.01517308 -0.02689372
v -0.01354348 0.01517308 -0.02691124
v -0.01334804 0.01517308 -0.02696742
v -0.01315997 0.01517308 -0.02706487
v -0.01299208 0.01517308 -0.02720125
v -0.01285570 0.01517308 -0.02736912
v -0.00023454 0.01632307 -0.00419371
v -0.00023454 0.01582308 -0.00419371
v 0.00053881 0.01632307 -0.00412275
v 0.00065174 0.01607308 -0.00410028
v 0.00132987 0.01632307 -0.00389530
v 0.00155267 0.01607308 -0.00379966
v 0.00209111 0.01632307 -0.00350095
v 0.00239528 0.01607308 -0.00328235
v 0.00277067 0.01632307 -0.00294892
v 0.00310411 0.01607308 -0.00257353
v 0.00332269 0.01632307 -0.00226934
v 0.00362142 0.01607308 -0.00173093
v 0.00371706 0.01632307 -0.00150810
v 0.00392203 0.01607308 -0.00082998
v 0.00394451 0.01632307 -0.00071706
v 0.00401546 0.01607308 0.00005628
v 0.00401546 0.01632307 0.00005628
v 0.00394451 0.01632307 0.00082962
v 0.00392203 0.01607308 0.00094258
v 0.00371706 0.01632307 0.00162070
v 0.00371706 0.01607308 0.00162070
v 0.00338914 0.01607308 0.00227700
v 0.00371706 0.01582308 0.00162070
v 0.00332270 0.01582308 0.00238194
v 0.00053881 0.01582308 -0.00412275
v 0.00132987 0.01582308 -0.00389530
v 0.00209111 0.01582308 -0.00350095
v 0.00277067 0.01582308 -0.00294892
v 0.00332269 0.01582308 -0.00226934
v 0.00371706 0.01582308 -0.00150810
v 0.00394451 0.01582308 -0.00071706
v 0.00401546 0.01582308 0.00005628
v 0.00394451 0.01582308 0.00082962
v 0.00294309 0.01607308 0.00287856
v 0.00277067 0.01582308 0.00306149
v 0.00239528 0.01607308 0.00339495
v 0.00209111 0.01582308 0.00361352
v 0.00177185 0.01607308 0.00380288
v 0.00132987 0.01582308 0.00400789
v 0.00110466 0.01607308 0.00408979
v 0.00053881 0.01582308 0.00423534
v 0.00042626 0.01607308 0.00425460
v -0.00023454 0.01582308 0.00430630
v -0.00023454 0.01632307 0.00430630
v 0.00053881 0.01632307 0.00423534
v 0.00132987 0.01632307 0.00400789
v 0.00209111 0.01632307 0.00361352
v 0.00277067 0.01632307 0.00306149
v 0.00332270 0.01632307 0.00238194
v -0.00023454 0.01582308 -0.00264372
v -0.00023454 0.01632307 -0.00264372
v 0.00025676 0.01582308 -0.00259863
v 0.00032851 0.01607308 -0.00258435
v 0.00075932 0.01582308 -0.00245414
v 0.00090087 0.01607308 -0.00239338
v 0.00124293 0.01582308 -0.00220360
v 0.00143617 0.01607308 -0.00206472
v 0.00167465 0.01582308 -0.00185288
v 0.00188649 0.01607308 -0.00161440
v 0.00202535 0.01582308 -0.00142117
v 0.00221513 0.01607308 -0.00107913
v 0.00227589 0.01582308 -0.00093756
v 0.00240611 0.01607308 -0.00050674
v 0.00242039 0.01582308 -0.00043501
v 0.00246546 0.01607308 0.00005628
v 0.00246546 0.01582308 0.00005628
v 0.00242039 0.01582308 0.00054760
v 0.00240611 0.01607308 0.00061934
v 0.00227589 0.01582308 0.00105016
v 0.00227589 0.01607308 0.00105016
v 0.00206756 0.01607308 0.00146710
v 0.00227589 0.01632307 0.00105016
v 0.00202535 0.01632307 0.00153376
v 0.00025676 0.01632307 -0.00259863
v 0.00075932 0.01632307 -0.00245414
v 0.00124293 0.01632307 -0.00220360
v 0.00167465 0.01632307 -0.00185288
v 0.00202535 0.01632307 -0.00142117
v 0.00227589 0.01632307 -0.00093756
v 0.00242039 0.01632307 -0.00043501
v 0.00246546 0.01632307 0.00005628
v 0.00242039 0.01632307 0.00054760
v 0.00178419 0.01607308 0.00184925
v 0.00167465 0.01632307 0.00196548
v 0.00143617 0.01607308 0.00217732
v 0.00124293 0.01632307 0.00231619
v 0.00104011 0.01607308 0.00243648
v 0.00075932 0.01632307 0.00256671
v 0.00061624 0.01607308 0.00261875
v 0.00025677 0.01632307 0.00271122
v 0.00018526 0.01607308 0.00272344
v -0.00023454 0.01632307 0.00275628
v -0.00023454 0.01582308 0.00275628
v 0.00025677 0.01582308 0.00271122
v 0.00075932 0.01582308 0.00256671
v 0.00124293 0.01582308 0.00231619
v 0.00167465 0.01582308 0.00196548
v 0.00202535 0.01582308 0.00153376
v -0.00023454 0.01632307 -0.00114371
v -0.00023453 0.00632307 -0.00114371
v -0.00001618 0.01632307 -0.00112368
v 0.00001571 0.01132308 -0.00111733
v 0.00020718 0.01632307 -0.00105946
v 0.00027009 0.01132308 -0.00103245
v 0.00042212 0.01632307 -0.00094811
v 0.00050800 0.01132308 -0.00088639
v 0.00061399 0.01632307 -0.00079225
v 0.00070814 0.01132308 -0.00068624
v 0.00076986 0.01632307 -0.00060035
v 0.00085421 0.01132308 -0.00044833
v 0.00088121 0.01632307 -0.00038542
v 0.00093908 0.01132308 -0.00019397
v 0.00094543 0.01632307 -0.00016208
v 0.00096546 0.01132308 0.00005628
v 0.00096546 0.01632307 0.00005628
v 0.00094543 0.01632307 0.00027465
v 0.00093908 0.01132308 0.00030653
v 0.00088121 0.01632307 0.00049801
v 0.00088121 0.01132308 0.00049801
v 0.00078862 0.01132308 0.00068332
v 0.00088121 0.00632307 0.00049801
v 0.00076986 0.00632307 0.00071295
v -0.00001618 0.00632307 -0.00112368
v 0.00020718 0.00632307 -0.00105946
v 0.00042212 0.00632307 -0.00094811
v 0.00061399 0.00632307 -0.00079225
v 0.00076986 0.00632307 -0.00060035
v 0.00088121 0.00632307 -0.00038542
v 0.00094543 0.00632307 -0.00016208
v 0.00096547 0.00632307 0.00005628
v 0.00094543 0.00632307 0.00027465
v 0.00066268 0.01132308 0.00085317
v 0.00061399 0.00632307 0.00090482
v 0.00050800 0.01132308 0.00099896
v 0.00042212 0.00632307 0.00106068
v 0.00033198 0.01132308 0.00111415
v 0.00020718 0.00632307 0.00117202
v 0.00014359 0.01132308 0.00119515
v -0.00001618 0.00632307 0.00123625
v -0.00004796 0.01132308 0.00124170
v -0.00023453 0.00632307 0.00125630
v -0.00023454 0.01632307 0.00125630
v -0.00001618 0.01632307 0.00123625
v 0.00020718 0.01632307 0.00117202
v 0.00042212 0.01632307 0.00106068
v 0.00061399 0.01632307 0.00090482
v 0.00076986 0.01632307 0.00071295
v 0.01326546 0.01632307 -0.00199370
v 0.01326546 0.01252308 -0.00199370
v 0.01345653 0.01632307 -0.00197618
v 0.01348443 0.01442307 -0.00197063
v 0.01365196 0.01632307 -0.00192000
v 0.01370701 0.01442307 -0.00189636
v 0.01384003 0.01632307 -0.00182254
v 0.01391518 0.01442307 -0.00176854
v 0.01400793 0.01632307 -0.00168617
v 0.01409031 0.01442307 -0.00159342
v 0.01414431 0.01632307 -0.00151829
v 0.01421811 0.01442307 -0.00138525
v 0.01424174 0.01632307 -0.00133021
v 0.01429238 0.01442307 -0.00116266
v 0.01429794 0.01632307 -0.00113477
v 0.01431547 0.01442307 -0.00094370
v 0.01431547 0.01632307 -0.00094370
v 0.01429794 0.01632307 -0.00075264
v 0.01429238 0.01442307 -0.00072475
v 0.01424174 0.01632307 -0.00055720
v 0.01424174 0.01442307 -0.00055720
v 0.01416073 0.01442307 -0.00039507
v 0.01424174 0.01252308 -0.00055723
v 0.01414431 0.01252308 -0.00036914
v 0.01345653 0.01252308 -0.00197618
v 0.01365197 0.01252308 -0.00192000
v 0.01384004 0.01252308 -0.00182254
v 0.01400793 0.01252308 -0.00168617
v 0.01414431 0.01252308 -0.00151829
v 0.01424174 0.01252308 -0.00133021
v 0.01429794 0.01252308 -0.00113477
v 0.01431547 0.01252308 -0.00094370
v 0.01429794 0.01252308 -0.00075264
v 0.01405052 0.01442307 -0.00024645
v 0.01400793 0.01252308 -0.00020124
v 0.01391518 0.01442307 -0.00011886
v 0.01384004 0.01252308 -0.00006486
v 0.01376116 0.01442307 -0.00001807
v 0.01365197 0.01252308 0.00003256
v 0.01359633 0.01442307 0.00005280
v 0.01345653 0.01252308 0.00008877
v 0.01342872 0.01442307 0.00009351
v 0.01326546 0.01252308 0.00010629
v 0.01326546 0.01632307 0.00010629
v 0.01345653 0.01632307 0.00008877
v 0.01365196 0.01632307 0.00003256
v 0.01384003 0.01632307 -0.00006486
v 0.01400793 0.01632307 -0.00020124
v 0.01414431 0.01632307 -0.00036914
v -0.01373454 0.01632307 -0.00199370
v -0.01373454 0.01252307 -0.00199370
v -0.01354348 0.01632307 -0.00197618
v -0.01351557 0.01442307 -0.00197063
v -0.01334804 0.01632307 -0.00192000
v -0.01329299 0.01442307 -0.00189636
v -0.01315997 0.01632307 -0.00182254
v -0.01308482 0.01442307 -0.00176854
v -0.01299207 0.01632307 -0.00168617
v -0.01290969 0.01442307 -0.00159342
v -0.01285569 0.01632307 -0.00151826
v -0.01278189 0.01442307 -0.00138525
v -0.01275826 0.01632307 -0.00133021
v -0.01270762 0.01442307 -0.00116266
v -0.01270207 0.01632307 -0.00113477
v -0.01268454 0.01442307 -0.00094370
v -0.01268454 0.01632307 -0.00094370
v -0.01270207 0.01632307 -0.00075264
v -0.01270762 0.01442307 -0.00072475
v -0.01275826 0.01632307 -0.00055720
v -0.01275826 0.01442307 -0.00055720
v -0.01283928 0.01442307 -0.00039507
v -0.01275826 0.01252307 -0.00055720
v -0.01285569 0.01252307 -0.00036914
v -0.01354347 0.01252307 -0.00197618
v -0.01334804 0.01252307 -0.00192000
v -0.01315997 0.01252307 -0.00182254
v -0.01299207 0.01252307 -0.00168617
v -0.01285569 0.01252307 -0.00151826
v -0.01275826 0.01252307 -0.00133021
v -0.01270207 0.01252307 -0.00113477
v -0.01268454 0.01252307 -0.00094370
v -0.01270207 0.01252307 -0.00075264
v -0.01294948 0.01442307 -0.00024645
v -0.01299207 0.01252307 -0.00020124
v -0.01308482 0.01442307 -0.00011886
v -0.01315997 0.01252307 -0.00006486
v -0.01323884 0.01442307 -0.00001807
v -0.01334804 0.01252307 0.00003256
v -0.01340368 0.01442307 0.00005280
v -0.01354347 0.01252307 0.00008877
v -0.01357128 0.01442307 0.00009354
v -0.01373454 0.01252307 0.00010629
v -0.01373454 0.01632307 0.00010629
v -0.01354348 0.01632307 0.00008877
v -0.01334804 0.01632307 0.00003256
v -0.01315997 0.01632307 -0.00006486
v -0.01299207 0.01632307 -0.00020124
v -0.01285569 0.01632307 -0.00036914
v 0.01326546 0.01632309 -0.02899371
v 0.01326546 0.01252308 -0.02899371
v 0.01345652 0.01632309 -0.02897619
v 0.01348442 0.01442309 -0.02897064
v 0.01365196 0.01632309 -0.02891998
v 0.01370701 0.01442309 -0.02889637
v 0.01384003 0.01632309 -0.02882255
v 0.01391518 0.01442309 -0.02876855
v 0.01400792 0.01632309 -0.02868618
v 0.01409030 0.01442309 -0.02859343
v 0.01414431 0.01632309 -0.02851827
v 0.01421811 0.01442309 -0.02838526
v 0.01424174 0.01632309 -0.02833022
v 0.01429238 0.01442309 -0.02816267
v 0.01429793 0.01632309 -0.02813478
v 0.01431546 0.01442309 -0.02794371
v 0.01431546 0.01632309 -0.02794371
v 0.01429793 0.01632309 -0.02775265
v 0.01429238 0.01442309 -0.02772476
v 0.01424174 0.01632309 -0.02755721
v 0.01424174 0.01442309 -0.02755721
v 0.01416072 0.01442309 -0.02739508
v 0.01424174 0.01252308 -0.02755721
v 0.01414431 0.01252308 -0.02736915
v 0.01345652 0.01252308 -0.02897619
v 0.01365196 0.01252308 -0.02891998
v 0.01384003 0.01252308 -0.02882255
v 0.01400792 0.01252308 -0.02868618
v 0.01414431 0.01252308 -0.02851827
v 0.01424174 0.01252308 -0.02833022
v 0.01429793 0.01252308 -0.02813478
v 0.01431546 0.01252308 -0.02794371
v 0.01429793 0.01252308 -0.02775265
v 0.01405052 0.01442309 -0.02724646
v 0.01400792 0.01252308 -0.02720125
v 0.01391518 0.01442309 -0.02711887
v 0.01384003 0.01252308 -0.02706487
v 0.01376116 0.01442309 -0.02701808
v 0.01365196 0.01252308 -0.02696745
v 0.01359632 0.01442309 -0.02694721
v 0.01345652 0.01252308 -0.02691124
v 0.01342871 0.01442309 -0.02690647
v 0.01326546 0.01252308 -0.02689372
v 0.01326546 0.01632309 -0.02689372
v 0.01345652 0.01632309 -0.02691124
v 0.01365196 0.01632309 -0.02696745
v 0.01384003 0.01632309 -0.02706487
v 0.01400792 0.01632309 -0.02720125
v 0.01414431 0.01632309 -0.02736915
v -0.01123454 0.01632307 0.00555630
v -0.01123453 0.01482308 0.00555630
v -0.01087061 0.01632307 0.00558968
v -0.01081746 0.01557307 0.00560026
v -0.01049835 0.01632307 0.00569673
v -0.01039349 0.01557307 0.00574173
v -0.01014012 0.01632307 0.00588231
v -0.00999697 0.01557307 0.00598516
v -0.00982032 0.01632307 0.00614207
v -0.00966341 0.01557307 0.00631873
v -0.00956054 0.01632307 0.00646188
v -0.00941997 0.01557307 0.00671525
v -0.00937496 0.01632307 0.00682010
v -0.00927850 0.01557307 0.00713922
v -0.00926792 0.01632307 0.00719236
v -0.00923453 0.01557307 0.00755631
v -0.00923453 0.01632307 0.00755631
v -0.00926792 0.01632307 0.00792022
v -0.00927850 0.01557307 0.00797336
v -0.00937496 0.01632307 0.00829248
v -0.00937496 0.01557307 0.00829248
v -0.00952928 0.01557307 0.00860132
v -0.00937496 0.01482308 0.00829248
v -0.00956054 0.01482308 0.00865071
v -0.01087061 0.01482308 0.00558968
v -0.01049834 0.01482308 0.00569673
v -0.01014012 0.01482308 0.00588231
v -0.00982032 0.01482308 0.00614207
v -0.00956054 0.01482308 0.00646188
v -0.00937496 0.01482308 0.00682010
v -0.00926792 0.01482308 0.00719236
v -0.00923453 0.01482308 0.00755631
v -0.00926792 0.01482308 0.00792022
v -0.00973918 0.01557307 0.00888442
v -0.00982032 0.01482308 0.00897052
v -0.00999697 0.01557307 0.00912743
v -0.01014011 0.01482308 0.00923027
v -0.01029035 0.01557307 0.00931938
v -0.01049834 0.01482308 0.00941588
v -0.01060433 0.01557307 0.00945442
v -0.01087061 0.01482308 0.00952290
v -0.01092357 0.01557307 0.00953196
v -0.01123453 0.01482308 0.00955628
v -0.01123453 0.01632307 0.00955628
v -0.01087061 0.01632307 0.00952290
v -0.01049834 0.01632307 0.00941588
v -0.01014012 0.01632307 0.00923027
v -0.00982032 0.01632307 0.00897052
v -0.00956054 0.01632307 0.00865071
v 0.01076547 0.01632307 0.00555630
v 0.01076547 0.01482308 0.00555630
v 0.01112777 0.01632307 0.00558938
v 0.01118254 0.01557308 0.00560026
v 0.01149828 0.01632307 0.00569539
v 0.01160651 0.01557308 0.00574173
v 0.01185496 0.01632307 0.00587909
v 0.01200303 0.01557308 0.00598516
v 0.01217381 0.01632307 0.00613623
v 0.01233659 0.01557308 0.00631873
v 0.01243359 0.01632307 0.00645293
v 0.01258003 0.01557308 0.00671525
v 0.01262024 0.01632307 0.00680809
v 0.01272150 0.01557308 0.00713922
v 0.01272931 0.01632307 0.00717770
v 0.01276547 0.01557308 0.00755628
v 0.01276540 0.01632307 0.00753974
v 0.01275469 0.01611625 0.00776299
v 0.01272150 0.01557308 0.00797336
v 0.01271676 0.01594158 0.00799500
v 0.01267171 0.01584294 0.00816111
v 0.01262505 0.01557308 0.00829248
v 0.01260631 0.01576321 0.00833814
v 0.01252013 0.01571305 0.00851567
v 0.01247073 0.01557308 0.00860132
v 0.01241792 0.01569602 0.00868295
v 0.01226082 0.01557308 0.00888442
v 0.01229954 0.01571305 0.00883921
v 0.01216575 0.01576321 0.00898428
v 0.01200303 0.01557308 0.00912743
v 0.01202485 0.01584294 0.00910984
v 0.01188666 0.01594158 0.00921248
v 0.01170965 0.01557308 0.00931938
v 0.01168454 0.01611625 0.00933252
v 0.01139567 0.01557308 0.00945442
v 0.01148063 0.01632307 0.00942405
v 0.01112911 0.01632307 0.00952296
v 0.01107643 0.01557308 0.00953196
v 0.01076547 0.01632307 0.00955628
v 0.01076547 0.01482308 0.00955628
v 0.01112939 0.01482308 0.00952290
v 0.01150166 0.01482308 0.00941588
v 0.01185989 0.01482308 0.00923027
v 0.01217968 0.01482308 0.00897052
v 0.01243946 0.01482308 0.00865071
v 0.01262505 0.01482308 0.00829248
v 0.01112939 0.01482308 0.00558968
v 0.01150165 0.01482308 0.00569670
v 0.01185989 0.01482308 0.00588231
v 0.01217968 0.01482308 0.00614207
v 0.01243946 0.01482308 0.00646188
v 0.01262504 0.01482308 0.00682010
v 0.01273208 0.01482308 0.00719236
v 0.01276547 0.01482308 0.00755628
v 0.01273208 0.01482308 0.00792022
v -0.01373454 0.01632307 -0.01194371
v -0.01373454 0.01482308 -0.01194371
v -0.01337061 0.01632307 -0.01191030
v -0.01331747 0.01557308 -0.01189972
v -0.01299835 0.01632307 -0.01180328
v -0.01289350 0.01557308 -0.01175828
v -0.01264012 0.01632307 -0.01161770
v -0.01249698 0.01557308 -0.01151483
v -0.01232033 0.01632307 -0.01135792
v -0.01216341 0.01557308 -0.01118128
v -0.01206055 0.01632307 -0.01103814
v -0.01191997 0.01557308 -0.01078476
v -0.01187496 0.01632307 -0.01067988
v -0.01177851 0.01557308 -0.01036079
v -0.01176793 0.01632307 -0.01030762
v -0.01173454 0.01557308 -0.00994371
v -0.01173454 0.01632307 -0.00994371
v -0.01176793 0.01632307 -0.00957979
v -0.01177851 0.01557308 -0.00952662
v -0.01187496 0.01632307 -0.00920753
v -0.01187496 0.01557308 -0.00920753
v -0.01202928 0.01557308 -0.00889866
v -0.01187496 0.01482308 -0.00920753
v -0.01206055 0.01482308 -0.00884928
v -0.01337061 0.01482308 -0.01191030
v -0.01299835 0.01482308 -0.01180328
v -0.01264012 0.01482308 -0.01161770
v -0.01232032 0.01482308 -0.01135792
v -0.01206055 0.01482308 -0.01103814
v -0.01187496 0.01482308 -0.01067988
v -0.01176793 0.01482308 -0.01030762
v -0.01173454 0.01482308 -0.00994371
v -0.01176793 0.01482308 -0.00957979
v -0.01223919 0.01557308 -0.00861557
v -0.01232032 0.01482308 -0.00852950
v -0.01249698 0.01557308 -0.00837259
v -0.01264012 0.01482308 -0.00826971
v -0.01279035 0.01557308 -0.00818060
v -0.01299835 0.01482308 -0.00808413
v -0.01310433 0.01557308 -0.00804560
v -0.01337061 0.01482308 -0.00797708
v -0.01342358 0.01557308 -0.00796802
v -0.01373454 0.01482308 -0.00794370
v -0.01373454 0.01632307 -0.00794370
v -0.01337061 0.01632307 -0.00797708
v -0.01299835 0.01632307 -0.00808413
v -0.01264012 0.01632307 -0.00826971
v -0.01232033 0.01632307 -0.00852950
v -0.01206055 0.01632307 -0.00884928
v 0.01326546 0.01632309 -0.02494372
v 0.01326546 0.01482308 -0.02494372
v 0.01368161 0.01632309 -0.02489994
v 0.01368207 0.01557308 -0.02489985
v 0.01408834 0.01632309 -0.02476658
v 0.01410650 0.01557308 -0.02475829
v 0.01445737 0.01632309 -0.02454974
v 0.01450302 0.01557308 -0.02451484
v 0.01476546 0.01632309 -0.02426658
v 0.01483659 0.01557308 -0.02418129
v 0.01496794 0.01591812 -0.02399327
v 0.01508003 0.01557308 -0.02378474
v 0.01512753 0.01559895 -0.02367358
v 0.01512504 0.01482308 -0.02367990
v 0.01518669 0.01548064 -0.02349950
v 0.01523207 0.01482308 -0.02330763
v 0.01523006 0.01539388 -0.02331833
v 0.01525655 0.01534089 -0.02313228
v 0.01526546 0.01482308 -0.02294372
v 0.01526546 0.01532309 -0.02294372
v 0.01525655 0.01534089 -0.02275516
v 0.01523207 0.01482308 -0.02257980
v 0.01523006 0.01539388 -0.02256910
v 0.01518669 0.01548064 -0.02238793
v 0.01512504 0.01482308 -0.02220751
v 0.01512504 0.01557308 -0.02220751
v 0.01497072 0.01557308 -0.02189867
v 0.01512753 0.01559895 -0.02221386
v 0.01496794 0.01591812 -0.02189417
v 0.01476081 0.01557308 -0.02161558
v 0.01476546 0.01632309 -0.02162085
v 0.01450302 0.01557308 -0.02137260
v 0.01445737 0.01632309 -0.02133767
v 0.01420965 0.01557308 -0.02118061
v 0.01408834 0.01632309 -0.02112083
v 0.01389567 0.01557308 -0.02104561
v 0.01368161 0.01632309 -0.02098749
v 0.01357642 0.01557308 -0.02096803
v 0.01326546 0.01632309 -0.02094371
v 0.01326546 0.01482308 -0.02094371
v 0.01362939 0.01482308 -0.02097709
v 0.01400165 0.01482308 -0.02108414
v 0.01435988 0.01482308 -0.02126972
v 0.01467967 0.01482308 -0.02152951
v 0.01493945 0.01482308 -0.02184929
v 0.01362939 0.01482308 -0.02491031
v 0.01400165 0.01482308 -0.02480329
v 0.01435988 0.01482308 -0.02461771
v 0.01467967 0.01482308 -0.02435793
v 0.01493945 0.01482308 -0.02403812
v -0.01373454 0.01632307 -0.02994372
v -0.01373454 0.01612309 -0.02994372
v -0.01337062 0.01632307 -0.02991031
v -0.01331747 0.01622307 -0.02989973
v -0.01299835 0.01632307 -0.02980329
v -0.01289350 0.01622307 -0.02975829
v -0.01264012 0.01632307 -0.02961771
v -0.01249698 0.01622307 -0.02951483
v -0.01232033 0.01632307 -0.02935792
v -0.01216341 0.01622307 -0.02918128
v -0.01206055 0.01632307 -0.02903811
v -0.01191998 0.01622307 -0.02878474
v -0.01187497 0.01632307 -0.02867989
v -0.01177851 0.01622307 -0.02836077
v -0.01176793 0.01632307 -0.02830763
v -0.01173454 0.01622307 -0.02794371
v -0.01173454 0.01632307 -0.02794371
v -0.01176793 0.01632307 -0.02757980
v -0.01177851 0.01622307 -0.02752663
v -0.01187497 0.01632307 -0.02720751
v -0.01187497 0.01622307 -0.02720751
v -0.01202928 0.01622307 -0.02689867
v -0.01187497 0.01612309 -0.02720751
v -0.01206055 0.01612309 -0.02684928
v -0.01337062 0.01612309 -0.02991031
v -0.01299835 0.01612309 -0.02980329
v -0.01264012 0.01612309 -0.02961771
v -0.01232033 0.01612309 -0.02935792
v -0.01206055 0.01612309 -0.02903811
v -0.01187497 0.01612309 -0.02867989
v -0.01176793 0.01612309 -0.02830763
v -0.01173454 0.01612309 -0.02794371
v -0.01176793 0.01612309 -0.02757980
v -0.01223919 0.01622307 -0.02661557
v -0.01232033 0.01612309 -0.02652950
v -0.01249698 0.01622307 -0.02637259
v -0.01264012 0.01612309 -0.02626972
v -0.01279036 0.01622307 -0.02618061
v -0.01299835 0.01612307 -0.02608414
v -0.01310433 0.01622307 -0.02604560
v -0.01337062 0.01612307 -0.02597709
v -0.01342358 0.01622307 -0.02596803
v -0.01373454 0.01612307 -0.02594371
v -0.01373454 0.01632307 -0.02594371
v -0.01337062 0.01632307 -0.02597709
v -0.01299835 0.01632307 -0.02608414
v -0.01264012 0.01632307 -0.02626972
v -0.01232033 0.01632307 -0.02652950
v -0.01206055 0.01632307 -0.02684928
v -0.01341653 0.01564808 -0.02943517
v -0.01309325 0.01564808 -0.02932732
v -0.01279090 0.01564808 -0.02914171
v -0.01253656 0.01564808 -0.02888734
v -0.01235093 0.01564808 -0.02858500
v -0.01224307 0.01564808 -0.02826173
v -0.01220954 0.01564808 -0.02794371
v -0.01224307 0.01564808 -0.02762569
v -0.01243428 0.01564808 -0.02714686
v -0.01279090 0.01564808 -0.02674572
v -0.01325401 0.01564808 -0.02649639
v 0.01076547 0.01482308 0.00580628
v 0.01076547 0.01501884 0.00580628
v 0.01108390 0.01482308 0.00583549
v 0.01113040 0.01492096 0.00584476
v 0.01140963 0.01482308 0.00592916
v 0.01150138 0.01492096 0.00596856
v 0.01172308 0.01482308 0.00609155
v 0.01184833 0.01492096 0.00618155
v 0.01200290 0.01482308 0.00631885
v 0.01213923 0.01492096 0.00647219
v 0.01223021 0.01482308 0.00659867
v 0.01235321 0.01492096 0.00682037
v 0.01239260 0.01482308 0.00691213
v 0.01247699 0.01492096 0.00719135
v 0.01248625 0.01482308 0.00723787
v 0.01251547 0.01492096 0.00755628
v 0.01251547 0.01482308 0.00755628
v 0.01248625 0.01482308 0.00787471
v 0.01247700 0.01492096 0.00792124
v 0.01239260 0.01482308 0.00820045
v 0.01239260 0.01492096 0.00820045
v 0.01225757 0.01492096 0.00847070
v 0.01227568 0.01501884 0.00844048
v 0.01209798 0.01501884 0.00869070
v 0.01110721 0.01501884 0.00583999
v 0.01143580 0.01501884 0.00593977
v 0.01168902 0.01501884 0.00606983
v 0.01192754 0.01501884 0.00624784
v 0.01213827 0.01501884 0.00647097
v 0.01230907 0.01501884 0.00673180
v 0.01243088 0.01501884 0.00701882
v 0.01249917 0.01501884 0.00731804
v 0.01251448 0.01501884 0.00761526
v 0.01248178 0.01501884 0.00789805
v 0.01240366 0.01501884 0.00817178
v 0.01207390 0.01492096 0.00871839
v 0.01187552 0.01501884 0.00890915
v 0.01184833 0.01492096 0.00893103
v 0.01161783 0.01501884 0.00908469
v 0.01159163 0.01492096 0.00909899
v 0.01133770 0.01501884 0.00921010
v 0.01131690 0.01492096 0.00921713
v 0.01104919 0.01501884 0.00928314
v 0.01103756 0.01492096 0.00928502
v 0.01076547 0.01501884 0.00930630
v 0.01076547 0.01482308 0.00930630
v 0.01108390 0.01482308 0.00927706
v 0.01140963 0.01482308 0.00918342
v 0.01172308 0.01482308 0.00902103
v 0.01200290 0.01482308 0.00879373
v 0.01223021 0.01482308 0.00851391
v -0.01123453 0.01482308 0.00580628
v -0.01123453 0.01501884 0.00580628
v -0.01091610 0.01482308 0.00583552
v -0.01086960 0.01492095 0.00584476
v -0.01059037 0.01482308 0.00592916
v -0.01049863 0.01492095 0.00596856
v -0.01027692 0.01482308 0.00609155
v -0.01015167 0.01492095 0.00618155
v -0.00999710 0.01482308 0.00631885
v -0.00986077 0.01492095 0.00647219
v -0.00976979 0.01482308 0.00659867
v -0.00964679 0.01492095 0.00682040
v -0.00960740 0.01482308 0.00691213
v -0.00952301 0.01492095 0.00719135
v -0.00951375 0.01482308 0.00723787
v -0.00948453 0.01492095 0.00755631
v -0.00948453 0.01482308 0.00755631
v -0.00951375 0.01482308 0.00787474
v -0.00952301 0.01492095 0.00792124
v -0.00960740 0.01482308 0.00820045
v -0.00960740 0.01492095 0.00820045
v -0.00974243 0.01492095 0.00847070
v -0.00972433 0.01501884 0.00844048
v -0.00990202 0.01501884 0.00869070
v -0.01089279 0.01501884 0.00583999
v -0.01056420 0.01501884 0.00593977
v -0.01031098 0.01501884 0.00606983
v -0.01007246 0.01501884 0.00624784
v -0.00986174 0.01501884 0.00647097
v -0.00969093 0.01501884 0.00673180
v -0.00956912 0.01501884 0.00701882
v -0.00950083 0.01501884 0.00731804
v -0.00948553 0.01501884 0.00761526
v -0.00951823 0.01501884 0.00789805
v -0.00959634 0.01501884 0.00817178
v -0.00992610 0.01492095 0.00871842
v -0.01012448 0.01501884 0.00890918
v -0.01015167 0.01492095 0.00893103
v -0.01038217 0.01501884 0.00908469
v -0.01040837 0.01492095 0.00909899
v -0.01066230 0.01501884 0.00921010
v -0.01068310 0.01492095 0.00921713
v -0.01095081 0.01501884 0.00928314
v -0.01096244 0.01492095 0.00928502
v -0.01123453 0.01501884 0.00930630
v -0.01123453 0.01482308 0.00930630
v -0.01091610 0.01482308 0.00927709
v -0.01059037 0.01482308 0.00918342
v -0.01027692 0.01482308 0.00902103
v -0.00999710 0.01482308 0.00879373
v -0.00976979 0.01482308 0.00851391
v 0.01326546 0.01482308 -0.02469371
v 0.01326546 0.01501885 -0.02469371
v 0.01359896 0.01482308 -0.02466164
v 0.01363040 0.01492096 -0.02465524
v 0.01393051 0.01482308 -0.02456243
v 0.01400137 0.01492096 -0.02453147
v 0.01423991 0.01482308 -0.02439733
v 0.01434833 0.01492096 -0.02431844
v 0.01450853 0.01482308 -0.02417548
v 0.01463923 0.01492096 -0.02402781
v 0.01472290 0.01482308 -0.02391241
v 0.01485321 0.01492096 -0.02367963
v 0.01487960 0.01482308 -0.02361978
v 0.01497699 0.01492096 -0.02330865
v 0.01498048 0.01482308 -0.02329187
v 0.01501546 0.01492096 -0.02294372
v 0.01501546 0.01482308 -0.02294372
v 0.01498048 0.01482308 -0.02259554
v 0.01497699 0.01492096 -0.02257879
v 0.01489259 0.01492096 -0.02229954
v 0.01490365 0.01501885 -0.02232821
v 0.01477567 0.01501885 -0.02205954
v 0.01360721 0.01501885 -0.02466000
v 0.01393580 0.01501885 -0.02456023
v 0.01418902 0.01501885 -0.02443017
v 0.01442754 0.01501885 -0.02425219
v 0.01463826 0.01501885 -0.02402903
v 0.01480907 0.01501885 -0.02376820
v 0.01493088 0.01501885 -0.02348120
v 0.01499917 0.01501885 -0.02318196
v 0.01501447 0.01501885 -0.02288474
v 0.01498177 0.01501885 -0.02260198
v 0.01475756 0.01492096 -0.02202932
v 0.01459797 0.01501885 -0.02180929
v 0.01457389 0.01492096 -0.02178161
v 0.01437552 0.01501885 -0.02159084
v 0.01434833 0.01492096 -0.02156897
v 0.01411783 0.01501885 -0.02141534
v 0.01409162 0.01492096 -0.02140100
v 0.01383770 0.01501885 -0.02128993
v 0.01381689 0.01492096 -0.02128286
v 0.01354919 0.01501885 -0.02121685
v 0.01353755 0.01492096 -0.02121500
v 0.01326546 0.01501885 -0.02119373
v 0.01326546 0.01482308 -0.02119373
v 0.01359896 0.01482308 -0.02122579
v 0.01393051 0.01482308 -0.02132501
v 0.01423991 0.01482308 -0.02149011
v 0.01450853 0.01482308 -0.02171193
v 0.01472290 0.01482308 -0.02197502
v 0.01487960 0.01482308 -0.02226765
v -0.01373454 0.01482308 -0.01169370
v -0.01373454 0.01501884 -0.01169370
v -0.01340104 0.01482308 -0.01166163
v -0.01336960 0.01492096 -0.01165522
v -0.01306949 0.01482308 -0.01156242
v -0.01299863 0.01492096 -0.01153146
v -0.01276009 0.01482308 -0.01139732
v -0.01265167 0.01492096 -0.01131843
v -0.01249147 0.01482308 -0.01117550
v -0.01236077 0.01492096 -0.01102780
v -0.01227709 0.01482308 -0.01091240
v -0.01214679 0.01492096 -0.01067962
v -0.01212040 0.01482308 -0.01061977
v -0.01202301 0.01492096 -0.01030864
v -0.01201952 0.01482308 -0.01029189
v -0.01198454 0.01492096 -0.00994371
v -0.01198454 0.01482308 -0.00994371
v -0.01201952 0.01482308 -0.00959553
v -0.01202301 0.01492096 -0.00957878
v -0.01210741 0.01492096 -0.00929953
v -0.01209635 0.01501884 -0.00932823
v -0.01222433 0.01501884 -0.00905953
v -0.01339279 0.01501884 -0.01166002
v -0.01306420 0.01501884 -0.01156024
v -0.01281099 0.01501884 -0.01143016
v -0.01257246 0.01501884 -0.01125218
v -0.01236174 0.01501884 -0.01102902
v -0.01219093 0.01501884 -0.01076819
v -0.01206912 0.01501884 -0.01048119
v -0.01200083 0.01501884 -0.01018198
v -0.01198553 0.01501884 -0.00988476
v -0.01201823 0.01501884 -0.00960196
v -0.01224244 0.01492096 -0.00902931
v -0.01240203 0.01501884 -0.00880928
v -0.01242611 0.01492096 -0.00878160
v -0.01262448 0.01501884 -0.00859083
v -0.01265167 0.01492096 -0.00856896
v -0.01288218 0.01501884 -0.00841532
v -0.01290838 0.01492096 -0.00840099
v -0.01316230 0.01501884 -0.00828992
v -0.01318311 0.01492096 -0.00828285
v -0.01345081 0.01501884 -0.00821687
v -0.01346245 0.01492096 -0.00821499
v -0.01373454 0.01501884 -0.00819371
v -0.01373454 0.01482308 -0.00819371
v -0.01340104 0.01482308 -0.00822578
v -0.01306949 0.01482308 -0.00832499
v -0.01276009 0.01482308 -0.00849010
v -0.01249147 0.01482308 -0.00871192
v -0.01227709 0.01482308 -0.00897501
v -0.01212040 0.01482308 -0.00926764
v 0.01576547 0.00672308 -0.01254372
v 0.01576547 0.00672308 -0.01164372
v 0.00866546 0.00672308 -0.01209371
v 0.00156546 0.00672308 -0.01164372
v 0.00156546 0.00672308 -0.01254372
v 0.01576547 0.00572309 -0.01254372
v 0.00866546 0.00622308 -0.01254372
v 0.00156546 0.00572307 -0.01254372
v 0.01576547 0.00572307 -0.00374372
v 0.00866546 0.00572307 -0.00814371
v 0.00156547 0.00572307 -0.00374372
v 0.01576547 0.01122308 -0.00374372
v 0.00866546 0.00847308 -0.00374372
v 0.00156547 0.01122308 -0.00374372
v 0.01576547 0.01122308 -0.01164372
v 0.00866546 0.01122308 -0.00769372
v 0.00156546 0.01122308 -0.01164372
v 0.01576547 0.00932309 -0.01164372
v 0.00866546 0.01027308 -0.01164372
v 0.00156546 0.00932308 -0.01164372
v 0.01576547 0.00932309 -0.01254372
v 0.00866546 0.00932308 -0.01209371
v 0.00156546 0.00932308 -0.01254372
v 0.01576547 0.00832307 -0.01254372
v 0.00866546 0.00882308 -0.01254372
v 0.00156546 0.00832307 -0.01254372
v 0.01576547 0.00832307 -0.01164372
v 0.00866546 0.00832307 -0.01209371
v 0.00156546 0.00832307 -0.01164372
v 0.00866546 0.00752307 -0.01164372
v 0.00156546 0.00945307 -0.00992621
v 0.00726546 0.00945309 -0.00992621
v 0.00441546 0.00977308 -0.00992621
v 0.00726546 0.01009308 -0.00992621
v 0.00156546 0.01009308 -0.00992621
v 0.00441546 0.01009308 -0.01024620
v 0.00726546 0.01009308 -0.01056622
v 0.00156546 0.01009308 -0.01056622
v 0.00441546 0.00977308 -0.01056622
v 0.00726546 0.00945309 -0.01056622
v 0.00156546 0.00945307 -0.01056622
v 0.00441546 0.00945307 -0.01024620
v 0.00156546 0.00945307 -0.00738622
v 0.00726547 0.00945307 -0.00738622
v 0.00441547 0.00977308 -0.00738622
v 0.00726547 0.01009308 -0.00738622
v 0.00156546 0.01009308 -0.00738622
v 0.00441547 0.01009308 -0.00770621
v 0.00726547 0.01009308 -0.00802623
v 0.00156546 0.01009308 -0.00802623
v 0.00441547 0.00977308 -0.00802623
v 0.00726547 0.00945307 -0.00802623
v 0.00156546 0.00945307 -0.00802623
v 0.00441547 0.00945307 -0.00770621
v 0.00156547 0.00945307 -0.00484620
v 0.00726547 0.00945307 -0.00484623
v 0.00441547 0.00977308 -0.00484620
v 0.00726547 0.01009308 -0.00484623
v 0.00156547 0.01009308 -0.00484620
v 0.00441547 0.01009308 -0.00516622
v 0.00726547 0.01009308 -0.00548620
v 0.00156547 0.01009308 -0.00548620
v 0.00441547 0.00977308 -0.00548620
v 0.00726547 0.00945307 -0.00548620
v 0.00156547 0.00945307 -0.00548620
v 0.00441547 0.00945307 -0.00516622
v 0.00156547 0.00685307 -0.00548620
v 0.00726547 0.00685307 -0.00548620
v 0.00441547 0.00685307 -0.00516622
v 0.00726547 0.00685307 -0.00484623
v 0.00156547 0.00685307 -0.00484620
v 0.00441547 0.00717308 -0.00484623
v 0.00726547 0.00749308 -0.00484623
v 0.00156547 0.00749308 -0.00484620
v 0.00441547 0.00749308 -0.00516622
v 0.00726547 0.00749308 -0.00548620
v 0.00156547 0.00749308 -0.00548620
v 0.00441547 0.00717308 -0.00548620
v 0.00156547 0.00685307 -0.00738622
v 0.00726547 0.00685307 -0.00738622
v 0.00441547 0.00717308 -0.00738622
v 0.00726547 0.00749308 -0.00738622
v 0.00156547 0.00749308 -0.00738622
v 0.00441547 0.00749308 -0.00770621
v 0.00726547 0.00749308 -0.00802623
v 0.00156547 0.00749308 -0.00802623
v 0.00441547 0.00717308 -0.00802623
v 0.00726547 0.00685307 -0.00802623
v 0.00156547 0.00685307 -0.00802623
v 0.00441547 0.00685307 -0.00770621
v 0.00156546 0.00685307 -0.00992621
v 0.00726547 0.00685307 -0.00992621
v 0.00441547 0.00717308 -0.00992621
v 0.00726547 0.00749308 -0.00992621
v 0.00156546 0.00749308 -0.00992621
v 0.00441547 0.00749308 -0.01024620
v 0.00726547 0.00749308 -0.01056622
v 0.00156546 0.00749308 -0.01056622
v 0.00441547 0.00717308 -0.01056622
v 0.00726547 0.00685307 -0.01056622
v 0.00156546 0.00685307 -0.01056622
v 0.00441547 0.00685307 -0.01024620
v 0.00726547 0.00717308 -0.00516622
v 0.00726546 0.00977308 -0.01024620
v 0.00726547 0.00977308 -0.00770621
v 0.00726547 0.00977308 -0.00516622
v 0.00726547 0.00717308 -0.01024620
v 0.00726547 0.00717308 -0.00770621
v 0.00156547 0.00749308 -0.00814371
v 0.00156546 0.00847308 -0.00814371
v 0.00156546 0.01009308 -0.00814371
v -0.01310996 0.01547308 -0.01087554
v -0.01351640 0.01547308 -0.01104407
v -0.01344705 0.01547308 -0.01006265
v -0.01385349 0.01547308 -0.01023121
v -0.01373454 0.01547308 -0.00994371
v -0.01402203 0.01547308 -0.00982477
v -0.01361559 0.01547308 -0.00965620
v -0.01395267 0.01547308 -0.00884335
v -0.01435911 0.01547308 -0.00901188
v -0.01466637 0.01547308 -0.01056827
v -0.01483491 0.01547308 -0.01016183
v -0.01280271 0.01547308 -0.00931914
v -0.01263417 0.01547308 -0.00972558
v -0.01310996 0.01594716 -0.01087554
v -0.01327850 0.01579161 -0.01046909
v -0.01344705 0.01611015 -0.01006265
v -0.01314875 0.01598094 -0.01078202
v -0.01303968 0.01598094 -0.01069410
v -0.01305405 0.01604579 -0.01027627
v -0.01272769 0.01598094 -0.00976436
v -0.01271263 0.01598094 -0.00990365
v -0.01271717 0.01598094 -0.01004799
v -0.01274274 0.01598094 -0.01019321
v -0.01278954 0.01598094 -0.01033471
v -0.01285639 0.01598094 -0.01046790
v -0.01294090 0.01598094 -0.01058872
v -0.01304061 0.01579161 -0.00989412
v -0.01263417 0.01594716 -0.00972558
v -0.01267694 0.01595359 -0.00962241
v -0.01271844 0.01571433 -0.00952236
v -0.01280271 0.01594716 -0.00931914
v -0.01275993 0.01595359 -0.00942229
v -0.01271844 0.01595560 -0.00952236
v -0.01320915 0.01579161 -0.00948767
v -0.01361559 0.01611015 -0.00965620
v -0.01289623 0.01598094 -0.00935791
v -0.01340567 0.01604530 -0.00925873
v -0.01308952 0.01598094 -0.00915007
v -0.01298416 0.01598094 -0.00924884
v -0.01391389 0.01598094 -0.00893687
v -0.01377460 0.01598094 -0.00892179
v -0.01363025 0.01598094 -0.00892635
v -0.01348503 0.01598094 -0.00895192
v -0.01334354 0.01598094 -0.00899871
v -0.01321036 0.01598094 -0.00906555
v -0.01378413 0.01579161 -0.00924979
v -0.01395267 0.01594716 -0.00884335
v -0.01331318 0.01595560 -0.01095982
v -0.01351640 0.01594716 -0.01104407
v -0.01331318 0.01571433 -0.01095982
v -0.01415589 0.01595560 -0.00892760
v -0.01415589 0.01571433 -0.00892760
v -0.01435911 0.01594716 -0.00901188
v -0.01419057 0.01579161 -0.00941832
v -0.01402203 0.01611015 -0.00982477
v -0.01432033 0.01598094 -0.00910540
v -0.01442940 0.01598094 -0.00919331
v -0.01441502 0.01604579 -0.00961114
v -0.01474138 0.01598094 -0.01012306
v -0.01475645 0.01598094 -0.00998376
v -0.01475190 0.01598094 -0.00983943
v -0.01472633 0.01598094 -0.00969420
v -0.01467954 0.01598094 -0.00955270
v -0.01461268 0.01598094 -0.00941951
v -0.01452817 0.01598094 -0.00929870
v -0.01442847 0.01579161 -0.00999330
v -0.01483491 0.01594716 -0.01016183
v -0.01479213 0.01595359 -0.01026501
v -0.01475064 0.01571433 -0.01036505
v -0.01466637 0.01594716 -0.01056827
v -0.01470914 0.01595359 -0.01046513
v -0.01475064 0.01595560 -0.01036505
v -0.01425993 0.01579161 -0.01039974
v -0.01385349 0.01611015 -0.01023121
v -0.01457284 0.01598094 -0.01052950
v -0.01448492 0.01598094 -0.01063858
v -0.01406340 0.01604530 -0.01062868
v -0.01355519 0.01598094 -0.01095055
v -0.01369447 0.01598094 -0.01096563
v -0.01383882 0.01598094 -0.01096107
v -0.01398405 0.01598094 -0.01093550
v -0.01412553 0.01598094 -0.01088871
v -0.01425872 0.01598094 -0.01082186
v -0.01437955 0.01598094 -0.01073734
v -0.01368495 0.01579161 -0.01063762
v -0.01394700 0.01592758 -0.00879584
v -0.01420650 0.01589495 -0.00880556
v -0.01397246 0.01584914 -0.00865824
v -0.01425478 0.01581267 -0.00868915
v -0.01399591 0.01574631 -0.00853155
v -0.01429874 0.01570977 -0.00858314
v -0.01401622 0.01562187 -0.00842185
v -0.01433653 0.01558892 -0.00849198
v -0.01403247 0.01548059 -0.00833402
v -0.01436666 0.01545420 -0.00841932
v -0.01404408 0.01532862 -0.00827129
v -0.01438820 0.01531070 -0.00836740
v -0.01405087 0.01517260 -0.00823463
v -0.01440082 0.01516384 -0.00833694
v -0.01407629 0.01501884 -0.00822739
v -0.01440487 0.01501884 -0.00832717
v -0.01366343 0.01517260 -0.00820707
v -0.01366495 0.01532862 -0.00824432
v -0.01327417 0.01532862 -0.00830640
v -0.01329144 0.01548059 -0.00836782
v -0.01290547 0.01532862 -0.00845866
v -0.01293625 0.01548059 -0.00851454
v -0.01258308 0.01532862 -0.00869195
v -0.01262628 0.01548059 -0.00873889
v -0.01238639 0.01548059 -0.00901510
v -0.01245993 0.01562187 -0.00906576
v -0.01230487 0.01562187 -0.00935085
v -0.01240794 0.01574631 -0.00939359
v -0.01232239 0.01574631 -0.00968234
v -0.01244906 0.01584914 -0.00970577
v -0.01242740 0.01584914 -0.00992261
v -0.01256731 0.01592758 -0.00992487
v -0.01258147 0.01592758 -0.01012589
v -0.01263135 0.01592758 -0.01032547
v -0.01271601 0.01592758 -0.01051412
v -0.01283127 0.01592758 -0.01068322
v -0.01297037 0.01592758 -0.01082621
v -0.01312515 0.01592758 -0.01093940
v -0.01326257 0.01589495 -0.01108186
v -0.01305210 0.01584914 -0.01105876
v -0.01321430 0.01581267 -0.01119827
v -0.01298486 0.01574631 -0.01116864
v -0.01317034 0.01570977 -0.01130427
v -0.01292661 0.01562187 -0.01126380
v -0.01313254 0.01558892 -0.01139544
v -0.01288000 0.01548059 -0.01133998
v -0.01310241 0.01545420 -0.01146810
v -0.01284669 0.01532862 -0.01139439
v -0.01308088 0.01531070 -0.01152001
v -0.01282722 0.01517260 -0.01142619
v -0.01306825 0.01516384 -0.01155047
v -0.01326407 0.01517260 -0.00827049
v -0.01288763 0.01517260 -0.00842587
v -0.01255783 0.01517260 -0.00866450
v -0.01233385 0.01532862 -0.00897892
v -0.01222239 0.01548059 -0.00931667
v -0.01221267 0.01562187 -0.00966202
v -0.01229859 0.01574631 -0.00992052
v -0.01244325 0.01584914 -0.01014773
v -0.01230313 0.01517260 -0.00895776
v -0.01212900 0.01517260 -0.00927792
v -0.01202546 0.01517260 -0.00962739
v -0.01199665 0.01517260 -0.00991566
v -0.01201773 0.01517260 -0.01021497
v -0.01209199 0.01517260 -0.01051210
v -0.01221805 0.01517260 -0.01079298
v -0.01238966 0.01517260 -0.01104475
v -0.01259676 0.01517260 -0.01125766
v -0.01258666 0.01592758 -0.00973125
v -0.01265620 0.01592758 -0.00949655
v -0.01277316 0.01592758 -0.00928150
v -0.01294422 0.01592758 -0.00908454
v -0.01316436 0.01592758 -0.00892506
v -0.01341856 0.01592758 -0.00881992
v -0.01368678 0.01592758 -0.00877730
v -0.01366756 0.01548059 -0.00830807
v -0.01367122 0.01562187 -0.00839729
v -0.01367578 0.01574631 -0.00850878
v -0.01368105 0.01584914 -0.00863750
v -0.01331561 0.01562187 -0.00845377
v -0.01334581 0.01574631 -0.00856118
v -0.01338068 0.01584914 -0.00868518
v -0.01297949 0.01562187 -0.00859265
v -0.01303365 0.01574631 -0.00869022
v -0.01309626 0.01584914 -0.00880281
v -0.01268673 0.01562187 -0.00880463
v -0.01276227 0.01574631 -0.00888674
v -0.01284948 0.01584914 -0.00898154
v -0.01255182 0.01574631 -0.00912906
v -0.01265791 0.01584914 -0.00920214
v -0.01216345 0.01532862 -0.00929223
v -0.01212487 0.01548059 -0.00964577
v -0.01218702 0.01562187 -0.00991873
v -0.01231600 0.01574631 -0.01016785
v -0.01249911 0.01584914 -0.01037122
v -0.01252694 0.01584914 -0.00944294
v -0.01206213 0.01532862 -0.00963415
v -0.01209774 0.01548059 -0.00991730
v -0.01220579 0.01562187 -0.01018525
v -0.01237736 0.01574631 -0.01041336
v -0.01259392 0.01584914 -0.01058249
v -0.01203395 0.01532862 -0.00991626
v -0.01211759 0.01548059 -0.01019917
v -0.01227192 0.01562187 -0.01044984
v -0.01248152 0.01574631 -0.01064543
v -0.01272299 0.01584914 -0.01077185
v -0.01205457 0.01532862 -0.01020916
v -0.01218753 0.01548059 -0.01047905
v -0.01238417 0.01562187 -0.01069997
v -0.01262331 0.01574631 -0.01085345
v -0.01287877 0.01584914 -0.01093198
v -0.01212724 0.01532862 -0.01049991
v -0.01230626 0.01548059 -0.01074360
v -0.01253698 0.01562187 -0.01092414
v -0.01279444 0.01574631 -0.01102938
v -0.01225059 0.01532862 -0.01077477
v -0.01246788 0.01548059 -0.01098071
v -0.01272140 0.01562187 -0.01111375
v -0.01241852 0.01532862 -0.01102112
v -0.01266294 0.01548059 -0.01118125
v -0.01262118 0.01532862 -0.01122947
v -0.01452485 0.01592758 -0.01080288
v -0.01469592 0.01592758 -0.01060591
v -0.01461959 0.01584914 -0.01090587
v -0.01481116 0.01584914 -0.01068528
v -0.01470681 0.01574631 -0.01100068
v -0.01491725 0.01574631 -0.01075835
v -0.01478234 0.01562187 -0.01108278
v -0.01500914 0.01562187 -0.01082165
v -0.01484280 0.01548059 -0.01114853
v -0.01508268 0.01548059 -0.01087232
v -0.01488599 0.01532862 -0.01119546
v -0.01513523 0.01532862 -0.01090850
v -0.01491124 0.01517260 -0.01122291
v -0.01516594 0.01517260 -0.01092966
v -0.01506705 0.01501884 -0.01107813
v -0.01524475 0.01501884 -0.01082788
v -0.01430472 0.01592758 -0.01096235
v -0.01437281 0.01584914 -0.01108460
v -0.01443543 0.01574631 -0.01119719
v -0.01448958 0.01562187 -0.01129477
v -0.01453282 0.01548059 -0.01137288
v -0.01456361 0.01532862 -0.01142876
v -0.01458145 0.01517260 -0.01146154
v -0.01484459 0.01501884 -0.01129658
v -0.01458690 0.01501884 -0.01147209
v -0.01430677 0.01501884 -0.01159750
v -0.01420500 0.01517260 -0.01161693
v -0.01401826 0.01501884 -0.01167054
v -0.01380565 0.01517260 -0.01168035
v -0.01341821 0.01517260 -0.01165278
v -0.01405052 0.01592758 -0.01106749
v -0.01378230 0.01592758 -0.01111011
v -0.01352208 0.01592758 -0.01109157
v -0.01349661 0.01584914 -0.01122917
v -0.01347316 0.01574631 -0.01135586
v -0.01345286 0.01562187 -0.01146556
v -0.01343661 0.01548059 -0.01155339
v -0.01342499 0.01532862 -0.01161612
v -0.01534008 0.01517260 -0.01060949
v -0.01537273 0.01501884 -0.01055918
v -0.01544362 0.01517260 -0.01026003
v -0.01545084 0.01501884 -0.01028545
v -0.01548354 0.01501884 -0.01000266
v -0.01547242 0.01517260 -0.00997175
v -0.01546824 0.01501884 -0.00970544
v -0.01545135 0.01517260 -0.00967245
v -0.01539996 0.01501884 -0.00940622
v -0.01537708 0.01517260 -0.00937532
v -0.01527814 0.01501884 -0.00911923
v -0.01525103 0.01517260 -0.00909443
v -0.01510734 0.01501884 -0.00885840
v -0.01507942 0.01517260 -0.00884266
v -0.01489661 0.01501884 -0.00863524
v -0.01487231 0.01517260 -0.00862975
v -0.01465809 0.01501884 -0.00845726
v -0.01464185 0.01517260 -0.00846122
v -0.01462238 0.01532862 -0.00849302
v -0.01458908 0.01548059 -0.00854744
v -0.01454246 0.01562187 -0.00862361
v -0.01448422 0.01574631 -0.00871877
v -0.01441697 0.01584914 -0.00882865
v -0.01434392 0.01592758 -0.00894801
v -0.01449871 0.01592758 -0.00906120
v -0.01459031 0.01584914 -0.00895543
v -0.01467464 0.01574631 -0.00885804
v -0.01474768 0.01562187 -0.00877367
v -0.01480613 0.01548059 -0.00870617
v -0.01484790 0.01532862 -0.00865795
v -0.01463781 0.01592758 -0.00920419
v -0.01475307 0.01592758 -0.00937329
v -0.01483773 0.01592758 -0.00956194
v -0.01488761 0.01592758 -0.00976153
v -0.01490176 0.01592758 -0.00996254
v -0.01488242 0.01592758 -0.01015617
v -0.01481288 0.01592758 -0.01039086
v -0.01530563 0.01532862 -0.01059519
v -0.01540694 0.01532862 -0.01025326
v -0.01543513 0.01532862 -0.00997115
v -0.01541451 0.01532862 -0.00967826
v -0.01534184 0.01532862 -0.00938751
v -0.01521849 0.01532862 -0.00911264
v -0.01505056 0.01532862 -0.00886629
v -0.01524669 0.01548059 -0.01057075
v -0.01534421 0.01548059 -0.01024164
v -0.01537133 0.01548059 -0.00997011
v -0.01535149 0.01548059 -0.00968824
v -0.01528154 0.01548059 -0.00940837
v -0.01516282 0.01548059 -0.00914381
v -0.01500119 0.01548059 -0.00890671
v -0.01516420 0.01562187 -0.01053656
v -0.01525640 0.01562187 -0.01022540
v -0.01528205 0.01562187 -0.00996868
v -0.01526329 0.01562187 -0.00970216
v -0.01519716 0.01562187 -0.00943757
v -0.01508491 0.01562187 -0.00918744
v -0.01493210 0.01562187 -0.00896327
v -0.01506114 0.01574631 -0.01049383
v -0.01514669 0.01574631 -0.01020507
v -0.01517049 0.01574631 -0.00996689
v -0.01515308 0.01574631 -0.00971956
v -0.01509171 0.01574631 -0.00947405
v -0.01498756 0.01574631 -0.00924198
v -0.01484576 0.01574631 -0.00903396
v -0.01494214 0.01584914 -0.01044448
v -0.01502001 0.01584914 -0.01018165
v -0.01504168 0.01584914 -0.00996481
v -0.01502583 0.01584914 -0.00973968
v -0.01496997 0.01584914 -0.00951619
v -0.01487516 0.01584914 -0.00930492
v -0.01474608 0.01584914 -0.00911556
v -0.01408839 0.01584914 -0.01120223
v -0.01412326 0.01574631 -0.01132624
v -0.01415347 0.01562187 -0.01143364
v -0.01417764 0.01548059 -0.01151959
v -0.01419490 0.01532862 -0.01158102
v -0.01378802 0.01584914 -0.01124991
v -0.01379329 0.01574631 -0.01137863
v -0.01379786 0.01562187 -0.01149012
v -0.01380151 0.01548059 -0.01157935
v -0.01380412 0.01532862 -0.01164309
v -0.01400663 0.01492096 -0.01167242
v -0.01401826 0.01482308 -0.01167054
v -0.01428597 0.01492096 -0.01160456
v -0.01430677 0.01482308 -0.01159750
v -0.01456070 0.01492096 -0.01148642
v -0.01458690 0.01482308 -0.01147209
v -0.01481740 0.01492096 -0.01131843
v -0.01484459 0.01482308 -0.01129658
v -0.01504297 0.01492096 -0.01110582
v -0.01506705 0.01482308 -0.01107813
v -0.01522664 0.01492096 -0.01085810
v -0.01524475 0.01482308 -0.01082788
v -0.01536167 0.01492096 -0.01058788
v -0.01537273 0.01482308 -0.01055918
v -0.01544606 0.01492096 -0.01030864
v -0.01545084 0.01482308 -0.01028545
v -0.01548354 0.01482308 -0.01000266
v -0.01548454 0.01492096 -0.00994371
v -0.01546824 0.01482308 -0.00970544
v -0.01544606 0.01492096 -0.00957878
v -0.01539996 0.01482308 -0.00940622
v -0.01532228 0.01492096 -0.00920780
v -0.01527814 0.01482308 -0.00911923
v -0.01510734 0.01492096 -0.00885840
v -0.01510734 0.01482308 -0.00885840
v -0.01489661 0.01482308 -0.00863524
v -0.01481740 0.01492096 -0.00856896
v -0.01465809 0.01482308 -0.00845726
v -0.01447045 0.01492096 -0.00835596
v -0.01440487 0.01482308 -0.00832717
v -0.01409947 0.01492096 -0.00823219
v -0.01407629 0.01482308 -0.00822739
v 0.01389004 0.01547308 -0.02387555
v 0.01348360 0.01547308 -0.02404408
v 0.01355295 0.01547308 -0.02306266
v 0.01314651 0.01547308 -0.02323119
v 0.01326546 0.01547308 -0.02294372
v 0.01297797 0.01547308 -0.02282475
v 0.01338441 0.01547308 -0.02265622
v 0.01304733 0.01547308 -0.02184333
v 0.01264089 0.01547308 -0.02201189
v 0.01233363 0.01547308 -0.02356829
v 0.01216509 0.01547308 -0.02316184
v 0.01419729 0.01547308 -0.02231915
v 0.01436583 0.01547308 -0.02272557
v 0.01389004 0.01594716 -0.02387555
v 0.01372150 0.01579162 -0.02346910
v 0.01355295 0.01611015 -0.02306266
v 0.01385125 0.01598094 -0.02378203
v 0.01396032 0.01598094 -0.02369408
v 0.01394595 0.01604581 -0.02327628
v 0.01427231 0.01598094 -0.02276437
v 0.01428737 0.01598094 -0.02290363
v 0.01428283 0.01598094 -0.02304800
v 0.01425725 0.01598094 -0.02319322
v 0.01421046 0.01598094 -0.02333470
v 0.01414361 0.01598094 -0.02346788
v 0.01405910 0.01598094 -0.02358873
v 0.01395939 0.01579162 -0.02289413
v 0.01436583 0.01594716 -0.02272557
v 0.01432306 0.01595360 -0.02262242
v 0.01428156 0.01571435 -0.02252237
v 0.01419729 0.01594716 -0.02231915
v 0.01424007 0.01595360 -0.02242230
v 0.01428156 0.01595560 -0.02252237
v 0.01379085 0.01579162 -0.02248768
v 0.01338441 0.01611015 -0.02265622
v 0.01410377 0.01598094 -0.02235792
v 0.01359433 0.01604530 -0.02225874
v 0.01391048 0.01598094 -0.02215008
v 0.01401584 0.01598094 -0.02224885
v 0.01308611 0.01598094 -0.02193688
v 0.01322540 0.01598094 -0.02192180
v 0.01336975 0.01598094 -0.02192636
v 0.01351497 0.01598094 -0.02195193
v 0.01365646 0.01598094 -0.02199872
v 0.01378964 0.01598094 -0.02206556
v 0.01321587 0.01579162 -0.02224977
v 0.01304733 0.01594716 -0.02184333
v 0.01368682 0.01595560 -0.02395980
v 0.01348360 0.01594716 -0.02404408
v 0.01368682 0.01571435 -0.02395980
v 0.01284411 0.01595560 -0.02192761
v 0.01284411 0.01571435 -0.02192761
v 0.01264089 0.01594716 -0.02201189
v 0.01280943 0.01579162 -0.02241833
v 0.01297797 0.01611015 -0.02282475
v 0.01267967 0.01598094 -0.02210541
v 0.01257060 0.01598094 -0.02219333
v 0.01258498 0.01604581 -0.02261112
v 0.01225862 0.01598094 -0.02312307
v 0.01224355 0.01598094 -0.02298377
v 0.01224810 0.01598094 -0.02283944
v 0.01227367 0.01598094 -0.02269421
v 0.01232046 0.01598094 -0.02255271
v 0.01238732 0.01598094 -0.02241953
v 0.01247182 0.01598094 -0.02229871
v 0.01257153 0.01579162 -0.02299331
v 0.01216509 0.01594716 -0.02316184
v 0.01220787 0.01595360 -0.02326499
v 0.01224936 0.01571435 -0.02336506
v 0.01233363 0.01594716 -0.02356829
v 0.01229086 0.01595360 -0.02346514
v 0.01224936 0.01595560 -0.02336506
v 0.01274007 0.01579162 -0.02339975
v 0.01314651 0.01611015 -0.02323119
v 0.01242715 0.01598094 -0.02352951
v 0.01251508 0.01598094 -0.02363859
v 0.01293660 0.01604530 -0.02362869
v 0.01344481 0.01598094 -0.02395056
v 0.01330553 0.01598094 -0.02396561
v 0.01316117 0.01598094 -0.02396108
v 0.01301595 0.01598094 -0.02393551
v 0.01287447 0.01598094 -0.02388872
v 0.01274128 0.01598094 -0.02382187
v 0.01262044 0.01598094 -0.02373735
v 0.01331506 0.01579162 -0.02363764
v 0.01305300 0.01592758 -0.02179582
v 0.01279349 0.01589495 -0.02180557
v 0.01302753 0.01584916 -0.02165822
v 0.01274522 0.01581267 -0.02168913
v 0.01300409 0.01574633 -0.02153157
v 0.01270126 0.01570979 -0.02158312
v 0.01298378 0.01562189 -0.02142183
v 0.01266346 0.01558894 -0.02149199
v 0.01296753 0.01548061 -0.02133404
v 0.01263333 0.01545422 -0.02141933
v 0.01295592 0.01532862 -0.02127130
v 0.01261180 0.01531070 -0.02136741
v 0.01294913 0.01517260 -0.02123464
v 0.01259917 0.01516385 -0.02133696
v 0.01292371 0.01501885 -0.02122740
v 0.01259513 0.01501885 -0.02132718
v 0.01333657 0.01517260 -0.02120705
v 0.01333505 0.01532862 -0.02124433
v 0.01372583 0.01532862 -0.02130638
v 0.01370856 0.01548061 -0.02136780
v 0.01409453 0.01532862 -0.02145864
v 0.01406375 0.01548061 -0.02151455
v 0.01441691 0.01532862 -0.02169196
v 0.01437372 0.01548061 -0.02173890
v 0.01461360 0.01548061 -0.02201511
v 0.01454007 0.01562189 -0.02206577
v 0.01469513 0.01562189 -0.02235086
v 0.01459206 0.01574633 -0.02239360
v 0.01467761 0.01574633 -0.02268235
v 0.01455094 0.01584916 -0.02270578
v 0.01457260 0.01584916 -0.02292262
v 0.01443269 0.01592758 -0.02292488
v 0.01441853 0.01592758 -0.02312590
v 0.01436865 0.01592758 -0.02332546
v 0.01428399 0.01592758 -0.02351413
v 0.01416873 0.01592758 -0.02368323
v 0.01402963 0.01592758 -0.02382622
v 0.01387485 0.01592758 -0.02393941
v 0.01373743 0.01589495 -0.02408187
v 0.01394789 0.01584916 -0.02405877
v 0.01378570 0.01581267 -0.02419828
v 0.01401514 0.01574633 -0.02416865
v 0.01382966 0.01570979 -0.02430428
v 0.01407339 0.01562189 -0.02426381
v 0.01386746 0.01558894 -0.02439542
v 0.01412000 0.01548061 -0.02433999
v 0.01389759 0.01545422 -0.02446811
v 0.01415331 0.01532862 -0.02439441
v 0.01391912 0.01531070 -0.02452002
v 0.01417278 0.01517260 -0.02442621
v 0.01393175 0.01516385 -0.02455048
v 0.01373592 0.01517260 -0.02127050
v 0.01411237 0.01517260 -0.02142589
v 0.01444217 0.01517260 -0.02166451
v 0.01466615 0.01532862 -0.02197893
v 0.01477761 0.01548061 -0.02231665
v 0.01478733 0.01562189 -0.02266203
v 0.01470141 0.01574633 -0.02292053
v 0.01455675 0.01584916 -0.02314775
v 0.01469687 0.01517260 -0.02195777
v 0.01487100 0.01517260 -0.02227793
v 0.01497454 0.01517260 -0.02262740
v 0.01500335 0.01517260 -0.02291567
v 0.01498227 0.01517260 -0.02321498
v 0.01490800 0.01517260 -0.02351211
v 0.01478195 0.01517260 -0.02379300
v 0.01461034 0.01517260 -0.02404477
v 0.01440324 0.01517260 -0.02425767
v 0.01441334 0.01592758 -0.02273126
v 0.01434380 0.01592758 -0.02249656
v 0.01422684 0.01592758 -0.02228151
v 0.01405578 0.01592758 -0.02208455
v 0.01383564 0.01592758 -0.02192505
v 0.01358144 0.01592758 -0.02181990
v 0.01331322 0.01592758 -0.02177732
v 0.01333244 0.01548061 -0.02130808
v 0.01332878 0.01562189 -0.02139731
v 0.01332422 0.01574633 -0.02150877
v 0.01331894 0.01584916 -0.02163748
v 0.01368439 0.01562189 -0.02145378
v 0.01365419 0.01574633 -0.02156119
v 0.01361932 0.01584916 -0.02168520
v 0.01402051 0.01562189 -0.02159266
v 0.01396635 0.01574633 -0.02169023
v 0.01390373 0.01584916 -0.02180280
v 0.01431327 0.01562189 -0.02180461
v 0.01423773 0.01574633 -0.02188675
v 0.01415052 0.01584916 -0.02198155
v 0.01444818 0.01574633 -0.02212904
v 0.01434208 0.01584916 -0.02220215
v 0.01483655 0.01532862 -0.02229221
v 0.01487513 0.01548061 -0.02264578
v 0.01481297 0.01562189 -0.02291874
v 0.01468400 0.01574633 -0.02316783
v 0.01450089 0.01584916 -0.02337123
v 0.01447306 0.01584916 -0.02244295
v 0.01493787 0.01532862 -0.02263416
v 0.01490226 0.01548061 -0.02291731
v 0.01479421 0.01562189 -0.02318527
v 0.01462264 0.01574633 -0.02341334
v 0.01440608 0.01584916 -0.02358250
v 0.01496605 0.01532862 -0.02291627
v 0.01488241 0.01548061 -0.02319918
v 0.01472808 0.01562189 -0.02344985
v 0.01451848 0.01574633 -0.02364544
v 0.01427701 0.01584916 -0.02377187
v 0.01494543 0.01532862 -0.02320914
v 0.01481247 0.01548061 -0.02347906
v 0.01461583 0.01562189 -0.02369995
v 0.01437669 0.01574633 -0.02385346
v 0.01412123 0.01584916 -0.02393199
v 0.01487276 0.01532862 -0.02349992
v 0.01469374 0.01548061 -0.02374358
v 0.01446302 0.01562189 -0.02392416
v 0.01420556 0.01574633 -0.02402939
v 0.01474941 0.01532862 -0.02377479
v 0.01453212 0.01548061 -0.02398072
v 0.01427860 0.01562189 -0.02411373
v 0.01458148 0.01532862 -0.02402113
v 0.01433706 0.01548061 -0.02418123
v 0.01437882 0.01532862 -0.02422948
v 0.01247514 0.01592758 -0.02380289
v 0.01230408 0.01592758 -0.02360593
v 0.01238041 0.01584916 -0.02390586
v 0.01218884 0.01584916 -0.02368529
v 0.01229319 0.01574633 -0.02400069
v 0.01208274 0.01574633 -0.02375836
v 0.01221765 0.01562189 -0.02408279
v 0.01199086 0.01562189 -0.02382166
v 0.01215720 0.01548061 -0.02414851
v 0.01191732 0.01548061 -0.02387233
v 0.01211401 0.01532862 -0.02419548
v 0.01186477 0.01532862 -0.02390851
v 0.01208876 0.01517260 -0.02422292
v 0.01183406 0.01517260 -0.02392967
v 0.01193295 0.01501885 -0.02407814
v 0.01175525 0.01501885 -0.02382789
v 0.01269528 0.01592758 -0.02396236
v 0.01262719 0.01584916 -0.02408461
v 0.01256457 0.01574633 -0.02419720
v 0.01251042 0.01562189 -0.02429475
v 0.01246718 0.01548061 -0.02437289
v 0.01243639 0.01532862 -0.02442877
v 0.01241855 0.01517260 -0.02446152
v 0.01215541 0.01501885 -0.02429659
v 0.01241310 0.01501885 -0.02447210
v 0.01269323 0.01501885 -0.02459751
v 0.01279500 0.01517260 -0.02461694
v 0.01298174 0.01501885 -0.02467055
v 0.01319435 0.01517260 -0.02468036
v 0.01358179 0.01517260 -0.02465279
v 0.01294948 0.01592758 -0.02406750
v 0.01321770 0.01592758 -0.02411012
v 0.01347792 0.01592758 -0.02409158
v 0.01350339 0.01584916 -0.02422918
v 0.01352683 0.01574633 -0.02435587
v 0.01354714 0.01562189 -0.02446557
v 0.01356339 0.01548061 -0.02455337
v 0.01357501 0.01532862 -0.02461611
v 0.01165992 0.01517260 -0.02360950
v 0.01162727 0.01501885 -0.02355920
v 0.01155638 0.01517260 -0.02326004
v 0.01154916 0.01501885 -0.02328546
v 0.01151646 0.01501885 -0.02300267
v 0.01152758 0.01517260 -0.02297176
v 0.01153176 0.01501885 -0.02270545
v 0.01154865 0.01517260 -0.02267246
v 0.01160004 0.01501885 -0.02240623
v 0.01162292 0.01517260 -0.02237533
v 0.01172185 0.01501885 -0.02211924
v 0.01174897 0.01517260 -0.02209444
v 0.01189267 0.01501885 -0.02185838
v 0.01192058 0.01517260 -0.02184267
v 0.01210339 0.01501885 -0.02163525
v 0.01212769 0.01517260 -0.02162976
v 0.01234191 0.01501885 -0.02145727
v 0.01235815 0.01517260 -0.02146120
v 0.01237762 0.01532862 -0.02149303
v 0.01241092 0.01548061 -0.02154745
v 0.01245753 0.01562189 -0.02162359
v 0.01251578 0.01574633 -0.02171878
v 0.01258303 0.01584916 -0.02182866
v 0.01265608 0.01592758 -0.02194802
v 0.01250129 0.01592758 -0.02206121
v 0.01240969 0.01584916 -0.02195541
v 0.01232536 0.01574633 -0.02185805
v 0.01225232 0.01562189 -0.02177368
v 0.01219387 0.01548061 -0.02170618
v 0.01215210 0.01532862 -0.02165796
v 0.01236219 0.01592758 -0.02220420
v 0.01224693 0.01592758 -0.02237330
v 0.01216227 0.01592758 -0.02256195
v 0.01211239 0.01592758 -0.02276154
v 0.01209824 0.01592758 -0.02296255
v 0.01211758 0.01592758 -0.02315618
v 0.01218712 0.01592758 -0.02339087
v 0.01169438 0.01532862 -0.02359520
v 0.01159305 0.01532862 -0.02325325
v 0.01156487 0.01532862 -0.02297117
v 0.01158549 0.01532862 -0.02267827
v 0.01165817 0.01532862 -0.02238752
v 0.01178151 0.01532862 -0.02211265
v 0.01194944 0.01532862 -0.02186627
v 0.01175331 0.01548061 -0.02357076
v 0.01165579 0.01548061 -0.02324165
v 0.01162867 0.01548061 -0.02297012
v 0.01164851 0.01548061 -0.02268822
v 0.01171846 0.01548061 -0.02240838
v 0.01183718 0.01548061 -0.02214382
v 0.01199881 0.01548061 -0.02190672
v 0.01183579 0.01562189 -0.02353658
v 0.01174360 0.01562189 -0.02322538
v 0.01171795 0.01562189 -0.02296869
v 0.01173671 0.01562189 -0.02270217
v 0.01180284 0.01562189 -0.02243759
v 0.01191509 0.01562189 -0.02218745
v 0.01206790 0.01562189 -0.02196328
v 0.01193886 0.01574633 -0.02349381
v 0.01185331 0.01574633 -0.02320508
v 0.01182951 0.01574633 -0.02296687
v 0.01184692 0.01574633 -0.02271958
v 0.01190829 0.01574633 -0.02247406
v 0.01201244 0.01574633 -0.02224199
v 0.01215424 0.01574633 -0.02203394
v 0.01205786 0.01584916 -0.02344449
v 0.01197999 0.01584916 -0.02318163
v 0.01195832 0.01584916 -0.02296482
v 0.01197417 0.01584916 -0.02273969
v 0.01203003 0.01584916 -0.02251620
v 0.01212484 0.01584916 -0.02230494
v 0.01225391 0.01584916 -0.02211557
v 0.01291161 0.01584916 -0.02420221
v 0.01287673 0.01574633 -0.02432625
v 0.01284653 0.01562189 -0.02443366
v 0.01282236 0.01548061 -0.02451961
v 0.01280509 0.01532862 -0.02458103
v 0.01321198 0.01584916 -0.02424992
v 0.01320671 0.01574633 -0.02437864
v 0.01320214 0.01562189 -0.02449013
v 0.01319849 0.01548061 -0.02457936
v 0.01319588 0.01532862 -0.02464311
v 0.01299337 0.01492096 -0.02467243
v 0.01298174 0.01482308 -0.02467055
v 0.01271403 0.01492096 -0.02460457
v 0.01269323 0.01482308 -0.02459751
v 0.01243930 0.01492096 -0.02448644
v 0.01241310 0.01482308 -0.02447210
v 0.01218260 0.01492096 -0.02431844
v 0.01215541 0.01482308 -0.02429659
v 0.01195703 0.01492096 -0.02410583
v 0.01193295 0.01482308 -0.02407814
v 0.01177336 0.01492096 -0.02385811
v 0.01175525 0.01482308 -0.02382789
v 0.01163833 0.01492096 -0.02358787
v 0.01162727 0.01482308 -0.02355920
v 0.01155394 0.01492096 -0.02330865
v 0.01154916 0.01482308 -0.02328546
v 0.01151646 0.01482308 -0.02300267
v 0.01151546 0.01492096 -0.02294372
v 0.01153176 0.01482308 -0.02270545
v 0.01155394 0.01492096 -0.02257879
v 0.01160004 0.01482308 -0.02240623
v 0.01167772 0.01492096 -0.02220781
v 0.01172185 0.01482308 -0.02211924
v 0.01189267 0.01492096 -0.02185838
v 0.01189267 0.01482308 -0.02185838
v 0.01210339 0.01482308 -0.02163525
v 0.01218260 0.01492096 -0.02156897
v 0.01234191 0.01482308 -0.02145727
v 0.01252955 0.01492096 -0.02135597
v 0.01259513 0.01482308 -0.02132718
v 0.01290053 0.01492096 -0.02123217
v 0.01292371 0.01482308 -0.02122740
v -0.01060996 0.01547307 0.00662448
v -0.01101640 0.01547307 0.00645592
v -0.01094704 0.01547307 0.00743734
v -0.01135348 0.01547307 0.00726880
v -0.01123453 0.01547307 0.00755631
v -0.01152202 0.01547307 0.00767525
v -0.01111558 0.01547307 0.00784378
v -0.01145267 0.01547307 0.00865667
v -0.01185911 0.01547307 0.00848814
v -0.01216637 0.01547307 0.00693171
v -0.01233490 0.01547307 0.00733815
v -0.01030270 0.01547307 0.00818087
v -0.01013416 0.01547307 0.00777443
v -0.01060996 0.01594716 0.00662448
v -0.01077850 0.01579161 0.00703089
v -0.01094704 0.01611015 0.00743734
v -0.01064874 0.01598093 0.00671800
v -0.01053967 0.01598093 0.00680591
v -0.01055405 0.01604579 0.00722371
v -0.01022769 0.01598093 0.00773566
v -0.01021262 0.01598093 0.00759636
v -0.01021717 0.01598093 0.00745200
v -0.01024274 0.01598093 0.00730677
v -0.01028953 0.01598093 0.00716530
v -0.01035639 0.01598093 0.00703211
v -0.01044090 0.01598093 0.00691126
v -0.01054060 0.01579161 0.00760590
v -0.01013416 0.01594716 0.00777443
v -0.01017694 0.01595359 0.00787758
v -0.01021843 0.01571433 0.00797765
v -0.01030270 0.01594716 0.00818087
v -0.01025993 0.01595359 0.00807773
v -0.01021843 0.01595558 0.00797765
v -0.01070914 0.01579161 0.00801231
v -0.01111559 0.01611015 0.00784378
v -0.01039623 0.01598093 0.00814207
v -0.01090567 0.01604530 0.00824128
v -0.01058952 0.01598093 0.00834994
v -0.01048415 0.01598093 0.00825115
v -0.01141388 0.01598093 0.00856315
v -0.01127460 0.01598093 0.00857820
v -0.01113025 0.01598093 0.00857367
v -0.01098503 0.01598093 0.00854810
v -0.01084354 0.01598093 0.00850131
v -0.01071035 0.01598093 0.00843443
v -0.01128413 0.01579161 0.00825022
v -0.01145267 0.01594716 0.00865667
v -0.01081318 0.01595558 0.00654020
v -0.01101640 0.01594716 0.00645592
v -0.01081318 0.01571433 0.00654020
v -0.01165589 0.01595558 0.00857239
v -0.01165589 0.01571433 0.00857239
v -0.01185911 0.01594716 0.00848814
v -0.01169057 0.01579161 0.00808169
v -0.01152203 0.01611015 0.00767525
v -0.01182032 0.01598093 0.00839459
v -0.01192940 0.01598093 0.00830667
v -0.01191502 0.01604579 0.00788887
v -0.01224138 0.01598093 0.00737696
v -0.01225644 0.01598093 0.00751622
v -0.01225190 0.01598093 0.00766058
v -0.01222633 0.01598093 0.00780581
v -0.01217954 0.01598093 0.00794728
v -0.01211268 0.01598093 0.00808047
v -0.01202817 0.01598093 0.00820132
v -0.01192847 0.01579161 0.00750672
v -0.01233490 0.01594716 0.00733815
v -0.01229213 0.01595359 0.00723501
v -0.01225064 0.01571433 0.00713493
v -0.01216637 0.01594716 0.00693171
v -0.01220914 0.01595359 0.00703488
v -0.01225064 0.01595558 0.00713493
v -0.01175992 0.01579161 0.00710027
v -0.01135348 0.01611015 0.00726880
v -0.01207284 0.01598093 0.00697051
v -0.01198492 0.01598093 0.00686144
v -0.01156340 0.01604530 0.00687130
v -0.01105518 0.01598093 0.00654943
v -0.01119447 0.01598093 0.00653438
v -0.01133882 0.01598093 0.00653894
v -0.01148404 0.01598093 0.00656451
v -0.01162553 0.01598093 0.00661130
v -0.01175871 0.01598093 0.00667815
v -0.01187955 0.01598093 0.00676267
v -0.01118494 0.01579161 0.00686236
v -0.01144699 0.01592757 0.00870417
v -0.01170650 0.01589493 0.00869446
v -0.01147246 0.01584914 0.00884177
v -0.01175478 0.01581265 0.00881086
v -0.01149591 0.01574631 0.00896843
v -0.01179873 0.01570977 0.00891687
v -0.01151621 0.01562187 0.00907816
v -0.01183653 0.01558892 0.00900801
v -0.01153246 0.01548059 0.00916596
v -0.01186666 0.01545420 0.00908067
v -0.01154408 0.01532860 0.00922869
v -0.01188819 0.01531069 0.00913261
v -0.01155087 0.01517259 0.00926538
v -0.01190082 0.01516384 0.00916307
v -0.01157628 0.01501884 0.00927259
v -0.01190487 0.01501884 0.00917281
v -0.01116342 0.01517259 0.00929295
v -0.01116495 0.01532860 0.00925569
v -0.01077417 0.01532860 0.00919362
v -0.01079143 0.01548059 0.00913219
v -0.01040547 0.01532860 0.00904136
v -0.01043625 0.01548059 0.00898548
v -0.01008308 0.01532860 0.00880806
v -0.01012627 0.01548059 0.00876109
v -0.00988639 0.01548059 0.00848489
v -0.00995993 0.01562187 0.00843425
v -0.00980487 0.01562187 0.00814913
v -0.00990793 0.01574631 0.00810640
v -0.00982238 0.01574631 0.00781767
v -0.00994906 0.01584914 0.00779422
v -0.00992739 0.01584914 0.00757738
v -0.01006731 0.01592757 0.00757514
v -0.01008146 0.01592757 0.00737409
v -0.01013134 0.01592757 0.00717454
v -0.01021601 0.01592757 0.00698589
v -0.01033126 0.01592757 0.00681679
v -0.01047036 0.01592757 0.00667380
v -0.01062515 0.01592757 0.00656058
v -0.01076257 0.01589493 0.00641813
v -0.01055210 0.01584914 0.00644125
v -0.01071429 0.01581265 0.00630172
v -0.01048485 0.01574631 0.00633137
v -0.01067034 0.01570976 0.00619571
v -0.01042661 0.01562187 0.00623618
v -0.01063254 0.01558892 0.00610458
v -0.01038000 0.01548059 0.00616004
v -0.01060241 0.01545420 0.00603192
v -0.01034669 0.01532860 0.00610562
v -0.01058088 0.01531069 0.00598000
v -0.01032722 0.01517259 0.00607379
v -0.01056825 0.01516384 0.00594954
v -0.01076407 0.01517259 0.00922953
v -0.01038762 0.01517259 0.00907411
v -0.01005783 0.01517259 0.00883551
v -0.00983385 0.01532860 0.00852110
v -0.00972238 0.01548059 0.00818335
v -0.00971267 0.01562187 0.00783797
v -0.00979859 0.01574631 0.00757946
v -0.00994324 0.01584914 0.00735228
v -0.00980313 0.01517259 0.00854226
v -0.00962899 0.01517259 0.00822206
v -0.00952545 0.01517259 0.00787263
v -0.00949665 0.01517259 0.00758435
v -0.00951772 0.01517259 0.00728505
v -0.00959199 0.01517259 0.00698789
v -0.00971804 0.01517259 0.00670700
v -0.00988965 0.01517259 0.00645523
v -0.01009676 0.01517259 0.00624232
v -0.01008665 0.01592757 0.00776877
v -0.01015620 0.01592757 0.00800346
v -0.01027315 0.01592757 0.00821848
v -0.01044422 0.01592757 0.00841545
v -0.01066435 0.01592757 0.00857495
v -0.01091855 0.01592757 0.00868009
v -0.01118677 0.01592757 0.00872268
v -0.01116756 0.01548059 0.00919195
v -0.01117121 0.01562187 0.00910272
v -0.01117578 0.01574631 0.00899123
v -0.01118105 0.01584914 0.00886251
v -0.01081561 0.01562187 0.00904624
v -0.01084581 0.01574631 0.00893881
v -0.01088068 0.01584914 0.00881480
v -0.01047949 0.01562187 0.00890733
v -0.01053364 0.01574631 0.00880979
v -0.01059626 0.01584914 0.00869720
v -0.01018673 0.01562187 0.00869538
v -0.01026226 0.01574631 0.00861325
v -0.01034948 0.01584914 0.00851844
v -0.01005182 0.01574631 0.00837095
v -0.01015791 0.01584914 0.00829788
v -0.00966345 0.01532860 0.00820778
v -0.00962486 0.01548059 0.00785424
v -0.00968702 0.01562187 0.00758128
v -0.00981600 0.01574631 0.00733216
v -0.00999910 0.01584914 0.00712879
v -0.01002693 0.01584914 0.00805704
v -0.00956213 0.01532860 0.00786583
v -0.00959774 0.01548059 0.00758271
v -0.00970578 0.01562187 0.00731476
v -0.00987736 0.01574631 0.00708665
v -0.01009391 0.01584914 0.00691752
v -0.00953394 0.01532860 0.00758372
v -0.00961758 0.01548059 0.00730081
v -0.00977192 0.01562187 0.00705017
v -0.00998151 0.01574631 0.00685455
v -0.01022299 0.01584914 0.00672813
v -0.00955456 0.01532860 0.00729086
v -0.00968753 0.01548059 0.00702097
v -0.00988416 0.01562187 0.00680004
v -0.01012331 0.01574631 0.00664653
v -0.01037876 0.01584914 0.00656800
v -0.00962724 0.01532860 0.00700011
v -0.00980625 0.01548059 0.00675641
v -0.01003697 0.01562187 0.00657584
v -0.01029443 0.01574631 0.00647061
v -0.00975059 0.01532860 0.00672524
v -0.00996788 0.01548059 0.00651927
v -0.01022139 0.01562187 0.00638627
v -0.00991851 0.01532860 0.00647886
v -0.01016294 0.01548059 0.00631876
v -0.01012117 0.01532860 0.00627051
v -0.01202485 0.01592757 0.00669714
v -0.01219592 0.01592757 0.00689410
v -0.01211959 0.01584914 0.00659414
v -0.01231116 0.01584914 0.00681471
v -0.01220680 0.01574631 0.00649934
v -0.01241725 0.01574631 0.00674163
v -0.01228234 0.01562187 0.00641720
v -0.01250914 0.01562187 0.00667833
v -0.01234279 0.01548059 0.00635149
v -0.01258268 0.01548059 0.00662770
v -0.01238599 0.01532860 0.00630452
v -0.01263522 0.01532860 0.00659149
v -0.01241124 0.01517259 0.00627707
v -0.01266594 0.01517259 0.00657033
v -0.01256705 0.01501884 0.00642188
v -0.01274474 0.01501884 0.00667210
v -0.01180471 0.01592757 0.00653763
v -0.01187281 0.01584914 0.00641538
v -0.01193542 0.01574631 0.00630279
v -0.01198958 0.01562187 0.00620525
v -0.01203282 0.01548059 0.00612711
v -0.01206360 0.01532860 0.00607123
v -0.01208144 0.01517259 0.00603847
v -0.01234459 0.01501884 0.00620343
v -0.01208690 0.01501884 0.00602789
v -0.01180677 0.01501884 0.00590249
v -0.01170500 0.01517259 0.00588305
v -0.01151826 0.01501884 0.00582944
v -0.01130564 0.01517259 0.00581964
v -0.01091820 0.01517259 0.00584720
v -0.01155051 0.01592757 0.00643249
v -0.01128229 0.01592757 0.00638990
v -0.01102208 0.01592757 0.00640841
v -0.01099661 0.01584914 0.00627081
v -0.01097316 0.01574631 0.00614415
v -0.01095285 0.01562187 0.00603442
v -0.01093660 0.01548059 0.00594662
v -0.01092499 0.01532860 0.00588389
v -0.01284008 0.01517259 0.00689052
v -0.01287273 0.01501884 0.00694080
v -0.01294362 0.01517259 0.00723995
v -0.01295084 0.01501884 0.00721453
v -0.01298354 0.01501884 0.00749733
v -0.01297242 0.01517259 0.00752826
v -0.01296824 0.01501884 0.00779455
v -0.01295135 0.01517259 0.00782757
v -0.01289995 0.01501884 0.00809376
v -0.01287708 0.01517259 0.00812470
v -0.01277814 0.01501884 0.00838079
v -0.01275103 0.01517259 0.00840558
v -0.01260733 0.01501884 0.00864162
v -0.01257941 0.01517259 0.00865735
v -0.01239661 0.01501884 0.00886475
v -0.01237231 0.01517259 0.00887026
v -0.01215809 0.01501884 0.00904276
v -0.01214185 0.01517259 0.00903879
v -0.01212238 0.01532860 0.00900699
v -0.01208907 0.01548059 0.00895257
v -0.01204246 0.01562187 0.00887640
v -0.01198422 0.01574631 0.00878124
v -0.01191697 0.01584914 0.00867136
v -0.01184392 0.01592757 0.00855200
v -0.01199870 0.01592757 0.00843878
v -0.01209030 0.01584914 0.00854458
v -0.01217464 0.01574631 0.00864198
v -0.01224768 0.01562187 0.00872632
v -0.01230613 0.01548059 0.00879382
v -0.01234789 0.01532860 0.00884207
v -0.01213780 0.01592757 0.00829579
v -0.01225306 0.01592757 0.00812669
v -0.01233772 0.01592757 0.00793804
v -0.01238760 0.01592757 0.00773849
v -0.01240176 0.01592757 0.00753747
v -0.01238241 0.01592757 0.00734385
v -0.01231287 0.01592757 0.00710912
v -0.01280562 0.01532860 0.00690480
v -0.01290694 0.01532860 0.00724675
v -0.01293513 0.01532860 0.00752886
v -0.01291450 0.01532860 0.00782173
v -0.01284183 0.01532860 0.00811251
v -0.01271848 0.01532860 0.00838734
v -0.01255056 0.01532860 0.00863372
v -0.01274669 0.01548059 0.00692924
v -0.01284420 0.01548059 0.00725837
v -0.01287133 0.01548059 0.00752987
v -0.01285148 0.01548059 0.00781177
v -0.01278154 0.01548059 0.00809162
v -0.01266281 0.01548059 0.00835617
v -0.01250119 0.01548059 0.00859331
v -0.01266420 0.01562187 0.00696345
v -0.01275640 0.01562187 0.00727461
v -0.01278205 0.01562187 0.00753133
v -0.01276328 0.01562187 0.00779782
v -0.01269715 0.01562187 0.00806244
v -0.01258491 0.01562187 0.00831254
v -0.01243209 0.01562187 0.00853674
v -0.01256113 0.01574631 0.00700619
v -0.01264668 0.01574631 0.00729491
v -0.01267048 0.01574631 0.00753312
v -0.01265307 0.01574631 0.00778042
v -0.01259171 0.01574631 0.00802593
v -0.01248755 0.01574631 0.00825803
v -0.01234576 0.01574631 0.00846605
v -0.01244213 0.01584914 0.00705554
v -0.01252001 0.01584914 0.00731836
v -0.01254167 0.01584914 0.00753521
v -0.01252582 0.01584914 0.00776033
v -0.01246996 0.01584914 0.00798382
v -0.01237515 0.01584914 0.00819509
v -0.01224608 0.01584914 0.00838445
v -0.01158839 0.01584914 0.00629778
v -0.01162326 0.01574631 0.00617378
v -0.01165346 0.01562187 0.00606637
v -0.01167763 0.01548059 0.00598039
v -0.01169490 0.01532860 0.00591897
v -0.01128802 0.01584914 0.00625007
v -0.01129329 0.01574631 0.00612135
v -0.01129786 0.01562187 0.00600986
v -0.01130151 0.01548059 0.00592067
v -0.01130412 0.01532860 0.00585692
v -0.01150663 0.01492095 0.00582756
v -0.01151826 0.01482308 0.00582944
v -0.01178597 0.01492095 0.00589545
v -0.01180677 0.01482308 0.00590249
v -0.01206069 0.01492095 0.00601359
v -0.01208690 0.01482308 0.00602789
v -0.01231740 0.01492095 0.00618155
v -0.01234459 0.01482308 0.00620343
v -0.01254297 0.01492095 0.00639419
v -0.01256705 0.01482308 0.00642188
v -0.01272663 0.01492095 0.00664188
v -0.01274474 0.01482308 0.00667210
v -0.01286166 0.01492095 0.00691213
v -0.01287273 0.01482308 0.00694080
v -0.01294606 0.01492095 0.00719135
v -0.01295084 0.01482308 0.00721453
v -0.01298354 0.01482308 0.00749733
v -0.01298453 0.01492095 0.00755631
v -0.01296824 0.01482308 0.00779455
v -0.01294606 0.01492095 0.00792124
v -0.01289995 0.01482308 0.00809376
v -0.01282228 0.01492095 0.00829221
v -0.01277814 0.01482308 0.00838079
v -0.01260733 0.01492095 0.00864162
v -0.01260733 0.01482308 0.00864162
v -0.01239661 0.01482308 0.00886475
v -0.01231740 0.01492095 0.00893103
v -0.01215809 0.01482308 0.00904276
v -0.01197044 0.01492095 0.00914402
v -0.01190487 0.01482308 0.00917281
v -0.01159947 0.01492095 0.00926782
v -0.01157628 0.01482308 0.00927259
v 0.01139004 0.01547308 0.00662445
v 0.01098360 0.01547308 0.00645592
v 0.01105296 0.01547308 0.00743734
v 0.01064652 0.01547308 0.00726880
v 0.01076547 0.01547308 0.00755628
v 0.01047798 0.01547308 0.00767525
v 0.01088442 0.01547308 0.00784378
v 0.01054734 0.01547308 0.00865667
v 0.01014089 0.01547308 0.00848814
v 0.00983364 0.01547308 0.00693171
v 0.00966510 0.01547308 0.00733815
v 0.01169730 0.01547308 0.00818087
v 0.01186584 0.01547308 0.00777443
v 0.01139004 0.01594716 0.00662445
v 0.01122150 0.01579161 0.00703089
v 0.01105296 0.01611015 0.00743734
v 0.01135126 0.01598094 0.00671800
v 0.01146033 0.01598094 0.00680591
v 0.01144595 0.01604579 0.00722371
v 0.01177232 0.01598094 0.00773563
v 0.01178738 0.01598094 0.00759636
v 0.01178283 0.01598094 0.00745200
v 0.01175726 0.01598094 0.00730677
v 0.01171047 0.01598094 0.00716530
v 0.01164361 0.01598094 0.00703211
v 0.01155910 0.01598094 0.00691126
v 0.01145940 0.01579161 0.00760587
v 0.01186584 0.01594716 0.00777443
v 0.01182307 0.01595359 0.00787758
v 0.01178157 0.01571433 0.00797765
v 0.01169730 0.01594716 0.00818087
v 0.01174007 0.01595359 0.00807770
v 0.01178157 0.01595560 0.00797765
v 0.01129086 0.01579161 0.00801231
v 0.01088442 0.01611015 0.00784378
v 0.01160377 0.01598094 0.00814207
v 0.01109434 0.01604530 0.00824128
v 0.01141049 0.01598094 0.00834991
v 0.01151585 0.01598094 0.00825115
v 0.01058612 0.01598094 0.00856315
v 0.01072540 0.01598094 0.00857820
v 0.01086975 0.01598094 0.00857367
v 0.01101498 0.01598094 0.00854810
v 0.01115646 0.01598094 0.00850131
v 0.01128964 0.01598094 0.00843443
v 0.01071588 0.01579161 0.00825022
v 0.01054734 0.01594716 0.00865667
v 0.01118682 0.01595560 0.00654020
v 0.01098360 0.01594716 0.00645592
v 0.01118682 0.01571433 0.00654020
v 0.01034411 0.01595560 0.00857239
v 0.01034411 0.01571433 0.00857239
v 0.01014089 0.01594716 0.00848814
v 0.01030944 0.01579161 0.00808169
v 0.01047798 0.01611015 0.00767525
v 0.01017968 0.01598094 0.00839459
v 0.01007060 0.01598094 0.00830667
v 0.01008498 0.01604579 0.00788887
v 0.00975862 0.01598094 0.00737693
v 0.00974356 0.01598094 0.00751622
v 0.00974810 0.01598094 0.00766058
v 0.00977368 0.01598094 0.00780581
v 0.00982046 0.01598094 0.00794728
v 0.00988732 0.01598094 0.00808047
v 0.00997183 0.01598094 0.00820132
v 0.01007153 0.01579161 0.00750669
v 0.00966510 0.01594716 0.00733815
v 0.00970787 0.01595359 0.00723501
v 0.00974936 0.01571433 0.00713493
v 0.00983364 0.01594716 0.00693171
v 0.00979086 0.01595359 0.00703485
v 0.00974936 0.01595560 0.00713493
v 0.01024008 0.01579161 0.00710027
v 0.01064652 0.01611015 0.00726880
v 0.00992716 0.01598094 0.00697051
v 0.01001509 0.01598094 0.00686144
v 0.01043660 0.01604530 0.00687130
v 0.01094482 0.01598094 0.00654943
v 0.01080553 0.01598094 0.00653438
v 0.01066118 0.01598094 0.00653891
v 0.01051596 0.01598094 0.00656448
v 0.01037447 0.01598094 0.00661127
v 0.01024129 0.01598094 0.00667815
v 0.01012045 0.01598094 0.00676264
v 0.01081506 0.01579161 0.00686236
v 0.01055301 0.01592758 0.00870417
v 0.01029350 0.01589495 0.00869446
v 0.01052754 0.01584914 0.00884177
v 0.01024523 0.01581267 0.00881086
v 0.01050409 0.01574631 0.00896843
v 0.01020126 0.01570977 0.00891687
v 0.01048379 0.01562187 0.00907816
v 0.01016347 0.01558894 0.00900801
v 0.01046754 0.01548059 0.00916596
v 0.01013334 0.01545420 0.00908067
v 0.01045593 0.01532862 0.00922869
v 0.01011181 0.01531070 0.00913261
v 0.01044914 0.01517260 0.00926538
v 0.01009918 0.01516384 0.00916304
v 0.01042372 0.01501884 0.00927259
v 0.01009513 0.01501884 0.00917281
v 0.01083658 0.01517260 0.00929295
v 0.01083505 0.01532862 0.00925566
v 0.01122583 0.01532862 0.00919362
v 0.01120857 0.01548059 0.00913219
v 0.01159454 0.01532862 0.00904136
v 0.01156375 0.01548059 0.00898548
v 0.01191692 0.01532862 0.00880806
v 0.01187373 0.01548059 0.00876109
v 0.01211361 0.01548059 0.00848489
v 0.01204007 0.01562187 0.00843425
v 0.01219514 0.01562187 0.00814913
v 0.01209207 0.01574631 0.00810640
v 0.01217762 0.01574631 0.00781767
v 0.01205095 0.01584914 0.00779422
v 0.01207261 0.01584914 0.00757738
v 0.01193269 0.01592758 0.00757511
v 0.01191854 0.01592758 0.00737409
v 0.01186866 0.01592758 0.00717454
v 0.01178400 0.01592758 0.00698589
v 0.01166874 0.01592758 0.00681679
v 0.01152964 0.01592758 0.00667380
v 0.01137485 0.01592758 0.00656058
v 0.01123743 0.01589495 0.00641813
v 0.01144790 0.01584914 0.00644122
v 0.01128571 0.01581267 0.00630172
v 0.01151515 0.01574631 0.00633134
v 0.01132967 0.01570977 0.00619571
v 0.01157339 0.01562187 0.00623618
v 0.01136746 0.01558892 0.00610458
v 0.01162000 0.01548059 0.00616004
v 0.01139759 0.01545420 0.00603192
v 0.01165331 0.01532862 0.00610559
v 0.01141912 0.01531070 0.00597997
v 0.01167278 0.01517260 0.00607379
v 0.01143175 0.01516384 0.00594951
v 0.01123593 0.01517260 0.00922953
v 0.01161237 0.01517260 0.00907411
v 0.01194217 0.01517260 0.00883551
v 0.01216616 0.01532862 0.00852110
v 0.01227762 0.01548059 0.00818335
v 0.01228733 0.01562187 0.00783797
v 0.01220142 0.01574631 0.00757946
v 0.01205676 0.01584914 0.00735225
v 0.01219687 0.01517260 0.00854226
v 0.01237101 0.01517260 0.00822206
v 0.01247455 0.01517260 0.00787263
v 0.01250335 0.01517260 0.00758432
v 0.01248228 0.01517260 0.00728505
v 0.01240801 0.01517260 0.00698789
v 0.01228196 0.01517260 0.00670700
v 0.01211035 0.01517260 0.00645523
v 0.01190324 0.01517260 0.00624232
v 0.01191335 0.01592758 0.00776874
v 0.01184380 0.01592758 0.00800346
v 0.01172685 0.01592758 0.00821848
v 0.01155579 0.01592758 0.00841545
v 0.01133565 0.01592758 0.00857495
v 0.01108145 0.01592758 0.00868009
v 0.01081323 0.01592758 0.00872268
v 0.01083244 0.01548059 0.00919192
v 0.01082879 0.01562187 0.00910272
v 0.01082422 0.01574631 0.00899123
v 0.01081895 0.01584914 0.00886251
v 0.01118440 0.01562187 0.00904621
v 0.01115419 0.01574631 0.00893881
v 0.01111932 0.01584914 0.00881480
v 0.01152051 0.01562187 0.00890733
v 0.01146636 0.01574631 0.00880979
v 0.01140374 0.01584914 0.00869720
v 0.01181328 0.01562187 0.00869538
v 0.01173774 0.01574631 0.00861325
v 0.01165052 0.01584914 0.00851844
v 0.01194818 0.01574631 0.00837095
v 0.01184209 0.01584914 0.00829788
v 0.01233656 0.01532862 0.00820778
v 0.01237513 0.01548059 0.00785421
v 0.01231298 0.01562187 0.00758125
v 0.01218401 0.01574631 0.00733216
v 0.01200090 0.01584914 0.00712876
v 0.01197306 0.01584914 0.00805704
v 0.01243788 0.01532862 0.00786583
v 0.01240226 0.01548059 0.00758271
v 0.01229422 0.01562187 0.00731476
v 0.01212264 0.01574631 0.00708665
v 0.01190609 0.01584914 0.00691749
v 0.01246606 0.01532862 0.00758372
v 0.01238242 0.01548059 0.00730081
v 0.01222808 0.01562187 0.00705014
v 0.01201849 0.01574631 0.00685455
v 0.01177701 0.01584914 0.00672813
v 0.01244544 0.01532862 0.00729086
v 0.01231247 0.01548059 0.00702097
v 0.01211584 0.01562187 0.00680004
v 0.01187669 0.01574631 0.00664653
v 0.01162124 0.01584914 0.00656800
v 0.01237277 0.01532862 0.00700011
v 0.01219375 0.01548059 0.00675641
v 0.01196303 0.01562187 0.00657584
v 0.01170557 0.01574631 0.00647061
v 0.01224941 0.01532862 0.00672524
v 0.01203212 0.01548059 0.00651927
v 0.01177861 0.01562187 0.00638627
v 0.01208149 0.01532862 0.00647886
v 0.01183706 0.01548059 0.00631876
v 0.01187883 0.01532862 0.00627051
v 0.00997515 0.01592758 0.00669714
v 0.00980408 0.01592758 0.00689410
v 0.00988041 0.01584914 0.00659414
v 0.00968884 0.01584914 0.00681471
v 0.00979320 0.01574631 0.00649934
v 0.00958275 0.01574631 0.00674163
v 0.00971766 0.01562187 0.00641720
v 0.00949086 0.01562187 0.00667833
v 0.00965721 0.01548059 0.00635149
v 0.00941733 0.01548059 0.00662770
v 0.00961401 0.01532862 0.00630452
v 0.00936478 0.01532862 0.00659149
v 0.00958876 0.01517260 0.00627707
v 0.00933406 0.01517260 0.00657033
v 0.00943295 0.01501884 0.00642188
v 0.00925526 0.01501884 0.00667210
v 0.01019529 0.01592758 0.00653763
v 0.01012719 0.01584914 0.00641538
v 0.01006458 0.01574631 0.00630279
v 0.01001043 0.01562187 0.00620525
v 0.00996718 0.01548059 0.00612711
v 0.00993640 0.01532862 0.00607123
v 0.00991856 0.01517260 0.00603847
v 0.00965541 0.01501884 0.00620340
v 0.00991311 0.01501884 0.00602789
v 0.01019323 0.01501884 0.00590249
v 0.01029500 0.01517260 0.00588305
v 0.01048174 0.01501884 0.00582944
v 0.01069436 0.01517260 0.00581964
v 0.01108180 0.01517260 0.00584720
v 0.01044949 0.01592758 0.00643249
v 0.01071771 0.01592758 0.00638990
v 0.01097793 0.01592758 0.00640841
v 0.01100339 0.01584914 0.00627081
v 0.01102684 0.01574631 0.00614415
v 0.01104715 0.01562187 0.00603442
v 0.01106340 0.01548059 0.00594662
v 0.01107501 0.01532862 0.00588389
v 0.00915993 0.01517260 0.00689052
v 0.00912727 0.01501884 0.00694080
v 0.00905639 0.01517260 0.00723995
v 0.00904916 0.01501884 0.00721453
v 0.00901646 0.01501884 0.00749733
v 0.00902759 0.01517260 0.00752823
v 0.00903176 0.01501884 0.00779455
v 0.00904866 0.01517260 0.00782754
v 0.00910005 0.01501884 0.00809376
v 0.00912292 0.01517260 0.00812470
v 0.00922186 0.01501884 0.00838079
v 0.00924898 0.01517260 0.00840558
v 0.00939267 0.01501884 0.00864162
v 0.00942058 0.01517260 0.00865735
v 0.00960339 0.01501884 0.00886475
v 0.00962769 0.01517260 0.00887026
v 0.00984192 0.01501884 0.00904276
v 0.00985815 0.01517260 0.00903879
v 0.00987762 0.01532862 0.00900696
v 0.00991093 0.01548059 0.00895255
v 0.00995754 0.01562187 0.00887640
v 0.01001579 0.01574631 0.00878121
v 0.01008303 0.01584914 0.00867133
v 0.01015608 0.01592758 0.00855200
v 0.01000130 0.01592758 0.00843878
v 0.00990970 0.01584914 0.00854458
v 0.00982537 0.01574631 0.00864198
v 0.00975233 0.01562187 0.00872632
v 0.00969387 0.01548059 0.00879382
v 0.00965211 0.01532862 0.00884207
v 0.00986220 0.01592758 0.00829579
v 0.00974694 0.01592758 0.00812669
v 0.00966227 0.01592758 0.00793804
v 0.00961240 0.01592758 0.00773849
v 0.00959824 0.01592758 0.00753744
v 0.00961759 0.01592758 0.00734382
v 0.00968713 0.01592758 0.00710912
v 0.00919438 0.01532862 0.00690480
v 0.00909306 0.01532862 0.00724675
v 0.00906488 0.01532862 0.00752886
v 0.00908550 0.01532862 0.00782173
v 0.00915817 0.01532862 0.00811248
v 0.00928152 0.01532862 0.00838734
v 0.00944944 0.01532862 0.00863372
v 0.00925332 0.01548059 0.00692924
v 0.00915580 0.01548059 0.00725837
v 0.00912867 0.01548059 0.00752987
v 0.00914852 0.01548059 0.00781177
v 0.00921847 0.01548059 0.00809162
v 0.00933719 0.01548059 0.00835617
v 0.00949882 0.01548059 0.00859331
v 0.00933580 0.01562187 0.00696345
v 0.00924360 0.01562187 0.00727461
v 0.00921796 0.01562187 0.00753133
v 0.00923672 0.01562187 0.00779782
v 0.00930285 0.01562187 0.00806241
v 0.00941510 0.01562187 0.00831254
v 0.00956791 0.01562187 0.00853674
v 0.00943887 0.01574631 0.00700619
v 0.00935332 0.01574631 0.00729491
v 0.00932952 0.01574631 0.00753312
v 0.00934693 0.01574631 0.00778042
v 0.00940830 0.01574631 0.00802593
v 0.00951245 0.01574631 0.00825803
v 0.00965424 0.01574631 0.00846605
v 0.00955787 0.01584914 0.00705554
v 0.00947999 0.01584914 0.00731836
v 0.00945833 0.01584914 0.00753521
v 0.00947418 0.01584914 0.00776030
v 0.00953004 0.01584914 0.00798379
v 0.00962485 0.01584914 0.00819506
v 0.00975392 0.01584914 0.00838445
v 0.01041161 0.01584914 0.00629778
v 0.01037674 0.01574631 0.00617378
v 0.01034654 0.01562187 0.00606634
v 0.01032237 0.01548059 0.00598039
v 0.01030510 0.01532862 0.00591897
v 0.01071198 0.01584914 0.00625007
v 0.01070671 0.01574631 0.00612135
v 0.01070215 0.01562187 0.00600986
v 0.01069849 0.01548059 0.00592067
v 0.01069588 0.01532862 0.00585689
v 0.01049338 0.01492096 0.00582756
v 0.01048174 0.01482308 0.00582944
v 0.01021403 0.01492096 0.00589545
v 0.01019323 0.01482308 0.00590249
v 0.00993931 0.01492096 0.00601359
v 0.00991311 0.01482308 0.00602789
v 0.00968260 0.01492096 0.00618155
v 0.00965541 0.01482308 0.00620340
v 0.00945703 0.01492096 0.00639416
v 0.00943295 0.01482308 0.00642188
v 0.00927337 0.01492096 0.00664188
v 0.00925526 0.01482308 0.00667210
v 0.00913834 0.01492096 0.00691213
v 0.00912727 0.01482308 0.00694080
v 0.00905394 0.01492096 0.00719135
v 0.00904916 0.01482308 0.00721453
v 0.00901646 0.01482308 0.00749733
v 0.00901547 0.01492096 0.00755628
v 0.00903176 0.01482308 0.00779455
v 0.00905394 0.01492096 0.00792124
v 0.00910005 0.01482308 0.00809376
v 0.00917772 0.01492096 0.00829221
v 0.00922186 0.01482308 0.00838079
v 0.00939267 0.01492096 0.00864162
v 0.00939267 0.01482308 0.00864162
v 0.00960339 0.01482308 0.00886475
v 0.00968260 0.01492096 0.00893103
v 0.00984192 0.01482308 0.00904276
v 0.01002956 0.01492096 0.00914402
v 0.01009513 0.01482308 0.00917281
v 0.01040053 0.01492096 0.00926782
v 0.01042372 0.01482308 0.00927259
v -0.01392560 0.01517308 -0.02897619
v -0.01421507 0.01564808 -0.02939103
v -0.01412104 0.01517308 -0.02891998
v -0.01430911 0.01517308 -0.02882255
v -0.01467818 0.01564808 -0.02914171
v -0.01447700 0.01517308 -0.02868618
v -0.01503480 0.01564808 -0.02874054
v -0.01461339 0.01517308 -0.02851827
v -0.01471082 0.01517308 -0.02833022
v -0.01522601 0.01564808 -0.02826173
v -0.01476701 0.01517308 -0.02813478
v -0.01525954 0.01564808 -0.02794371
v -0.01478454 0.01517308 -0.02794371
v -0.01476701 0.01517308 -0.02775265
v -0.01522601 0.01564808 -0.02762569
v -0.01471082 0.01517308 -0.02755721
v -0.01511815 0.01564808 -0.02730243
v -0.01461339 0.01517308 -0.02736912
v -0.01493253 0.01564808 -0.02700005
v -0.01447700 0.01517308 -0.02720125
v -0.01467818 0.01564808 -0.02674572
v -0.01430911 0.01517308 -0.02706487
v -0.01437583 0.01564808 -0.02656011
v -0.01412104 0.01517308 -0.02696742
v -0.01405256 0.01564808 -0.02645223
v -0.01392560 0.01517308 -0.02691124
v -0.01411568 0.01612307 -0.02598037
v -0.01411568 0.01612309 -0.02990706
v -0.01449459 0.01612309 -0.02979366
v -0.01484820 0.01612309 -0.02960495
v -0.01515520 0.01612309 -0.02935146
v -0.01540019 0.01612307 -0.02905078
v -0.01557927 0.01612307 -0.02871634
v -0.01569456 0.01612307 -0.02834160
v -0.01573454 0.01612307 -0.02794371
v -0.01569456 0.01612307 -0.02754579
v -0.01557927 0.01612307 -0.02717106
v -0.01540019 0.01612307 -0.02683662
v -0.01515520 0.01612307 -0.02653597
v -0.01484820 0.01612307 -0.02628244
v -0.01449459 0.01612307 -0.02609376
v -0.01404550 0.01622307 -0.02991940
v -0.01409847 0.01632307 -0.02991031
v -0.01436475 0.01622307 -0.02984182
v -0.01447073 0.01632307 -0.02980329
v -0.01467873 0.01622307 -0.02970682
v -0.01482896 0.01632307 -0.02961771
v -0.01497210 0.01622307 -0.02951483
v -0.01514876 0.01632307 -0.02935792
v -0.01522989 0.01622307 -0.02927182
v -0.01540853 0.01632307 -0.02903811
v -0.01543980 0.01622307 -0.02898873
v -0.01559412 0.01632307 -0.02867989
v -0.01559412 0.01622307 -0.02867989
v -0.01569057 0.01622307 -0.02836077
v -0.01573454 0.01622307 -0.02794371
v -0.01569057 0.01622307 -0.02752663
v -0.01554911 0.01622307 -0.02710266
v -0.01530567 0.01622307 -0.02670614
v -0.01497210 0.01622307 -0.02637256
v -0.01457558 0.01622307 -0.02612914
v -0.01415161 0.01622307 -0.02598767
v -0.01409847 0.01632307 -0.02597709
v -0.01570115 0.01632307 -0.02830763
v -0.01573454 0.01632307 -0.02794371
v -0.01570115 0.01632307 -0.02757977
v -0.01559412 0.01632307 -0.02720751
v -0.01540853 0.01632307 -0.02684928
v -0.01514876 0.01632307 -0.02652950
v -0.01482896 0.01632307 -0.02626972
v -0.01447073 0.01632307 -0.02608414
v 0.01290153 0.01482308 -0.02491031
v 0.01295450 0.01557308 -0.02491940
v 0.01290153 0.01632309 -0.02491031
v 0.01263525 0.01557308 -0.02484183
v 0.01252927 0.01632309 -0.02480329
v 0.01232128 0.01557308 -0.02470682
v 0.01217104 0.01632309 -0.02461771
v 0.01202790 0.01557308 -0.02451484
v 0.01185125 0.01632309 -0.02435793
v 0.01177011 0.01557308 -0.02427183
v 0.01159147 0.01632309 -0.02403812
v 0.01156021 0.01557308 -0.02398874
v 0.01140589 0.01632309 -0.02367990
v 0.01140589 0.01557308 -0.02367990
v 0.01130943 0.01557308 -0.02336077
v 0.01140589 0.01482308 -0.02367990
v 0.01129885 0.01482308 -0.02330763
v 0.01126546 0.01557308 -0.02294372
v 0.01126546 0.01482308 -0.02294372
v 0.01129885 0.01482308 -0.02257977
v 0.01130943 0.01557308 -0.02252663
v 0.01140589 0.01482308 -0.02220751
v 0.01145089 0.01557308 -0.02210267
v 0.01159147 0.01482308 -0.02184929
v 0.01169433 0.01557308 -0.02170615
v 0.01185125 0.01482308 -0.02152951
v 0.01202790 0.01557308 -0.02137257
v 0.01217104 0.01482308 -0.02126972
v 0.01242442 0.01557308 -0.02112914
v 0.01252927 0.01482308 -0.02108414
v 0.01284839 0.01557308 -0.02098767
v 0.01290154 0.01482308 -0.02097709
v 0.01290153 0.01632309 -0.02097709
v 0.01129885 0.01632309 -0.02330763
v 0.01126546 0.01632309 -0.02294372
v 0.01129885 0.01632309 -0.02257977
v 0.01140589 0.01632309 -0.02220751
v 0.01159147 0.01632309 -0.02184929
v 0.01185125 0.01632309 -0.02152951
v 0.01217104 0.01632309 -0.02126972
v 0.01252927 0.01632309 -0.02108414
v 0.01159147 0.01482308 -0.02403812
v 0.01185125 0.01482308 -0.02435793
v 0.01217104 0.01482308 -0.02461771
v 0.01252927 0.01482308 -0.02480329
v -0.01409846 0.01482308 -0.01191030
v -0.01404550 0.01557308 -0.01191939
v -0.01415069 0.01632307 -0.01189993
v -0.01436474 0.01557308 -0.01184182
v -0.01455741 0.01632307 -0.01176660
v -0.01467872 0.01557308 -0.01170681
v -0.01492645 0.01632307 -0.01154975
v -0.01497210 0.01557308 -0.01151483
v -0.01523454 0.01632307 -0.01126657
v -0.01522989 0.01557308 -0.01127185
v -0.01543702 0.01591812 -0.01099326
v -0.01543980 0.01557308 -0.01098876
v -0.01559661 0.01559894 -0.01067357
v -0.01559411 0.01557308 -0.01067988
v -0.01565576 0.01548062 -0.01049949
v -0.01559411 0.01482308 -0.01067988
v -0.01570115 0.01482308 -0.01030762
v -0.01569914 0.01539387 -0.01031832
v -0.01572563 0.01534089 -0.01013227
v -0.01573454 0.01482308 -0.00994371
v -0.01573454 0.01532307 -0.00994371
v -0.01572563 0.01534089 -0.00975515
v -0.01570115 0.01482308 -0.00957979
v -0.01569914 0.01539387 -0.00956909
v -0.01565576 0.01548062 -0.00938792
v -0.01559411 0.01482308 -0.00920753
v -0.01559661 0.01559894 -0.00921385
v -0.01554910 0.01557308 -0.00910266
v -0.01543702 0.01591812 -0.00889416
v -0.01530567 0.01557308 -0.00870614
v -0.01523454 0.01632307 -0.00862084
v -0.01497210 0.01557308 -0.00837259
v -0.01492645 0.01632307 -0.00833766
v -0.01457558 0.01557308 -0.00812913
v -0.01455741 0.01632307 -0.00812082
v -0.01415115 0.01557308 -0.00798757
v -0.01415069 0.01632307 -0.00798748
v -0.01409846 0.01482308 -0.00797708
v -0.01447073 0.01482308 -0.00808413
v -0.01482896 0.01482308 -0.00826971
v -0.01514875 0.01482308 -0.00852950
v -0.01540853 0.01482308 -0.00884928
v -0.01540853 0.01482308 -0.01103814
v -0.01514875 0.01482308 -0.01135792
v -0.01482896 0.01482308 -0.01161770
v -0.01447073 0.01482308 -0.01180328
v 0.01040154 0.01482308 0.00558968
v 0.01045451 0.01557308 0.00558062
v 0.01040154 0.01632307 0.00558968
v 0.01013526 0.01557308 0.00565817
v 0.01002927 0.01632307 0.00569670
v 0.00982128 0.01557308 0.00579320
v 0.00967105 0.01632307 0.00588231
v 0.00952791 0.01557308 0.00598516
v 0.00935125 0.01632307 0.00614207
v 0.00927012 0.01557308 0.00622817
v 0.00909147 0.01632307 0.00646188
v 0.00906021 0.01557308 0.00651126
v 0.00890589 0.01632307 0.00682010
v 0.00890589 0.01557308 0.00682010
v 0.00880944 0.01557308 0.00713922
v 0.00890589 0.01482308 0.00682010
v 0.00879886 0.01482308 0.00719236
v 0.00876547 0.01557308 0.00755628
v 0.00876547 0.01482308 0.00755628
v 0.00879886 0.01482308 0.00792022
v 0.00880944 0.01557308 0.00797336
v 0.00890589 0.01482308 0.00829248
v 0.00895090 0.01557308 0.00839733
v 0.00909148 0.01482308 0.00865071
v 0.00919434 0.01557308 0.00879385
v 0.00935125 0.01482308 0.00897052
v 0.00952791 0.01557308 0.00912743
v 0.00967105 0.01482308 0.00923027
v 0.00992443 0.01557308 0.00937085
v 0.01002928 0.01482308 0.00941588
v 0.01034840 0.01557308 0.00951232
v 0.01040154 0.01482308 0.00952290
v 0.01040154 0.01632307 0.00952290
v 0.00879886 0.01632307 0.00719236
v 0.00876547 0.01632307 0.00755628
v 0.00879886 0.01632307 0.00792022
v 0.00890589 0.01632307 0.00829248
v 0.00909148 0.01632307 0.00865071
v 0.00935125 0.01632307 0.00897052
v 0.00967105 0.01632307 0.00923027
v 0.01002927 0.01632307 0.00941588
v 0.00909148 0.01482308 0.00646188
v 0.00935125 0.01482308 0.00614207
v 0.00967105 0.01482308 0.00588231
v 0.01002927 0.01482308 0.00569670
v -0.01159846 0.01482308 0.00558968
v -0.01154550 0.01557307 0.00558062
v -0.01159684 0.01632307 0.00558938
v -0.01186474 0.01557307 0.00565817
v -0.01196735 0.01632307 0.00569539
v -0.01217872 0.01557307 0.00579320
v -0.01232402 0.01632307 0.00587909
v -0.01247209 0.01557307 0.00598516
v -0.01264288 0.01632307 0.00613623
v -0.01272989 0.01557307 0.00622817
v -0.01290266 0.01632307 0.00645296
v -0.01293979 0.01557307 0.00651126
v -0.01308931 0.01632307 0.00680809
v -0.01309411 0.01557307 0.00682010
v -0.01319056 0.01557307 0.00713922
v -0.01309411 0.01482308 0.00682010
v -0.01320115 0.01482308 0.00719236
v -0.01323453 0.01557307 0.00755631
v -0.01323453 0.01482308 0.00755631
v -0.01320115 0.01482308 0.00792022
v -0.01319056 0.01557307 0.00797336
v -0.01309411 0.01482308 0.00829248
v -0.01314078 0.01584294 0.00816111
v -0.01304910 0.01557307 0.00839733
v -0.01307538 0.01576321 0.00833814
v -0.01298919 0.01571304 0.00851567
v -0.01319838 0.01632307 0.00717770
v -0.01323447 0.01632307 0.00753974
v -0.01322376 0.01611625 0.00776299
v -0.01318583 0.01594158 0.00799500
v -0.01290852 0.01482308 0.00865071
v -0.01288699 0.01569602 0.00868298
v -0.01280566 0.01557307 0.00879385
v -0.01276860 0.01571304 0.00883921
v -0.01263481 0.01576321 0.00898431
v -0.01249392 0.01584294 0.00910984
v -0.01247209 0.01557307 0.00912743
v -0.01264875 0.01482308 0.00897052
v -0.01235572 0.01594158 0.00921248
v -0.01207557 0.01557307 0.00937085
v -0.01232895 0.01482308 0.00923027
v -0.01197072 0.01482308 0.00941588
v -0.01165160 0.01557307 0.00951232
v -0.01159846 0.01482308 0.00952290
v -0.01159818 0.01632307 0.00952296
v -0.01215361 0.01611625 0.00933252
v -0.01194970 0.01632307 0.00942405
v -0.01290853 0.01482308 0.00646188
v -0.01264875 0.01482308 0.00614207
v -0.01232895 0.01482308 0.00588231
v -0.01197072 0.01482308 0.00569673
v 0.01307440 0.01252308 -0.02897619
v 0.01310221 0.01442309 -0.02898095
v 0.01307440 0.01632309 -0.02897619
v 0.01293460 0.01442309 -0.02894021
v 0.01287896 0.01632309 -0.02891998
v 0.01276977 0.01442309 -0.02886934
v 0.01269089 0.01632309 -0.02882255
v 0.01261574 0.01442309 -0.02876855
v 0.01252300 0.01632309 -0.02868618
v 0.01248040 0.01442309 -0.02864097
v 0.01238662 0.01632309 -0.02851827
v 0.01237020 0.01442309 -0.02849234
v 0.01228918 0.01632309 -0.02833022
v 0.01228919 0.01442309 -0.02833022
v 0.01223854 0.01442309 -0.02816267
v 0.01228919 0.01252308 -0.02833022
v 0.01223299 0.01252308 -0.02813478
v 0.01221546 0.01442309 -0.02794371
v 0.01221546 0.01252308 -0.02794371
v 0.01223299 0.01252308 -0.02775265
v 0.01223854 0.01442309 -0.02772476
v 0.01228919 0.01252308 -0.02755721
v 0.01231281 0.01442309 -0.02750216
v 0.01238662 0.01252308 -0.02736915
v 0.01244062 0.01442309 -0.02729399
v 0.01252300 0.01252308 -0.02720125
v 0.01261574 0.01442309 -0.02711887
v 0.01269089 0.01252308 -0.02706487
v 0.01282391 0.01442309 -0.02699105
v 0.01287896 0.01252308 -0.02696745
v 0.01304650 0.01442309 -0.02691679
v 0.01307440 0.01252308 -0.02691124
v 0.01307440 0.01632309 -0.02691124
v 0.01223299 0.01632309 -0.02813478
v 0.01221546 0.01632309 -0.02794371
v 0.01223299 0.01632309 -0.02775265
v 0.01228918 0.01632309 -0.02755721
v 0.01238662 0.01632309 -0.02736915
v 0.01252300 0.01632309 -0.02720125
v 0.01269089 0.01632309 -0.02706487
v 0.01287896 0.01632309 -0.02696745
v 0.01238662 0.01252308 -0.02851827
v 0.01252300 0.01252308 -0.02868618
v 0.01269089 0.01252308 -0.02882255
v 0.01287896 0.01252308 -0.02891998
v -0.01392560 0.01252307 -0.00197618
v -0.01389779 0.01442307 -0.00198094
v -0.01392560 0.01632307 -0.00197618
v -0.01406539 0.01442307 -0.00194020
v -0.01412104 0.01632307 -0.00192000
v -0.01423023 0.01442307 -0.00186933
v -0.01430911 0.01632307 -0.00182254
v -0.01438425 0.01442307 -0.00176854
v -0.01447700 0.01632307 -0.00168617
v -0.01451959 0.01442307 -0.00164099
v -0.01461338 0.01632307 -0.00151826
v -0.01462980 0.01442307 -0.00149233
v -0.01471081 0.01632307 -0.00133021
v -0.01471081 0.01442307 -0.00133021
v -0.01476145 0.01442307 -0.00116266
v -0.01471081 0.01252307 -0.00133021
v -0.01476701 0.01252307 -0.00113477
v -0.01478454 0.01442307 -0.00094370
v -0.01478454 0.01252307 -0.00094370
v -0.01476701 0.01252307 -0.00075264
v -0.01476145 0.01442307 -0.00072475
v -0.01471081 0.01252307 -0.00055720
v -0.01468718 0.01442307 -0.00050215
v -0.01461338 0.01252307 -0.00036914
v -0.01455938 0.01442307 -0.00029398
v -0.01447700 0.01252307 -0.00020124
v -0.01438425 0.01442307 -0.00011886
v -0.01430911 0.01252307 -0.00006486
v -0.01417608 0.01442307 0.00000893
v -0.01412104 0.01252307 0.00003256
v -0.01395350 0.01442307 0.00008320
v -0.01392560 0.01252307 0.00008877
v -0.01392560 0.01632307 0.00008877
v -0.01476701 0.01632307 -0.00113477
v -0.01478454 0.01632307 -0.00094370
v -0.01476701 0.01632307 -0.00075264
v -0.01471081 0.01632307 -0.00055720
v -0.01461338 0.01632307 -0.00036914
v -0.01447700 0.01632307 -0.00020124
v -0.01430911 0.01632307 -0.00006486
v -0.01412104 0.01632307 0.00003256
v -0.01461338 0.01252307 -0.00151826
v -0.01447700 0.01252307 -0.00168617
v -0.01430911 0.01252307 -0.00182254
v -0.01412104 0.01252307 -0.00192000
v 0.01307441 0.01252308 -0.00197618
v 0.01310221 0.01442307 -0.00198094
v 0.01307440 0.01632307 -0.00197618
v 0.01293461 0.01442307 -0.00194023
v 0.01287897 0.01632307 -0.00192000
v 0.01276977 0.01442307 -0.00186933
v 0.01269089 0.01632307 -0.00182254
v 0.01261575 0.01442307 -0.00176854
v 0.01252300 0.01632307 -0.00168617
v 0.01248041 0.01442307 -0.00164099
v 0.01238662 0.01632307 -0.00151829
v 0.01237021 0.01442307 -0.00149236
v 0.01228919 0.01632307 -0.00133021
v 0.01228919 0.01442307 -0.00133021
v 0.01223855 0.01442307 -0.00116266
v 0.01228919 0.01252308 -0.00133021
v 0.01223300 0.01252308 -0.00113477
v 0.01221547 0.01442307 -0.00094370
v 0.01221547 0.01252308 -0.00094370
v 0.01223300 0.01252308 -0.00075264
v 0.01223855 0.01442307 -0.00072475
v 0.01228919 0.01252308 -0.00055720
v 0.01231282 0.01442307 -0.00050215
v 0.01238662 0.01252308 -0.00036914
v 0.01244063 0.01442307 -0.00029398
v 0.01252300 0.01252308 -0.00020124
v 0.01261575 0.01442307 -0.00011886
v 0.01269089 0.01252308 -0.00006486
v 0.01282392 0.01442307 0.00000893
v 0.01287897 0.01252308 0.00003256
v 0.01304650 0.01442307 0.00008320
v 0.01307441 0.01252308 0.00008877
v 0.01307440 0.01632307 0.00008877
v 0.01223299 0.01632307 -0.00113477
v 0.01221547 0.01632307 -0.00094370
v 0.01223299 0.01632307 -0.00075264
v 0.01228919 0.01632307 -0.00055720
v 0.01238662 0.01632307 -0.00036914
v 0.01252300 0.01632307 -0.00020124
v 0.01269089 0.01632307 -0.00006486
v 0.01287897 0.01632307 0.00003256
v 0.01238662 0.01252308 -0.00151829
v 0.01252300 0.01252308 -0.00168617
v 0.01269089 0.01252308 -0.00182254
v 0.01287897 0.01252308 -0.00192000
v -0.00045289 0.00632307 -0.00112368
v -0.00042111 0.01132308 -0.00112910
v -0.00045289 0.01632307 -0.00112368
v -0.00061266 0.01132308 -0.00108258
v -0.00067625 0.01632307 -0.00105946
v -0.00080104 0.01132308 -0.00100158
v -0.00089119 0.01632307 -0.00094811
v -0.00097707 0.01132308 -0.00088639
v -0.00108306 0.01632307 -0.00079225
v -0.00113175 0.01132308 -0.00074060
v -0.00123893 0.01632307 -0.00060035
v -0.00125769 0.01132308 -0.00057073
v -0.00135028 0.01632307 -0.00038542
v -0.00135028 0.01132308 -0.00038542
v -0.00140815 0.01132308 -0.00019394
v -0.00135028 0.00632307 -0.00038542
v -0.00141450 0.00632307 -0.00016208
v -0.00143454 0.01132308 0.00005628
v -0.00143453 0.00632307 0.00005628
v -0.00141450 0.00632307 0.00027465
v -0.00140815 0.01132308 0.00030653
v -0.00135028 0.00632307 0.00049801
v -0.00132327 0.01132308 0.00056093
v -0.00123893 0.00632307 0.00071295
v -0.00117721 0.01132308 0.00079884
v -0.00108306 0.00632307 0.00090482
v -0.00097707 0.01132308 0.00099896
v -0.00089118 0.00632307 0.00106068
v -0.00073916 0.01132308 0.00114502
v -0.00067625 0.00632307 0.00117202
v -0.00048478 0.01132308 0.00122990
v -0.00045289 0.00632307 0.00123625
v -0.00045289 0.01632307 0.00123625
v -0.00141450 0.01632307 -0.00016208
v -0.00143454 0.01632307 0.00005628
v -0.00141450 0.01632307 0.00027465
v -0.00135028 0.01632307 0.00049801
v -0.00123893 0.01632307 0.00071295
v -0.00108306 0.01632307 0.00090482
v -0.00089119 0.01632307 0.00106068
v -0.00067625 0.01632307 0.00117202
v -0.00123893 0.00632307 -0.00060035
v -0.00108306 0.00632307 -0.00079225
v -0.00089118 0.00632307 -0.00094811
v -0.00067625 0.00632307 -0.00105946
v -0.00072584 0.01632307 -0.00259863
v -0.00065433 0.01607308 -0.00261088
v -0.00072584 0.01582308 -0.00259863
v -0.00108532 0.01607308 -0.00250615
v -0.00122839 0.01582308 -0.00245414
v -0.00150918 0.01607308 -0.00232388
v -0.00171200 0.01582308 -0.00220360
v -0.00190524 0.01607308 -0.00206472
v -0.00214372 0.01582308 -0.00185288
v -0.00225326 0.01607308 -0.00173668
v -0.00249442 0.01582308 -0.00142117
v -0.00253663 0.01607308 -0.00135450
v -0.00274496 0.01582308 -0.00093756
v -0.00274496 0.01607308 -0.00093756
v -0.00287518 0.01607308 -0.00050674
v -0.00274496 0.01632307 -0.00093756
v -0.00288946 0.01632307 -0.00043501
v -0.00293454 0.01607308 0.00005628
v -0.00293454 0.01632307 0.00005628
v -0.00288946 0.01632307 0.00054760
v -0.00287518 0.01607308 0.00061934
v -0.00274496 0.01632307 0.00105016
v -0.00268420 0.01607308 0.00119169
v -0.00249442 0.01632307 0.00153376
v -0.00235556 0.01607308 0.00172700
v -0.00214372 0.01632307 0.00196548
v -0.00190524 0.01607308 0.00217732
v -0.00171200 0.01632307 0.00231619
v -0.00136994 0.01607308 0.00250595
v -0.00122839 0.01632307 0.00256671
v -0.00079758 0.01607308 0.00269692
v -0.00072584 0.01632307 0.00271122
v -0.00072584 0.01582308 0.00271122
v -0.00288946 0.01582308 -0.00043501
v -0.00293454 0.01582308 0.00005628
v -0.00288946 0.01582308 0.00054760
v -0.00274496 0.01582308 0.00105016
v -0.00249442 0.01582308 0.00153376
v -0.00214372 0.01582308 0.00196548
v -0.00171200 0.01582308 0.00231619
v -0.00122839 0.01582308 0.00256671
v -0.00249442 0.01632307 -0.00142117
v -0.00214372 0.01632307 -0.00185288
v -0.00171200 0.01632307 -0.00220360
v -0.00122839 0.01632307 -0.00245414
v -0.00100788 0.01582308 -0.00412275
v -0.00089533 0.01607308 -0.00414203
v -0.00100788 0.01632307 -0.00412275
v -0.00157373 0.01607308 -0.00397719
v -0.00179894 0.01632307 -0.00389530
v -0.00224092 0.01607308 -0.00369029
v -0.00256018 0.01632307 -0.00350095
v -0.00286435 0.01607308 -0.00328235
v -0.00323974 0.01632307 -0.00294892
v -0.00341216 0.01607308 -0.00276600
v -0.00379177 0.01632307 -0.00226934
v -0.00385821 0.01607308 -0.00216441
v -0.00418614 0.01632307 -0.00150810
v -0.00418614 0.01607308 -0.00150810
v -0.00439110 0.01607308 -0.00082998
v -0.00418614 0.01582308 -0.00150810
v -0.00441358 0.01582308 -0.00071706
v -0.00448454 0.01607308 0.00005628
v -0.00448454 0.01582308 0.00005628
v -0.00441358 0.01582308 0.00082962
v -0.00439110 0.01607308 0.00094258
v -0.00418614 0.01582308 0.00162070
v -0.00409049 0.01607308 0.00184350
v -0.00379177 0.01582308 0.00238194
v -0.00357318 0.01607308 0.00268610
v -0.00323974 0.01582308 0.00306149
v -0.00286435 0.01607308 0.00339495
v -0.00256018 0.01582308 0.00361352
v -0.00202175 0.01607308 0.00391226
v -0.00179894 0.01582308 0.00400789
v -0.00112081 0.01607308 0.00421284
v -0.00100788 0.01582308 0.00423534
v -0.00100788 0.01632307 0.00423534
v -0.00441358 0.01632307 -0.00071706
v -0.00448454 0.01632307 0.00005628
v -0.00441358 0.01632307 0.00082962
v -0.00418614 0.01632307 0.00162070
v -0.00379177 0.01632307 0.00238194
v -0.00323974 0.01632307 0.00306149
v -0.00256018 0.01632307 0.00361352
v -0.00179894 0.01632307 0.00400789
v -0.00379177 0.01582308 -0.00226934
v -0.00323974 0.01582308 -0.00294892
v -0.00256018 0.01582308 -0.00350095
v -0.00179894 0.01582308 -0.00389530
v -0.01523454 0.01632307 -0.00294371
v -0.01564885 0.01549445 -0.00255163
v -0.01597060 0.01485094 -0.00206174
v -0.01581787 0.01515642 -0.01444371
v -0.01564885 0.01549445 -0.02633579
v -0.01523454 0.01632307 -0.02594371
v -0.01597061 0.01485094 -0.02682568
v -0.01608660 0.01461896 -0.02709646
v -0.01616947 0.01445323 -0.02737702
v -0.01621855 0.01435506 -0.02766137
v -0.01621854 0.01435506 -0.00122605
v -0.01616946 0.01445323 -0.00151039
v -0.01623454 0.01432309 -0.02794371
v -0.01623454 0.01432307 -0.00094370
v -0.01608659 0.01461896 -0.00179095
v 0.01555675 0.01474051 -0.02894370
v 0.01564712 0.01455976 -0.02870376
v 0.01576546 0.01432309 -0.02894370
v 0.01571273 0.01442856 -0.02845450
v 0.01575231 0.01434937 -0.02819978
v 0.01576546 0.01432309 -0.02794371
v 0.01476546 0.01632309 -0.02594371
v 0.01517977 0.01549447 -0.02633579
v 0.01550153 0.01485094 -0.02682568
v 0.01534880 0.01515642 -0.01444371
v 0.01476546 0.01632307 -0.00294371
v 0.01517978 0.01549445 -0.00255163
v 0.01550153 0.01485094 -0.00206174
v 0.01561752 0.01461898 -0.00179098
v 0.01570039 0.01445323 -0.00151042
v 0.01574947 0.01435506 -0.00122605
v 0.01574947 0.01435508 -0.02766137
v 0.01576547 0.01432309 -0.00094370
v 0.01570038 0.01445323 -0.02737702
v 0.01561751 0.01461898 -0.02709646
v -0.01602582 0.01474050 0.00005628
v -0.01611620 0.01455975 -0.00018365
v -0.01623454 0.01432307 0.00005628
v -0.01618180 0.01442854 -0.00043292
v -0.01622139 0.01434937 -0.00068764
v -0.01041405 -0.01427692 0.01201956
v -0.01003249 -0.01427692 0.01205628
v -0.01041406 0.00002307 0.01201956
v -0.01003249 0.01432307 0.01205631
v -0.01041406 0.01432307 0.01201956
v -0.01078842 0.00002307 0.01190792
v -0.01078842 0.01432307 0.01190792
v -0.01113394 0.00002307 0.01172565
v -0.01113394 0.01432307 0.01172568
v -0.01143220 0.01432307 0.01148488
v -0.01143220 -0.01427692 0.01148485
v -0.01113394 -0.01427692 0.01172565
v -0.01078842 -0.01427692 0.01190792
v -0.01249385 -0.01427692 0.01033779
v -0.01249385 0.00002307 0.01033779
v -0.01249385 0.01432307 0.01033779
v -0.01345173 0.00002307 0.00907324
v -0.01345174 0.01432307 0.00907324
v -0.01428735 0.00002307 0.00770603
v -0.01428735 0.01432307 0.00770603
v -0.01498517 0.00002307 0.00625457
v -0.01498517 0.01432307 0.00625457
v -0.01553355 0.00002307 0.00474031
v -0.01553355 0.01432307 0.00474031
v -0.01592533 0.00002307 0.00318660
v -0.01592534 0.01432307 0.00318660
v -0.01615819 0.00002307 0.00161739
v -0.01615820 0.01432307 0.00161742
v -0.01623453 -0.01427692 0.00005628
v -0.01615819 -0.01427692 0.00161739
v -0.01592533 -0.01427692 0.00318660
v -0.01553354 -0.01427692 0.00474031
v -0.01498517 -0.01427692 0.00625457
v -0.01428735 -0.01427692 0.00770600
v -0.01345173 -0.01427692 0.00907324
v -0.01623454 0.01432309 -0.02894370
v -0.01623454 0.01030175 -0.02432237
v -0.01623454 0.01030175 -0.02286504
v -0.01623454 0.01030175 -0.02232240
v -0.01623454 0.00204439 -0.02232240
v -0.01623454 0.00204439 -0.02286504
v -0.01623454 -0.01427692 -0.02794371
v -0.01623454 0.00204439 -0.02432237
v -0.01623454 -0.01427692 -0.02894370
v -0.01623453 -0.01427692 -0.00094370
v -0.01623454 0.00002308 -0.01444371
v -0.01623454 0.00204439 -0.02032240
v -0.01623454 0.00204439 -0.02086504
v -0.01623454 0.01030175 -0.02086504
v -0.01623454 0.01030175 -0.02032240
v -0.01623454 0.01030175 -0.01886503
v -0.01623454 0.01030175 -0.01832239
v -0.01623454 0.00204439 -0.01832239
v -0.01623454 0.00204439 -0.01886503
v -0.01623454 0.01030175 -0.01486502
v -0.01623454 0.00204439 -0.01486502
v -0.01623454 0.00204439 -0.01632239
v -0.01623454 0.00204439 -0.01686503
v -0.01623454 0.01030175 -0.01686503
v -0.01623454 0.01030175 -0.01632239
v -0.01620115 -0.01427692 -0.02930765
v -0.01620115 0.00002308 -0.02930765
v -0.01620115 0.01432309 -0.02930765
v -0.01609411 0.00002308 -0.02967991
v -0.01609412 0.01432309 -0.02967991
v -0.01590853 0.00002308 -0.03003813
v -0.01590853 0.01432309 -0.03003813
v -0.01564875 0.00002308 -0.03035791
v -0.01564876 0.01432309 -0.03035791
v -0.01532896 0.00002308 -0.03061770
v -0.01532896 0.01432309 -0.03061770
v -0.01497073 0.00002308 -0.03080328
v -0.01497073 0.01432309 -0.03080328
v -0.01459847 0.00002308 -0.03091033
v -0.01459847 0.01432309 -0.03091033
v -0.01423454 0.01432309 -0.03094370
v -0.01423454 -0.01427692 -0.03094370
v -0.01459846 -0.01427692 -0.03091033
v -0.01497073 -0.01427692 -0.03080328
v -0.01532896 -0.01427692 -0.03061770
v -0.01564875 -0.01427692 -0.03035794
v -0.01590853 -0.01427692 -0.03003813
v -0.01609411 -0.01427692 -0.02967991
v 0.01376546 0.01432309 -0.03094370
v -0.00001322 0.01030177 -0.03094370
v -0.00055586 0.01030177 -0.03094370
v -0.00201322 0.01030177 -0.03094370
v 0.01376547 -0.01427692 -0.03094370
v 0.00344414 0.00204441 -0.03094370
v 0.00344414 0.01030177 -0.03094370
v 0.00198678 0.01030177 -0.03094370
v -0.00023454 0.00002308 -0.03094370
v -0.00601322 0.00204441 -0.03094370
v -0.00655586 0.00204441 -0.03094370
v -0.00601322 0.01030175 -0.03094370
v -0.00655586 0.01030175 -0.03094370
v -0.00801322 0.01030175 -0.03094370
v -0.00855586 0.01030175 -0.03094370
v -0.00855586 0.00204441 -0.03094370
v -0.00801322 0.00204441 -0.03094370
v -0.01001322 0.00204441 -0.03094370
v -0.01001322 0.01030175 -0.03094370
v -0.00455586 0.00204441 -0.03094370
v -0.00401322 0.00204441 -0.03094370
v -0.00255586 0.00204441 -0.03094370
v -0.00401322 0.01030175 -0.03094370
v -0.00455586 0.01030175 -0.03094370
v -0.00255586 0.01030175 -0.03094370
v -0.00201322 0.00204441 -0.03094370
v -0.00055586 0.00204441 -0.03094370
v -0.00023454 0.00204441 -0.03094370
v 0.00198678 0.00204441 -0.03094370
v 0.00144414 0.00204441 -0.03094370
v 0.00144414 0.01030177 -0.03094370
v -0.00001322 0.00204441 -0.03094370
v 0.01412939 -0.01427692 -0.03091033
v 0.01412939 0.00002308 -0.03091033
v 0.01412939 0.01432309 -0.03091033
v 0.01450165 0.00002308 -0.03080331
v 0.01450165 0.01432309 -0.03080331
v 0.01485988 0.00002308 -0.03061770
v 0.01485988 0.01432309 -0.03061770
v 0.01517968 0.00002308 -0.03035794
v 0.01517968 0.01432309 -0.03035794
v 0.01543945 0.00002308 -0.03003813
v 0.01543945 0.01432309 -0.03003813
v 0.01562504 0.00002308 -0.02967991
v 0.01562504 0.01432309 -0.02967991
v 0.01573208 0.00002308 -0.02930765
v 0.01573207 0.01432309 -0.02930765
v 0.01576547 -0.01427692 -0.02894373
v 0.01573208 -0.01427692 -0.02930765
v 0.01562504 -0.01427692 -0.02967991
v 0.01543945 -0.01427692 -0.03003813
v 0.01517968 -0.01427692 -0.03035794
v 0.01485988 -0.01427692 -0.03061770
v 0.01450166 -0.01427692 -0.03080331
v 0.01576547 0.01432309 0.00005628
v 0.01576547 -0.01427692 0.00005628
v 0.01576547 -0.01427692 -0.00094370
v 0.01576547 0.00002308 -0.01444371
v 0.01576547 -0.01427692 -0.02794371
v 0.01568913 -0.01427692 0.00161739
v 0.01568913 0.00002308 0.00161739
v 0.01568912 0.01432309 0.00161739
v 0.01545627 0.00002308 0.00318660
v 0.01545626 0.01432309 0.00318660
v 0.01506448 0.00002308 0.00474031
v 0.01506448 0.01432309 0.00474031
v 0.01451611 0.00002308 0.00625457
v 0.01451610 0.01432309 0.00625457
v 0.01381829 0.00002308 0.00770600
v 0.01381828 0.01432309 0.00770600
v 0.01298267 0.00002308 0.00907324
v 0.01298267 0.01432309 0.00907324
v 0.01202479 0.00002308 0.01033779
v 0.01202479 0.01432309 0.01033779
v 0.01096313 0.01432309 0.01148485
v 0.01096314 -0.01427692 0.01148485
v 0.01202479 -0.01427692 0.01033779
v 0.01298268 -0.01427692 0.00907324
v 0.01381829 -0.01427692 0.00770600
v 0.01451611 -0.01427692 0.00625457
v 0.01506449 -0.01427692 0.00474031
v 0.01545627 -0.01427692 0.00318660
v 0.01066488 -0.01427692 0.01172565
v 0.01066488 0.00002308 0.01172565
v 0.01066488 0.01432309 0.01172565
v 0.01031936 0.00002308 0.01190792
v 0.01031936 0.01432309 0.01190792
v 0.00994500 0.00002308 0.01201956
v 0.00994500 0.01432309 0.01201956
v 0.00956343 0.01432309 0.01205628
v 0.00956343 -0.01427692 0.01205628
v 0.00994500 -0.01427692 0.01201956
v 0.01031936 -0.01427692 0.01190792
v -0.00023453 0.00002307 0.01205628
v 0.01510435 0.01632309 -0.02625005
v 0.01539633 0.01632309 -0.02663629
v 0.01561537 0.01632309 -0.02709053
v 0.01574033 0.01632309 -0.02759017
v 0.01576027 0.01632309 -0.02810480
v 0.01567718 0.01632309 -0.02860220
v 0.01550502 0.01632309 -0.02905474
v 0.01526546 0.01632309 -0.02944372
v 0.01495913 0.01632309 -0.02978261
v 0.01457289 0.01632309 -0.03007458
v 0.01411864 0.01632309 -0.03029363
v 0.01361901 0.01632309 -0.03041859
v 0.01310439 0.01632309 -0.03043853
v 0.01260697 0.01632309 -0.03035544
v 0.01215443 0.01632309 -0.03018327
v 0.01176546 0.01632309 -0.02994372
v -0.01223454 0.01632307 -0.02994372
v -0.01262351 0.01632307 -0.03018327
v -0.01307605 0.01632307 -0.03035544
v -0.01357347 0.01632307 -0.03043853
v -0.01408810 0.01632307 -0.03041859
v -0.01458772 0.01632307 -0.03029363
v -0.01504198 0.01632307 -0.03007458
v -0.01542821 0.01632307 -0.02978258
v -0.01573454 0.01632307 -0.02944369
v -0.01597410 0.01632307 -0.02905474
v -0.01614626 0.01632307 -0.02860220
v -0.01622935 0.01632307 -0.02810480
v -0.01620942 0.01632307 -0.02759014
v -0.01608445 0.01632307 -0.02709053
v -0.01586542 0.01632307 -0.02663629
v -0.01557343 0.01632307 -0.02625005
v -0.00023454 0.01632307 -0.01019372
v -0.01458489 0.01632307 0.00442292
v -0.01498802 0.01632307 0.00276457
v -0.01565221 0.01632307 -0.00254763
v -0.01597546 0.01632307 -0.00205196
v -0.01617317 0.01632307 -0.00149424
v -0.01623444 0.01632307 -0.00092189
v -0.01616319 0.01632307 -0.00035070
v -0.01595578 0.01632307 0.00020348
v -0.01562393 0.01632307 0.00069343
v -0.01519942 0.01632307 0.00108217
v -0.01399601 0.01632307 0.00602471
v -0.01003249 0.01632307 0.01105629
v -0.01022328 0.01632307 0.01103793
v -0.01041046 0.01632307 0.01098211
v -0.01058322 0.01632307 0.01089098
v -0.01073235 0.01632307 0.01077058
v 0.00956343 0.01632307 0.01105629
v 0.00975421 0.01632307 0.01103793
v 0.00994139 0.01632307 0.01098211
v 0.01011415 0.01632307 0.01089098
v 0.01026328 0.01632307 0.01077058
v 0.01411582 0.01632307 0.00442289
v 0.01451895 0.01632307 0.00276457
v 0.01352694 0.01632307 0.00602471
v 0.01473035 0.01632307 0.00108214
v 0.01515486 0.01632307 0.00069343
v 0.01548671 0.01632307 0.00020348
v 0.01569412 0.01632307 -0.00035073
v 0.01576537 0.01632307 -0.00092189
v 0.01570409 0.01632307 -0.00149424
v 0.01550639 0.01632307 -0.00205199
v 0.01518313 0.01632307 -0.00254763
v 0.01120393 0.01632307 -0.01019372
v 0.01575232 0.01434937 -0.00068764
v 0.01571273 0.01442856 -0.00043295
v 0.01564713 0.01455975 -0.00018365
v 0.01555675 0.01474050 0.00005628
v 0.01337913 0.01532307 0.00746696
v 0.01257135 0.01532307 0.00878896
v 0.01164168 0.01532307 0.01001649
v 0.01061321 0.01532307 0.01112773
v 0.01405515 0.01532307 0.00606089
v 0.01458639 0.01532307 0.00459396
v 0.01496593 0.01532307 0.00308876
v 0.01519151 0.01532307 0.00156860
v 0.01499945 0.01581304 0.00085722
v 0.01529532 0.01524992 0.00051435
v 0.01486739 0.01606333 0.00097563
v 0.01376546 0.01542410 -0.03039320
v 0.01407271 0.01494601 -0.03060405
v 0.01400172 0.01550461 -0.03033261
v 0.01424632 0.01555178 -0.03024326
v 0.01438700 0.01494601 -0.03051369
v 0.01448310 0.01555455 -0.03012685
v 0.01468944 0.01494601 -0.03035702
v 0.01469765 0.01551624 -0.02999280
v 0.01495943 0.01494601 -0.03013770
v 0.01498160 0.01539154 -0.02976139
v 0.01517875 0.01494601 -0.02986769
v 0.01522213 0.01520467 -0.02949981
v 0.01533544 0.01494601 -0.02956526
v 0.01542580 0.01494601 -0.02925096
v 0.01038951 0.01532307 0.01130833
v 0.01013037 0.01532307 0.01144503
v 0.00984960 0.01532307 0.01152875
v 0.00956343 0.01532307 0.01155628
v -0.01423454 0.01542410 -0.03039320
v -0.01397870 0.01534697 -0.03043176
v -0.01371585 0.01532322 -0.03044365
v -0.00023454 0.01532307 -0.03044371
v -0.01345024 0.01535551 -0.03042750
v -0.01318635 0.01544476 -0.03038285
v -0.01292875 0.01558992 -0.03031029
v -0.01268177 0.01578803 -0.03021122
v 0.01221269 0.01578803 -0.03021122
v 0.01245967 0.01558992 -0.03031029
v 0.01271727 0.01544477 -0.03038285
v 0.01298116 0.01535553 -0.03042750
v 0.01324677 0.01532322 -0.03044365
v 0.01350961 0.01534699 -0.03043176
v -0.00023453 0.01532307 0.01155628
v -0.01003249 0.01532307 0.01155628
v -0.01569121 0.01520465 -0.02949981
v -0.01589488 0.01494601 -0.02925096
v -0.01602583 0.01474050 -0.02894370
v -0.01580452 0.01494601 -0.02956526
v -0.01545068 0.01539153 -0.02976136
v -0.01564783 0.01494601 -0.02986769
v -0.01542851 0.01494601 -0.03013767
v -0.01515852 0.01494601 -0.03035699
v -0.01485608 0.01494601 -0.03051369
v -0.01454179 0.01494601 -0.03060405
v -0.01447080 0.01550460 -0.03033261
v -0.01516674 0.01551622 -0.02999280
v -0.01495218 0.01555453 -0.03012682
v -0.01471540 0.01555176 -0.03024326
v -0.01031867 0.01532307 0.01152875
v -0.01059944 0.01532307 0.01144503
v -0.01085858 0.01532307 0.01130833
v -0.01108227 0.01532307 0.01112773
v -0.01622139 0.01434937 -0.02819978
v -0.01618181 0.01442854 -0.02845447
v -0.01611621 0.01455975 -0.02870376
v -0.01211075 0.01532307 0.01001649
v -0.01304042 0.01532307 0.00878896
v -0.01384820 0.01532307 0.00746696
v -0.01452422 0.01532307 0.00606089
v -0.01505546 0.01532307 0.00459396
v -0.01543500 0.01532307 0.00308879
v -0.01566058 0.01532307 0.00156863
v -0.01533646 0.01606332 0.00097563
v -0.01546852 0.01581302 0.00085722
v -0.01576439 0.01524991 0.00051435
v -0.01587260 0.01532307 0.00035195
v -0.01609081 0.01532307 -0.00010825
v -0.01621027 0.01532307 -0.00059624
v -0.01621596 0.01532307 -0.00124793
v -0.01615327 0.01532307 -0.00157596
v -0.01604566 0.01532307 -0.00189696
v -0.01589488 0.01532307 -0.00220184
v 0.01555961 0.01532307 0.00004973
v 0.01540353 0.01532307 0.00035192
v 0.01567280 0.01532307 -0.00026937
v 0.01574120 0.01532307 -0.00059624
v 0.01574689 0.01532307 -0.00124793
v 0.01563596 0.01532307 -0.00173791
v 0.01542581 0.01532307 -0.00220187
v 0.01526546 0.01532309 -0.02944372
v 0.01553429 0.01532309 -0.02899368
v 0.01571080 0.01532309 -0.02846359
v 0.01576476 0.01532309 -0.02788450
v 0.01568137 0.01532309 -0.02730076
v 0.01546742 0.01532309 -0.02675994
v -0.01578834 0.01532307 -0.02651824
v -0.01600105 0.01532307 -0.02688874
v -0.01615045 0.01532307 -0.02730076
v -0.01622599 0.01532307 -0.02773709
v -0.01622358 0.01532307 -0.02817760
v -0.01614626 0.01532307 -0.02860220
v -0.01600338 0.01532307 -0.02899365
v -0.01573454 0.01532307 -0.02944369
v -0.00023453 0.00632307 0.00005628
v -0.01392560 0.01252308 -0.02897619
v -0.01389780 0.01384808 -0.02898095
v -0.01406540 0.01384808 -0.02894021
v -0.01423024 0.01384808 -0.02886934
v -0.01438426 0.01384808 -0.02876855
v -0.01451960 0.01384808 -0.02864097
v -0.01462980 0.01384808 -0.02849234
v -0.01471082 0.01384808 -0.02833022
v -0.01476146 0.01384808 -0.02816267
v -0.01471082 0.01252308 -0.02833022
v -0.01476701 0.01252308 -0.02813478
v -0.01478454 0.01384808 -0.02794371
v -0.01478454 0.01252308 -0.02794371
v -0.01476701 0.01252308 -0.02775265
v -0.01476146 0.01384808 -0.02772476
v -0.01471082 0.01252308 -0.02755721
v -0.01468719 0.01384808 -0.02750216
v -0.01461339 0.01252308 -0.02736912
v -0.01455938 0.01384808 -0.02729399
v -0.01447700 0.01252308 -0.02720125
v -0.01438426 0.01384808 -0.02711887
v -0.01430911 0.01252308 -0.02706487
v -0.01417609 0.01384808 -0.02699105
v -0.01412104 0.01252308 -0.02696742
v -0.01395350 0.01384808 -0.02691679
v -0.01392560 0.01252308 -0.02691124
v -0.01461339 0.01252308 -0.02851827
v -0.01447700 0.01252308 -0.02868618
v -0.01430911 0.01252308 -0.02882255
v -0.01412104 0.01252308 -0.02891998
v 0.00126546 0.01012307 -0.02924372
v 0.00016546 0.01012307 -0.02924372
v 0.00071546 0.01021242 -0.03009371
v 0.00016546 0.00222307 -0.02924372
v 0.00007612 0.00617307 -0.03009371
v 0.00126546 0.00222307 -0.02924372
v 0.00071546 0.00213374 -0.03009371
v 0.00135480 0.00617307 -0.03009371
v 0.00326546 0.01012307 -0.02924372
v 0.00216546 0.01012307 -0.02924372
v 0.00271546 0.01021242 -0.03009371
v 0.00216546 0.00222307 -0.02924372
v 0.00207612 0.00617307 -0.03009371
v 0.00326546 0.00222307 -0.02924372
v 0.00271546 0.00213374 -0.03009371
v 0.00335480 0.00617307 -0.03009371
v -0.00873454 0.01012307 -0.02924372
v -0.00983454 0.01012307 -0.02924372
v -0.00928454 0.01021242 -0.03009371
v -0.00983454 0.00222307 -0.02924372
v -0.00992388 0.00617307 -0.03009371
v -0.00873454 0.00222307 -0.02924372
v -0.00928454 0.00213374 -0.03009371
v -0.00864520 0.00617307 -0.03009371
v -0.01453454 0.00222307 -0.01614372
v -0.01453454 0.01012307 -0.01614372
v -0.01538454 0.00617307 -0.01623304
v -0.01453454 0.01012307 -0.01504372
v -0.01538454 0.01021242 -0.01559369
v -0.01453454 0.00222307 -0.01504372
v -0.01538454 0.00617307 -0.01495437
v -0.01538454 0.00213374 -0.01559372
v -0.01453454 0.00222307 -0.01814370
v -0.01453454 0.01012307 -0.01814370
v -0.01538454 0.00617307 -0.01823304
v -0.01453454 0.01012307 -0.01704369
v -0.01538454 0.01021242 -0.01759369
v -0.01453454 0.00222307 -0.01704372
v -0.01538454 0.00617307 -0.01695438
v -0.01538454 0.00213374 -0.01759369
v -0.01453454 0.00222307 -0.02014370
v -0.01453454 0.01012307 -0.02014370
v -0.01538454 0.00617307 -0.02023305
v -0.01453454 0.01012307 -0.01904370
v -0.01538454 0.01021242 -0.01959370
v -0.01453454 0.00222307 -0.01904370
v -0.01538454 0.00617307 -0.01895438
v -0.01538454 0.00213374 -0.01959370
v -0.01453454 0.00222307 -0.02214370
v -0.01453454 0.01012307 -0.02214370
v -0.01538454 0.00617307 -0.02223305
v -0.01453454 0.01012307 -0.02104370
v -0.01538454 0.01021242 -0.02159370
v -0.01453454 0.00222307 -0.02104370
v -0.01538454 0.00617307 -0.02095435
v -0.01538454 0.00213374 -0.02159370
v -0.01453454 0.00222307 -0.02414371
v -0.01453454 0.01012307 -0.02414371
v -0.01538454 0.00617307 -0.02423306
v -0.01453454 0.01012307 -0.02304371
v -0.01538454 0.01021242 -0.02359371
v -0.01453454 0.00222307 -0.02304371
v -0.01538454 0.00617307 -0.02295436
v -0.01538454 0.00213374 -0.02359371
v 0.00271546 0.00617307 -0.02924372
v 0.00071546 0.00617307 -0.02924372
v -0.00928454 0.00617307 -0.02924372
v -0.00183454 0.01012307 -0.02924372
v -0.00073454 0.01012307 -0.02924372
v -0.00128454 0.00617307 -0.02924372
v -0.00073454 0.00222307 -0.02924372
v -0.00183454 0.00222307 -0.02924372
v -0.00064520 0.00617307 -0.03009371
v -0.00128454 0.00213374 -0.03009371
v -0.00192388 0.00617307 -0.03009371
v -0.00128454 0.01021242 -0.03009371
v -0.00383454 0.01012307 -0.02924372
v -0.00273454 0.01012307 -0.02924372
v -0.00328454 0.00617307 -0.02924372
v -0.00273454 0.00222307 -0.02924372
v -0.00383454 0.00222307 -0.02924372
v -0.00264520 0.00617307 -0.03009371
v -0.00328454 0.00213374 -0.03009371
v -0.00392388 0.00617307 -0.03009371
v -0.00328454 0.01021242 -0.03009371
v -0.00583454 0.01012307 -0.02924372
v -0.00473454 0.01012307 -0.02924372
v -0.00528454 0.00617307 -0.02924372
v -0.00473454 0.00222307 -0.02924372
v -0.00583454 0.00222307 -0.02924372
v -0.00464520 0.00617307 -0.03009371
v -0.00528454 0.00213374 -0.03009371
v -0.00592388 0.00617307 -0.03009371
v -0.00528454 0.01021242 -0.03009371
v -0.00783454 0.01012307 -0.02924372
v -0.00673454 0.01012307 -0.02924372
v -0.00728454 0.00617307 -0.02924372
v -0.00673454 0.00222307 -0.02924372
v -0.00783454 0.00222307 -0.02924372
v -0.00664520 0.00617307 -0.03009371
v -0.00728454 0.00213374 -0.03009371
v -0.00792388 0.00617307 -0.03009371
v -0.00728454 0.01021242 -0.03009371
v -0.01453454 0.00617307 -0.02359371
v -0.01453454 0.00617307 -0.02159370
v -0.01453454 0.00617307 -0.01959370
v -0.01453454 0.00617307 -0.01759372
v -0.01453454 0.00617307 -0.01559372
v -0.01392560 -0.00827692 -0.02897619
v -0.01392560 -0.00827692 -0.02691124
v -0.01388920 -0.00827692 -0.02710791
v -0.01412104 -0.00827692 -0.02696745
v -0.01404742 -0.00827692 -0.02715339
v -0.01430911 -0.00827692 -0.02706487
v -0.01419967 -0.00827692 -0.02723227
v -0.01447700 -0.00827692 -0.02720125
v -0.01433558 -0.00827692 -0.02734266
v -0.01461338 -0.00827692 -0.02736912
v -0.01444598 -0.00827692 -0.02747859
v -0.01471081 -0.00827692 -0.02755721
v -0.01452486 -0.00827692 -0.02763082
v -0.01476701 -0.00827692 -0.02775265
v -0.01457035 -0.00827692 -0.02778904
v -0.01478454 -0.00827692 -0.02794371
v -0.01458454 -0.00827692 -0.02794371
v -0.01457035 -0.00827692 -0.02809839
v -0.01476701 -0.00827692 -0.02813478
v -0.01452486 -0.00827692 -0.02825658
v -0.01471081 -0.00827692 -0.02833022
v -0.01444598 -0.00827692 -0.02840884
v -0.01461338 -0.00827692 -0.02851827
v -0.01433558 -0.00827692 -0.02854477
v -0.01447700 -0.00827692 -0.02868618
v -0.01419967 -0.00827692 -0.02865515
v -0.01430911 -0.00827692 -0.02882255
v -0.01404742 -0.00827692 -0.02873404
v -0.01412104 -0.00827692 -0.02891998
v -0.01388920 -0.00827692 -0.02877952
v -0.01388921 0.01252308 -0.02877952
v -0.01404742 0.01252308 -0.02873404
v -0.01419967 0.01252308 -0.02865515
v -0.01433558 0.01252308 -0.02854474
v -0.01444599 0.01252308 -0.02840884
v -0.01452486 0.01252308 -0.02825658
v -0.01457035 0.01252308 -0.02809839
v -0.01458454 0.01252308 -0.02794371
v -0.01457035 0.01252308 -0.02778904
v -0.01452486 0.01252308 -0.02763082
v -0.01444599 0.01252308 -0.02747859
v -0.01433558 0.01252308 -0.02734266
v -0.01419967 0.01252308 -0.02723227
v -0.01404742 0.01252308 -0.02715339
v -0.01388921 0.01252308 -0.02710791
v -0.01386670 0.00212307 -0.02710406
v -0.01400238 0.00212307 -0.02713702
v -0.01413582 0.00212307 -0.02719439
v -0.01426050 0.00212307 -0.02727599
v -0.01437006 0.00212307 -0.02737926
v -0.01445927 0.00212307 -0.02749957
v -0.01452486 0.00212307 -0.02763082
v -0.01456585 0.00212307 -0.02776645
v -0.01458454 0.00212307 -0.02794371
v -0.01456585 0.00212307 -0.02812098
v -0.01450573 0.00212307 -0.02830116
v -0.01440227 0.00212307 -0.02846966
v -0.01426050 0.00212307 -0.02861143
v -0.01409198 0.00212307 -0.02871491
v -0.01391179 0.00212307 -0.02877502
v 0.01307440 -0.00827692 -0.02691124
v 0.01311080 -0.00827691 -0.02710791
v 0.01287897 -0.00827692 -0.02696745
v 0.01295258 -0.00827691 -0.02715339
v 0.01269089 -0.00827692 -0.02706487
v 0.01280034 -0.00827692 -0.02723227
v 0.01252300 -0.00827692 -0.02720125
v 0.01266443 -0.00827692 -0.02734269
v 0.01238662 -0.00827692 -0.02736915
v 0.01255402 -0.00827692 -0.02747859
v 0.01228919 -0.00827692 -0.02755721
v 0.01247514 -0.00827691 -0.02763085
v 0.01223299 -0.00827692 -0.02775265
v 0.01242965 -0.00827691 -0.02778904
v 0.01221547 -0.00827691 -0.02794371
v 0.01241546 -0.00827691 -0.02794371
v 0.01242965 -0.00827691 -0.02809839
v 0.01223299 -0.00827691 -0.02813478
v 0.01247514 -0.00827691 -0.02825661
v 0.01228919 -0.00827691 -0.02833022
v 0.01255402 -0.00827691 -0.02840884
v 0.01238662 -0.00827691 -0.02851830
v 0.01266443 -0.00827691 -0.02854477
v 0.01252300 -0.00827691 -0.02868618
v 0.01280034 -0.00827691 -0.02865515
v 0.01269089 -0.00827691 -0.02882255
v 0.01295258 -0.00827691 -0.02873404
v 0.01287897 -0.00827691 -0.02892001
v 0.01311080 -0.00827691 -0.02877952
v 0.01307440 -0.00827691 -0.02897619
v 0.01311079 0.01252308 -0.02877952
v 0.01295258 0.01252308 -0.02873404
v 0.01280033 0.01252308 -0.02865515
v 0.01266442 0.01252308 -0.02854477
v 0.01255402 0.01252308 -0.02840884
v 0.01247514 0.01252308 -0.02825658
v 0.01242965 0.01252308 -0.02809839
v 0.01241546 0.01252308 -0.02794371
v 0.01242965 0.01252308 -0.02778904
v 0.01247514 0.01252308 -0.02763082
v 0.01255402 0.01252308 -0.02747859
v 0.01266442 0.01252308 -0.02734266
v 0.01280033 0.01252308 -0.02723227
v 0.01295258 0.01252308 -0.02715339
v 0.01311079 0.01252308 -0.02710791
v 0.01313331 0.00212309 -0.02710406
v 0.01299762 0.00212309 -0.02713702
v 0.01286418 0.00212309 -0.02719439
v 0.01273950 0.00212309 -0.02727599
v 0.01262994 0.00212309 -0.02737926
v 0.01254073 0.00212309 -0.02749957
v 0.01247514 0.00212309 -0.02763085
v 0.01243415 0.00212309 -0.02776645
v 0.01241546 0.00212309 -0.02794371
v 0.01243415 0.00212309 -0.02812098
v 0.01249427 0.00212309 -0.02830116
v 0.01259773 0.00212309 -0.02846966
v 0.01273950 0.00212309 -0.02861143
v 0.01290802 0.00212309 -0.02871491
v 0.01308821 0.00212309 -0.02877502
v -0.01392559 -0.00827692 0.00008877
v -0.01388920 -0.00827692 -0.00010790
v -0.01412103 -0.00827692 0.00003256
v -0.01404741 -0.00827692 -0.00015338
v -0.01430910 -0.00827692 -0.00006486
v -0.01419966 -0.00827692 -0.00023226
v -0.01447699 -0.00827692 -0.00020124
v -0.01433557 -0.00827692 -0.00034268
v -0.01461338 -0.00827692 -0.00036914
v -0.01444598 -0.00827692 -0.00047858
v -0.01471081 -0.00827692 -0.00055720
v -0.01452485 -0.00827692 -0.00063084
v -0.01476700 -0.00827692 -0.00075264
v -0.01457034 -0.00827692 -0.00078903
v -0.01478453 -0.00827692 -0.00094370
v -0.01458453 -0.00827692 -0.00094370
v -0.01457034 -0.00827692 -0.00109838
v -0.01476700 -0.00827692 -0.00113477
v -0.01452485 -0.00827692 -0.00125660
v -0.01471081 -0.00827692 -0.00133021
v -0.01444598 -0.00827692 -0.00140883
v -0.01461338 -0.00827692 -0.00151829
v -0.01433557 -0.00827692 -0.00154476
v -0.01447699 -0.00827692 -0.00168617
v -0.01419966 -0.00827692 -0.00165514
v -0.01430910 -0.00827692 -0.00182254
v -0.01404741 -0.00827692 -0.00173403
v -0.01412103 -0.00827692 -0.00192000
v -0.01388920 -0.00827692 -0.00177951
v -0.01392559 -0.00827692 -0.00197618
v -0.01388920 0.01252307 -0.00177951
v -0.01404742 0.01252307 -0.00173403
v -0.01419966 0.01252307 -0.00165514
v -0.01433558 0.01252307 -0.00154476
v -0.01444598 0.01252307 -0.00140883
v -0.01452486 0.01252307 -0.00125660
v -0.01457035 0.01252307 -0.00109838
v -0.01458454 0.01252307 -0.00094370
v -0.01457035 0.01252307 -0.00078903
v -0.01452486 0.01252307 -0.00063084
v -0.01444598 0.01252307 -0.00047858
v -0.01433558 0.01252307 -0.00034268
v -0.01419966 0.01252307 -0.00023226
v -0.01404742 0.01252307 -0.00015338
v -0.01388920 0.01252307 -0.00010790
v -0.01386669 0.00212307 -0.00010405
v -0.01400237 0.00212307 -0.00013701
v -0.01413581 0.00212307 -0.00019438
v -0.01426050 0.00212307 -0.00027598
v -0.01437006 0.00212307 -0.00037925
v -0.01445927 0.00212307 -0.00049956
v -0.01452485 0.00212307 -0.00063084
v -0.01456585 0.00212307 -0.00076644
v -0.01458453 0.00212307 -0.00094370
v -0.01456585 0.00212307 -0.00112097
v -0.01450573 0.00212307 -0.00130115
v -0.01440226 0.00212307 -0.00146968
v -0.01426050 0.00212307 -0.00161142
v -0.01409198 0.00212307 -0.00171490
v -0.01391179 0.00212307 -0.00177501
v 0.01307441 -0.00827692 -0.00197618
v 0.01307441 -0.00827692 0.00008877
v 0.01311080 -0.00827692 -0.00010790
v 0.01287897 -0.00827692 0.00003256
v 0.01295259 -0.00827692 -0.00015341
v 0.01269090 -0.00827692 -0.00006486
v 0.01280034 -0.00827692 -0.00023226
v 0.01252301 -0.00827692 -0.00020124
v 0.01266443 -0.00827692 -0.00034268
v 0.01238662 -0.00827692 -0.00036914
v 0.01255402 -0.00827692 -0.00047858
v 0.01228919 -0.00827692 -0.00055723
v 0.01247515 -0.00827692 -0.00063084
v 0.01223300 -0.00827692 -0.00075264
v 0.01242966 -0.00827692 -0.00078906
v 0.01221547 -0.00827692 -0.00094370
v 0.01241547 -0.00827692 -0.00094370
v 0.01242966 -0.00827692 -0.00109838
v 0.01223300 -0.00827692 -0.00113477
v 0.01247515 -0.00827692 -0.00125660
v 0.01228919 -0.00827692 -0.00133021
v 0.01255402 -0.00827692 -0.00140883
v 0.01238662 -0.00827692 -0.00151829
v 0.01266443 -0.00827692 -0.00154476
v 0.01252301 -0.00827692 -0.00168617
v 0.01280034 -0.00827692 -0.00165517
v 0.01269090 -0.00827692 -0.00182257
v 0.01295259 -0.00827692 -0.00173403
v 0.01287897 -0.00827692 -0.00192000
v 0.01311080 -0.00827692 -0.00177954
v 0.01311080 0.01252308 -0.00177951
v 0.01295258 0.01252308 -0.00173403
v 0.01280034 0.01252308 -0.00165514
v 0.01266443 0.01252308 -0.00154476
v 0.01255402 0.01252308 -0.00140883
v 0.01247514 0.01252308 -0.00125660
v 0.01242966 0.01252308 -0.00109838
v 0.01241546 0.01252308 -0.00094370
v 0.01242966 0.01252308 -0.00078903
v 0.01247514 0.01252308 -0.00063084
v 0.01255402 0.01252308 -0.00047858
v 0.01266443 0.01252308 -0.00034268
v 0.01280034 0.01252308 -0.00023226
v 0.01295258 0.01252308 -0.00015341
v 0.01311080 0.01252308 -0.00010790
v 0.01313331 0.00212307 -0.00010405
v 0.01299763 0.00212307 -0.00013701
v 0.01286419 0.00212307 -0.00019438
v 0.01273951 0.00212307 -0.00027598
v 0.01262994 0.00212307 -0.00037925
v 0.01254073 0.00212307 -0.00049956
v 0.01247515 0.00212307 -0.00063084
v 0.01243415 0.00212307 -0.00076647
v 0.01241547 0.00212307 -0.00094370
v 0.01243415 0.00212307 -0.00112097
v 0.01249428 0.00212307 -0.00130115
v 0.01259774 0.00212307 -0.00146968
v 0.01273951 0.00212309 -0.00161145
v 0.01290803 0.00212309 -0.00171490
v 0.01308822 0.00212309 -0.00177504
v -0.00081122 -0.01927692 0.00299950
v -0.00070097 -0.01777692 0.00301980
v -0.00080624 -0.01627693 0.00300132
v -0.00117984 -0.01777692 0.00290345
v -0.00137461 -0.01627693 0.00283121
v -0.00165080 -0.01777692 0.00270094
v -0.00190501 -0.01627693 0.00254818
v -0.00209087 -0.01777692 0.00241299
v -0.00236551 -0.01627693 0.00216790
v -0.00247755 -0.01777692 0.00204848
v -0.00273300 -0.01627693 0.00171690
v -0.00279241 -0.01777692 0.00162383
v -0.00300162 -0.01627693 0.00121527
v -0.00302389 -0.01777692 0.00116058
v -0.00317456 -0.01627693 0.00065313
v -0.00316857 -0.01777692 0.00068189
v -0.00323453 -0.01777692 0.00005628
v -0.00317775 -0.01927692 0.00063299
v -0.00316857 -0.01777692 -0.00056933
v -0.00295638 -0.01777692 -0.00120528
v -0.00259122 -0.01777692 -0.00180004
v -0.00209087 -0.01777692 -0.00230039
v -0.00149609 -0.01777692 -0.00266556
v -0.00086013 -0.01777692 -0.00287775
v -0.00080624 -0.01627693 -0.00288872
v -0.00323453 -0.01627693 0.00005628
v -0.00317456 -0.01627693 -0.00054057
v -0.00300162 -0.01627693 -0.00110267
v -0.00273300 -0.01627693 -0.00160433
v -0.00236551 -0.01627693 -0.00205533
v -0.00190501 -0.01627693 -0.00243561
v -0.00137461 -0.01627693 -0.00271864
v -0.00300617 -0.01927692 0.00120433
v -0.00272349 -0.01927692 0.00172968
v -0.00235585 -0.01927692 0.00217761
v -0.00190792 -0.01927692 0.00254525
v -0.00138258 -0.01927692 0.00282793
v 0.01215443 -0.01627691 -0.03018327
v 0.01252300 -0.01627691 -0.02868618
v 0.01176547 -0.01627691 -0.02994372
v 0.01238662 -0.01627691 -0.02851830
v 0.01228919 -0.01627693 -0.02833022
v 0.01269089 -0.01627691 -0.02882255
v 0.01260697 -0.01627691 -0.03035544
v 0.01287897 -0.01627691 -0.02892001
v 0.01307441 -0.01627691 -0.02897619
v 0.01310439 -0.01627691 -0.03043853
v 0.01361902 -0.01627691 -0.03041859
v 0.01411864 -0.01627691 -0.03029363
v 0.01457290 -0.01627691 -0.03007458
v 0.01495913 -0.01627691 -0.02978261
v 0.01526546 -0.01627691 -0.02944372
v 0.01550502 -0.01627691 -0.02905474
v 0.01567719 -0.01627691 -0.02860223
v 0.01576027 -0.01627691 -0.02810480
v 0.01574034 -0.01627691 -0.02759017
v 0.01561538 -0.01627691 -0.02709053
v 0.01539634 -0.01627691 -0.02663629
v 0.01510435 -0.01627691 -0.02625005
v 0.01476547 -0.01627691 -0.02594371
v 0.01307441 -0.01627693 -0.02691124
v 0.01287897 -0.01627693 -0.02696745
v 0.01431547 -0.01627693 -0.01019372
v 0.01269089 -0.01627693 -0.02706487
v 0.01252300 -0.01627693 -0.02720125
v -0.00023453 -0.01627693 -0.01019372
v 0.01238662 -0.01627693 -0.02736915
v 0.01228919 -0.01627693 -0.02755721
v 0.01223300 -0.01627693 -0.02775265
v 0.01221547 -0.01627693 -0.02794371
v 0.01223300 -0.01627693 -0.02813478
v 0.01476547 -0.01627693 -0.00294371
v 0.01307441 -0.01627693 -0.00197618
v 0.01287897 -0.01627693 -0.00192000
v 0.01518314 -0.01627693 -0.00254763
v 0.01550640 -0.01627693 -0.00205199
v 0.01570410 -0.01627693 -0.00149424
v 0.01576538 -0.01627693 -0.00092192
v 0.01569413 -0.01627693 -0.00035073
v 0.01548672 -0.01627693 0.00020348
v 0.01515486 -0.01627693 0.00069340
v 0.01473035 -0.01627693 0.00108214
v 0.01430390 -0.01627693 0.00374873
v 0.01307441 -0.01627693 0.00008877
v 0.01287897 -0.01627693 0.00003256
v 0.01269090 -0.01627693 -0.00006486
v 0.01338727 -0.01627693 0.00633691
v 0.01252301 -0.01627693 -0.00020127
v 0.01238663 -0.01627693 -0.00036914
v 0.01201424 -0.01627693 0.00871466
v 0.00956343 -0.01627693 0.01105629
v -0.01003249 -0.01627693 0.01105629
v -0.01248329 -0.01627693 0.00871469
v -0.01385633 -0.01627693 0.00633694
v -0.01477296 -0.01627693 0.00374873
v -0.01519941 -0.01627693 0.00108217
v -0.01392559 -0.01627693 0.00008877
v -0.01412103 -0.01627693 0.00003256
v -0.01430910 -0.01627693 -0.00006486
v -0.01447699 -0.01627693 -0.00020124
v -0.01461338 -0.01627693 -0.00036914
v -0.01562393 -0.01627693 0.00069343
v -0.01471081 -0.01627693 -0.00055720
v -0.01595578 -0.01627693 0.00020348
v -0.01476700 -0.01627693 -0.00075264
v -0.01616318 -0.01627693 -0.00035073
v -0.01478453 -0.01627693 -0.00094370
v -0.01623443 -0.01627693 -0.00092189
v -0.01617316 -0.01627693 -0.00149424
v 0.01026329 -0.01627693 0.01077058
v 0.00975422 -0.01627693 0.01103790
v 0.00994140 -0.01627693 0.01098211
v 0.01011416 -0.01627693 0.01089098
v -0.01073234 -0.01627693 0.01077058
v -0.01022327 -0.01627693 0.01103793
v -0.01041045 -0.01627693 0.01098211
v -0.01058321 -0.01627693 0.01089098
v -0.01476700 -0.01627693 -0.00113477
v -0.01597545 -0.01627693 -0.00205199
v -0.01471081 -0.01627693 -0.00133021
v -0.01565220 -0.01627693 -0.00254763
v -0.01461338 -0.01627693 -0.00151829
v -0.01523453 -0.01627693 -0.00294371
v -0.01447699 -0.01627693 -0.00168617
v -0.01430910 -0.01627693 -0.00182254
v -0.01412103 -0.01627693 -0.00192000
v -0.01392559 -0.01627693 -0.00197618
v -0.01266831 -0.01627693 -0.01019372
v -0.01127504 -0.01627693 -0.01019372
v -0.01521407 -0.01627693 -0.01019372
v -0.01523453 -0.01627693 -0.02594371
v -0.01409846 -0.01627693 -0.02597712
v -0.01447072 -0.01627693 -0.02608414
v -0.01482896 -0.01627693 -0.02626972
v -0.01514875 -0.01627693 -0.02652950
v -0.01557342 -0.01627693 -0.02625005
v -0.01540853 -0.01627693 -0.02684928
v -0.01586541 -0.01627693 -0.02663629
v -0.01559411 -0.01627693 -0.02720754
v -0.01608445 -0.01627693 -0.02709053
v -0.01570115 -0.01627693 -0.02757980
v -0.01620941 -0.01627693 -0.02759017
v -0.01573454 -0.01627693 -0.02794371
v -0.01622934 -0.01627693 -0.02810480
v -0.01570115 -0.01627693 -0.02830763
v -0.01614625 -0.01627693 -0.02860220
v -0.01559411 -0.01627693 -0.02867989
v -0.01597409 -0.01627693 -0.02905474
v -0.01540853 -0.01627693 -0.02903814
v -0.01573454 -0.01627693 -0.02944372
v -0.01542820 -0.01627693 -0.02978261
v -0.01514875 -0.01627693 -0.02935792
v -0.01504197 -0.01627693 -0.03007458
v -0.01482896 -0.01627693 -0.02961771
v -0.01458771 -0.01627693 -0.03029363
v -0.01447072 -0.01627693 -0.02980329
v -0.01409846 -0.01627693 -0.02991034
v -0.01408809 -0.01627693 -0.03041859
v -0.01357346 -0.01627693 -0.03043853
v -0.01307604 -0.01627693 -0.03035544
v -0.01262350 -0.01627693 -0.03018327
v -0.01223454 -0.01627693 -0.02994372
v 0.01228919 -0.01627693 -0.00055723
v 0.01223300 -0.01627693 -0.00075264
v 0.01221547 -0.01627693 -0.00094370
v 0.01223300 -0.01627693 -0.00113477
v 0.01228919 -0.01627693 -0.00133021
v 0.01238663 -0.01627693 -0.00151829
v 0.01252301 -0.01627693 -0.00168617
v 0.01269090 -0.01627693 -0.00182257
v -0.01228722 -0.01560192 -0.02746318
v -0.01253655 -0.01560192 -0.02700008
v -0.01293770 -0.01560192 -0.02664347
v -0.01341652 -0.01560192 -0.02645223
v -0.01373454 -0.01560192 -0.02641873
v -0.01392560 -0.01512693 -0.02691124
v -0.01405255 -0.01560192 -0.02645223
v -0.01412104 -0.01512693 -0.02696745
v -0.01437583 -0.01560192 -0.02656011
v -0.01430911 -0.01512693 -0.02706487
v -0.01467818 -0.01560192 -0.02674572
v -0.01447700 -0.01512693 -0.02720125
v -0.01493252 -0.01560192 -0.02700008
v -0.01461338 -0.01512693 -0.02736915
v -0.01511814 -0.01560192 -0.02730243
v -0.01471081 -0.01512693 -0.02755721
v -0.01522601 -0.01560192 -0.02762569
v -0.01476701 -0.01512693 -0.02775265
v -0.01570115 -0.01607692 -0.02757980
v -0.01409846 -0.01607692 -0.02597712
v -0.01447072 -0.01607692 -0.02608414
v -0.01482896 -0.01607692 -0.02626972
v -0.01514875 -0.01607692 -0.02652950
v -0.01540853 -0.01607692 -0.02684928
v -0.01559411 -0.01607692 -0.02720754
v -0.01404550 -0.01617692 -0.02596803
v -0.01436474 -0.01617692 -0.02604560
v -0.01467872 -0.01617692 -0.02618061
v -0.01497210 -0.01617692 -0.02637259
v -0.01522989 -0.01617692 -0.02661557
v -0.01543979 -0.01617692 -0.02689867
v -0.01559411 -0.01617692 -0.02720754
v -0.01569057 -0.01617692 -0.02752663
v -0.01573454 -0.01617692 -0.02794371
v -0.01569057 -0.01617692 -0.02836077
v -0.01554910 -0.01617692 -0.02878476
v -0.01530566 -0.01617692 -0.02918128
v -0.01497210 -0.01617692 -0.02951483
v -0.01457558 -0.01617692 -0.02975829
v -0.01415161 -0.01617692 -0.02989976
v 0.01310221 -0.01227692 -0.02898095
v 0.01293461 -0.01227692 -0.02894021
v 0.01276977 -0.01227692 -0.02886934
v 0.01261574 -0.01227692 -0.02876855
v 0.01248041 -0.01227692 -0.02864100
v 0.01237020 -0.01227692 -0.02849237
v 0.01228919 -0.01227692 -0.02833022
v 0.01223855 -0.01227692 -0.02816267
v 0.01221547 -0.01227692 -0.02794371
v 0.01223855 -0.01227692 -0.02772476
v 0.01231282 -0.01227692 -0.02750216
v 0.01244062 -0.01227692 -0.02729399
v 0.01261574 -0.01227692 -0.02711887
v 0.01282392 -0.01227692 -0.02699108
v 0.01304650 -0.01227692 -0.02691681
v 0.01310221 -0.01227692 -0.00198094
v 0.01293461 -0.01227692 -0.00194023
v 0.01276978 -0.01227692 -0.00186933
v 0.01261575 -0.01227692 -0.00176857
v 0.01248041 -0.01227692 -0.00164099
v 0.01237021 -0.01227692 -0.00149236
v 0.01228919 -0.01227692 -0.00133021
v 0.01223855 -0.01227692 -0.00116269
v 0.01221547 -0.01227692 -0.00094370
v 0.01223855 -0.01227692 -0.00072475
v 0.01231282 -0.01227692 -0.00050218
v 0.01244063 -0.01227692 -0.00029398
v 0.01261575 -0.01227692 -0.00011886
v 0.01282392 -0.01227692 0.00000893
v 0.01304651 -0.01227692 0.00008320
v -0.01389779 -0.01227693 -0.00198094
v -0.01406539 -0.01227693 -0.00194023
v -0.01423023 -0.01227693 -0.00186933
v -0.01438425 -0.01227693 -0.00176854
v -0.01451959 -0.01227693 -0.00164099
v -0.01462979 -0.01227693 -0.00149236
v -0.01471081 -0.01227693 -0.00133021
v -0.01476145 -0.01227693 -0.00116266
v -0.01478453 -0.01227693 -0.00094370
v -0.01476145 -0.01227693 -0.00072475
v -0.01468718 -0.01227693 -0.00050215
v -0.01455937 -0.01227693 -0.00029398
v -0.01438425 -0.01227693 -0.00011886
v -0.01417608 -0.01227693 0.00000893
v -0.01395349 -0.01227693 0.00008320
v 0.01486739 -0.01601717 0.00097563
v 0.01499945 -0.01576687 0.00085719
v 0.01529533 -0.01520376 0.00051432
v 0.01540354 -0.01527692 0.00035192
v 0.01555676 -0.01469435 0.00005628
v 0.01562175 -0.01527692 -0.00010828
v 0.01564713 -0.01451360 -0.00018365
v 0.01571273 -0.01438239 -0.00043295
v 0.01574121 -0.01527692 -0.00059624
v 0.01575232 -0.01430322 -0.00068764
v 0.01574690 -0.01527692 -0.00124793
v 0.01574948 -0.01430891 -0.00122605
v 0.01570040 -0.01440707 -0.00151042
v 0.01568421 -0.01527692 -0.00157596
v 0.01561752 -0.01457281 -0.00179098
v 0.01557660 -0.01527692 -0.00189696
v 0.01550154 -0.01480478 -0.00206174
v 0.01542581 -0.01527692 -0.00220187
v 0.01517978 -0.01544830 -0.00255163
v 0.01221269 -0.01574187 -0.03021125
v 0.01245968 -0.01554376 -0.03031029
v 0.01271728 -0.01539861 -0.03038288
v 0.01298117 -0.01530935 -0.03042750
v 0.01324678 -0.01527706 -0.03044365
v 0.01350962 -0.01530083 -0.03043176
v 0.01376547 -0.01537794 -0.03039320
v 0.01400172 -0.01545845 -0.03033261
v 0.01424633 -0.01550560 -0.03024326
v 0.01448310 -0.01550837 -0.03012685
v 0.01469766 -0.01547007 -0.02999283
v 0.01498161 -0.01534538 -0.02976139
v 0.01522214 -0.01515850 -0.02949981
v 0.01526546 -0.01527692 -0.02944372
v 0.01555675 -0.01469435 -0.02894373
v 0.01553430 -0.01527692 -0.02899368
v 0.01567719 -0.01527692 -0.02860223
v 0.01575450 -0.01527692 -0.02817763
v 0.01575692 -0.01527692 -0.02773709
v 0.01568137 -0.01527692 -0.02730076
v 0.01553198 -0.01527692 -0.02688877
v 0.01531926 -0.01527692 -0.02651827
v 0.01517978 -0.01544829 -0.02633579
v 0.01564713 -0.01451360 -0.02870376
v 0.01571273 -0.01438239 -0.02845450
v 0.01575232 -0.01430321 -0.02819978
v 0.01574947 -0.01430890 -0.02766137
v 0.01570039 -0.01440707 -0.02737702
v 0.01561752 -0.01457281 -0.02709646
v 0.01550153 -0.01480478 -0.02682568
v -0.01397869 -0.01530083 -0.03043176
v -0.01423454 -0.01537794 -0.03039320
v -0.01447079 -0.01545845 -0.03033261
v -0.01471540 -0.01550561 -0.03024326
v -0.01495217 -0.01550838 -0.03012682
v -0.01516673 -0.01547007 -0.02999280
v -0.01545068 -0.01534538 -0.02976136
v -0.01573454 -0.01527692 -0.02944372
v -0.01600337 -0.01527692 -0.02899365
v -0.01617988 -0.01527692 -0.02846359
v -0.01623383 -0.01527692 -0.02788450
v -0.01615044 -0.01527692 -0.02730076
v -0.01593650 -0.01527692 -0.02675994
v -0.01564885 -0.01544830 -0.02633579
v -0.01371585 -0.01527706 -0.03044365
v -0.01345023 -0.01530936 -0.03042750
v -0.01318635 -0.01539861 -0.03038288
v -0.01292874 -0.01554376 -0.03031029
v -0.01268176 -0.01574187 -0.03021125
v -0.01597060 -0.01480478 -0.02682568
v -0.01608659 -0.01457281 -0.02709646
v -0.01616946 -0.01440708 -0.02737702
v -0.01621854 -0.01430891 -0.02766137
v -0.01622139 -0.01430322 -0.02819978
v -0.01618180 -0.01438239 -0.02845450
v -0.01611620 -0.01451360 -0.02870376
v -0.01602582 -0.01469435 -0.02894370
v -0.01569121 -0.01515850 -0.02949981
v -0.01611619 -0.01451360 -0.00018365
v -0.01602867 -0.01527692 0.00004973
v -0.01602582 -0.01469435 0.00005628
v -0.01587259 -0.01527692 0.00035192
v -0.01576439 -0.01520377 0.00051435
v -0.01546851 -0.01576689 0.00085722
v -0.01533645 -0.01601718 0.00097563
v -0.01614186 -0.01527692 -0.00026937
v -0.01618180 -0.01438239 -0.00043292
v -0.01621027 -0.01527692 -0.00059624
v -0.01622138 -0.01430322 -0.00068764
v -0.01621595 -0.01527692 -0.00124793
v -0.01621854 -0.01430891 -0.00122605
v -0.01616945 -0.01440708 -0.00151039
v -0.01610502 -0.01527692 -0.00173791
v -0.01608658 -0.01457281 -0.00179095
v -0.01597060 -0.01480480 -0.00206174
v -0.01589487 -0.01527692 -0.00220187
v -0.01564885 -0.01544830 -0.00255163
v -0.01003249 -0.01527692 0.01155628
v -0.01031866 -0.01527692 0.01152875
v -0.01059943 -0.01527692 0.01144503
v -0.01085857 -0.01527692 0.01130833
v -0.01108227 -0.01527692 0.01112773
v -0.01566058 -0.01527692 0.00156860
v -0.01543499 -0.01527692 0.00308876
v -0.01505545 -0.01527692 0.00459396
v -0.01452421 -0.01527692 0.00606089
v -0.01384819 -0.01527692 0.00746696
v -0.01211074 -0.01527692 0.01001649
v -0.01303869 -0.01527692 0.00879146
v 0.00956343 -0.01527692 0.01155628
v -0.00023453 -0.01527692 0.01155628
v 0.01038952 -0.01527692 0.01130833
v 0.01061321 -0.01527692 0.01112773
v 0.01013038 -0.01527692 0.01144500
v 0.00984961 -0.01527692 0.01152875
v -0.01454179 -0.01489986 -0.03060405
v -0.01485607 -0.01489986 -0.03051369
v -0.01515852 -0.01489986 -0.03035702
v -0.01542851 -0.01489986 -0.03013767
v -0.01564783 -0.01489986 -0.02986769
v -0.01580451 -0.01489986 -0.02956526
v -0.01589488 -0.01489986 -0.02925096
v 0.01519152 -0.01527692 0.00156860
v 0.01496594 -0.01527692 0.00308876
v 0.01458639 -0.01527692 0.00459396
v 0.01405515 -0.01527692 0.00606086
v 0.01337914 -0.01527692 0.00746696
v 0.01256964 -0.01527692 0.00879146
v 0.01164169 -0.01527692 0.01001649
v -0.00023454 -0.01527692 -0.03044371
v 0.01542581 -0.01489985 -0.02925096
v 0.01533544 -0.01489985 -0.02956526
v 0.01517876 -0.01489985 -0.02986769
v 0.01495944 -0.01489985 -0.03013770
v 0.01468945 -0.01489985 -0.03035702
v 0.01438700 -0.01489985 -0.03051369
v 0.01407272 -0.01489985 -0.03060405
v -0.01573453 -0.01527692 -0.01444371
v 0.01526547 -0.01527692 -0.01444371
v -0.01389779 -0.01170193 -0.02898095
v -0.01406540 -0.01170193 -0.02894021
v -0.01423023 -0.01170193 -0.02886934
v -0.01438426 -0.01170193 -0.02876855
v -0.01451960 -0.01170193 -0.02864097
v -0.01462980 -0.01170193 -0.02849234
v -0.01471081 -0.01170193 -0.02833022
v -0.01476145 -0.01170193 -0.02816267
v -0.01478454 -0.01170193 -0.02794371
v -0.01476145 -0.01170193 -0.02772476
v -0.01468718 -0.01170193 -0.02750216
v -0.01455938 -0.01170193 -0.02729399
v -0.01438426 -0.01170193 -0.02711887
v -0.01417608 -0.01170193 -0.02699105
v -0.01395350 -0.01170193 -0.02691679
v -0.00284442 -0.01952693 0.00092282
v -0.00239482 -0.01952693 0.00175794
v -0.00167144 -0.01952693 0.00240101
v -0.00080799 -0.01952693 0.00274582
v -0.00023452 -0.01952693 0.00280629
v 0.00033895 -0.01952693 0.00274582
v 0.00092191 -0.01952691 0.00255130
v 0.00146713 -0.01952691 0.00221659
v 0.00192578 -0.01952691 0.00175794
v 0.00226051 -0.01952691 0.00121270
v 0.00245502 -0.01952691 0.00062974
v 0.00222781 -0.01977693 0.00048857
v -0.00268192 -0.01977693 0.00056641
v -0.00252179 -0.01977693 0.00106542
v -0.00226115 -0.01977693 0.00152011
v -0.00191982 -0.01977693 0.00190284
v -0.00150758 -0.01977693 0.00220786
v -0.00103103 -0.01977693 0.00242599
v -0.00051949 -0.01977693 0.00253998
v -0.00000670 -0.01977693 0.00254588
v 0.00042034 -0.01977693 0.00246899
v 0.00084849 -0.01977693 0.00230952
v 0.00125398 -0.01977693 0.00206484
v 0.00161203 -0.01977693 0.00174158
v 0.00190133 -0.01977693 0.00135555
v 0.00210802 -0.01977693 0.00092946
v -0.00046198 -0.01977693 -0.00117285
v -0.00042888 -0.01527692 -0.00117852
v -0.00046198 -0.01077692 -0.00117285
v -0.00062841 -0.01527692 -0.00113003
v -0.00069465 -0.01077692 -0.00110595
v -0.00082465 -0.01527692 -0.00104566
v -0.00091854 -0.01077692 -0.00098996
v -0.00100801 -0.01527692 -0.00092567
v -0.00111841 -0.01077692 -0.00082759
v -0.00116912 -0.01527692 -0.00077380
v -0.00128078 -0.01077692 -0.00062774
v -0.00130032 -0.01527692 -0.00059686
v -0.00139677 -0.01077692 -0.00040383
v -0.00139677 -0.01527692 -0.00040383
v -0.00145705 -0.01527692 -0.00020440
v -0.00139676 -0.01977693 -0.00040383
v -0.00146366 -0.01977693 -0.00017117
v -0.00148453 -0.01527692 0.00005628
v -0.00148453 -0.01977693 0.00005628
v -0.00146366 -0.01977693 0.00028374
v -0.00145705 -0.01527692 0.00031696
v -0.00139676 -0.01977693 0.00051640
v -0.00136863 -0.01527692 0.00058194
v -0.00128077 -0.01977693 0.00074031
v -0.00121649 -0.01527692 0.00082977
v -0.00111841 -0.01977693 0.00094016
v -0.00100801 -0.01527692 0.00103824
v -0.00091854 -0.01977693 0.00110252
v -0.00076018 -0.01527692 0.00119038
v -0.00069465 -0.01977693 0.00121851
v -0.00049520 -0.01527692 0.00127880
v -0.00046198 -0.01977693 0.00128542
v -0.00046198 -0.01077692 0.00128542
v -0.00146366 -0.01077692 -0.00017117
v -0.00148453 -0.01077692 0.00005628
v -0.00146366 -0.01077692 0.00028374
v -0.00139677 -0.01077692 0.00051640
v -0.00128078 -0.01077692 0.00074031
v -0.00111841 -0.01077692 0.00094016
v -0.00091854 -0.01077692 0.00110252
v -0.00069465 -0.01077692 0.00121851
v -0.00128077 -0.01977693 -0.00062774
v -0.00111841 -0.01977693 -0.00082759
v -0.00091854 -0.01977693 -0.00098996
v -0.00069465 -0.01977693 -0.00110595
v -0.00023453 -0.01077692 0.00005628
f 1 2 3
f 3 2 4
f 3 4 5
f 5 4 6
f 5 6 7
f 7 6 8
f 7 8 9
f 9 8 10
f 9 10 11
f 11 10 12
f 11 12 13
f 13 12 14
f 13 14 15
f 15 14 16
f 15 16 17
f 17 16 18
f 18 16 19
f 18 19 20
f 20 19 21
f 20 21 22
f 22 21 23
f 22 23 24
f 2 25 4
f 4 25 26
f 4 26 6
f 6 26 27
f 6 27 8
f 8 27 28
f 8 28 10
f 10 28 29
f 10 29 12
f 12 29 30
f 12 30 14
f 14 30 31
f 14 31 16
f 16 31 32
f 16 32 33
f 16 33 19
f 19 33 23
f 19 23 21
f 22 24 34
f 34 24 35
f 34 35 36
f 36 35 37
f 36 37 38
f 38 37 39
f 38 39 40
f 40 39 41
f 40 41 42
f 42 41 43
f 42 43 44
f 44 45 42
f 42 45 40
f 45 46 40
f 40 46 38
f 46 47 38
f 38 47 36
f 47 48 36
f 36 48 34
f 48 49 34
f 34 49 22
f 49 20 22
f 50 51 52
f 52 51 53
f 52 53 54
f 54 53 55
f 54 55 56
f 56 55 57
f 56 57 58
f 58 57 59
f 58 59 60
f 60 59 61
f 60 61 62
f 62 61 63
f 62 63 64
f 64 63 65
f 64 65 66
f 66 65 67
f 67 65 68
f 67 68 69
f 69 68 70
f 69 70 71
f 71 70 72
f 72 70 73
f 72 73 74
f 74 73 75
f 74 75 76
f 76 75 77
f 77 75 78
f 78 75 79
f 78 79 80
f 51 81 53
f 53 81 82
f 53 82 55
f 55 82 83
f 55 83 57
f 57 83 84
f 57 84 59
f 59 84 85
f 59 85 61
f 61 85 86
f 61 86 63
f 63 86 87
f 63 87 65
f 65 87 88
f 65 88 89
f 65 89 68
f 68 89 90
f 68 90 91
f 68 91 70
f 70 91 92
f 70 92 93
f 70 93 73
f 73 93 94
f 73 94 95
f 73 95 75
f 75 95 96
f 75 96 79
f 97 98 99
f 99 98 100
f 99 100 101
f 101 100 102
f 101 102 103
f 103 102 104
f 103 104 105
f 105 104 106
f 105 106 107
f 107 106 108
f 107 108 109
f 109 108 110
f 109 110 111
f 111 110 112
f 111 112 113
f 113 112 114
f 114 112 115
f 114 115 116
f 116 115 117
f 116 117 118
f 118 117 119
f 118 119 120
f 98 121 100
f 100 121 122
f 100 122 102
f 102 122 123
f 102 123 104
f 104 123 124
f 104 124 106
f 106 124 125
f 106 125 108
f 108 125 126
f 108 126 110
f 110 126 127
f 110 127 112
f 112 127 128
f 112 128 129
f 112 129 115
f 115 129 119
f 115 119 117
f 118 120 130
f 130 120 131
f 130 131 132
f 132 131 133
f 132 133 134
f 134 133 135
f 134 135 136
f 136 135 137
f 136 137 138
f 138 137 139
f 138 139 140
f 140 141 138
f 138 141 136
f 141 142 136
f 136 142 134
f 142 143 134
f 134 143 132
f 143 144 132
f 132 144 130
f 144 145 130
f 130 145 118
f 145 116 118
f 146 147 148
f 148 147 149
f 148 149 150
f 150 149 151
f 150 151 152
f 152 151 153
f 152 153 154
f 154 153 155
f 154 155 156
f 156 155 157
f 156 157 158
f 158 157 159
f 158 159 160
f 160 159 161
f 160 161 162
f 162 161 163
f 163 161 164
f 163 164 165
f 165 164 166
f 165 166 167
f 167 166 168
f 167 168 169
f 147 170 149
f 149 170 171
f 149 171 151
f 151 171 172
f 151 172 153
f 153 172 173
f 153 173 155
f 155 173 174
f 155 174 157
f 157 174 175
f 157 175 159
f 159 175 176
f 159 176 161
f 161 176 177
f 161 177 178
f 161 178 164
f 164 178 168
f 164 168 166
f 167 169 179
f 179 169 180
f 179 180 181
f 181 180 182
f 181 182 183
f 183 182 184
f 183 184 185
f 185 184 186
f 185 186 187
f 187 186 188
f 187 188 189
f 189 190 187
f 187 190 185
f 190 191 185
f 185 191 183
f 191 192 183
f 183 192 181
f 192 193 181
f 181 193 179
f 193 194 179
f 179 194 167
f 194 165 167
f 195 196 197
f 197 196 198
f 197 198 199
f 199 198 200
f 199 200 201
f 201 200 202
f 201 202 203
f 203 202 204
f 203 204 205
f 205 204 206
f 205 206 207
f 207 206 208
f 207 208 209
f 209 208 210
f 209 210 211
f 211 210 212
f 212 210 213
f 212 213 214
f 214 213 215
f 214 215 216
f 216 215 217
f 216 217 218
f 196 219 198
f 198 219 220
f 198 220 200
f 200 220 221
f 200 221 202
f 202 221 222
f 202 222 204
f 204 222 223
f 204 223 206
f 206 223 224
f 206 224 208
f 208 224 225
f 208 225 210
f 210 225 226
f 210 226 227
f 210 227 213
f 213 227 217
f 213 217 215
f 216 218 228
f 228 218 229
f 228 229 230
f 230 229 231
f 230 231 232
f 232 231 233
f 232 233 234
f 234 233 235
f 234 235 236
f 236 235 237
f 236 237 238
f 238 239 236
f 236 239 234
f 239 240 234
f 234 240 232
f 240 241 232
f 232 241 230
f 241 242 230
f 230 242 228
f 242 243 228
f 228 243 216
f 243 214 216
f 244 245 246
f 246 245 247
f 246 247 248
f 248 247 249
f 248 249 250
f 250 249 251
f 250 251 252
f 252 251 253
f 252 253 254
f 254 253 255
f 254 255 256
f 256 255 257
f 256 257 258
f 258 257 259
f 258 259 260
f 260 259 261
f 261 259 262
f 261 262 263
f 263 262 264
f 263 264 265
f 265 264 266
f 265 266 267
f 245 268 247
f 247 268 269
f 247 269 249
f 249 269 270
f 249 270 251
f 251 270 271
f 251 271 253
f 253 271 272
f 253 272 255
f 255 272 273
f 255 273 257
f 257 273 274
f 257 274 259
f 259 274 275
f 259 275 276
f 259 276 262
f 262 276 266
f 262 266 264
f 265 267 277
f 277 267 278
f 277 278 279
f 279 278 280
f 279 280 281
f 281 280 282
f 281 282 283
f 283 282 284
f 283 284 285
f 285 284 286
f 285 286 287
f 287 288 285
f 285 288 283
f 288 289 283
f 283 289 281
f 289 290 281
f 281 290 279
f 290 291 279
f 279 291 277
f 291 292 277
f 277 292 265
f 292 263 265
f 293 294 295
f 295 294 296
f 295 296 297
f 297 296 298
f 297 298 299
f 299 298 300
f 299 300 301
f 301 300 302
f 301 302 303
f 303 302 304
f 303 304 305
f 305 304 306
f 305 306 307
f 307 306 308
f 307 308 309
f 309 308 310
f 310 308 311
f 310 311 312
f 312 311 313
f 312 313 314
f 314 313 315
f 314 315 316
f 294 317 296
f 296 317 318
f 296 318 298
f 298 318 319
f 298 319 300
f 300 319 320
f 300 320 302
f 302 320 321
f 302 321 304
f 304 321 322
f 304 322 306
f 306 322 323
f 306 323 308
f 308 323 324
f 308 324 325
f 308 325 311
f 311 325 315
f 311 315 313
f 314 316 326
f 326 316 327
f 326 327 328
f 328 327 329
f 328 329 330
f 330 329 331
f 330 331 332
f 332 331 333
f 332 333 334
f 334 333 335
f 334 335 336
f 336 337 334
f 334 337 332
f 337 338 332
f 332 338 330
f 338 339 330
f 330 339 328
f 339 340 328
f 328 340 326
f 340 341 326
f 326 341 314
f 341 312 314
f 324 128 325
f 325 128 342
f 325 342 315
f 315 342 343
f 315 343 316
f 316 343 344
f 316 344 327
f 327 344 345
f 327 345 329
f 329 345 346
f 329 346 331
f 331 346 347
f 331 347 333
f 333 347 348
f 333 348 335
f 335 348 349
f 349 348 350
f 349 350 351
f 351 350 352
f 351 352 353
f 353 352 354
f 354 352 355
f 354 355 356
f 356 355 357
f 356 357 358
f 358 357 359
f 359 357 360
f 360 357 361
f 360 361 362
f 128 127 342
f 342 127 126
f 342 126 343
f 343 126 125
f 343 125 344
f 344 125 124
f 344 124 345
f 345 124 123
f 345 123 346
f 346 123 122
f 346 122 347
f 347 122 121
f 347 121 348
f 348 121 98
f 348 98 363
f 348 363 350
f 350 363 364
f 350 364 352
f 352 364 365
f 352 365 366
f 352 366 355
f 355 366 367
f 355 367 357
f 357 367 368
f 357 368 361
f 369 370 371
f 371 370 372
f 371 372 373
f 373 372 374
f 373 374 375
f 375 374 376
f 375 376 377
f 377 376 378
f 377 378 379
f 379 378 380
f 379 380 381
f 381 380 382
f 381 382 383
f 383 382 384
f 383 384 385
f 385 384 386
f 386 384 387
f 386 387 388
f 388 387 389
f 388 389 390
f 390 389 96
f 390 96 95
f 370 391 372
f 372 391 392
f 372 392 374
f 374 392 393
f 374 393 376
f 376 393 394
f 376 394 378
f 378 394 395
f 378 395 380
f 380 395 396
f 380 396 382
f 382 396 397
f 382 397 384
f 384 397 80
f 384 80 79
f 384 79 387
f 387 79 96
f 387 96 389
f 95 94 390
f 390 94 398
f 390 398 399
f 399 398 400
f 400 398 401
f 400 401 402
f 402 401 403
f 402 403 404
f 404 403 405
f 404 405 406
f 406 405 407
f 406 407 408
f 408 407 89
f 408 89 88
f 94 93 398
f 398 93 401
f 93 92 401
f 401 92 403
f 92 91 403
f 403 91 405
f 91 90 405
f 405 90 407
f 90 89 407
f 399 388 390
f 409 410 411
f 411 410 412
f 411 412 413
f 413 412 414
f 413 414 415
f 415 414 416
f 415 416 417
f 417 416 418
f 417 418 419
f 419 418 420
f 419 420 421
f 421 420 422
f 421 422 423
f 423 422 424
f 423 424 425
f 425 424 426
f 426 424 427
f 426 427 428
f 428 427 429
f 428 429 430
f 430 429 431
f 430 431 432
f 410 433 412
f 412 433 434
f 412 434 414
f 414 434 435
f 414 435 416
f 416 435 436
f 416 436 418
f 418 436 437
f 418 437 420
f 420 437 438
f 420 438 422
f 422 438 439
f 422 439 424
f 424 439 440
f 424 440 441
f 424 441 427
f 427 441 431
f 427 431 429
f 430 432 442
f 442 432 443
f 442 443 444
f 444 443 445
f 444 445 446
f 446 445 447
f 446 447 448
f 448 447 449
f 448 449 450
f 450 449 451
f 450 451 452
f 452 453 450
f 450 453 448
f 453 454 448
f 448 454 446
f 454 455 446
f 446 455 444
f 455 456 444
f 444 456 442
f 456 457 442
f 442 457 430
f 457 428 430
f 458 459 460
f 460 459 461
f 460 461 462
f 462 461 463
f 462 463 464
f 464 463 465
f 464 465 466
f 466 465 467
f 466 467 468
f 468 467 469
f 468 469 470
f 470 469 471
f 470 471 472
f 472 471 473
f 472 473 474
f 474 473 475
f 475 473 476
f 475 476 477
f 477 476 478
f 477 478 479
f 479 478 480
f 479 480 481
f 459 482 461
f 461 482 483
f 461 483 463
f 463 483 484
f 463 484 465
f 465 484 485
f 465 485 467
f 467 485 486
f 467 486 469
f 469 486 487
f 469 487 471
f 471 487 488
f 471 488 473
f 473 488 489
f 473 489 490
f 473 490 476
f 476 490 480
f 476 480 478
f 479 481 491
f 491 481 492
f 491 492 493
f 493 492 494
f 493 494 495
f 495 494 496
f 495 496 497
f 497 496 498
f 497 498 499
f 499 498 500
f 499 500 501
f 501 502 499
f 499 502 497
f 502 503 497
f 497 503 495
f 503 504 495
f 495 504 493
f 504 505 493
f 493 505 491
f 505 506 491
f 491 506 479
f 506 477 479
f 507 508 509
f 509 508 510
f 509 510 511
f 511 510 512
f 511 512 513
f 513 512 514
f 513 514 515
f 515 514 516
f 515 516 517
f 517 516 518
f 517 518 519
f 519 518 520
f 519 520 521
f 521 520 522
f 521 522 523
f 523 522 524
f 524 522 525
f 524 525 526
f 526 525 527
f 526 527 528
f 528 527 529
f 528 529 530
f 508 531 510
f 510 531 532
f 510 532 512
f 512 532 533
f 512 533 514
f 514 533 534
f 514 534 516
f 516 534 535
f 516 535 518
f 518 535 536
f 518 536 520
f 520 536 537
f 520 537 522
f 522 537 538
f 522 538 539
f 522 539 525
f 525 539 529
f 525 529 527
f 528 530 540
f 540 530 541
f 540 541 542
f 542 541 543
f 542 543 544
f 544 543 545
f 544 545 546
f 546 545 547
f 546 547 548
f 548 547 549
f 548 549 550
f 550 551 548
f 548 551 546
f 551 552 546
f 546 552 544
f 552 553 544
f 544 553 542
f 553 554 542
f 542 554 540
f 554 555 540
f 540 555 528
f 555 526 528
f 556 557 558
f 558 557 559
f 558 559 560
f 560 559 561
f 560 561 562
f 562 561 563
f 562 563 564
f 564 563 565
f 564 565 566
f 566 565 567
f 566 567 568
f 568 567 569
f 568 569 570
f 570 569 571
f 570 571 572
f 572 571 573
f 573 571 574
f 573 574 575
f 575 574 576
f 575 576 577
f 577 576 578
f 577 578 579
f 557 580 559
f 559 580 581
f 559 581 561
f 561 581 582
f 561 582 563
f 563 582 583
f 563 583 565
f 565 583 584
f 565 584 567
f 567 584 585
f 567 585 569
f 569 585 586
f 569 586 571
f 571 586 587
f 571 587 588
f 571 588 574
f 574 588 578
f 574 578 576
f 577 579 589
f 589 579 590
f 589 590 591
f 591 590 592
f 591 592 593
f 593 592 594
f 593 594 595
f 595 594 596
f 595 596 597
f 597 596 598
f 597 598 599
f 599 600 597
f 597 600 595
f 600 601 595
f 595 601 593
f 601 602 593
f 593 602 591
f 602 603 591
f 591 603 589
f 603 604 589
f 589 604 577
f 604 575 577
f 605 606 607
f 607 606 608
f 607 608 609
f 609 608 610
f 609 610 611
f 611 610 612
f 611 612 613
f 613 612 614
f 613 614 615
f 615 614 616
f 615 616 617
f 617 616 618
f 617 618 619
f 619 618 620
f 619 620 621
f 621 620 622
f 622 620 623
f 622 623 624
f 624 623 625
f 624 625 626
f 626 625 627
f 626 627 628
f 606 629 608
f 608 629 630
f 608 630 610
f 610 630 631
f 610 631 612
f 612 631 632
f 612 632 614
f 614 632 633
f 614 633 616
f 616 633 634
f 616 634 618
f 618 634 635
f 618 635 620
f 620 635 636
f 620 636 637
f 620 637 623
f 623 637 627
f 623 627 625
f 626 628 638
f 638 628 639
f 638 639 640
f 640 639 641
f 640 641 642
f 642 641 643
f 642 643 644
f 644 643 645
f 644 645 646
f 646 645 647
f 646 647 648
f 648 649 646
f 646 649 644
f 649 650 644
f 644 650 642
f 650 651 642
f 642 651 640
f 651 652 640
f 640 652 638
f 652 653 638
f 638 653 626
f 653 624 626
f 654 655 656
f 656 655 657
f 656 657 658
f 658 657 659
f 658 659 660
f 660 659 661
f 660 661 662
f 662 661 663
f 662 663 664
f 664 663 665
f 664 665 666
f 666 665 667
f 666 667 668
f 668 667 669
f 668 669 670
f 670 669 671
f 671 669 672
f 671 672 673
f 673 672 674
f 673 674 675
f 675 674 676
f 675 676 677
f 655 678 657
f 657 678 679
f 657 679 659
f 659 679 680
f 659 680 661
f 661 680 681
f 661 681 663
f 663 681 682
f 663 682 665
f 665 682 683
f 665 683 667
f 667 683 684
f 667 684 669
f 669 684 685
f 669 685 686
f 669 686 672
f 672 686 676
f 672 676 674
f 675 677 687
f 687 677 688
f 687 688 689
f 689 688 690
f 689 690 691
f 691 690 692
f 691 692 693
f 693 692 694
f 693 694 695
f 695 694 696
f 695 696 697
f 697 698 695
f 695 698 693
f 698 699 693
f 693 699 691
f 699 700 691
f 691 700 689
f 700 701 689
f 689 701 687
f 701 702 687
f 687 702 675
f 702 673 675
f 703 704 705
f 705 704 706
f 705 706 707
f 707 706 708
f 707 708 709
f 709 708 710
f 709 710 711
f 711 710 712
f 711 712 713
f 713 712 714
f 713 714 715
f 715 714 716
f 715 716 717
f 717 716 718
f 717 718 719
f 719 718 720
f 720 718 721
f 720 721 722
f 722 721 723
f 722 723 724
f 724 723 725
f 724 725 726
f 704 727 706
f 706 727 728
f 706 728 708
f 708 728 729
f 708 729 710
f 710 729 730
f 710 730 712
f 712 730 731
f 712 731 714
f 714 731 732
f 714 732 716
f 716 732 733
f 716 733 718
f 718 733 734
f 718 734 735
f 718 735 721
f 721 735 725
f 721 725 723
f 724 726 736
f 736 726 737
f 736 737 738
f 738 737 739
f 738 739 740
f 740 739 741
f 740 741 742
f 742 741 743
f 742 743 744
f 744 743 745
f 744 745 746
f 746 747 744
f 744 747 742
f 747 748 742
f 742 748 740
f 748 749 740
f 740 749 738
f 749 750 738
f 738 750 736
f 750 751 736
f 736 751 724
f 751 722 724
f 752 753 754
f 754 753 755
f 754 755 756
f 756 755 757
f 756 757 758
f 758 757 759
f 758 759 760
f 760 759 761
f 760 761 762
f 762 761 763
f 762 763 764
f 764 763 765
f 764 765 766
f 766 765 767
f 766 767 768
f 768 767 769
f 769 767 770
f 769 770 771
f 771 770 772
f 771 772 773
f 773 772 774
f 773 774 775
f 753 776 755
f 755 776 777
f 755 777 757
f 757 777 778
f 757 778 759
f 759 778 779
f 759 779 761
f 761 779 780
f 761 780 763
f 763 780 781
f 763 781 765
f 765 781 782
f 765 782 767
f 767 782 783
f 767 783 784
f 767 784 770
f 770 784 774
f 770 774 772
f 773 775 785
f 785 775 786
f 785 786 787
f 787 786 788
f 787 788 789
f 789 788 790
f 789 790 791
f 791 790 792
f 791 792 793
f 793 792 794
f 793 794 795
f 795 796 793
f 793 796 791
f 796 797 791
f 791 797 789
f 797 798 789
f 789 798 787
f 798 799 787
f 787 799 785
f 799 800 785
f 785 800 773
f 800 771 773
f 801 802 803
f 803 802 804
f 803 804 805
f 805 804 806
f 805 806 807
f 807 806 808
f 807 808 809
f 809 808 810
f 809 810 811
f 811 810 812
f 811 812 813
f 813 812 814
f 813 814 815
f 815 814 816
f 815 816 817
f 817 816 818
f 818 816 819
f 818 819 820
f 820 819 821
f 820 821 822
f 822 821 823
f 822 823 824
f 802 825 804
f 804 825 826
f 804 826 806
f 806 826 827
f 806 827 808
f 808 827 828
f 808 828 810
f 810 828 829
f 810 829 812
f 812 829 830
f 812 830 814
f 814 830 831
f 814 831 816
f 816 831 832
f 816 832 833
f 816 833 819
f 819 833 823
f 819 823 821
f 822 824 834
f 834 824 835
f 834 835 836
f 836 835 837
f 836 837 838
f 838 837 839
f 838 839 840
f 840 839 841
f 840 841 842
f 842 841 843
f 842 843 844
f 844 845 842
f 842 845 840
f 845 846 840
f 840 846 838
f 846 847 838
f 838 847 836
f 847 848 836
f 836 848 834
f 848 849 834
f 834 849 822
f 849 820 822
f 850 851 852
f 852 851 853
f 852 853 854
f 854 853 855
f 854 855 856
f 856 855 857
f 856 857 858
f 858 857 859
f 858 859 860
f 860 859 861
f 860 861 862
f 862 861 863
f 862 863 864
f 864 863 865
f 864 865 866
f 866 865 867
f 867 865 868
f 867 868 869
f 869 868 870
f 869 870 871
f 871 870 872
f 871 872 873
f 851 874 853
f 853 874 875
f 853 875 855
f 855 875 876
f 855 876 857
f 857 876 877
f 857 877 859
f 859 877 878
f 859 878 861
f 861 878 879
f 861 879 863
f 863 879 880
f 863 880 865
f 865 880 881
f 865 881 882
f 865 882 868
f 868 882 872
f 868 872 870
f 871 873 883
f 883 873 884
f 883 884 885
f 885 884 886
f 885 886 887
f 887 886 888
f 887 888 889
f 889 888 890
f 889 890 891
f 891 890 892
f 891 892 893
f 893 894 891
f 891 894 889
f 894 895 889
f 889 895 887
f 895 896 887
f 887 896 885
f 896 897 885
f 885 897 883
f 897 898 883
f 883 898 871
f 898 869 871
f 899 900 901
f 901 900 902
f 901 902 903
f 903 902 904
f 903 904 905
f 905 904 906
f 905 906 907
f 907 906 908
f 907 908 909
f 909 908 910
f 909 910 911
f 911 910 912
f 911 912 913
f 913 912 914
f 913 914 915
f 915 914 916
f 916 914 917
f 916 917 918
f 918 917 919
f 918 919 920
f 920 919 921
f 920 921 922
f 900 923 902
f 902 923 924
f 902 924 904
f 904 924 925
f 904 925 906
f 906 925 926
f 906 926 908
f 908 926 927
f 908 927 910
f 910 927 928
f 910 928 912
f 912 928 929
f 912 929 914
f 914 929 930
f 914 930 931
f 914 931 917
f 917 931 921
f 917 921 919
f 920 922 932
f 932 922 933
f 932 933 934
f 934 933 935
f 934 935 936
f 936 935 937
f 936 937 938
f 938 937 939
f 938 939 940
f 940 939 941
f 940 941 942
f 942 943 940
f 940 943 938
f 943 944 938
f 938 944 936
f 944 945 936
f 936 945 934
f 945 946 934
f 934 946 932
f 946 947 932
f 932 947 920
f 947 918 920
f 948 949 950
f 950 949 951
f 950 951 952
f 952 951 953
f 952 953 954
f 954 953 955
f 954 955 956
f 956 955 957
f 956 957 958
f 958 957 959
f 958 959 960
f 960 959 961
f 960 961 962
f 962 961 963
f 962 963 964
f 964 963 965
f 965 963 966
f 965 966 967
f 967 966 968
f 967 968 969
f 969 968 970
f 969 970 971
f 949 972 951
f 951 972 973
f 951 973 953
f 953 973 974
f 953 974 955
f 955 974 975
f 955 975 957
f 957 975 976
f 957 976 959
f 959 976 977
f 959 977 961
f 961 977 978
f 961 978 963
f 963 978 979
f 963 979 980
f 963 980 966
f 966 980 970
f 966 970 968
f 969 971 981
f 981 971 982
f 981 982 983
f 983 982 984
f 983 984 985
f 985 984 986
f 985 986 987
f 987 986 988
f 987 988 989
f 989 988 990
f 989 990 991
f 991 992 989
f 989 992 987
f 992 993 987
f 987 993 985
f 993 994 985
f 985 994 983
f 994 995 983
f 983 995 981
f 995 996 981
f 981 996 969
f 996 967 969
f 997 998 999
f 999 998 1000
f 999 1000 1001
f 1001 1000 1002
f 1001 1002 1003
f 1003 1002 1004
f 1003 1004 1005
f 1005 1004 1006
f 1005 1006 1007
f 1007 1006 1008
f 1007 1008 1009
f 1009 1008 1010
f 1009 1010 1011
f 1011 1010 1012
f 1011 1012 1013
f 1013 1012 1014
f 1014 1012 1015
f 1014 1015 1016
f 1016 1015 1017
f 1017 1015 1018
f 1017 1018 1019
f 1019 1018 1020
f 1020 1018 1021
f 1020 1021 1022
f 1022 1021 1023
f 1022 1023 1024
f 1024 1023 1025
f 1025 1023 1026
f 1025 1026 1027
f 1027 1026 1028
f 1028 1026 1029
f 1028 1029 1030
f 1030 1029 1031
f 1030 1031 1032
f 1032 1031 1033
f 1033 1031 1034
f 1033 1034 1035
f 1035 1034 1036
f 1036 1034 1037
f 1037 1034 1031
f 1037 1031 1038
f 1038 1031 1029
f 1038 1029 1039
f 1039 1029 1026
f 1039 1026 1040
f 1040 1026 1023
f 1040 1023 1041
f 1041 1023 1021
f 1041 1021 1042
f 1042 1021 1018
f 1042 1018 1015
f 998 1043 1000
f 1000 1043 1044
f 1000 1044 1002
f 1002 1044 1045
f 1002 1045 1004
f 1004 1045 1046
f 1004 1046 1006
f 1006 1046 1047
f 1006 1047 1008
f 1008 1047 1048
f 1008 1048 1010
f 1010 1048 1049
f 1010 1049 1012
f 1012 1049 1050
f 1012 1050 1051
f 1012 1051 1015
f 1015 1051 1042
f 1052 1053 1054
f 1054 1053 1055
f 1054 1055 1056
f 1056 1055 1057
f 1056 1057 1058
f 1058 1057 1059
f 1058 1059 1060
f 1060 1059 1061
f 1060 1061 1062
f 1062 1061 1063
f 1062 1063 1064
f 1064 1063 1065
f 1064 1065 1066
f 1066 1065 1067
f 1066 1067 1068
f 1068 1067 1069
f 1069 1067 1070
f 1069 1070 1071
f 1071 1070 1072
f 1071 1072 1073
f 1073 1072 1074
f 1073 1074 1075
f 1053 1076 1055
f 1055 1076 1077
f 1055 1077 1057
f 1057 1077 1078
f 1057 1078 1059
f 1059 1078 1079
f 1059 1079 1061
f 1061 1079 1080
f 1061 1080 1063
f 1063 1080 1081
f 1063 1081 1065
f 1065 1081 1082
f 1065 1082 1067
f 1067 1082 1083
f 1067 1083 1084
f 1067 1084 1070
f 1070 1084 1074
f 1070 1074 1072
f 1073 1075 1085
f 1085 1075 1086
f 1085 1086 1087
f 1087 1086 1088
f 1087 1088 1089
f 1089 1088 1090
f 1089 1090 1091
f 1091 1090 1092
f 1091 1092 1093
f 1093 1092 1094
f 1093 1094 1095
f 1095 1096 1093
f 1093 1096 1091
f 1096 1097 1091
f 1091 1097 1089
f 1097 1098 1089
f 1089 1098 1087
f 1098 1099 1087
f 1087 1099 1085
f 1099 1100 1085
f 1085 1100 1073
f 1100 1071 1073
f 1101 1102 1103
f 1103 1102 1104
f 1103 1104 1105
f 1105 1104 1106
f 1105 1106 1107
f 1107 1106 1108
f 1107 1108 1109
f 1109 1108 1110
f 1109 1110 1111
f 1111 1110 1112
f 1111 1112 1113
f 1113 1112 1114
f 1113 1114 1115
f 1115 1114 1116
f 1115 1116 1117
f 1117 1116 1118
f 1118 1116 1119
f 1118 1119 1120
f 1120 1119 1121
f 1121 1119 1122
f 1121 1122 1123
f 1123 1122 1124
f 1124 1122 1125
f 1124 1125 1126
f 1126 1125 1127
f 1126 1127 1128
f 1128 1127 1129
f 1129 1127 1130
f 1129 1130 1131
f 1131 1130 1132
f 1131 1132 1133
f 1133 1132 1134
f 1133 1134 1135
f 1135 1134 1136
f 1135 1136 1137
f 1137 1136 1138
f 1137 1138 1139
f 1139 1138 1140
f 1140 1138 1141
f 1141 1138 1136
f 1141 1136 1142
f 1142 1136 1134
f 1142 1134 1143
f 1143 1134 1132
f 1143 1132 1144
f 1144 1132 1130
f 1144 1130 1145
f 1145 1130 1127
f 1145 1127 1125
f 1102 1146 1104
f 1104 1146 1147
f 1104 1147 1106
f 1106 1147 1148
f 1106 1148 1108
f 1108 1148 1149
f 1108 1149 1110
f 1110 1149 1150
f 1110 1150 1112
f 1112 1150 1114
f 1128 1124 1126
f 1151 1152 1153
f 1153 1152 1154
f 1153 1154 1155
f 1155 1154 1156
f 1155 1156 1157
f 1157 1156 1158
f 1157 1158 1159
f 1159 1158 1160
f 1159 1160 1161
f 1161 1160 1162
f 1161 1162 1163
f 1163 1162 1164
f 1163 1164 1165
f 1165 1164 1166
f 1165 1166 1167
f 1167 1166 1168
f 1168 1166 1169
f 1168 1169 1170
f 1170 1169 1171
f 1170 1171 1172
f 1172 1171 1173
f 1172 1173 1174
f 1152 1175 1154
f 1154 1175 1176
f 1154 1176 1156
f 1156 1176 1177
f 1156 1177 1158
f 1158 1177 1178
f 1158 1178 1160
f 1160 1178 1179
f 1160 1179 1162
f 1162 1179 1180
f 1162 1180 1164
f 1164 1180 1181
f 1164 1181 1166
f 1166 1181 1182
f 1166 1182 1183
f 1166 1183 1169
f 1169 1183 1173
f 1169 1173 1171
f 1172 1174 1184
f 1184 1174 1185
f 1184 1185 1186
f 1186 1185 1187
f 1186 1187 1188
f 1188 1187 1189
f 1188 1189 1190
f 1190 1189 1191
f 1190 1191 1192
f 1192 1191 1193
f 1192 1193 1194
f 1194 1195 1192
f 1192 1195 1190
f 1195 1196 1190
f 1190 1196 1188
f 1196 1197 1188
f 1188 1197 1186
f 1197 1198 1186
f 1186 1198 1184
f 1198 1199 1184
f 1184 1199 1172
f 1199 1170 1172
f 1152 605 1175
f 1175 605 1200
f 1175 1200 1176
f 1176 1200 1201
f 1176 1201 1177
f 1177 1201 1202
f 1177 1202 1178
f 1178 1202 1203
f 1178 1203 1179
f 1179 1203 1204
f 1179 1204 1180
f 1180 1204 1205
f 1180 1205 1181
f 1181 1205 1206
f 1181 1206 1182
f 1182 1206 1183
f 1183 1206 1207
f 1183 1207 1173
f 1173 1207 1208
f 1173 1208 1174
f 1174 1208 1185
f 1185 1208 1209
f 1185 1209 1187
f 1187 1209 1210
f 1187 1210 1189
f 1189 1210 1191
f 1191 1210 1193
f 1193 1210 649
f 1193 649 648
f 605 607 1200
f 1200 607 609
f 1200 609 1201
f 1201 609 611
f 1201 611 1202
f 1202 611 613
f 1202 613 1203
f 1203 613 615
f 1203 615 1204
f 1204 615 617
f 1204 617 1205
f 1205 617 619
f 1205 619 1206
f 1206 619 621
f 1206 621 622
f 1206 622 1207
f 1207 622 624
f 1207 624 1208
f 1208 624 653
f 1208 653 652
f 1208 652 1209
f 1209 652 651
f 1209 651 1210
f 1210 651 650
f 1210 650 649
f 1211 1212 1213
f 1213 1212 1214
f 1213 1214 1215
f 1215 1214 1216
f 1215 1216 1217
f 1217 1216 1218
f 1217 1218 1219
f 1219 1218 1220
f 1219 1220 1221
f 1221 1220 1222
f 1221 1222 1223
f 1223 1222 1224
f 1223 1224 1225
f 1225 1224 1226
f 1225 1226 1227
f 1227 1226 1228
f 1228 1226 1229
f 1228 1229 1230
f 1230 1229 1231
f 1230 1231 1232
f 1232 1231 1233
f 1232 1233 1234
f 1212 1235 1214
f 1214 1235 1236
f 1214 1236 1216
f 1216 1236 1237
f 1216 1237 1218
f 1218 1237 1238
f 1218 1238 1220
f 1220 1238 1239
f 1220 1239 1240
f 1220 1240 1222
f 1222 1240 1241
f 1222 1241 1224
f 1224 1241 1242
f 1224 1242 1226
f 1226 1242 1243
f 1226 1243 1229
f 1229 1243 1244
f 1229 1244 1245
f 1229 1245 1231
f 1231 1245 1233
f 1232 1234 1246
f 1246 1234 1247
f 1246 1247 1248
f 1248 1247 1249
f 1248 1249 1250
f 1250 1249 1251
f 1250 1251 1252
f 1252 1251 1253
f 1252 1253 1254
f 1254 1253 1255
f 1254 1255 1256
f 1256 1257 1254
f 1254 1257 1252
f 1257 1258 1252
f 1252 1258 1250
f 1258 1259 1250
f 1250 1259 1248
f 1259 1260 1248
f 1248 1260 1246
f 1260 1261 1246
f 1246 1261 1232
f 1261 1230 1232
f 1262 1263 1264
f 1264 1263 1265
f 1264 1265 1266
f 1266 1265 1267
f 1266 1267 1268
f 1268 1267 1269
f 1268 1269 1270
f 1270 1269 1271
f 1270 1271 1272
f 1272 1271 1273
f 1272 1273 1274
f 1274 1273 1275
f 1274 1275 1276
f 1276 1275 1277
f 1276 1277 1278
f 1278 1277 1279
f 1279 1277 1280
f 1279 1280 1281
f 1281 1280 1282
f 1281 1282 1283
f 1283 1282 1284
f 1283 1284 1285
f 1263 1286 1265
f 1265 1286 1287
f 1265 1287 1267
f 1267 1287 1288
f 1267 1288 1269
f 1269 1288 1289
f 1269 1289 1271
f 1271 1289 1290
f 1271 1290 1291
f 1271 1291 1273
f 1273 1291 1292
f 1273 1292 1275
f 1275 1292 1293
f 1275 1293 1277
f 1277 1293 1294
f 1277 1294 1280
f 1280 1294 1295
f 1280 1295 1296
f 1280 1296 1282
f 1282 1296 1284
f 1283 1285 1297
f 1297 1285 1298
f 1297 1298 1299
f 1299 1298 1300
f 1299 1300 1301
f 1301 1300 1302
f 1301 1302 1303
f 1303 1302 1304
f 1303 1304 1305
f 1305 1304 1306
f 1305 1306 1307
f 1307 1308 1305
f 1305 1308 1303
f 1308 1309 1303
f 1303 1309 1301
f 1309 1310 1301
f 1301 1310 1299
f 1310 1311 1299
f 1299 1311 1297
f 1311 1312 1297
f 1297 1312 1283
f 1312 1281 1283
f 1313 1314 1315
f 1315 1314 1316
f 1315 1316 1317
f 1317 1316 1318
f 1317 1318 1319
f 1319 1318 1320
f 1319 1320 1321
f 1321 1320 1322
f 1321 1322 1323
f 1323 1322 1324
f 1323 1324 1325
f 1325 1324 1326
f 1325 1326 1327
f 1327 1326 1328
f 1327 1328 1329
f 1329 1328 1330
f 1330 1328 1331
f 1330 1331 1332
f 1332 1331 1333
f 1332 1333 1334
f 1314 1335 1316
f 1316 1335 1336
f 1316 1336 1318
f 1318 1336 1337
f 1318 1337 1320
f 1320 1337 1338
f 1320 1338 1322
f 1322 1338 1339
f 1322 1339 1340
f 1322 1340 1324
f 1324 1340 1341
f 1324 1341 1326
f 1326 1341 1342
f 1326 1342 1328
f 1328 1342 1343
f 1328 1343 1331
f 1331 1343 1344
f 1331 1344 1333
f 1332 1334 1345
f 1345 1334 1346
f 1345 1346 1347
f 1347 1346 1348
f 1347 1348 1349
f 1349 1348 1350
f 1349 1350 1351
f 1351 1350 1352
f 1351 1352 1353
f 1353 1352 1354
f 1353 1354 1355
f 1355 1354 1356
f 1355 1356 1357
f 1357 1358 1355
f 1355 1358 1353
f 1358 1359 1353
f 1353 1359 1351
f 1359 1360 1351
f 1351 1360 1349
f 1360 1361 1349
f 1349 1361 1347
f 1361 1362 1347
f 1347 1362 1345
f 1362 1363 1345
f 1345 1363 1332
f 1363 1330 1332
f 1364 1365 1366
f 1366 1365 1367
f 1366 1367 1368
f 1368 1367 1369
f 1368 1369 1370
f 1370 1369 1371
f 1370 1371 1372
f 1372 1371 1373
f 1372 1373 1374
f 1374 1373 1375
f 1374 1375 1376
f 1376 1375 1377
f 1376 1377 1378
f 1378 1377 1379
f 1378 1379 1380
f 1380 1379 1381
f 1381 1379 1382
f 1381 1382 1383
f 1383 1382 1384
f 1383 1384 1385
f 1365 1386 1367
f 1367 1386 1387
f 1367 1387 1369
f 1369 1387 1388
f 1369 1388 1371
f 1371 1388 1389
f 1371 1389 1373
f 1373 1389 1390
f 1373 1390 1391
f 1373 1391 1375
f 1375 1391 1392
f 1375 1392 1377
f 1377 1392 1393
f 1377 1393 1379
f 1379 1393 1394
f 1379 1394 1382
f 1382 1394 1395
f 1382 1395 1384
f 1383 1385 1396
f 1396 1385 1397
f 1396 1397 1398
f 1398 1397 1399
f 1398 1399 1400
f 1400 1399 1401
f 1400 1401 1402
f 1402 1401 1403
f 1402 1403 1404
f 1404 1403 1405
f 1404 1405 1406
f 1406 1405 1407
f 1406 1407 1408
f 1408 1409 1406
f 1406 1409 1404
f 1409 1410 1404
f 1404 1410 1402
f 1410 1411 1402
f 1402 1411 1400
f 1411 1412 1400
f 1400 1412 1398
f 1412 1413 1398
f 1398 1413 1396
f 1413 1414 1396
f 1396 1414 1383
f 1414 1381 1383
f 1415 1416 1417
f 1417 1416 1418
f 1417 1418 1419
f 1419 1415 1417
f 1420 1415 1421
f 1421 1415 1419
f 1421 1419 1422
f 1422 1420 1421
f 1423 1420 1424
f 1424 1420 1422
f 1424 1422 1425
f 1425 1423 1424
f 1426 1423 1427
f 1427 1423 1425
f 1427 1425 1428
f 1428 1426 1427
f 1429 1426 1430
f 1430 1426 1428
f 1430 1428 1431
f 1431 1429 1430
f 1432 1429 1433
f 1433 1429 1431
f 1433 1431 1434
f 1434 1432 1433
f 1435 1432 1436
f 1436 1432 1434
f 1436 1434 1437
f 1437 1435 1436
f 1438 1435 1439
f 1439 1435 1437
f 1439 1437 1440
f 1440 1438 1439
f 1441 1438 1442
f 1442 1438 1440
f 1442 1440 1443
f 1443 1441 1442
f 1416 1441 1444
f 1444 1441 1443
f 1444 1443 1418
f 1418 1416 1444
f 1445 1446 1447
f 1447 1446 1448
f 1447 1448 1449
f 1449 1445 1447
f 1449 1448 1450
f 1450 1448 1451
f 1450 1451 1452
f 1452 1449 1450
f 1452 1451 1453
f 1453 1451 1454
f 1453 1454 1455
f 1455 1452 1453
f 1455 1454 1456
f 1456 1454 1446
f 1456 1446 1445
f 1445 1455 1456
f 1457 1458 1459
f 1459 1458 1460
f 1459 1460 1461
f 1461 1457 1459
f 1461 1460 1462
f 1462 1460 1463
f 1462 1463 1464
f 1464 1461 1462
f 1464 1463 1465
f 1465 1463 1466
f 1465 1466 1467
f 1467 1464 1465
f 1467 1466 1468
f 1468 1466 1458
f 1468 1458 1457
f 1457 1467 1468
f 1469 1470 1471
f 1471 1470 1472
f 1471 1472 1473
f 1473 1469 1471
f 1473 1472 1474
f 1474 1472 1475
f 1474 1475 1476
f 1476 1473 1474
f 1476 1475 1477
f 1477 1475 1478
f 1477 1478 1479
f 1479 1476 1477
f 1479 1478 1480
f 1480 1478 1470
f 1480 1470 1469
f 1469 1479 1480
f 1481 1482 1483
f 1483 1482 1484
f 1483 1484 1485
f 1485 1481 1483
f 1485 1484 1486
f 1486 1484 1487
f 1486 1487 1488
f 1488 1485 1486
f 1488 1487 1489
f 1489 1487 1490
f 1489 1490 1491
f 1491 1488 1489
f 1491 1490 1492
f 1492 1490 1482
f 1492 1482 1481
f 1481 1491 1492
f 1493 1494 1495
f 1495 1494 1496
f 1495 1496 1497
f 1497 1493 1495
f 1497 1496 1498
f 1498 1496 1499
f 1498 1499 1500
f 1500 1497 1498
f 1500 1499 1501
f 1501 1499 1502
f 1501 1502 1503
f 1503 1500 1501
f 1503 1502 1504
f 1504 1502 1494
f 1504 1494 1493
f 1493 1503 1504
f 1505 1506 1507
f 1507 1506 1508
f 1507 1508 1509
f 1509 1505 1507
f 1509 1508 1510
f 1510 1508 1511
f 1510 1511 1512
f 1512 1509 1510
f 1512 1511 1513
f 1513 1511 1514
f 1513 1514 1515
f 1515 1512 1513
f 1515 1514 1516
f 1516 1514 1506
f 1516 1506 1505
f 1505 1515 1516
f 1482 1490 1517
f 1517 1490 1487
f 1517 1487 1484
f 1484 1482 1517
f 1446 1454 1518
f 1518 1454 1451
f 1518 1451 1448
f 1448 1446 1518
f 1458 1466 1519
f 1519 1466 1463
f 1519 1463 1460
f 1460 1458 1519
f 1470 1478 1520
f 1520 1478 1475
f 1520 1475 1472
f 1472 1470 1520
f 1506 1514 1521
f 1521 1514 1511
f 1521 1511 1508
f 1508 1506 1521
f 1494 1502 1522
f 1522 1502 1499
f 1522 1499 1496
f 1496 1494 1522
f 1443 1512 1418
f 1418 1512 1515
f 1418 1515 1422
f 1422 1515 1505
f 1422 1505 1503
f 1503 1505 1523
f 1503 1523 1500
f 1500 1523 1524
f 1500 1524 1497
f 1497 1524 1479
f 1497 1479 1491
f 1491 1479 1469
f 1491 1469 1488
f 1488 1469 1428
f 1488 1428 1425
f 1440 1434 1443
f 1443 1434 1455
f 1443 1455 1445
f 1440 1437 1434
f 1455 1434 1452
f 1452 1434 1431
f 1452 1431 1449
f 1449 1431 1525
f 1449 1525 1445
f 1445 1525 1467
f 1445 1467 1524
f 1524 1467 1457
f 1524 1457 1479
f 1479 1457 1476
f 1476 1457 1461
f 1476 1461 1428
f 1428 1461 1431
f 1431 1461 1464
f 1431 1464 1525
f 1525 1464 1467
f 1422 1503 1425
f 1425 1503 1493
f 1425 1493 1481
f 1481 1493 1491
f 1491 1493 1497
f 1422 1419 1418
f 1481 1485 1425
f 1425 1485 1488
f 1505 1509 1523
f 1523 1509 1524
f 1512 1443 1509
f 1509 1443 1445
f 1509 1445 1524
f 1469 1473 1428
f 1428 1473 1476
f 1526 1527 1528
f 1528 1527 1529
f 1528 1529 1530
f 1530 1529 1531
f 1530 1531 1532
f 1532 1531 1533
f 1533 1531 1534
f 1529 1535 1531
f 1531 1535 1536
f 1530 1532 1528
f 1528 1532 1537
f 1528 1537 1538
f 1539 1526 1540
f 1540 1526 1528
f 1540 1528 1541
f 1541 1542 1540
f 1540 1542 1539
f 1543 1542 1544
f 1544 1542 1541
f 1544 1541 1545
f 1546 1547 1545
f 1545 1547 1544
f 1547 1548 1544
f 1544 1548 1549
f 1544 1549 1550
f 1550 1551 1544
f 1544 1551 1543
f 1545 1541 1552
f 1552 1541 1528
f 1552 1528 1538
f 1538 1553 1552
f 1552 1553 1545
f 1554 1553 1555
f 1555 1553 1538
f 1555 1538 1537
f 1537 1556 1555
f 1555 1556 1557
f 1555 1557 1558
f 1558 1554 1555
f 1556 1537 1559
f 1559 1537 1532
f 1559 1532 1560
f 1560 1561 1559
f 1559 1561 1556
f 1560 1562 1561
f 1561 1562 1563
f 1561 1563 1564
f 1560 1565 1562
f 1562 1565 1566
f 1562 1566 1567
f 1567 1568 1562
f 1562 1568 1569
f 1562 1569 1570
f 1570 1563 1562
f 1565 1560 1571
f 1571 1560 1532
f 1571 1532 1533
f 1533 1572 1571
f 1571 1572 1565
f 1573 1574 1575
f 1575 1574 1527
f 1575 1527 1526
f 1526 1539 1575
f 1575 1539 1573
f 1576 1572 1577
f 1577 1572 1533
f 1577 1533 1534
f 1534 1578 1577
f 1577 1578 1576
f 1578 1534 1579
f 1579 1534 1531
f 1579 1531 1580
f 1580 1581 1579
f 1579 1581 1578
f 1582 1581 1583
f 1583 1581 1580
f 1583 1580 1584
f 1585 1586 1584
f 1584 1586 1583
f 1586 1587 1583
f 1583 1587 1588
f 1583 1588 1589
f 1589 1590 1583
f 1583 1590 1582
f 1584 1580 1591
f 1591 1580 1531
f 1591 1531 1536
f 1536 1592 1591
f 1591 1592 1584
f 1593 1592 1594
f 1594 1592 1536
f 1594 1536 1535
f 1535 1595 1594
f 1594 1595 1596
f 1594 1596 1597
f 1597 1593 1594
f 1595 1535 1598
f 1598 1535 1529
f 1598 1529 1599
f 1599 1600 1598
f 1598 1600 1595
f 1601 1600 1602
f 1602 1600 1599
f 1602 1599 1603
f 1604 1605 1603
f 1603 1605 1602
f 1605 1606 1602
f 1602 1606 1607
f 1602 1607 1608
f 1608 1609 1602
f 1602 1609 1601
f 1603 1599 1610
f 1610 1599 1529
f 1610 1529 1527
f 1527 1574 1610
f 1610 1574 1603
f 1572 1576 1611
f 1611 1576 1612
f 1611 1612 1613
f 1613 1612 1614
f 1613 1614 1615
f 1615 1614 1616
f 1615 1616 1617
f 1617 1616 1618
f 1617 1618 1619
f 1619 1618 1620
f 1619 1620 1621
f 1621 1620 1622
f 1621 1622 1623
f 1623 1622 1624
f 1623 1624 1625
f 1625 1624 1626
f 1625 1407 1623
f 1623 1407 1627
f 1623 1627 1628
f 1628 1627 1629
f 1628 1629 1630
f 1630 1629 1631
f 1630 1631 1632
f 1632 1631 1633
f 1632 1633 1634
f 1634 1633 1635
f 1634 1635 1636
f 1636 1635 1637
f 1636 1637 1638
f 1638 1637 1639
f 1638 1639 1640
f 1640 1639 1641
f 1640 1641 1642
f 1642 1641 1643
f 1642 1643 1547
f 1547 1643 1548
f 1548 1643 1644
f 1548 1644 1549
f 1549 1644 1645
f 1549 1645 1550
f 1550 1645 1646
f 1550 1646 1551
f 1551 1646 1543
f 1543 1646 1647
f 1543 1647 1539
f 1539 1647 1648
f 1539 1648 1573
f 1573 1648 1649
f 1649 1648 1650
f 1649 1650 1651
f 1651 1650 1652
f 1651 1652 1653
f 1653 1652 1654
f 1653 1654 1655
f 1655 1654 1656
f 1655 1656 1657
f 1657 1656 1658
f 1657 1658 1659
f 1659 1658 1660
f 1659 1660 1661
f 1661 1660 1388
f 1661 1388 1387
f 1407 1405 1627
f 1627 1405 1662
f 1627 1662 1629
f 1629 1662 1663
f 1629 1663 1631
f 1631 1663 1664
f 1631 1664 1633
f 1633 1664 1665
f 1633 1665 1635
f 1635 1665 1666
f 1635 1666 1637
f 1637 1666 1667
f 1637 1667 1639
f 1639 1667 1668
f 1639 1668 1641
f 1641 1668 1669
f 1641 1669 1643
f 1643 1669 1644
f 1405 1403 1662
f 1662 1403 1663
f 1403 1401 1663
f 1663 1401 1399
f 1663 1399 1664
f 1664 1399 1397
f 1664 1397 1670
f 1670 1397 1385
f 1670 1385 1671
f 1671 1385 1384
f 1671 1384 1672
f 1672 1384 1395
f 1672 1395 1394
f 1672 1394 1673
f 1673 1394 1393
f 1673 1393 1674
f 1674 1393 1392
f 1674 1392 1675
f 1675 1392 1391
f 1675 1391 1676
f 1676 1391 1390
f 1676 1390 1677
f 1677 1390 1389
f 1677 1389 1678
f 1678 1389 1388
f 1678 1388 1660
f 1539 1542 1543
f 1547 1546 1642
f 1642 1546 1553
f 1642 1553 1679
f 1679 1553 1554
f 1679 1554 1680
f 1680 1554 1558
f 1680 1558 1557
f 1546 1545 1553
f 1680 1557 1681
f 1681 1557 1556
f 1681 1556 1682
f 1682 1556 1564
f 1682 1564 1563
f 1556 1561 1564
f 1682 1563 1683
f 1683 1563 1570
f 1683 1570 1569
f 1683 1569 1684
f 1684 1569 1568
f 1684 1568 1567
f 1684 1567 1685
f 1685 1567 1566
f 1685 1566 1572
f 1572 1566 1565
f 1685 1572 1611
f 1623 1628 1621
f 1621 1628 1686
f 1621 1686 1619
f 1619 1686 1687
f 1619 1687 1617
f 1617 1687 1688
f 1617 1688 1615
f 1615 1688 1689
f 1615 1689 1613
f 1613 1689 1685
f 1613 1685 1611
f 1628 1630 1686
f 1686 1630 1690
f 1686 1690 1687
f 1687 1690 1691
f 1687 1691 1688
f 1688 1691 1692
f 1688 1692 1689
f 1689 1692 1684
f 1689 1684 1685
f 1630 1632 1690
f 1690 1632 1693
f 1690 1693 1691
f 1691 1693 1694
f 1691 1694 1692
f 1692 1694 1695
f 1692 1695 1684
f 1684 1695 1683
f 1632 1634 1693
f 1693 1634 1696
f 1693 1696 1694
f 1694 1696 1697
f 1694 1697 1695
f 1695 1697 1698
f 1695 1698 1683
f 1683 1698 1682
f 1634 1636 1696
f 1696 1636 1699
f 1696 1699 1697
f 1697 1699 1700
f 1697 1700 1698
f 1698 1700 1681
f 1698 1681 1682
f 1664 1670 1665
f 1665 1670 1701
f 1665 1701 1666
f 1666 1701 1702
f 1666 1702 1667
f 1667 1702 1703
f 1667 1703 1668
f 1668 1703 1704
f 1668 1704 1669
f 1669 1704 1705
f 1669 1705 1644
f 1644 1705 1645
f 1636 1638 1699
f 1699 1638 1706
f 1699 1706 1700
f 1700 1706 1680
f 1700 1680 1681
f 1670 1671 1701
f 1701 1671 1707
f 1701 1707 1702
f 1702 1707 1708
f 1702 1708 1703
f 1703 1708 1709
f 1703 1709 1704
f 1704 1709 1710
f 1704 1710 1705
f 1705 1710 1711
f 1705 1711 1645
f 1645 1711 1646
f 1679 1680 1706
f 1679 1706 1640
f 1640 1706 1638
f 1671 1672 1707
f 1707 1672 1712
f 1707 1712 1708
f 1708 1712 1713
f 1708 1713 1709
f 1709 1713 1714
f 1709 1714 1710
f 1710 1714 1715
f 1710 1715 1711
f 1711 1715 1716
f 1711 1716 1646
f 1646 1716 1647
f 1642 1679 1640
f 1672 1673 1712
f 1712 1673 1717
f 1712 1717 1713
f 1713 1717 1718
f 1713 1718 1714
f 1714 1718 1719
f 1714 1719 1715
f 1715 1719 1720
f 1715 1720 1716
f 1716 1720 1721
f 1716 1721 1647
f 1647 1721 1648
f 1673 1674 1717
f 1717 1674 1722
f 1717 1722 1718
f 1718 1722 1723
f 1718 1723 1719
f 1719 1723 1724
f 1719 1724 1720
f 1720 1724 1725
f 1720 1725 1721
f 1721 1725 1650
f 1721 1650 1648
f 1674 1675 1722
f 1722 1675 1726
f 1722 1726 1723
f 1723 1726 1727
f 1723 1727 1724
f 1724 1727 1728
f 1724 1728 1725
f 1725 1728 1652
f 1725 1652 1650
f 1675 1676 1726
f 1726 1676 1729
f 1726 1729 1727
f 1727 1729 1730
f 1727 1730 1728
f 1728 1730 1654
f 1728 1654 1652
f 1676 1677 1729
f 1729 1677 1731
f 1729 1731 1730
f 1730 1731 1656
f 1730 1656 1654
f 1677 1678 1731
f 1731 1678 1658
f 1731 1658 1656
f 1660 1658 1678
f 1600 1601 1595
f 1595 1601 1732
f 1595 1732 1733
f 1733 1732 1734
f 1733 1734 1735
f 1735 1734 1736
f 1735 1736 1737
f 1737 1736 1738
f 1737 1738 1739
f 1739 1738 1740
f 1739 1740 1741
f 1741 1740 1742
f 1741 1742 1743
f 1743 1742 1744
f 1743 1744 1745
f 1745 1744 1746
f 1745 1746 1747
f 1601 1609 1732
f 1732 1609 1748
f 1732 1748 1734
f 1734 1748 1749
f 1734 1749 1736
f 1736 1749 1750
f 1736 1750 1738
f 1738 1750 1751
f 1738 1751 1740
f 1740 1751 1752
f 1740 1752 1742
f 1742 1752 1753
f 1742 1753 1744
f 1744 1753 1754
f 1744 1754 1755
f 1755 1754 1756
f 1756 1754 1757
f 1757 1754 1758
f 1757 1758 1759
f 1759 1758 1760
f 1759 1760 1365
f 1365 1760 1761
f 1365 1761 1386
f 1386 1761 1661
f 1386 1661 1387
f 1609 1608 1748
f 1748 1608 1607
f 1748 1607 1762
f 1762 1607 1606
f 1762 1606 1605
f 1762 1605 1763
f 1763 1605 1604
f 1763 1604 1574
f 1574 1604 1603
f 1763 1574 1764
f 1764 1574 1573
f 1764 1573 1649
f 1764 1649 1765
f 1765 1649 1651
f 1765 1651 1766
f 1766 1651 1653
f 1766 1653 1767
f 1767 1653 1655
f 1767 1655 1768
f 1768 1655 1657
f 1768 1657 1769
f 1769 1657 1659
f 1769 1659 1761
f 1761 1659 1661
f 1755 1746 1744
f 1745 1747 1770
f 1770 1747 1771
f 1770 1771 1772
f 1772 1771 1773
f 1772 1773 1774
f 1772 1774 1775
f 1775 1774 1776
f 1775 1776 1777
f 1777 1776 1778
f 1777 1778 1779
f 1779 1778 1780
f 1779 1780 1781
f 1781 1780 1782
f 1781 1782 1783
f 1783 1782 1784
f 1783 1784 1785
f 1785 1784 1786
f 1785 1786 1787
f 1787 1786 1624
f 1787 1624 1622
f 1786 1626 1624
f 1787 1622 1788
f 1788 1622 1620
f 1788 1620 1789
f 1789 1620 1618
f 1789 1618 1790
f 1790 1618 1616
f 1790 1616 1791
f 1791 1616 1614
f 1791 1614 1792
f 1792 1614 1612
f 1792 1612 1793
f 1793 1612 1576
f 1793 1576 1578
f 1581 1582 1578
f 1578 1582 1794
f 1578 1794 1793
f 1793 1794 1795
f 1793 1795 1792
f 1792 1795 1796
f 1792 1796 1791
f 1791 1796 1797
f 1791 1797 1790
f 1790 1797 1798
f 1790 1798 1789
f 1789 1798 1799
f 1789 1799 1788
f 1788 1799 1785
f 1788 1785 1787
f 1794 1582 1800
f 1800 1582 1590
f 1800 1590 1589
f 1800 1589 1801
f 1801 1589 1588
f 1801 1588 1802
f 1802 1588 1587
f 1802 1587 1803
f 1803 1587 1586
f 1803 1586 1804
f 1804 1586 1585
f 1804 1585 1592
f 1592 1585 1584
f 1804 1592 1805
f 1805 1592 1593
f 1805 1593 1806
f 1806 1593 1597
f 1806 1597 1596
f 1806 1596 1733
f 1733 1596 1595
f 1743 1745 1807
f 1807 1745 1770
f 1807 1770 1808
f 1808 1770 1772
f 1808 1772 1809
f 1809 1772 1775
f 1809 1775 1810
f 1810 1775 1777
f 1810 1777 1811
f 1811 1777 1779
f 1811 1779 1812
f 1812 1779 1781
f 1812 1781 1813
f 1813 1781 1783
f 1813 1783 1799
f 1799 1783 1785
f 1741 1743 1814
f 1814 1743 1807
f 1814 1807 1815
f 1815 1807 1808
f 1815 1808 1816
f 1816 1808 1809
f 1816 1809 1817
f 1817 1809 1810
f 1817 1810 1818
f 1818 1810 1811
f 1818 1811 1819
f 1819 1811 1812
f 1819 1812 1820
f 1820 1812 1813
f 1820 1813 1798
f 1798 1813 1799
f 1739 1741 1821
f 1821 1741 1814
f 1821 1814 1822
f 1822 1814 1815
f 1822 1815 1823
f 1823 1815 1816
f 1823 1816 1824
f 1824 1816 1817
f 1824 1817 1825
f 1825 1817 1818
f 1825 1818 1826
f 1826 1818 1819
f 1826 1819 1827
f 1827 1819 1820
f 1827 1820 1797
f 1797 1820 1798
f 1737 1739 1828
f 1828 1739 1821
f 1828 1821 1829
f 1829 1821 1822
f 1829 1822 1830
f 1830 1822 1823
f 1830 1823 1831
f 1831 1823 1824
f 1831 1824 1832
f 1832 1824 1825
f 1832 1825 1833
f 1833 1825 1826
f 1833 1826 1834
f 1834 1826 1827
f 1834 1827 1796
f 1796 1827 1797
f 1806 1733 1735
f 1735 1737 1835
f 1835 1737 1828
f 1835 1828 1836
f 1836 1828 1829
f 1836 1829 1837
f 1837 1829 1830
f 1837 1830 1838
f 1838 1830 1831
f 1838 1831 1839
f 1839 1831 1832
f 1839 1832 1840
f 1840 1832 1833
f 1840 1833 1841
f 1841 1833 1834
f 1841 1834 1795
f 1795 1834 1796
f 1748 1762 1749
f 1749 1762 1842
f 1749 1842 1750
f 1750 1842 1843
f 1750 1843 1751
f 1751 1843 1844
f 1751 1844 1752
f 1752 1844 1845
f 1752 1845 1753
f 1753 1845 1846
f 1753 1846 1754
f 1754 1846 1758
f 1842 1762 1847
f 1847 1762 1763
f 1847 1763 1765
f 1765 1763 1764
f 1843 1842 1848
f 1848 1842 1847
f 1848 1847 1766
f 1766 1847 1765
f 1844 1843 1849
f 1849 1843 1848
f 1849 1848 1767
f 1767 1848 1766
f 1845 1844 1850
f 1850 1844 1849
f 1850 1849 1768
f 1768 1849 1767
f 1760 1758 1846
f 1846 1845 1851
f 1851 1845 1850
f 1851 1850 1769
f 1769 1850 1768
f 1761 1760 1851
f 1851 1760 1846
f 1761 1851 1769
f 1805 1806 1835
f 1835 1806 1735
f 1805 1835 1836
f 1804 1805 1836
f 1804 1836 1837
f 1803 1804 1837
f 1803 1837 1838
f 1802 1803 1838
f 1802 1838 1839
f 1801 1802 1839
f 1801 1839 1840
f 1800 1801 1840
f 1800 1840 1841
f 1794 1800 1841
f 1794 1841 1795
f 1759 1365 1852
f 1852 1365 1364
f 1852 1364 1853
f 1852 1853 1854
f 1854 1853 1855
f 1854 1855 1856
f 1856 1855 1857
f 1856 1857 1858
f 1858 1857 1859
f 1858 1859 1860
f 1860 1859 1861
f 1860 1861 1862
f 1862 1861 1863
f 1862 1863 1864
f 1864 1863 1865
f 1864 1865 1866
f 1866 1865 1867
f 1866 1867 1868
f 1866 1868 1869
f 1869 1868 1870
f 1869 1870 1871
f 1871 1870 1872
f 1871 1872 1873
f 1873 1872 1874
f 1873 1874 1875
f 1875 1874 1876
f 1875 1876 1877
f 1875 1877 1878
f 1878 1877 1879
f 1878 1879 1880
f 1880 1879 1881
f 1880 1881 1882
f 1882 1881 1883
f 1882 1883 1407
f 1407 1883 1408
f 1407 1625 1882
f 1882 1625 1626
f 1882 1626 1880
f 1880 1626 1786
f 1880 1786 1878
f 1878 1786 1784
f 1878 1784 1875
f 1875 1784 1782
f 1875 1782 1780
f 1875 1780 1873
f 1873 1780 1778
f 1873 1778 1871
f 1871 1778 1776
f 1871 1776 1869
f 1869 1776 1774
f 1869 1774 1866
f 1866 1774 1773
f 1866 1773 1771
f 1866 1771 1864
f 1864 1771 1747
f 1864 1747 1862
f 1862 1747 1746
f 1862 1746 1860
f 1860 1746 1755
f 1860 1755 1858
f 1858 1755 1756
f 1858 1756 1856
f 1856 1756 1757
f 1856 1757 1854
f 1854 1757 1759
f 1854 1759 1852
f 1884 1885 1886
f 1886 1885 1887
f 1886 1887 1888
f 1888 1887 1889
f 1888 1889 1890
f 1890 1889 1891
f 1891 1889 1892
f 1887 1893 1889
f 1889 1893 1894
f 1888 1890 1886
f 1886 1890 1895
f 1886 1895 1896
f 1897 1884 1898
f 1898 1884 1886
f 1898 1886 1899
f 1899 1900 1898
f 1898 1900 1897
f 1901 1900 1902
f 1902 1900 1899
f 1902 1899 1903
f 1904 1905 1903
f 1903 1905 1902
f 1905 1906 1902
f 1902 1906 1907
f 1902 1907 1908
f 1908 1909 1902
f 1902 1909 1901
f 1903 1899 1910
f 1910 1899 1886
f 1910 1886 1896
f 1896 1911 1910
f 1910 1911 1903
f 1912 1911 1913
f 1913 1911 1896
f 1913 1896 1895
f 1895 1914 1913
f 1913 1914 1915
f 1913 1915 1916
f 1916 1912 1913
f 1914 1895 1917
f 1917 1895 1890
f 1917 1890 1918
f 1918 1919 1917
f 1917 1919 1914
f 1918 1920 1919
f 1919 1920 1921
f 1919 1921 1922
f 1918 1923 1920
f 1920 1923 1924
f 1920 1924 1925
f 1925 1926 1920
f 1920 1926 1927
f 1920 1927 1928
f 1928 1921 1920
f 1923 1918 1929
f 1929 1918 1890
f 1929 1890 1891
f 1891 1930 1929
f 1929 1930 1923
f 1931 1932 1933
f 1933 1932 1885
f 1933 1885 1884
f 1884 1897 1933
f 1933 1897 1931
f 1934 1930 1935
f 1935 1930 1891
f 1935 1891 1892
f 1892 1936 1935
f 1935 1936 1934
f 1936 1892 1937
f 1937 1892 1889
f 1937 1889 1938
f 1938 1939 1937
f 1937 1939 1936
f 1940 1939 1941
f 1941 1939 1938
f 1941 1938 1942
f 1943 1944 1942
f 1942 1944 1941
f 1944 1945 1941
f 1941 1945 1946
f 1941 1946 1947
f 1947 1948 1941
f 1941 1948 1940
f 1942 1938 1949
f 1949 1938 1889
f 1949 1889 1894
f 1894 1950 1949
f 1949 1950 1942
f 1951 1950 1952
f 1952 1950 1894
f 1952 1894 1893
f 1893 1953 1952
f 1952 1953 1954
f 1952 1954 1955
f 1955 1951 1952
f 1953 1893 1956
f 1956 1893 1887
f 1956 1887 1957
f 1957 1958 1956
f 1956 1958 1953
f 1959 1958 1960
f 1960 1958 1957
f 1960 1957 1961
f 1962 1963 1961
f 1961 1963 1960
f 1963 1964 1960
f 1960 1964 1965
f 1960 1965 1966
f 1966 1967 1960
f 1960 1967 1959
f 1961 1957 1968
f 1968 1957 1887
f 1968 1887 1885
f 1885 1932 1968
f 1968 1932 1961
f 1930 1934 1969
f 1969 1934 1970
f 1969 1970 1971
f 1971 1970 1972
f 1971 1972 1973
f 1973 1972 1974
f 1973 1974 1975
f 1975 1974 1976
f 1975 1976 1977
f 1977 1976 1978
f 1977 1978 1979
f 1979 1978 1980
f 1979 1980 1981
f 1981 1980 1982
f 1981 1982 1983
f 1983 1982 1984
f 1983 1356 1981
f 1981 1356 1985
f 1981 1985 1986
f 1986 1985 1987
f 1986 1987 1988
f 1988 1987 1989
f 1988 1989 1990
f 1990 1989 1991
f 1990 1991 1992
f 1992 1991 1993
f 1992 1993 1994
f 1994 1993 1995
f 1994 1995 1996
f 1996 1995 1997
f 1996 1997 1998
f 1998 1997 1999
f 1998 1999 2000
f 2000 1999 2001
f 2000 2001 1905
f 1905 2001 1906
f 1906 2001 2002
f 1906 2002 1907
f 1907 2002 2003
f 1907 2003 1908
f 1908 2003 2004
f 1908 2004 1909
f 1909 2004 1901
f 1901 2004 2005
f 1901 2005 1897
f 1897 2005 2006
f 1897 2006 1931
f 1931 2006 2007
f 2007 2006 2008
f 2007 2008 2009
f 2009 2008 2010
f 2009 2010 2011
f 2011 2010 2012
f 2011 2012 2013
f 2013 2012 2014
f 2013 2014 2015
f 2015 2014 2016
f 2015 2016 2017
f 2017 2016 2018
f 2017 2018 2019
f 2019 2018 1337
f 2019 1337 1336
f 1356 1354 1985
f 1985 1354 2020
f 1985 2020 1987
f 1987 2020 2021
f 1987 2021 1989
f 1989 2021 2022
f 1989 2022 1991
f 1991 2022 2023
f 1991 2023 1993
f 1993 2023 2024
f 1993 2024 1995
f 1995 2024 2025
f 1995 2025 1997
f 1997 2025 2026
f 1997 2026 1999
f 1999 2026 2027
f 1999 2027 2001
f 2001 2027 2002
f 1354 1352 2020
f 2020 1352 2021
f 1352 1350 2021
f 2021 1350 1348
f 2021 1348 2022
f 2022 1348 1346
f 2022 1346 2028
f 2028 1346 1334
f 2028 1334 2029
f 2029 1334 1333
f 2029 1333 2030
f 2030 1333 1344
f 2030 1344 1343
f 2030 1343 2031
f 2031 1343 1342
f 2031 1342 2032
f 2032 1342 1341
f 2032 1341 2033
f 2033 1341 1340
f 2033 1340 2034
f 2034 1340 1339
f 2034 1339 2035
f 2035 1339 1338
f 2035 1338 2036
f 2036 1338 1337
f 2036 1337 2018
f 1897 1900 1901
f 1905 1904 2000
f 2000 1904 1911
f 2000 1911 2037
f 2037 1911 1912
f 2037 1912 2038
f 2038 1912 1916
f 2038 1916 1915
f 1904 1903 1911
f 2038 1915 2039
f 2039 1915 1914
f 2039 1914 2040
f 2040 1914 1922
f 2040 1922 1921
f 1914 1919 1922
f 2040 1921 2041
f 2041 1921 1928
f 2041 1928 1927
f 2041 1927 2042
f 2042 1927 1926
f 2042 1926 1925
f 2042 1925 2043
f 2043 1925 1924
f 2043 1924 1930
f 1930 1924 1923
f 2043 1930 1969
f 1981 1986 1979
f 1979 1986 2044
f 1979 2044 1977
f 1977 2044 2045
f 1977 2045 1975
f 1975 2045 2046
f 1975 2046 1973
f 1973 2046 2047
f 1973 2047 1971
f 1971 2047 2043
f 1971 2043 1969
f 1986 1988 2044
f 2044 1988 2048
f 2044 2048 2045
f 2045 2048 2049
f 2045 2049 2046
f 2046 2049 2050
f 2046 2050 2047
f 2047 2050 2042
f 2047 2042 2043
f 1988 1990 2048
f 2048 1990 2051
f 2048 2051 2049
f 2049 2051 2052
f 2049 2052 2050
f 2050 2052 2053
f 2050 2053 2042
f 2042 2053 2041
f 1990 1992 2051
f 2051 1992 2054
f 2051 2054 2052
f 2052 2054 2055
f 2052 2055 2053
f 2053 2055 2056
f 2053 2056 2041
f 2041 2056 2040
f 1992 1994 2054
f 2054 1994 2057
f 2054 2057 2055
f 2055 2057 2058
f 2055 2058 2056
f 2056 2058 2039
f 2056 2039 2040
f 2022 2028 2023
f 2023 2028 2059
f 2023 2059 2024
f 2024 2059 2060
f 2024 2060 2025
f 2025 2060 2061
f 2025 2061 2026
f 2026 2061 2062
f 2026 2062 2027
f 2027 2062 2063
f 2027 2063 2002
f 2002 2063 2003
f 1994 1996 2057
f 2057 1996 2064
f 2057 2064 2058
f 2058 2064 2038
f 2058 2038 2039
f 2028 2029 2059
f 2059 2029 2065
f 2059 2065 2060
f 2060 2065 2066
f 2060 2066 2061
f 2061 2066 2067
f 2061 2067 2062
f 2062 2067 2068
f 2062 2068 2063
f 2063 2068 2069
f 2063 2069 2003
f 2003 2069 2004
f 2037 2038 2064
f 2037 2064 1998
f 1998 2064 1996
f 2029 2030 2065
f 2065 2030 2070
f 2065 2070 2066
f 2066 2070 2071
f 2066 2071 2067
f 2067 2071 2072
f 2067 2072 2068
f 2068 2072 2073
f 2068 2073 2069
f 2069 2073 2074
f 2069 2074 2004
f 2004 2074 2005
f 2000 2037 1998
f 2030 2031 2070
f 2070 2031 2075
f 2070 2075 2071
f 2071 2075 2076
f 2071 2076 2072
f 2072 2076 2077
f 2072 2077 2073
f 2073 2077 2078
f 2073 2078 2074
f 2074 2078 2079
f 2074 2079 2005
f 2005 2079 2006
f 2031 2032 2075
f 2075 2032 2080
f 2075 2080 2076
f 2076 2080 2081
f 2076 2081 2077
f 2077 2081 2082
f 2077 2082 2078
f 2078 2082 2083
f 2078 2083 2079
f 2079 2083 2008
f 2079 2008 2006
f 2032 2033 2080
f 2080 2033 2084
f 2080 2084 2081
f 2081 2084 2085
f 2081 2085 2082
f 2082 2085 2086
f 2082 2086 2083
f 2083 2086 2010
f 2083 2010 2008
f 2033 2034 2084
f 2084 2034 2087
f 2084 2087 2085
f 2085 2087 2088
f 2085 2088 2086
f 2086 2088 2012
f 2086 2012 2010
f 2034 2035 2087
f 2087 2035 2089
f 2087 2089 2088
f 2088 2089 2014
f 2088 2014 2012
f 2035 2036 2089
f 2089 2036 2016
f 2089 2016 2014
f 2018 2016 2036
f 1958 1959 1953
f 1953 1959 2090
f 1953 2090 2091
f 2091 2090 2092
f 2091 2092 2093
f 2093 2092 2094
f 2093 2094 2095
f 2095 2094 2096
f 2095 2096 2097
f 2097 2096 2098
f 2097 2098 2099
f 2099 2098 2100
f 2099 2100 2101
f 2101 2100 2102
f 2101 2102 2103
f 2103 2102 2104
f 2103 2104 2105
f 1959 1967 2090
f 2090 1967 2106
f 2090 2106 2092
f 2092 2106 2107
f 2092 2107 2094
f 2094 2107 2108
f 2094 2108 2096
f 2096 2108 2109
f 2096 2109 2098
f 2098 2109 2110
f 2098 2110 2100
f 2100 2110 2111
f 2100 2111 2102
f 2102 2111 2112
f 2102 2112 2113
f 2113 2112 2114
f 2114 2112 2115
f 2115 2112 2116
f 2115 2116 2117
f 2117 2116 2118
f 2117 2118 1314
f 1314 2118 2119
f 1314 2119 1335
f 1335 2119 2019
f 1335 2019 1336
f 1967 1966 2106
f 2106 1966 1965
f 2106 1965 2120
f 2120 1965 1964
f 2120 1964 1963
f 2120 1963 2121
f 2121 1963 1962
f 2121 1962 1932
f 1932 1962 1961
f 2121 1932 2122
f 2122 1932 1931
f 2122 1931 2007
f 2122 2007 2123
f 2123 2007 2009
f 2123 2009 2124
f 2124 2009 2011
f 2124 2011 2125
f 2125 2011 2013
f 2125 2013 2126
f 2126 2013 2015
f 2126 2015 2127
f 2127 2015 2017
f 2127 2017 2119
f 2119 2017 2019
f 2113 2104 2102
f 2103 2105 2128
f 2128 2105 2129
f 2128 2129 2130
f 2130 2129 2131
f 2130 2131 2132
f 2130 2132 2133
f 2133 2132 2134
f 2133 2134 2135
f 2135 2134 2136
f 2135 2136 2137
f 2137 2136 2138
f 2137 2138 2139
f 2139 2138 2140
f 2139 2140 2141
f 2141 2140 2142
f 2141 2142 2143
f 2143 2142 2144
f 2143 2144 2145
f 2145 2144 1982
f 2145 1982 1980
f 2144 1984 1982
f 2145 1980 2146
f 2146 1980 1978
f 2146 1978 2147
f 2147 1978 1976
f 2147 1976 2148
f 2148 1976 1974
f 2148 1974 2149
f 2149 1974 1972
f 2149 1972 2150
f 2150 1972 1970
f 2150 1970 2151
f 2151 1970 1934
f 2151 1934 1936
f 1939 1940 1936
f 1936 1940 2152
f 1936 2152 2151
f 2151 2152 2153
f 2151 2153 2150
f 2150 2153 2154
f 2150 2154 2149
f 2149 2154 2155
f 2149 2155 2148
f 2148 2155 2156
f 2148 2156 2147
f 2147 2156 2157
f 2147 2157 2146
f 2146 2157 2143
f 2146 2143 2145
f 2152 1940 2158
f 2158 1940 1948
f 2158 1948 1947
f 2158 1947 2159
f 2159 1947 1946
f 2159 1946 2160
f 2160 1946 1945
f 2160 1945 2161
f 2161 1945 1944
f 2161 1944 2162
f 2162 1944 1943
f 2162 1943 1950
f 1950 1943 1942
f 2162 1950 2163
f 2163 1950 1951
f 2163 1951 2164
f 2164 1951 1955
f 2164 1955 1954
f 2164 1954 2091
f 2091 1954 1953
f 2101 2103 2165
f 2165 2103 2128
f 2165 2128 2166
f 2166 2128 2130
f 2166 2130 2167
f 2167 2130 2133
f 2167 2133 2168
f 2168 2133 2135
f 2168 2135 2169
f 2169 2135 2137
f 2169 2137 2170
f 2170 2137 2139
f 2170 2139 2171
f 2171 2139 2141
f 2171 2141 2157
f 2157 2141 2143
f 2099 2101 2172
f 2172 2101 2165
f 2172 2165 2173
f 2173 2165 2166
f 2173 2166 2174
f 2174 2166 2167
f 2174 2167 2175
f 2175 2167 2168
f 2175 2168 2176
f 2176 2168 2169
f 2176 2169 2177
f 2177 2169 2170
f 2177 2170 2178
f 2178 2170 2171
f 2178 2171 2156
f 2156 2171 2157
f 2097 2099 2179
f 2179 2099 2172
f 2179 2172 2180
f 2180 2172 2173
f 2180 2173 2181
f 2181 2173 2174
f 2181 2174 2182
f 2182 2174 2175
f 2182 2175 2183
f 2183 2175 2176
f 2183 2176 2184
f 2184 2176 2177
f 2184 2177 2185
f 2185 2177 2178
f 2185 2178 2155
f 2155 2178 2156
f 2095 2097 2186
f 2186 2097 2179
f 2186 2179 2187
f 2187 2179 2180
f 2187 2180 2188
f 2188 2180 2181
f 2188 2181 2189
f 2189 2181 2182
f 2189 2182 2190
f 2190 2182 2183
f 2190 2183 2191
f 2191 2183 2184
f 2191 2184 2192
f 2192 2184 2185
f 2192 2185 2154
f 2154 2185 2155
f 2164 2091 2093
f 2093 2095 2193
f 2193 2095 2186
f 2193 2186 2194
f 2194 2186 2187
f 2194 2187 2195
f 2195 2187 2188
f 2195 2188 2196
f 2196 2188 2189
f 2196 2189 2197
f 2197 2189 2190
f 2197 2190 2198
f 2198 2190 2191
f 2198 2191 2199
f 2199 2191 2192
f 2199 2192 2153
f 2153 2192 2154
f 2106 2120 2107
f 2107 2120 2200
f 2107 2200 2108
f 2108 2200 2201
f 2108 2201 2109
f 2109 2201 2202
f 2109 2202 2110
f 2110 2202 2203
f 2110 2203 2111
f 2111 2203 2204
f 2111 2204 2112
f 2112 2204 2116
f 2200 2120 2205
f 2205 2120 2121
f 2205 2121 2123
f 2123 2121 2122
f 2201 2200 2206
f 2206 2200 2205
f 2206 2205 2124
f 2124 2205 2123
f 2202 2201 2207
f 2207 2201 2206
f 2207 2206 2125
f 2125 2206 2124
f 2203 2202 2208
f 2208 2202 2207
f 2208 2207 2126
f 2126 2207 2125
f 2118 2116 2204
f 2204 2203 2209
f 2209 2203 2208
f 2209 2208 2127
f 2127 2208 2126
f 2119 2118 2209
f 2209 2118 2204
f 2119 2209 2127
f 2163 2164 2193
f 2193 2164 2093
f 2163 2193 2194
f 2162 2163 2194
f 2162 2194 2195
f 2161 2162 2195
f 2161 2195 2196
f 2160 2161 2196
f 2160 2196 2197
f 2159 2160 2197
f 2159 2197 2198
f 2158 2159 2198
f 2158 2198 2199
f 2152 2158 2199
f 2152 2199 2153
f 2117 1314 2210
f 2210 1314 1313
f 2210 1313 2211
f 2210 2211 2212
f 2212 2211 2213
f 2212 2213 2214
f 2214 2213 2215
f 2214 2215 2216
f 2216 2215 2217
f 2216 2217 2218
f 2218 2217 2219
f 2218 2219 2220
f 2220 2219 2221
f 2220 2221 2222
f 2222 2221 2223
f 2222 2223 2224
f 2224 2223 2225
f 2224 2225 2226
f 2224 2226 2227
f 2227 2226 2228
f 2227 2228 2229
f 2229 2228 2230
f 2229 2230 2231
f 2231 2230 2232
f 2231 2232 2233
f 2233 2232 2234
f 2233 2234 2235
f 2233 2235 2236
f 2236 2235 2237
f 2236 2237 2238
f 2238 2237 2239
f 2238 2239 2240
f 2240 2239 2241
f 2240 2241 1356
f 1356 2241 1357
f 1356 1983 2240
f 2240 1983 1984
f 2240 1984 2238
f 2238 1984 2144
f 2238 2144 2236
f 2236 2144 2142
f 2236 2142 2233
f 2233 2142 2140
f 2233 2140 2138
f 2233 2138 2231
f 2231 2138 2136
f 2231 2136 2229
f 2229 2136 2134
f 2229 2134 2227
f 2227 2134 2132
f 2227 2132 2224
f 2224 2132 2131
f 2224 2131 2129
f 2224 2129 2222
f 2222 2129 2105
f 2222 2105 2220
f 2220 2105 2104
f 2220 2104 2218
f 2218 2104 2113
f 2218 2113 2216
f 2216 2113 2114
f 2216 2114 2214
f 2214 2114 2115
f 2214 2115 2212
f 2212 2115 2117
f 2212 2117 2210
f 2242 2243 2244
f 2244 2243 2245
f 2244 2245 2246
f 2246 2245 2247
f 2246 2247 2248
f 2248 2247 2249
f 2249 2247 2250
f 2245 2251 2247
f 2247 2251 2252
f 2246 2248 2244
f 2244 2248 2253
f 2244 2253 2254
f 2255 2242 2256
f 2256 2242 2244
f 2256 2244 2257
f 2257 2258 2256
f 2256 2258 2255
f 2259 2258 2260
f 2260 2258 2257
f 2260 2257 2261
f 2262 2263 2261
f 2261 2263 2260
f 2263 2264 2260
f 2260 2264 2265
f 2260 2265 2266
f 2266 2267 2260
f 2260 2267 2259
f 2261 2257 2268
f 2268 2257 2244
f 2268 2244 2254
f 2254 2269 2268
f 2268 2269 2261
f 2270 2269 2271
f 2271 2269 2254
f 2271 2254 2253
f 2253 2272 2271
f 2271 2272 2273
f 2271 2273 2274
f 2274 2270 2271
f 2272 2253 2275
f 2275 2253 2248
f 2275 2248 2276
f 2276 2277 2275
f 2275 2277 2272
f 2276 2278 2277
f 2277 2278 2279
f 2277 2279 2280
f 2276 2281 2278
f 2278 2281 2282
f 2278 2282 2283
f 2283 2284 2278
f 2278 2284 2285
f 2278 2285 2286
f 2286 2279 2278
f 2281 2276 2287
f 2287 2276 2248
f 2287 2248 2249
f 2249 2288 2287
f 2287 2288 2281
f 2289 2290 2291
f 2291 2290 2243
f 2291 2243 2242
f 2242 2255 2291
f 2291 2255 2289
f 2292 2288 2293
f 2293 2288 2249
f 2293 2249 2250
f 2250 2294 2293
f 2293 2294 2292
f 2294 2250 2295
f 2295 2250 2247
f 2295 2247 2296
f 2296 2297 2295
f 2295 2297 2294
f 2298 2297 2299
f 2299 2297 2296
f 2299 2296 2300
f 2301 2302 2300
f 2300 2302 2299
f 2302 2303 2299
f 2299 2303 2304
f 2299 2304 2305
f 2305 2306 2299
f 2299 2306 2298
f 2300 2296 2307
f 2307 2296 2247
f 2307 2247 2252
f 2252 2308 2307
f 2307 2308 2300
f 2309 2308 2310
f 2310 2308 2252
f 2310 2252 2251
f 2251 2311 2310
f 2310 2311 2312
f 2310 2312 2313
f 2313 2309 2310
f 2311 2251 2314
f 2314 2251 2245
f 2314 2245 2315
f 2315 2316 2314
f 2314 2316 2311
f 2317 2316 2318
f 2318 2316 2315
f 2318 2315 2319
f 2320 2321 2319
f 2319 2321 2318
f 2321 2322 2318
f 2318 2322 2323
f 2318 2323 2324
f 2324 2325 2318
f 2318 2325 2317
f 2319 2315 2326
f 2326 2315 2245
f 2326 2245 2243
f 2243 2290 2326
f 2326 2290 2319
f 2288 2292 2327
f 2327 2292 2328
f 2327 2328 2329
f 2329 2328 2330
f 2329 2330 2331
f 2331 2330 2332
f 2331 2332 2333
f 2333 2332 2334
f 2333 2334 2335
f 2335 2334 2336
f 2335 2336 2337
f 2337 2336 2338
f 2337 2338 2339
f 2339 2338 2340
f 2339 2340 2341
f 2341 2340 2342
f 2341 1306 2339
f 2339 1306 2343
f 2339 2343 2344
f 2344 2343 2345
f 2344 2345 2346
f 2346 2345 2347
f 2346 2347 2348
f 2348 2347 2349
f 2348 2349 2350
f 2350 2349 2351
f 2350 2351 2352
f 2352 2351 2353
f 2352 2353 2354
f 2354 2353 2355
f 2354 2355 2356
f 2356 2355 2357
f 2356 2357 2358
f 2358 2357 2359
f 2358 2359 2263
f 2263 2359 2264
f 2264 2359 2360
f 2264 2360 2265
f 2265 2360 2361
f 2265 2361 2266
f 2266 2361 2362
f 2266 2362 2267
f 2267 2362 2259
f 2259 2362 2363
f 2259 2363 2255
f 2255 2363 2364
f 2255 2364 2289
f 2289 2364 2365
f 2365 2364 2366
f 2365 2366 2367
f 2367 2366 2368
f 2367 2368 2369
f 2369 2368 2370
f 2369 2370 2371
f 2371 2370 2372
f 2371 2372 2373
f 2373 2372 2374
f 2373 2374 2375
f 2375 2374 2376
f 2375 2376 2377
f 2377 2376 1288
f 2377 1288 1287
f 1306 1304 2343
f 2343 1304 2378
f 2343 2378 2345
f 2345 2378 2379
f 2345 2379 2347
f 2347 2379 2380
f 2347 2380 2349
f 2349 2380 2381
f 2349 2381 2351
f 2351 2381 2382
f 2351 2382 2353
f 2353 2382 2383
f 2353 2383 2355
f 2355 2383 2384
f 2355 2384 2357
f 2357 2384 2385
f 2357 2385 2359
f 2359 2385 2360
f 1304 1302 2378
f 2378 1302 2379
f 1302 1300 2379
f 2379 1300 1298
f 2379 1298 2380
f 2380 1298 1285
f 2380 1285 2386
f 2386 1285 1284
f 2386 1284 2387
f 2387 1284 1296
f 2387 1296 2388
f 2388 1296 1295
f 2388 1295 1294
f 2388 1294 2389
f 2389 1294 1293
f 2389 1293 2390
f 2390 1293 1292
f 2390 1292 2391
f 2391 1292 1291
f 2391 1291 2392
f 2392 1291 1290
f 2392 1290 2393
f 2393 1290 1289
f 2393 1289 2394
f 2394 1289 1288
f 2394 1288 2376
f 2255 2258 2259
f 2263 2262 2358
f 2358 2262 2269
f 2358 2269 2395
f 2395 2269 2270
f 2395 2270 2396
f 2396 2270 2274
f 2396 2274 2273
f 2262 2261 2269
f 2396 2273 2397
f 2397 2273 2272
f 2397 2272 2398
f 2398 2272 2280
f 2398 2280 2279
f 2272 2277 2280
f 2398 2279 2399
f 2399 2279 2286
f 2399 2286 2285
f 2399 2285 2400
f 2400 2285 2284
f 2400 2284 2283
f 2400 2283 2401
f 2401 2283 2282
f 2401 2282 2288
f 2288 2282 2281
f 2401 2288 2327
f 2339 2344 2337
f 2337 2344 2402
f 2337 2402 2335
f 2335 2402 2403
f 2335 2403 2333
f 2333 2403 2404
f 2333 2404 2331
f 2331 2404 2405
f 2331 2405 2329
f 2329 2405 2401
f 2329 2401 2327
f 2344 2346 2402
f 2402 2346 2406
f 2402 2406 2403
f 2403 2406 2407
f 2403 2407 2404
f 2404 2407 2408
f 2404 2408 2405
f 2405 2408 2400
f 2405 2400 2401
f 2346 2348 2406
f 2406 2348 2409
f 2406 2409 2407
f 2407 2409 2410
f 2407 2410 2408
f 2408 2410 2411
f 2408 2411 2400
f 2400 2411 2399
f 2348 2350 2409
f 2409 2350 2412
f 2409 2412 2410
f 2410 2412 2413
f 2410 2413 2411
f 2411 2413 2414
f 2411 2414 2399
f 2399 2414 2398
f 2350 2352 2412
f 2412 2352 2415
f 2412 2415 2413
f 2413 2415 2416
f 2413 2416 2414
f 2414 2416 2397
f 2414 2397 2398
f 2380 2386 2381
f 2381 2386 2417
f 2381 2417 2382
f 2382 2417 2418
f 2382 2418 2383
f 2383 2418 2419
f 2383 2419 2384
f 2384 2419 2420
f 2384 2420 2385
f 2385 2420 2421
f 2385 2421 2360
f 2360 2421 2361
f 2352 2354 2415
f 2415 2354 2422
f 2415 2422 2416
f 2416 2422 2396
f 2416 2396 2397
f 2386 2387 2417
f 2417 2387 2423
f 2417 2423 2418
f 2418 2423 2424
f 2418 2424 2419
f 2419 2424 2425
f 2419 2425 2420
f 2420 2425 2426
f 2420 2426 2421
f 2421 2426 2427
f 2421 2427 2361
f 2361 2427 2362
f 2395 2396 2422
f 2395 2422 2356
f 2356 2422 2354
f 2387 2388 2423
f 2423 2388 2428
f 2423 2428 2424
f 2424 2428 2429
f 2424 2429 2425
f 2425 2429 2430
f 2425 2430 2426
f 2426 2430 2431
f 2426 2431 2427
f 2427 2431 2432
f 2427 2432 2362
f 2362 2432 2363
f 2358 2395 2356
f 2388 2389 2428
f 2428 2389 2433
f 2428 2433 2429
f 2429 2433 2434
f 2429 2434 2430
f 2430 2434 2435
f 2430 2435 2431
f 2431 2435 2436
f 2431 2436 2432
f 2432 2436 2437
f 2432 2437 2363
f 2363 2437 2364
f 2389 2390 2433
f 2433 2390 2438
f 2433 2438 2434
f 2434 2438 2439
f 2434 2439 2435
f 2435 2439 2440
f 2435 2440 2436
f 2436 2440 2441
f 2436 2441 2437
f 2437 2441 2366
f 2437 2366 2364
f 2390 2391 2438
f 2438 2391 2442
f 2438 2442 2439
f 2439 2442 2443
f 2439 2443 2440
f 2440 2443 2444
f 2440 2444 2441
f 2441 2444 2368
f 2441 2368 2366
f 2391 2392 2442
f 2442 2392 2445
f 2442 2445 2443
f 2443 2445 2446
f 2443 2446 2444
f 2444 2446 2370
f 2444 2370 2368
f 2392 2393 2445
f 2445 2393 2447
f 2445 2447 2446
f 2446 2447 2372
f 2446 2372 2370
f 2393 2394 2447
f 2447 2394 2374
f 2447 2374 2372
f 2376 2374 2394
f 2316 2317 2311
f 2311 2317 2448
f 2311 2448 2449
f 2449 2448 2450
f 2449 2450 2451
f 2451 2450 2452
f 2451 2452 2453
f 2453 2452 2454
f 2453 2454 2455
f 2455 2454 2456
f 2455 2456 2457
f 2457 2456 2458
f 2457 2458 2459
f 2459 2458 2460
f 2459 2460 2461
f 2461 2460 2462
f 2461 2462 2463
f 2317 2325 2448
f 2448 2325 2464
f 2448 2464 2450
f 2450 2464 2465
f 2450 2465 2452
f 2452 2465 2466
f 2452 2466 2454
f 2454 2466 2467
f 2454 2467 2456
f 2456 2467 2468
f 2456 2468 2458
f 2458 2468 2469
f 2458 2469 2460
f 2460 2469 2470
f 2460 2470 2471
f 2471 2470 2472
f 2472 2470 2473
f 2473 2470 2474
f 2473 2474 2475
f 2475 2474 2476
f 2475 2476 1263
f 1263 2476 2477
f 1263 2477 1286
f 1286 2477 2377
f 1286 2377 1287
f 2325 2324 2464
f 2464 2324 2323
f 2464 2323 2478
f 2478 2323 2322
f 2478 2322 2321
f 2478 2321 2479
f 2479 2321 2320
f 2479 2320 2290
f 2290 2320 2319
f 2479 2290 2480
f 2480 2290 2289
f 2480 2289 2365
f 2480 2365 2481
f 2481 2365 2367
f 2481 2367 2482
f 2482 2367 2369
f 2482 2369 2483
f 2483 2369 2371
f 2483 2371 2484
f 2484 2371 2373
f 2484 2373 2485
f 2485 2373 2375
f 2485 2375 2477
f 2477 2375 2377
f 2471 2462 2460
f 2461 2463 2486
f 2486 2463 2487
f 2486 2487 2488
f 2488 2487 2489
f 2488 2489 2490
f 2488 2490 2491
f 2491 2490 2492
f 2491 2492 2493
f 2493 2492 2494
f 2493 2494 2495
f 2495 2494 2496
f 2495 2496 2497
f 2497 2496 2498
f 2497 2498 2499
f 2499 2498 2500
f 2499 2500 2501
f 2501 2500 2502
f 2501 2502 2503
f 2503 2502 2340
f 2503 2340 2338
f 2502 2342 2340
f 2503 2338 2504
f 2504 2338 2336
f 2504 2336 2505
f 2505 2336 2334
f 2505 2334 2506
f 2506 2334 2332
f 2506 2332 2507
f 2507 2332 2330
f 2507 2330 2508
f 2508 2330 2328
f 2508 2328 2509
f 2509 2328 2292
f 2509 2292 2294
f 2297 2298 2294
f 2294 2298 2510
f 2294 2510 2509
f 2509 2510 2511
f 2509 2511 2508
f 2508 2511 2512
f 2508 2512 2507
f 2507 2512 2513
f 2507 2513 2506
f 2506 2513 2514
f 2506 2514 2505
f 2505 2514 2515
f 2505 2515 2504
f 2504 2515 2501
f 2504 2501 2503
f 2510 2298 2516
f 2516 2298 2306
f 2516 2306 2305
f 2516 2305 2517
f 2517 2305 2304
f 2517 2304 2518
f 2518 2304 2303
f 2518 2303 2519
f 2519 2303 2302
f 2519 2302 2520
f 2520 2302 2301
f 2520 2301 2308
f 2308 2301 2300
f 2520 2308 2521
f 2521 2308 2309
f 2521 2309 2522
f 2522 2309 2313
f 2522 2313 2312
f 2522 2312 2449
f 2449 2312 2311
f 2459 2461 2523
f 2523 2461 2486
f 2523 2486 2524
f 2524 2486 2488
f 2524 2488 2525
f 2525 2488 2491
f 2525 2491 2526
f 2526 2491 2493
f 2526 2493 2527
f 2527 2493 2495
f 2527 2495 2528
f 2528 2495 2497
f 2528 2497 2529
f 2529 2497 2499
f 2529 2499 2515
f 2515 2499 2501
f 2457 2459 2530
f 2530 2459 2523
f 2530 2523 2531
f 2531 2523 2524
f 2531 2524 2532
f 2532 2524 2525
f 2532 2525 2533
f 2533 2525 2526
f 2533 2526 2534
f 2534 2526 2527
f 2534 2527 2535
f 2535 2527 2528
f 2535 2528 2536
f 2536 2528 2529
f 2536 2529 2514
f 2514 2529 2515
f 2455 2457 2537
f 2537 2457 2530
f 2537 2530 2538
f 2538 2530 2531
f 2538 2531 2539
f 2539 2531 2532
f 2539 2532 2540
f 2540 2532 2533
f 2540 2533 2541
f 2541 2533 2534
f 2541 2534 2542
f 2542 2534 2535
f 2542 2535 2543
f 2543 2535 2536
f 2543 2536 2513
f 2513 2536 2514
f 2453 2455 2544
f 2544 2455 2537
f 2544 2537 2545
f 2545 2537 2538
f 2545 2538 2546
f 2546 2538 2539
f 2546 2539 2547
f 2547 2539 2540
f 2547 2540 2548
f 2548 2540 2541
f 2548 2541 2549
f 2549 2541 2542
f 2549 2542 2550
f 2550 2542 2543
f 2550 2543 2512
f 2512 2543 2513
f 2522 2449 2451
f 2451 2453 2551
f 2551 2453 2544
f 2551 2544 2552
f 2552 2544 2545
f 2552 2545 2553
f 2553 2545 2546
f 2553 2546 2554
f 2554 2546 2547
f 2554 2547 2555
f 2555 2547 2548
f 2555 2548 2556
f 2556 2548 2549
f 2556 2549 2557
f 2557 2549 2550
f 2557 2550 2511
f 2511 2550 2512
f 2464 2478 2465
f 2465 2478 2558
f 2465 2558 2466
f 2466 2558 2559
f 2466 2559 2467
f 2467 2559 2560
f 2467 2560 2468
f 2468 2560 2561
f 2468 2561 2469
f 2469 2561 2562
f 2469 2562 2470
f 2470 2562 2474
f 2558 2478 2563
f 2563 2478 2479
f 2563 2479 2481
f 2481 2479 2480
f 2559 2558 2564
f 2564 2558 2563
f 2564 2563 2482
f 2482 2563 2481
f 2560 2559 2565
f 2565 2559 2564
f 2565 2564 2483
f 2483 2564 2482
f 2561 2560 2566
f 2566 2560 2565
f 2566 2565 2484
f 2484 2565 2483
f 2476 2474 2562
f 2562 2561 2567
f 2567 2561 2566
f 2567 2566 2485
f 2485 2566 2484
f 2477 2476 2567
f 2567 2476 2562
f 2477 2567 2485
f 2521 2522 2551
f 2551 2522 2451
f 2521 2551 2552
f 2520 2521 2552
f 2520 2552 2553
f 2519 2520 2553
f 2519 2553 2554
f 2518 2519 2554
f 2518 2554 2555
f 2517 2518 2555
f 2517 2555 2556
f 2516 2517 2556
f 2516 2556 2557
f 2510 2516 2557
f 2510 2557 2511
f 2475 1263 2568
f 2568 1263 1262
f 2568 1262 2569
f 2568 2569 2570
f 2570 2569 2571
f 2570 2571 2572
f 2572 2571 2573
f 2572 2573 2574
f 2574 2573 2575
f 2574 2575 2576
f 2576 2575 2577
f 2576 2577 2578
f 2578 2577 2579
f 2578 2579 2580
f 2580 2579 2581
f 2580 2581 2582
f 2582 2581 2583
f 2582 2583 2584
f 2582 2584 2585
f 2585 2584 2586
f 2585 2586 2587
f 2587 2586 2588
f 2587 2588 2589
f 2589 2588 2590
f 2589 2590 2591
f 2591 2590 2592
f 2591 2592 2593
f 2591 2593 2594
f 2594 2593 2595
f 2594 2595 2596
f 2596 2595 2597
f 2596 2597 2598
f 2598 2597 2599
f 2598 2599 1306
f 1306 2599 1307
f 1306 2341 2598
f 2598 2341 2342
f 2598 2342 2596
f 2596 2342 2502
f 2596 2502 2594
f 2594 2502 2500
f 2594 2500 2591
f 2591 2500 2498
f 2591 2498 2496
f 2591 2496 2589
f 2589 2496 2494
f 2589 2494 2587
f 2587 2494 2492
f 2587 2492 2585
f 2585 2492 2490
f 2585 2490 2582
f 2582 2490 2489
f 2582 2489 2487
f 2582 2487 2580
f 2580 2487 2463
f 2580 2463 2578
f 2578 2463 2462
f 2578 2462 2576
f 2576 2462 2471
f 2576 2471 2574
f 2574 2471 2472
f 2574 2472 2572
f 2572 2472 2473
f 2572 2473 2570
f 2570 2473 2475
f 2570 2475 2568
f 2600 2601 2602
f 2602 2601 2603
f 2602 2603 2604
f 2604 2603 2605
f 2604 2605 2606
f 2606 2605 2607
f 2607 2605 2608
f 2603 2609 2605
f 2605 2609 2610
f 2604 2606 2602
f 2602 2606 2611
f 2602 2611 2612
f 2613 2600 2614
f 2614 2600 2602
f 2614 2602 2615
f 2615 2616 2614
f 2614 2616 2613
f 2617 2616 2618
f 2618 2616 2615
f 2618 2615 2619
f 2620 2621 2619
f 2619 2621 2618
f 2621 2622 2618
f 2618 2622 2623
f 2618 2623 2624
f 2624 2625 2618
f 2618 2625 2617
f 2619 2615 2626
f 2626 2615 2602
f 2626 2602 2612
f 2612 2627 2626
f 2626 2627 2619
f 2628 2627 2629
f 2629 2627 2612
f 2629 2612 2611
f 2611 2630 2629
f 2629 2630 2631
f 2629 2631 2632
f 2632 2628 2629
f 2630 2611 2633
f 2633 2611 2606
f 2633 2606 2634
f 2634 2635 2633
f 2633 2635 2630
f 2634 2636 2635
f 2635 2636 2637
f 2635 2637 2638
f 2634 2639 2636
f 2636 2639 2640
f 2636 2640 2641
f 2641 2642 2636
f 2636 2642 2643
f 2636 2643 2644
f 2644 2637 2636
f 2639 2634 2645
f 2645 2634 2606
f 2645 2606 2607
f 2607 2646 2645
f 2645 2646 2639
f 2647 2648 2649
f 2649 2648 2601
f 2649 2601 2600
f 2600 2613 2649
f 2649 2613 2647
f 2650 2646 2651
f 2651 2646 2607
f 2651 2607 2608
f 2608 2652 2651
f 2651 2652 2650
f 2652 2608 2653
f 2653 2608 2605
f 2653 2605 2654
f 2654 2655 2653
f 2653 2655 2652
f 2656 2655 2657
f 2657 2655 2654
f 2657 2654 2658
f 2659 2660 2658
f 2658 2660 2657
f 2660 2661 2657
f 2657 2661 2662
f 2657 2662 2663
f 2663 2664 2657
f 2657 2664 2656
f 2658 2654 2665
f 2665 2654 2605
f 2665 2605 2610
f 2610 2666 2665
f 2665 2666 2658
f 2667 2666 2668
f 2668 2666 2610
f 2668 2610 2609
f 2609 2669 2668
f 2668 2669 2670
f 2668 2670 2671
f 2671 2667 2668
f 2669 2609 2672
f 2672 2609 2603
f 2672 2603 2673
f 2673 2674 2672
f 2672 2674 2669
f 2675 2674 2676
f 2676 2674 2673
f 2676 2673 2677
f 2678 2679 2677
f 2677 2679 2676
f 2679 2680 2676
f 2676 2680 2681
f 2676 2681 2682
f 2682 2683 2676
f 2676 2683 2675
f 2677 2673 2684
f 2684 2673 2603
f 2684 2603 2601
f 2601 2648 2684
f 2684 2648 2677
f 2646 2650 2685
f 2685 2650 2686
f 2685 2686 2687
f 2687 2686 2688
f 2687 2688 2689
f 2689 2688 2690
f 2689 2690 2691
f 2691 2690 2692
f 2691 2692 2693
f 2693 2692 2694
f 2693 2694 2695
f 2695 2694 2696
f 2695 2696 2697
f 2697 2696 2698
f 2697 2698 2699
f 2699 2698 2700
f 2699 1255 2697
f 2697 1255 2701
f 2697 2701 2702
f 2702 2701 2703
f 2702 2703 2704
f 2704 2703 2705
f 2704 2705 2706
f 2706 2705 2707
f 2706 2707 2708
f 2708 2707 2709
f 2708 2709 2710
f 2710 2709 2711
f 2710 2711 2712
f 2712 2711 2713
f 2712 2713 2714
f 2714 2713 2715
f 2714 2715 2716
f 2716 2715 2717
f 2716 2717 2621
f 2621 2717 2622
f 2622 2717 2718
f 2622 2718 2623
f 2623 2718 2719
f 2623 2719 2624
f 2624 2719 2720
f 2624 2720 2625
f 2625 2720 2617
f 2617 2720 2721
f 2617 2721 2613
f 2613 2721 2722
f 2613 2722 2647
f 2647 2722 2723
f 2723 2722 2724
f 2723 2724 2725
f 2725 2724 2726
f 2725 2726 2727
f 2727 2726 2728
f 2727 2728 2729
f 2729 2728 2730
f 2729 2730 2731
f 2731 2730 2732
f 2731 2732 2733
f 2733 2732 2734
f 2733 2734 2735
f 2735 2734 1237
f 2735 1237 1236
f 1255 1253 2701
f 2701 1253 2736
f 2701 2736 2703
f 2703 2736 2737
f 2703 2737 2705
f 2705 2737 2738
f 2705 2738 2707
f 2707 2738 2739
f 2707 2739 2709
f 2709 2739 2740
f 2709 2740 2711
f 2711 2740 2741
f 2711 2741 2713
f 2713 2741 2742
f 2713 2742 2715
f 2715 2742 2743
f 2715 2743 2717
f 2717 2743 2718
f 1253 1251 2736
f 2736 1251 2737
f 1251 1249 2737
f 2737 1249 1247
f 2737 1247 2738
f 2738 1247 1234
f 2738 1234 2744
f 2744 1234 1233
f 2744 1233 2745
f 2745 1233 1245
f 2745 1245 2746
f 2746 1245 1244
f 2746 1244 1243
f 2746 1243 2747
f 2747 1243 1242
f 2747 1242 2748
f 2748 1242 1241
f 2748 1241 2749
f 2749 1241 1240
f 2749 1240 2750
f 2750 1240 1239
f 2750 1239 2751
f 2751 1239 1238
f 2751 1238 2752
f 2752 1238 1237
f 2752 1237 2734
f 2613 2616 2617
f 2621 2620 2716
f 2716 2620 2627
f 2716 2627 2753
f 2753 2627 2628
f 2753 2628 2754
f 2754 2628 2632
f 2754 2632 2631
f 2620 2619 2627
f 2754 2631 2755
f 2755 2631 2630
f 2755 2630 2756
f 2756 2630 2638
f 2756 2638 2637
f 2630 2635 2638
f 2756 2637 2757
f 2757 2637 2644
f 2757 2644 2643
f 2757 2643 2758
f 2758 2643 2642
f 2758 2642 2641
f 2758 2641 2759
f 2759 2641 2640
f 2759 2640 2646
f 2646 2640 2639
f 2759 2646 2685
f 2697 2702 2695
f 2695 2702 2760
f 2695 2760 2693
f 2693 2760 2761
f 2693 2761 2691
f 2691 2761 2762
f 2691 2762 2689
f 2689 2762 2763
f 2689 2763 2687
f 2687 2763 2759
f 2687 2759 2685
f 2702 2704 2760
f 2760 2704 2764
f 2760 2764 2761
f 2761 2764 2765
f 2761 2765 2762
f 2762 2765 2766
f 2762 2766 2763
f 2763 2766 2758
f 2763 2758 2759
f 2704 2706 2764
f 2764 2706 2767
f 2764 2767 2765
f 2765 2767 2768
f 2765 2768 2766
f 2766 2768 2769
f 2766 2769 2758
f 2758 2769 2757
f 2706 2708 2767
f 2767 2708 2770
f 2767 2770 2768
f 2768 2770 2771
f 2768 2771 2769
f 2769 2771 2772
f 2769 2772 2757
f 2757 2772 2756
f 2708 2710 2770
f 2770 2710 2773
f 2770 2773 2771
f 2771 2773 2774
f 2771 2774 2772
f 2772 2774 2755
f 2772 2755 2756
f 2738 2744 2739
f 2739 2744 2775
f 2739 2775 2740
f 2740 2775 2776
f 2740 2776 2741
f 2741 2776 2777
f 2741 2777 2742
f 2742 2777 2778
f 2742 2778 2743
f 2743 2778 2779
f 2743 2779 2718
f 2718 2779 2719
f 2710 2712 2773
f 2773 2712 2780
f 2773 2780 2774
f 2774 2780 2754
f 2774 2754 2755
f 2744 2745 2775
f 2775 2745 2781
f 2775 2781 2776
f 2776 2781 2782
f 2776 2782 2777
f 2777 2782 2783
f 2777 2783 2778
f 2778 2783 2784
f 2778 2784 2779
f 2779 2784 2785
f 2779 2785 2719
f 2719 2785 2720
f 2753 2754 2780
f 2753 2780 2714
f 2714 2780 2712
f 2745 2746 2781
f 2781 2746 2786
f 2781 2786 2782
f 2782 2786 2787
f 2782 2787 2783
f 2783 2787 2788
f 2783 2788 2784
f 2784 2788 2789
f 2784 2789 2785
f 2785 2789 2790
f 2785 2790 2720
f 2720 2790 2721
f 2716 2753 2714
f 2746 2747 2786
f 2786 2747 2791
f 2786 2791 2787
f 2787 2791 2792
f 2787 2792 2788
f 2788 2792 2793
f 2788 2793 2789
f 2789 2793 2794
f 2789 2794 2790
f 2790 2794 2795
f 2790 2795 2721
f 2721 2795 2722
f 2747 2748 2791
f 2791 2748 2796
f 2791 2796 2792
f 2792 2796 2797
f 2792 2797 2793
f 2793 2797 2798
f 2793 2798 2794
f 2794 2798 2799
f 2794 2799 2795
f 2795 2799 2724
f 2795 2724 2722
f 2748 2749 2796
f 2796 2749 2800
f 2796 2800 2797
f 2797 2800 2801
f 2797 2801 2798
f 2798 2801 2802
f 2798 2802 2799
f 2799 2802 2726
f 2799 2726 2724
f 2749 2750 2800
f 2800 2750 2803
f 2800 2803 2801
f 2801 2803 2804
f 2801 2804 2802
f 2802 2804 2728
f 2802 2728 2726
f 2750 2751 2803
f 2803 2751 2805
f 2803 2805 2804
f 2804 2805 2730
f 2804 2730 2728
f 2751 2752 2805
f 2805 2752 2732
f 2805 2732 2730
f 2734 2732 2752
f 2674 2675 2669
f 2669 2675 2806
f 2669 2806 2807
f 2807 2806 2808
f 2807 2808 2809
f 2809 2808 2810
f 2809 2810 2811
f 2811 2810 2812
f 2811 2812 2813
f 2813 2812 2814
f 2813 2814 2815
f 2815 2814 2816
f 2815 2816 2817
f 2817 2816 2818
f 2817 2818 2819
f 2819 2818 2820
f 2819 2820 2821
f 2675 2683 2806
f 2806 2683 2822
f 2806 2822 2808
f 2808 2822 2823
f 2808 2823 2810
f 2810 2823 2824
f 2810 2824 2812
f 2812 2824 2825
f 2812 2825 2814
f 2814 2825 2826
f 2814 2826 2816
f 2816 2826 2827
f 2816 2827 2818
f 2818 2827 2828
f 2818 2828 2829
f 2829 2828 2830
f 2830 2828 2831
f 2831 2828 2832
f 2831 2832 2833
f 2833 2832 2834
f 2833 2834 1212
f 1212 2834 2835
f 1212 2835 1235
f 1235 2835 2735
f 1235 2735 1236
f 2683 2682 2822
f 2822 2682 2681
f 2822 2681 2836
f 2836 2681 2680
f 2836 2680 2679
f 2836 2679 2837
f 2837 2679 2678
f 2837 2678 2648
f 2648 2678 2677
f 2837 2648 2838
f 2838 2648 2647
f 2838 2647 2723
f 2838 2723 2839
f 2839 2723 2725
f 2839 2725 2840
f 2840 2725 2727
f 2840 2727 2841
f 2841 2727 2729
f 2841 2729 2842
f 2842 2729 2731
f 2842 2731 2843
f 2843 2731 2733
f 2843 2733 2835
f 2835 2733 2735
f 2829 2820 2818
f 2819 2821 2844
f 2844 2821 2845
f 2844 2845 2846
f 2846 2845 2847
f 2846 2847 2848
f 2846 2848 2849
f 2849 2848 2850
f 2849 2850 2851
f 2851 2850 2852
f 2851 2852 2853
f 2853 2852 2854
f 2853 2854 2855
f 2855 2854 2856
f 2855 2856 2857
f 2857 2856 2858
f 2857 2858 2859
f 2859 2858 2860
f 2859 2860 2861
f 2861 2860 2698
f 2861 2698 2696
f 2860 2700 2698
f 2861 2696 2862
f 2862 2696 2694
f 2862 2694 2863
f 2863 2694 2692
f 2863 2692 2864
f 2864 2692 2690
f 2864 2690 2865
f 2865 2690 2688
f 2865 2688 2866
f 2866 2688 2686
f 2866 2686 2867
f 2867 2686 2650
f 2867 2650 2652
f 2655 2656 2652
f 2652 2656 2868
f 2652 2868 2867
f 2867 2868 2869
f 2867 2869 2866
f 2866 2869 2870
f 2866 2870 2865
f 2865 2870 2871
f 2865 2871 2864
f 2864 2871 2872
f 2864 2872 2863
f 2863 2872 2873
f 2863 2873 2862
f 2862 2873 2859
f 2862 2859 2861
f 2868 2656 2874
f 2874 2656 2664
f 2874 2664 2663
f 2874 2663 2875
f 2875 2663 2662
f 2875 2662 2876
f 2876 2662 2661
f 2876 2661 2877
f 2877 2661 2660
f 2877 2660 2878
f 2878 2660 2659
f 2878 2659 2666
f 2666 2659 2658
f 2878 2666 2879
f 2879 2666 2667
f 2879 2667 2880
f 2880 2667 2671
f 2880 2671 2670
f 2880 2670 2807
f 2807 2670 2669
f 2817 2819 2881
f 2881 2819 2844
f 2881 2844 2882
f 2882 2844 2846
f 2882 2846 2883
f 2883 2846 2849
f 2883 2849 2884
f 2884 2849 2851
f 2884 2851 2885
f 2885 2851 2853
f 2885 2853 2886
f 2886 2853 2855
f 2886 2855 2887
f 2887 2855 2857
f 2887 2857 2873
f 2873 2857 2859
f 2815 2817 2888
f 2888 2817 2881
f 2888 2881 2889
f 2889 2881 2882
f 2889 2882 2890
f 2890 2882 2883
f 2890 2883 2891
f 2891 2883 2884
f 2891 2884 2892
f 2892 2884 2885
f 2892 2885 2893
f 2893 2885 2886
f 2893 2886 2894
f 2894 2886 2887
f 2894 2887 2872
f 2872 2887 2873
f 2813 2815 2895
f 2895 2815 2888
f 2895 2888 2896
f 2896 2888 2889
f 2896 2889 2897
f 2897 2889 2890
f 2897 2890 2898
f 2898 2890 2891
f 2898 2891 2899
f 2899 2891 2892
f 2899 2892 2900
f 2900 2892 2893
f 2900 2893 2901
f 2901 2893 2894
f 2901 2894 2871
f 2871 2894 2872
f 2811 2813 2902
f 2902 2813 2895
f 2902 2895 2903
f 2903 2895 2896
f 2903 2896 2904
f 2904 2896 2897
f 2904 2897 2905
f 2905 2897 2898
f 2905 2898 2906
f 2906 2898 2899
f 2906 2899 2907
f 2907 2899 2900
f 2907 2900 2908
f 2908 2900 2901
f 2908 2901 2870
f 2870 2901 2871
f 2880 2807 2809
f 2809 2811 2909
f 2909 2811 2902
f 2909 2902 2910
f 2910 2902 2903
f 2910 2903 2911
f 2911 2903 2904
f 2911 2904 2912
f 2912 2904 2905
f 2912 2905 2913
f 2913 2905 2906
f 2913 2906 2914
f 2914 2906 2907
f 2914 2907 2915
f 2915 2907 2908
f 2915 2908 2869
f 2869 2908 2870
f 2822 2836 2823
f 2823 2836 2916
f 2823 2916 2824
f 2824 2916 2917
f 2824 2917 2825
f 2825 2917 2918
f 2825 2918 2826
f 2826 2918 2919
f 2826 2919 2827
f 2827 2919 2920
f 2827 2920 2828
f 2828 2920 2832
f 2916 2836 2921
f 2921 2836 2837
f 2921 2837 2839
f 2839 2837 2838
f 2917 2916 2922
f 2922 2916 2921
f 2922 2921 2840
f 2840 2921 2839
f 2918 2917 2923
f 2923 2917 2922
f 2923 2922 2841
f 2841 2922 2840
f 2919 2918 2924
f 2924 2918 2923
f 2924 2923 2842
f 2842 2923 2841
f 2834 2832 2920
f 2920 2919 2925
f 2925 2919 2924
f 2925 2924 2843
f 2843 2924 2842
f 2835 2834 2925
f 2925 2834 2920
f 2835 2925 2843
f 2879 2880 2909
f 2909 2880 2809
f 2879 2909 2910
f 2878 2879 2910
f 2878 2910 2911
f 2877 2878 2911
f 2877 2911 2912
f 2876 2877 2912
f 2876 2912 2913
f 2875 2876 2913
f 2875 2913 2914
f 2874 2875 2914
f 2874 2914 2915
f 2868 2874 2915
f 2868 2915 2869
f 2833 1212 2926
f 2926 1212 1211
f 2926 1211 2927
f 2926 2927 2928
f 2928 2927 2929
f 2928 2929 2930
f 2930 2929 2931
f 2930 2931 2932
f 2932 2931 2933
f 2932 2933 2934
f 2934 2933 2935
f 2934 2935 2936
f 2936 2935 2937
f 2936 2937 2938
f 2938 2937 2939
f 2938 2939 2940
f 2940 2939 2941
f 2940 2941 2942
f 2940 2942 2943
f 2943 2942 2944
f 2943 2944 2945
f 2945 2944 2946
f 2945 2946 2947
f 2947 2946 2948
f 2947 2948 2949
f 2949 2948 2950
f 2949 2950 2951
f 2949 2951 2952
f 2952 2951 2953
f 2952 2953 2954
f 2954 2953 2955
f 2954 2955 2956
f 2956 2955 2957
f 2956 2957 1255
f 1255 2957 1256
f 1255 2699 2956
f 2956 2699 2700
f 2956 2700 2954
f 2954 2700 2860
f 2954 2860 2952
f 2952 2860 2858
f 2952 2858 2949
f 2949 2858 2856
f 2949 2856 2854
f 2949 2854 2947
f 2947 2854 2852
f 2947 2852 2945
f 2945 2852 2850
f 2945 2850 2943
f 2943 2850 2848
f 2943 2848 2940
f 2940 2848 2847
f 2940 2847 2845
f 2940 2845 2938
f 2938 2845 2821
f 2938 2821 2936
f 2936 2821 2820
f 2936 2820 2934
f 2934 2820 2829
f 2934 2829 2932
f 2932 2829 2830
f 2932 2830 2930
f 2930 2830 2831
f 2930 2831 2928
f 2928 2831 2833
f 2928 2833 2926
f 605 1152 2958
f 2958 1152 2959
f 2958 2959 2960
f 2960 2959 2961
f 2961 2959 2962
f 2961 2962 2963
f 2963 2962 2964
f 2963 2964 2965
f 2965 2964 2966
f 2966 2964 2967
f 2966 2967 2968
f 2968 2967 2969
f 2968 2969 2970
f 2970 2969 2971
f 2971 2969 2972
f 2971 2972 2973
f 2973 2972 2974
f 2973 2974 2975
f 2975 2974 2976
f 2975 2976 2977
f 2977 2976 2978
f 2977 2978 2979
f 2979 2978 2980
f 2979 2980 2981
f 2981 2980 2982
f 2981 2982 2983
f 2983 2982 648
f 648 2982 2984
f 648 2984 1193
f 1152 2985 2959
f 2959 2985 2986
f 2959 2986 2987
f 2959 2987 2962
f 2962 2987 2988
f 2962 2988 2964
f 2964 2988 2989
f 2964 2989 2990
f 2964 2990 2967
f 2967 2990 2991
f 2967 2991 2969
f 2969 2991 2992
f 2969 2992 2993
f 2969 2993 2972
f 2972 2993 2994
f 2972 2994 2974
f 2974 2994 2995
f 2974 2995 2976
f 2976 2995 2996
f 2976 2996 2978
f 2978 2996 2997
f 2978 2997 2980
f 2980 2997 2998
f 2980 2998 2982
f 2982 2998 2984
f 2985 1152 2999
f 2999 1152 1151
f 2999 1151 3000
f 2999 3000 3001
f 3001 3000 3002
f 3001 3002 3003
f 3003 3002 3004
f 3003 3004 3005
f 3005 3004 3006
f 3005 3006 3007
f 3007 3006 3008
f 3007 3008 3009
f 3009 3008 3010
f 3009 3010 3011
f 3011 3010 3012
f 3011 3012 2991
f 2991 3012 3013
f 2991 3013 2992
f 2992 3013 2993
f 2993 3013 3014
f 2993 3014 2994
f 2994 3014 3015
f 2994 3015 2995
f 2995 3015 3016
f 2995 3016 2996
f 2996 3016 3017
f 2996 3017 2997
f 2997 3017 3018
f 2997 3018 2998
f 2998 3018 3019
f 2998 3019 2984
f 2984 3019 1193
f 1193 3019 3020
f 1193 3020 1194
f 3010 3021 3012
f 3012 3021 3013
f 3021 3022 3013
f 3013 3022 3023
f 3013 3023 3014
f 3014 3023 3024
f 3014 3024 3015
f 3015 3024 3025
f 3015 3025 3016
f 3016 3025 3026
f 3016 3026 3017
f 3017 3026 3027
f 3017 3027 3018
f 3018 3027 3028
f 3018 3028 3019
f 3019 3028 3020
f 2991 2990 3011
f 3011 2990 3009
f 2990 2989 3009
f 3009 2989 3007
f 2989 2988 3007
f 3007 2988 3005
f 2988 2987 3005
f 3005 2987 3003
f 2987 2986 3003
f 3003 2986 3001
f 2986 2985 3001
f 3001 2985 2999
f 3029 1102 3030
f 3030 1102 1101
f 3030 1101 3031
f 3030 3031 3032
f 3032 3031 3033
f 3032 3033 3034
f 3034 3033 3035
f 3034 3035 3036
f 3036 3035 3037
f 3036 3037 3038
f 3038 3037 3039
f 3038 3039 3040
f 3040 3039 3041
f 3040 3041 3042
f 3042 3041 3043
f 3042 3043 3044
f 3044 3043 3045
f 3045 3043 3046
f 3045 3046 3047
f 3047 3046 3048
f 3048 3046 3049
f 3048 3049 3050
f 3050 3049 3051
f 3050 3051 3052
f 3052 3051 3053
f 3052 3053 3054
f 3054 3053 3055
f 3054 3055 3056
f 3056 3055 3057
f 3056 3057 3058
f 3058 3057 3059
f 3058 3059 3060
f 3060 3059 1140
f 1140 3059 3061
f 1140 3061 1139
f 3041 3062 3043
f 3043 3062 3046
f 3062 3063 3046
f 3046 3063 3064
f 3046 3064 3049
f 3049 3064 3065
f 3049 3065 3051
f 3051 3065 3066
f 3051 3066 3053
f 3053 3066 3067
f 3053 3067 3055
f 3055 3067 3068
f 3055 3068 3057
f 3057 3068 3069
f 3057 3069 3059
f 3059 3069 3061
f 3042 3044 3040
f 3040 3044 3070
f 3040 3070 3038
f 3038 3070 3071
f 3038 3071 3036
f 3036 3071 3072
f 3036 3072 3034
f 3034 3072 3073
f 3034 3073 3032
f 3032 3073 3029
f 3032 3029 3030
f 3074 1053 3075
f 3075 1053 1052
f 3075 1052 3076
f 3075 3076 3077
f 3077 3076 3078
f 3077 3078 3079
f 3079 3078 3080
f 3079 3080 3081
f 3081 3080 3082
f 3081 3082 3083
f 3083 3082 3084
f 3083 3084 3085
f 3085 3084 3086
f 3085 3086 3087
f 3087 3086 3088
f 3087 3088 3089
f 3089 3088 3090
f 3090 3088 3091
f 3090 3091 3092
f 3090 3092 3093
f 3093 3092 3094
f 3093 3094 3095
f 3093 3095 3096
f 3096 3095 3097
f 3096 3097 3098
f 3096 3098 3099
f 3099 3098 3100
f 3099 3100 3101
f 3101 3100 3102
f 3101 3102 3103
f 3103 3102 3104
f 3103 3104 3105
f 3105 3104 3106
f 3105 3106 3107
f 3107 3106 3108
f 3107 3108 3109
f 3109 3108 3110
f 3109 3110 1094
f 1094 3110 1095
f 1094 3111 3109
f 3109 3111 3112
f 3109 3112 3107
f 3107 3112 3113
f 3107 3113 3105
f 3105 3113 3114
f 3105 3114 3103
f 3103 3114 3115
f 3103 3115 3101
f 3101 3115 3099
f 3087 3089 3085
f 3085 3089 3116
f 3085 3116 3083
f 3083 3116 3117
f 3083 3117 3081
f 3081 3117 3118
f 3081 3118 3079
f 3079 3118 3119
f 3079 3119 3077
f 3077 3119 3074
f 3077 3074 3075
f 3120 998 3121
f 3121 998 997
f 3121 997 3122
f 3121 3122 3123
f 3123 3122 3124
f 3123 3124 3125
f 3125 3124 3126
f 3125 3126 3127
f 3127 3126 3128
f 3127 3128 3129
f 3129 3128 3130
f 3129 3130 3131
f 3131 3130 3132
f 3131 3132 3133
f 3133 3132 3134
f 3133 3134 3135
f 3135 3134 3136
f 3136 3134 3137
f 3136 3137 3138
f 3138 3137 3139
f 3139 3137 3140
f 3139 3140 3141
f 3141 3140 3142
f 3141 3142 3143
f 3143 3142 3144
f 3143 3144 3145
f 3145 3144 3146
f 3145 3146 3147
f 3147 3146 3148
f 3147 3148 3149
f 3149 3148 3150
f 3149 3150 3151
f 3151 3150 1036
f 1036 3150 3152
f 1036 3152 1035
f 3132 3153 3134
f 3134 3153 3137
f 3153 3154 3137
f 3137 3154 3155
f 3137 3155 3140
f 3140 3155 3156
f 3140 3156 3142
f 3142 3156 3157
f 3142 3157 3144
f 3144 3157 3158
f 3144 3158 3146
f 3146 3158 3159
f 3146 3159 3148
f 3148 3159 3160
f 3148 3160 3150
f 3150 3160 3152
f 3133 3135 3131
f 3131 3135 3161
f 3131 3161 3129
f 3129 3161 3162
f 3129 3162 3127
f 3127 3162 3163
f 3127 3163 3125
f 3125 3163 3164
f 3125 3164 3123
f 3123 3164 3120
f 3123 3120 3121
f 3165 949 3166
f 3166 949 948
f 3166 948 3167
f 3166 3167 3168
f 3168 3167 3169
f 3168 3169 3170
f 3170 3169 3171
f 3170 3171 3172
f 3172 3171 3173
f 3172 3173 3174
f 3174 3173 3175
f 3174 3175 3176
f 3176 3175 3177
f 3176 3177 3178
f 3178 3177 3179
f 3178 3179 3180
f 3180 3179 3181
f 3181 3179 3182
f 3181 3182 3183
f 3183 3182 3184
f 3184 3182 3185
f 3184 3185 3186
f 3186 3185 3187
f 3186 3187 3188
f 3188 3187 3189
f 3188 3189 3190
f 3177 3191 3179
f 3179 3191 3182
f 3191 3192 3182
f 3182 3192 3193
f 3182 3193 3185
f 3185 3193 3194
f 3185 3194 3187
f 3188 3190 3195
f 3195 3190 3196
f 3195 3196 3197
f 3197 3196 3198
f 3197 3198 3199
f 3200 3201 3199
f 3199 3201 3202
f 3199 3202 3197
f 3197 3202 3195
f 3200 3203 3201
f 3201 3203 3204
f 3201 3204 3205
f 3205 3204 3206
f 3206 3204 3207
f 3206 3207 3208
f 3208 3207 990
f 990 3207 3209
f 990 3209 991
f 3203 3210 3204
f 3204 3210 3211
f 3204 3211 3207
f 3207 3211 3209
f 3205 3202 3201
f 3195 3186 3188
f 3178 3180 3176
f 3176 3180 3212
f 3176 3212 3174
f 3174 3212 3213
f 3174 3213 3172
f 3172 3213 3214
f 3172 3214 3170
f 3170 3214 3215
f 3170 3215 3168
f 3168 3215 3165
f 3168 3165 3166
f 3216 900 3217
f 3217 900 899
f 3217 899 3218
f 3217 3218 3219
f 3219 3218 3220
f 3219 3220 3221
f 3221 3220 3222
f 3221 3222 3223
f 3223 3222 3224
f 3223 3224 3225
f 3225 3224 3226
f 3225 3226 3227
f 3227 3226 3228
f 3227 3228 3229
f 3229 3228 3230
f 3229 3230 3231
f 3231 3230 3232
f 3232 3230 3233
f 3232 3233 3234
f 3234 3233 3235
f 3235 3233 3236
f 3235 3236 3237
f 3237 3236 3238
f 3237 3238 3239
f 3239 3238 3240
f 3239 3240 3241
f 3241 3240 3242
f 3241 3242 3243
f 3243 3242 3244
f 3243 3244 3245
f 3245 3244 3246
f 3245 3246 3247
f 3247 3246 941
f 941 3246 3248
f 941 3248 942
f 3228 3249 3230
f 3230 3249 3233
f 3249 3250 3233
f 3233 3250 3251
f 3233 3251 3236
f 3236 3251 3252
f 3236 3252 3238
f 3238 3252 3253
f 3238 3253 3240
f 3240 3253 3254
f 3240 3254 3242
f 3242 3254 3255
f 3242 3255 3244
f 3244 3255 3256
f 3244 3256 3246
f 3246 3256 3248
f 3229 3231 3227
f 3227 3231 3257
f 3227 3257 3225
f 3225 3257 3258
f 3225 3258 3223
f 3223 3258 3259
f 3223 3259 3221
f 3221 3259 3260
f 3221 3260 3219
f 3219 3260 3216
f 3219 3216 3217
f 3261 851 3262
f 3262 851 850
f 3262 850 3263
f 3262 3263 3264
f 3264 3263 3265
f 3264 3265 3266
f 3266 3265 3267
f 3266 3267 3268
f 3268 3267 3269
f 3268 3269 3270
f 3270 3269 3271
f 3270 3271 3272
f 3272 3271 3273
f 3272 3273 3274
f 3274 3273 3275
f 3274 3275 3276
f 3276 3275 3277
f 3277 3275 3278
f 3277 3278 3279
f 3279 3278 3280
f 3280 3278 3281
f 3280 3281 3282
f 3282 3281 3283
f 3282 3283 3284
f 3284 3283 3285
f 3284 3285 3286
f 3286 3285 3287
f 3286 3287 3288
f 3288 3287 3289
f 3288 3289 3290
f 3290 3289 3291
f 3290 3291 3292
f 3292 3291 892
f 892 3291 3293
f 892 3293 893
f 3273 3294 3275
f 3275 3294 3278
f 3294 3295 3278
f 3278 3295 3296
f 3278 3296 3281
f 3281 3296 3297
f 3281 3297 3283
f 3283 3297 3298
f 3283 3298 3285
f 3285 3298 3299
f 3285 3299 3287
f 3287 3299 3300
f 3287 3300 3289
f 3289 3300 3301
f 3289 3301 3291
f 3291 3301 3293
f 3274 3276 3272
f 3272 3276 3302
f 3272 3302 3270
f 3270 3302 3303
f 3270 3303 3268
f 3268 3303 3304
f 3268 3304 3266
f 3266 3304 3305
f 3266 3305 3264
f 3264 3305 3261
f 3264 3261 3262
f 3306 802 3307
f 3307 802 801
f 3307 801 3308
f 3307 3308 3309
f 3309 3308 3310
f 3309 3310 3311
f 3311 3310 3312
f 3311 3312 3313
f 3313 3312 3314
f 3313 3314 3315
f 3315 3314 3316
f 3315 3316 3317
f 3317 3316 3318
f 3317 3318 3319
f 3319 3318 3320
f 3319 3320 3321
f 3321 3320 3322
f 3322 3320 3323
f 3322 3323 3324
f 3324 3323 3325
f 3325 3323 3326
f 3325 3326 3327
f 3327 3326 3328
f 3327 3328 3329
f 3329 3328 3330
f 3329 3330 3331
f 3331 3330 3332
f 3331 3332 3333
f 3333 3332 3334
f 3333 3334 3335
f 3335 3334 3336
f 3335 3336 3337
f 3337 3336 843
f 843 3336 3338
f 843 3338 844
f 3318 3339 3320
f 3320 3339 3323
f 3339 3340 3323
f 3323 3340 3341
f 3323 3341 3326
f 3326 3341 3342
f 3326 3342 3328
f 3328 3342 3343
f 3328 3343 3330
f 3330 3343 3344
f 3330 3344 3332
f 3332 3344 3345
f 3332 3345 3334
f 3334 3345 3346
f 3334 3346 3336
f 3336 3346 3338
f 3319 3321 3317
f 3317 3321 3347
f 3317 3347 3315
f 3315 3347 3348
f 3315 3348 3313
f 3313 3348 3349
f 3313 3349 3311
f 3311 3349 3350
f 3311 3350 3309
f 3309 3350 3306
f 3309 3306 3307
f 3351 753 3352
f 3352 753 752
f 3352 752 3353
f 3352 3353 3354
f 3354 3353 3355
f 3354 3355 3356
f 3356 3355 3357
f 3356 3357 3358
f 3358 3357 3359
f 3358 3359 3360
f 3360 3359 3361
f 3360 3361 3362
f 3362 3361 3363
f 3362 3363 3364
f 3364 3363 3365
f 3364 3365 3366
f 3366 3365 3367
f 3367 3365 3368
f 3367 3368 3369
f 3369 3368 3370
f 3370 3368 3371
f 3370 3371 3372
f 3372 3371 3373
f 3372 3373 3374
f 3374 3373 3375
f 3374 3375 3376
f 3376 3375 3377
f 3376 3377 3378
f 3378 3377 3379
f 3378 3379 3380
f 3380 3379 3381
f 3380 3381 3382
f 3382 3381 794
f 794 3381 3383
f 794 3383 795
f 3363 3384 3365
f 3365 3384 3368
f 3384 3385 3368
f 3368 3385 3386
f 3368 3386 3371
f 3371 3386 3387
f 3371 3387 3373
f 3373 3387 3388
f 3373 3388 3375
f 3375 3388 3389
f 3375 3389 3377
f 3377 3389 3390
f 3377 3390 3379
f 3379 3390 3391
f 3379 3391 3381
f 3381 3391 3383
f 3364 3366 3362
f 3362 3366 3392
f 3362 3392 3360
f 3360 3392 3393
f 3360 3393 3358
f 3358 3393 3394
f 3358 3394 3356
f 3356 3394 3395
f 3356 3395 3354
f 3354 3395 3351
f 3354 3351 3352
f 3396 704 3397
f 3397 704 703
f 3397 703 3398
f 3397 3398 3399
f 3399 3398 3400
f 3399 3400 3401
f 3401 3400 3402
f 3401 3402 3403
f 3403 3402 3404
f 3403 3404 3405
f 3405 3404 3406
f 3405 3406 3407
f 3407 3406 3408
f 3407 3408 3409
f 3409 3408 3410
f 3409 3410 3411
f 3411 3410 3412
f 3412 3410 3413
f 3412 3413 3414
f 3414 3413 3415
f 3415 3413 3416
f 3415 3416 3417
f 3417 3416 3418
f 3417 3418 3419
f 3419 3418 3420
f 3419 3420 3421
f 3421 3420 3422
f 3421 3422 3423
f 3423 3422 3424
f 3423 3424 3425
f 3425 3424 3426
f 3425 3426 3427
f 3427 3426 745
f 745 3426 3428
f 745 3428 746
f 3408 3429 3410
f 3410 3429 3413
f 3429 3430 3413
f 3413 3430 3431
f 3413 3431 3416
f 3416 3431 3432
f 3416 3432 3418
f 3418 3432 3433
f 3418 3433 3420
f 3420 3433 3434
f 3420 3434 3422
f 3422 3434 3435
f 3422 3435 3424
f 3424 3435 3436
f 3424 3436 3426
f 3426 3436 3428
f 3409 3411 3407
f 3407 3411 3437
f 3407 3437 3405
f 3405 3437 3438
f 3405 3438 3403
f 3403 3438 3439
f 3403 3439 3401
f 3401 3439 3440
f 3401 3440 3399
f 3399 3440 3396
f 3399 3396 3397
f 3441 655 3442
f 3442 655 654
f 3442 654 3443
f 3442 3443 3444
f 3444 3443 3445
f 3444 3445 3446
f 3446 3445 3447
f 3446 3447 3448
f 3448 3447 3449
f 3448 3449 3450
f 3450 3449 3451
f 3450 3451 3452
f 3452 3451 3453
f 3452 3453 3454
f 3454 3453 3455
f 3454 3455 3456
f 3456 3455 3457
f 3457 3455 3458
f 3457 3458 3459
f 3459 3458 3460
f 3460 3458 3461
f 3460 3461 3462
f 3462 3461 3463
f 3462 3463 3464
f 3464 3463 3465
f 3464 3465 3466
f 3466 3465 3467
f 3466 3467 3468
f 3468 3467 3469
f 3468 3469 3470
f 3470 3469 3471
f 3470 3471 3472
f 3472 3471 696
f 696 3471 3473
f 696 3473 697
f 3453 3474 3455
f 3455 3474 3458
f 3474 3475 3458
f 3458 3475 3476
f 3458 3476 3461
f 3461 3476 3477
f 3461 3477 3463
f 3463 3477 3478
f 3463 3478 3465
f 3465 3478 3479
f 3465 3479 3467
f 3467 3479 3480
f 3467 3480 3469
f 3469 3480 3481
f 3469 3481 3471
f 3471 3481 3473
f 3454 3456 3452
f 3452 3456 3482
f 3452 3482 3450
f 3450 3482 3483
f 3450 3483 3448
f 3448 3483 3484
f 3448 3484 3446
f 3446 3484 3485
f 3446 3485 3444
f 3444 3485 3441
f 3444 3441 3442
f 3104 3102 3486
f 3486 3102 3487
f 3487 3102 3100
f 3487 3100 3098
f 3098 3097 3487
f 3487 3097 3095
f 3487 3095 3488
f 3488 3095 3094
f 3488 3094 3489
f 3489 3094 3092
f 3489 3092 3091
f 3091 3088 3489
f 3489 3088 3086
f 3489 3086 3490
f 3490 3086 3084
f 3490 3084 3491
f 3491 3084 3082
f 3490 3492 3489
f 3489 3492 3493
f 3489 3493 3494
f 3494 3495 3489
f 3489 3495 3496
f 3489 3496 3497
f 3495 3498 3496
f 3496 3498 3499
f 3497 3500 3489
f 3489 3500 3488
f 3501 3502 3503
f 3503 3502 3504
f 3503 3504 3505
f 3505 3506 3503
f 1109 1111 3507
f 3507 1111 3508
f 3508 1111 1113
f 3508 1113 1115
f 1115 1117 3508
f 3508 1117 1118
f 3508 1118 3509
f 3509 1118 1120
f 3509 1120 3510
f 3510 1120 1121
f 3510 1121 1123
f 1123 1124 3510
f 3510 1124 1128
f 3510 1128 1129
f 1131 3511 1129
f 1129 3511 3512
f 1129 3512 3510
f 3510 3512 3513
f 3510 3513 3514
f 3514 3515 3510
f 3510 3515 3516
f 3510 3516 3517
f 3517 3516 3518
f 3517 3518 3506
f 3517 3519 3510
f 3510 3519 3520
f 3510 3520 3509
f 3521 3522 3523
f 3523 3522 3524
f 3523 3524 3525
f 3525 3499 3523
f 3526 3527 3528
f 3528 3527 3529
f 3528 3529 3530
f 3528 3530 3531
f 3531 3530 3532
f 3531 3532 3533
f 3533 3532 3534
f 3533 3534 3535
f 3535 3536 3533
f 3533 3536 3537
f 3533 3537 3531
f 3531 3537 3538
f 3531 3538 3528
f 3528 3538 3526
f 3539 3536 3540
f 3540 3536 3535
f 3540 3535 3541
f 3540 3541 3542
f 3542 3541 3543
f 3542 3543 3544
f 3544 3543 3545
f 3544 3545 3546
f 3546 3545 3547
f 3546 3547 3548
f 3548 3547 3549
f 3548 3549 3550
f 3550 3549 3551
f 3550 3551 3552
f 3552 3551 3553
f 3552 3553 3523
f 3523 3554 3552
f 3552 3554 3555
f 3552 3555 3550
f 3550 3555 3556
f 3550 3556 3548
f 3548 3556 3557
f 3548 3557 3546
f 3546 3557 3558
f 3546 3558 3544
f 3544 3558 3559
f 3544 3559 3542
f 3542 3559 3560
f 3542 3560 3540
f 3540 3560 3539
f 3561 3562 3498
f 3498 3562 3563
f 3498 3563 3564
f 3564 3563 3565
f 3565 3563 3566
f 3565 3566 3567
f 3567 3566 3568
f 3567 3568 3569
f 3569 3568 3561
f 3561 3568 3562
f 3570 3571 3567
f 3567 3571 3572
f 3567 3572 3573
f 3573 3572 3574
f 3574 3572 3575
f 3574 3575 3498
f 3498 3575 3576
f 3498 3576 3577
f 3577 3576 3578
f 3578 3576 3579
f 3578 3579 3571
f 3571 3579 3572
f 3570 3554 3571
f 3571 3554 3523
f 3571 3523 3499
f 3498 3580 3499
f 3499 3580 3581
f 3499 3581 3571
f 3571 3581 3582
f 3571 3582 3583
f 3583 3582 3584
f 3584 3582 3585
f 3584 3585 3498
f 3498 3585 3580
f 3573 3565 3567
f 3564 3574 3498
f 3583 3578 3571
f 3577 3584 3498
f 3586 3569 3587
f 3587 3569 3561
f 3587 3561 3588
f 3587 3588 3589
f 3589 3588 3590
f 3589 3590 3591
f 3591 3590 3592
f 3591 3592 3593
f 3593 3592 3594
f 3593 3594 3595
f 3595 3594 3596
f 3595 3596 3597
f 3597 3596 3598
f 3597 3598 3599
f 3599 3598 3600
f 3599 3600 3601
f 3601 3602 3599
f 3599 3602 3603
f 3599 3603 3597
f 3597 3603 3604
f 3597 3604 3595
f 3595 3604 3605
f 3595 3605 3593
f 3593 3605 3606
f 3593 3606 3591
f 3591 3606 3607
f 3591 3607 3589
f 3589 3607 3608
f 3589 3608 3587
f 3587 3608 3586
f 3609 3610 3601
f 3601 3610 3611
f 3601 3611 3612
f 3613 3614 3609
f 3609 3614 3615
f 3609 3615 3616
f 3614 3613 3617
f 3617 3613 3602
f 3617 3602 3618
f 3618 3602 3619
f 3618 3619 3620
f 3620 3619 3621
f 3620 3621 3601
f 3601 3621 3622
f 3601 3622 3623
f 3623 3622 3624
f 3624 3622 3625
f 3624 3625 3602
f 3602 3625 3619
f 3624 3602 3626
f 3626 3602 3601
f 3626 3601 3627
f 3627 3601 3623
f 3618 3628 3617
f 3617 3628 3629
f 3617 3629 3630
f 3629 3628 3631
f 3631 3628 3632
f 3631 3632 3601
f 3601 3632 3620
f 3633 3612 3630
f 3630 3612 3634
f 3630 3634 3617
f 3617 3634 3635
f 3617 3635 3636
f 3636 3635 3611
f 3636 3611 3610
f 3612 3633 3601
f 3601 3633 3631
f 3614 3617 3637
f 3637 3617 3638
f 3637 3638 3616
f 3616 3638 3639
f 3616 3639 3609
f 3609 3639 3610
f 3638 3617 3640
f 3640 3617 3636
f 3640 3636 3610
f 3641 3613 3642
f 3642 3613 3609
f 3642 3609 3643
f 3642 3643 3644
f 3644 3643 3645
f 3644 3645 3646
f 3646 3645 3647
f 3646 3647 3648
f 3648 3647 3649
f 3648 3649 3650
f 3650 3649 3651
f 3650 3651 3652
f 3652 3651 3653
f 3652 3653 3654
f 3654 3653 3655
f 3654 3655 3503
f 3503 3656 3654
f 3654 3656 3657
f 3654 3657 3652
f 3652 3657 3658
f 3652 3658 3650
f 3650 3658 3659
f 3650 3659 3648
f 3648 3659 3660
f 3648 3660 3646
f 3646 3660 3661
f 3646 3661 3644
f 3644 3661 3662
f 3644 3662 3642
f 3642 3662 3641
f 3518 1429 3506
f 3506 1429 1435
f 3506 1435 1438
f 1429 3518 1426
f 1426 3518 3663
f 1426 3663 1423
f 1423 3663 3664
f 1423 3664 3665
f 1423 3665 3666
f 3666 3665 3667
f 3666 3667 3656
f 3656 3503 3666
f 3666 3503 3506
f 3666 3506 1420
f 1420 3506 1415
f 1415 3506 1438
f 1415 1438 1441
f 1416 1415 1441
f 1420 1423 3666
f 1429 1432 1435
f 3668 3664 3669
f 3669 3664 3663
f 3669 3663 3670
f 3669 3670 3671
f 3671 3670 3672
f 3671 3672 3673
f 3673 3672 3674
f 3673 3674 3675
f 3675 3674 3676
f 3675 3676 3677
f 3677 3676 3678
f 3677 3678 3679
f 3679 3678 3680
f 3679 3680 3681
f 3681 3680 3682
f 3681 3682 3683
f 3683 3684 3681
f 3681 3684 3685
f 3681 3685 3679
f 3679 3685 3686
f 3679 3686 3677
f 3677 3686 3687
f 3677 3687 3675
f 3675 3687 3688
f 3675 3688 3673
f 3673 3688 3689
f 3673 3689 3671
f 3671 3689 3690
f 3671 3690 3669
f 3669 3690 3668
f 3691 3684 3692
f 3692 3684 3683
f 3692 3683 3693
f 3692 3693 3694
f 3694 3693 3695
f 3694 3695 3696
f 3696 3695 3697
f 3696 3697 3698
f 3698 3699 3696
f 3696 3699 3700
f 3696 3700 3694
f 3694 3700 3701
f 3694 3701 3692
f 3692 3701 3691
f 3699 3698 3702
f 3702 3698 3529
f 3702 3529 3527
f 3527 3699 3702
f 1103 943 1101
f 1101 943 942
f 1101 942 3248
f 1105 3507 1103
f 1103 3507 944
f 1103 944 943
f 1105 1107 3507
f 3507 1107 1109
f 3703 947 3507
f 3507 947 946
f 3507 946 945
f 947 3703 918
f 918 3703 3704
f 918 3704 3705
f 918 3705 916
f 916 3705 3706
f 916 3706 915
f 915 3706 3707
f 915 3707 913
f 913 3707 3708
f 913 3708 3709
f 913 3709 911
f 911 3709 3710
f 911 3710 909
f 909 3710 3711
f 909 3711 907
f 907 3711 3712
f 907 3712 905
f 905 3712 3713
f 905 3713 903
f 903 3713 3714
f 903 3714 901
f 901 3714 899
f 899 3714 3715
f 899 3715 3218
f 3218 3715 3716
f 3218 3716 3220
f 3220 3716 3222
f 3222 3716 3717
f 3222 3717 3224
f 3224 3717 3718
f 3224 3718 3226
f 3226 3718 3228
f 3228 3718 3249
f 3249 3718 3250
f 3250 3718 3041
f 3250 3041 3251
f 3251 3041 3039
f 3251 3039 3252
f 3252 3039 3037
f 3252 3037 3253
f 3253 3037 3035
f 3253 3035 3254
f 3254 3035 3033
f 3254 3033 3255
f 3255 3033 3256
f 3256 3033 3031
f 3256 3031 3248
f 3248 3031 1101
f 3719 1163 3718
f 3718 1163 1165
f 3718 1165 1167
f 3720 1157 3719
f 3719 1157 1159
f 3719 1159 1161
f 1157 3720 1155
f 1155 3720 3721
f 1155 3721 1153
f 1153 3721 3722
f 1153 3722 1151
f 1151 3722 3723
f 1151 3723 3000
f 3000 3723 3724
f 3000 3724 3002
f 3002 3724 3004
f 3004 3724 3725
f 3004 3725 3006
f 3006 3725 3726
f 3006 3726 3008
f 3008 3726 3727
f 3008 3727 3728
f 3008 3728 3010
f 3010 3728 3729
f 3010 3729 3021
f 3021 3729 3730
f 3021 3730 3022
f 3022 3730 3731
f 3022 3731 3023
f 3023 3731 3732
f 3023 3732 3024
f 3024 3732 3733
f 3024 3733 3025
f 3025 3733 3734
f 3025 3734 3026
f 3026 3734 3491
f 3026 3491 3027
f 3027 3491 3028
f 3028 3491 3020
f 3020 3491 3076
f 3020 3076 1052
f 3082 3080 3491
f 3491 3080 3078
f 3491 3078 3076
f 1054 1195 1052
f 1052 1195 1194
f 1052 1194 3020
f 1195 1054 1196
f 1196 1054 1056
f 1196 1056 1197
f 1197 1056 1058
f 1197 1058 1198
f 1198 1058 1060
f 1198 1060 1199
f 1199 1060 1062
f 1199 1062 3735
f 3735 1062 1064
f 3735 1064 1066
f 1066 1068 3735
f 3735 1068 3447
f 3735 3447 3445
f 3447 1068 3449
f 3449 1068 1069
f 3449 1069 3451
f 3451 1069 1071
f 3451 1071 1100
f 1099 860 1100
f 1100 860 862
f 1100 862 3453
f 3453 862 864
f 3453 864 3474
f 3474 864 866
f 3474 866 3475
f 3475 866 867
f 3475 867 954
f 954 867 952
f 952 867 869
f 952 869 950
f 950 869 898
f 950 898 948
f 948 898 897
f 948 897 3167
f 3167 897 896
f 3167 896 3169
f 3169 896 895
f 3169 895 3736
f 3736 895 3737
f 3737 895 894
f 3737 894 893
f 860 1099 858
f 858 1099 1098
f 858 1098 856
f 856 1098 1097
f 856 1097 854
f 854 1097 1096
f 854 1096 852
f 852 1096 1095
f 852 1095 850
f 850 1095 3486
f 850 3486 3263
f 3263 3486 3265
f 3265 3486 3267
f 3267 3486 3269
f 3269 3486 3271
f 3271 3486 3738
f 3271 3738 3273
f 3273 3738 3739
f 3273 3739 3294
f 3294 3739 3740
f 3294 3740 3295
f 3295 3740 3741
f 3295 3741 3742
f 1095 3110 3486
f 3486 3110 3108
f 3486 3108 3106
f 3106 3104 3486
f 3295 3742 3296
f 3296 3742 3743
f 3296 3743 3297
f 3297 3743 3744
f 3297 3744 3298
f 3298 3744 3745
f 3298 3745 3299
f 3299 3745 3300
f 3300 3745 3301
f 3301 3745 3293
f 3293 3745 3737
f 3293 3737 893
f 3746 3173 3736
f 3736 3173 3171
f 3736 3171 3169
f 3192 3191 3746
f 3746 3191 3177
f 3746 3177 3175
f 3175 3173 3746
f 3475 954 3476
f 3476 954 956
f 3476 956 3477
f 3477 956 958
f 3477 958 960
f 3477 960 3478
f 3478 960 962
f 3478 962 3479
f 3479 962 964
f 3479 964 3480
f 3480 964 965
f 3480 965 3481
f 3481 965 967
f 3481 967 3747
f 3747 967 996
f 3747 996 995
f 995 994 3747
f 3747 994 993
f 3747 993 3748
f 3748 993 3749
f 3749 993 3750
f 3750 993 3751
f 3751 993 992
f 3751 992 991
f 991 3209 3751
f 3751 3209 3211
f 3752 697 3747
f 3747 697 3473
f 3747 3473 3481
f 3753 3160 3752
f 3752 3160 3159
f 3752 3159 3158
f 3753 3754 3160
f 3160 3754 3755
f 3160 3755 3756
f 1032 1033 3756
f 3756 1033 1035
f 3756 1035 3152
f 3152 3160 3756
f 3158 3157 3752
f 3752 3157 3156
f 3752 3156 699
f 699 3156 3155
f 699 3155 700
f 700 3155 3154
f 700 3154 701
f 701 3154 3153
f 701 3153 702
f 702 3153 3132
f 702 3132 673
f 673 3132 3130
f 673 3130 3128
f 673 3128 671
f 671 3128 3126
f 671 3126 670
f 670 3126 3341
f 670 3341 3340
f 3126 3124 3341
f 3341 3124 3342
f 3342 3124 3122
f 3342 3122 3343
f 3343 3122 997
f 3343 997 3344
f 3344 997 999
f 3344 999 3345
f 3345 999 1001
f 3345 1001 3346
f 3346 1001 3757
f 3346 3757 3758
f 1001 1003 3757
f 3757 1003 1005
f 3757 1005 3759
f 3759 1005 1007
f 3759 1007 1009
f 1009 1011 3759
f 3759 1011 1013
f 3760 845 3758
f 3758 845 844
f 3758 844 3338
f 3761 849 3760
f 3760 849 848
f 3760 848 847
f 849 3761 820
f 820 3761 3762
f 820 3762 818
f 818 3762 3763
f 818 3763 817
f 817 3763 3764
f 817 3764 3765
f 817 3765 815
f 815 3765 3766
f 815 3766 813
f 813 3766 3767
f 813 3767 811
f 811 3767 3511
f 811 3511 809
f 809 3511 807
f 807 3511 805
f 805 3511 803
f 803 3511 801
f 801 3511 3308
f 3308 3511 3768
f 3308 3768 3310
f 3310 3768 3312
f 3312 3768 3314
f 3314 3768 3316
f 3316 3768 3318
f 3318 3768 666
f 3318 666 3339
f 3339 666 668
f 3339 668 3340
f 3340 668 670
f 3511 1131 3768
f 3768 1131 1133
f 3768 1133 1135
f 1135 1137 3768
f 3768 1137 1139
f 3768 1139 3061
f 3061 3069 3768
f 3768 3069 3068
f 3768 3068 3067
f 3067 3066 3768
f 3768 3066 3735
f 3768 3735 660
f 660 3735 658
f 658 3735 656
f 656 3735 654
f 654 3735 3443
f 3443 3735 3445
f 3066 3065 3735
f 3735 3065 3064
f 3735 3064 3063
f 3063 3062 3735
f 3735 3062 1168
f 3735 1168 1170
f 3041 3718 3062
f 3062 3718 1167
f 3062 1167 1168
f 1161 1163 3719
f 1170 1199 3735
f 945 944 3507
f 847 846 3760
f 3760 846 845
f 3338 3346 3758
f 660 662 3768
f 3768 662 664
f 3768 664 666
f 699 698 3752
f 3752 698 697
f 3453 3451 1100
f 3518 3769 3663
f 3663 3769 3770
f 3663 3770 3771
f 3771 3772 3663
f 3759 1013 3773
f 3773 1013 1014
f 3773 1014 1016
f 1016 1017 3773
f 3773 1017 1019
f 3773 1019 3774
f 3774 1019 1020
f 3774 1020 1022
f 1022 1024 3774
f 3774 1024 1025
f 3774 1025 1027
f 1027 1028 3774
f 3774 1028 3775
f 3774 3775 3680
f 3680 3775 3682
f 3682 3775 3683
f 3683 3775 3776
f 3776 3775 3756
f 3756 3775 1032
f 1032 3775 1030
f 1030 3775 1028
f 3680 3678 3774
f 3774 3678 3773
f 3773 3678 3777
f 3777 3678 3676
f 3777 3676 3778
f 3778 3676 3674
f 3778 3674 3779
f 3779 3674 3672
f 3779 3672 3780
f 3780 3672 3670
f 3780 3670 3781
f 3781 3670 3663
f 3781 3663 3782
f 3782 3663 3772
f 3781 3783 3780
f 3780 3783 3760
f 3780 3760 3758
f 3780 3758 3779
f 3779 3758 3757
f 3779 3757 3778
f 3778 3757 3777
f 3757 3759 3777
f 3777 3759 3773
f 3609 3784 3785
f 3785 3784 3786
f 3785 3786 3787
f 3785 3787 3788
f 3788 3787 3789
f 3788 3789 3790
f 3790 3789 3791
f 3790 3791 3792
f 3792 3791 3793
f 3792 3793 3794
f 3794 3793 3795
f 3794 3795 3796
f 3796 3795 3797
f 3796 3797 3655
f 3655 3797 3501
f 3655 3501 3503
f 3795 3501 3797
f 3655 3653 3796
f 3796 3653 3794
f 3653 3651 3794
f 3794 3651 3792
f 3651 3649 3792
f 3792 3649 3790
f 3649 3647 3790
f 3790 3647 3788
f 3647 3645 3788
f 3788 3645 3785
f 3645 3643 3785
f 3785 3643 3609
f 3683 3776 3693
f 3693 3776 3798
f 3693 3798 3695
f 3695 3798 3799
f 3695 3799 3800
f 3800 3799 3754
f 3800 3754 3753
f 3776 3756 3798
f 3798 3756 3755
f 3798 3755 3799
f 3799 3755 3754
f 3752 3801 3753
f 3753 3801 3800
f 3801 3698 3800
f 3800 3698 3697
f 3800 3697 3695
f 3802 3803 3601
f 3601 3803 3804
f 3601 3804 3805
f 3805 3804 3806
f 3805 3806 3807
f 3807 3808 3805
f 3805 3808 3809
f 3805 3809 3719
f 3719 3718 3805
f 3805 3718 3810
f 3805 3810 3811
f 3811 3812 3805
f 3805 3812 3813
f 3805 3813 3814
f 3805 3814 3609
f 3609 3814 3815
f 3609 3815 3784
f 3609 3601 3805
f 3529 3698 3816
f 3816 3698 3801
f 3816 3801 3752
f 3752 3747 3816
f 3816 3747 3817
f 3816 3817 3529
f 3818 3819 3820
f 3820 3819 3588
f 3820 3588 3561
f 3819 3818 3821
f 3821 3818 3822
f 3821 3822 3823
f 3823 3822 3824
f 3823 3824 3594
f 3594 3824 3596
f 3596 3824 3825
f 3596 3825 3598
f 3598 3825 3826
f 3598 3826 3600
f 3600 3826 3827
f 3600 3827 3601
f 3601 3827 3828
f 3601 3828 3802
f 3822 3829 3824
f 3824 3829 3825
f 3829 3830 3825
f 3825 3830 3826
f 3830 3831 3826
f 3826 3831 3827
f 3831 3828 3827
f 3594 3592 3823
f 3823 3592 3821
f 3592 3590 3821
f 3821 3590 3819
f 3590 3588 3819
f 3529 3817 3530
f 3530 3817 3832
f 3530 3832 3532
f 3532 3832 3833
f 3532 3833 3534
f 3534 3833 3834
f 3534 3834 3535
f 3535 3834 3835
f 3835 3834 3750
f 3835 3750 3751
f 3817 3747 3832
f 3832 3747 3748
f 3832 3748 3833
f 3833 3748 3749
f 3833 3749 3834
f 3834 3749 3750
f 3498 3836 3561
f 3561 3836 3837
f 3561 3837 3838
f 3838 3820 3561
f 3751 3211 3839
f 3839 3211 3210
f 3839 3210 3203
f 3203 3200 3839
f 3839 3200 3199
f 3839 3199 3840
f 3840 3199 3198
f 3840 3198 3196
f 3196 3190 3840
f 3840 3190 3189
f 3840 3189 3187
f 3187 3194 3840
f 3840 3194 3841
f 3840 3841 3545
f 3545 3841 3547
f 3547 3841 3842
f 3547 3842 3843
f 3843 3842 3736
f 3843 3736 3844
f 3844 3736 3737
f 3844 3737 3845
f 3845 3737 3745
f 3845 3745 3846
f 3194 3193 3841
f 3841 3193 3192
f 3841 3192 3746
f 3841 3746 3842
f 3842 3746 3736
f 3846 3847 3845
f 3845 3847 3848
f 3845 3848 3553
f 3553 3848 3523
f 3523 3848 3521
f 3553 3551 3845
f 3845 3551 3844
f 3551 3549 3844
f 3844 3549 3843
f 3549 3547 3843
f 3545 3543 3840
f 3840 3543 3839
f 3543 3541 3839
f 3839 3541 3835
f 3839 3835 3751
f 3541 3535 3835
f 3846 3745 3847
f 3847 3745 3744
f 3847 3744 3848
f 3848 3744 3849
f 3848 3849 3521
f 3521 3849 3850
f 3521 3850 3522
f 3522 3850 3524
f 3524 3850 3851
f 3524 3851 3525
f 3525 3851 3499
f 3499 3851 3852
f 3499 3852 3496
f 3496 3852 3497
f 3497 3852 3853
f 3497 3853 3500
f 3500 3853 3854
f 3500 3854 3488
f 3488 3854 3855
f 3488 3855 3487
f 3487 3855 3738
f 3487 3738 3486
f 3744 3743 3849
f 3849 3743 3850
f 3743 3742 3850
f 3850 3742 3851
f 3742 3741 3851
f 3851 3741 3852
f 3741 3740 3852
f 3852 3740 3853
f 3853 3740 3854
f 3854 3740 3739
f 3854 3739 3855
f 3855 3739 3738
f 3771 3856 3772
f 3772 3856 3857
f 3772 3857 3782
f 3782 3857 3761
f 3782 3761 3781
f 3781 3761 3760
f 3781 3760 3783
f 3856 3771 3858
f 3858 3771 3770
f 3858 3770 3859
f 3859 3770 3769
f 3859 3769 3518
f 3859 3518 3860
f 3860 3518 3516
f 3860 3516 3515
f 3860 3515 3861
f 3861 3515 3514
f 3861 3514 3513
f 3861 3513 3862
f 3862 3513 3512
f 3862 3512 3767
f 3767 3512 3511
f 3767 3766 3862
f 3862 3766 3861
f 3766 3765 3861
f 3861 3765 3860
f 3765 3764 3860
f 3860 3764 3859
f 3764 3763 3859
f 3859 3763 3858
f 3858 3763 3856
f 3856 3763 3762
f 3856 3762 3857
f 3857 3762 3761
f 3718 3717 3810
f 3810 3717 3811
f 3811 3717 3716
f 3811 3716 3812
f 3812 3716 3715
f 3812 3715 3813
f 3813 3715 3814
f 3814 3715 3714
f 3814 3714 3815
f 3815 3714 3784
f 3784 3714 3713
f 3784 3713 3786
f 3786 3713 3787
f 3787 3713 3712
f 3787 3712 3789
f 3789 3712 3791
f 3791 3712 3711
f 3791 3711 3793
f 3793 3711 3710
f 3793 3710 3863
f 3863 3710 3709
f 3863 3709 3864
f 3864 3709 3708
f 3864 3708 3865
f 3865 3708 3707
f 3865 3707 3866
f 3866 3707 3706
f 3866 3706 3867
f 3867 3706 3705
f 3867 3705 3868
f 3868 3705 3704
f 3868 3704 3508
f 3508 3704 3703
f 3508 3703 3507
f 3508 3509 3868
f 3868 3509 3867
f 3509 3520 3867
f 3867 3520 3519
f 3867 3519 3517
f 3867 3517 3866
f 3866 3517 3506
f 3866 3506 3505
f 3866 3505 3865
f 3865 3505 3504
f 3865 3504 3502
f 3865 3502 3864
f 3864 3502 3501
f 3864 3501 3863
f 3863 3501 3795
f 3863 3795 3793
f 3491 3734 3490
f 3490 3734 3869
f 3490 3869 3492
f 3492 3869 3870
f 3492 3870 3493
f 3493 3870 3871
f 3493 3871 3494
f 3494 3871 3872
f 3494 3872 3495
f 3495 3872 3498
f 3498 3872 3873
f 3498 3873 3836
f 3836 3873 3837
f 3837 3873 3874
f 3837 3874 3838
f 3838 3874 3820
f 3820 3874 3875
f 3820 3875 3876
f 3876 3875 3728
f 3876 3728 3727
f 3734 3733 3869
f 3869 3733 3870
f 3733 3732 3870
f 3870 3732 3871
f 3732 3731 3871
f 3871 3731 3872
f 3731 3730 3872
f 3872 3730 3873
f 3730 3729 3873
f 3873 3729 3874
f 3874 3729 3875
f 3875 3729 3728
f 3726 3822 3727
f 3727 3822 3818
f 3727 3818 3876
f 3876 3818 3820
f 3822 3726 3829
f 3829 3726 3725
f 3829 3725 3830
f 3830 3725 3831
f 3831 3725 3724
f 3831 3724 3828
f 3828 3724 3723
f 3828 3723 3802
f 3802 3723 3803
f 3803 3723 3722
f 3803 3722 3804
f 3804 3722 3806
f 3806 3722 3721
f 3806 3721 3807
f 3807 3721 3808
f 3808 3721 3720
f 3808 3720 3809
f 3809 3720 3719
f 3472 696 746
f 746 696 694
f 746 694 747
f 747 694 692
f 747 692 748
f 748 692 690
f 748 690 749
f 749 690 688
f 749 688 750
f 750 688 677
f 750 677 751
f 751 677 676
f 751 676 722
f 722 676 686
f 722 686 720
f 720 686 685
f 720 685 719
f 719 685 717
f 717 685 684
f 717 684 715
f 715 684 683
f 715 683 713
f 713 683 682
f 713 682 711
f 711 682 681
f 711 681 709
f 709 681 680
f 709 680 707
f 707 680 679
f 707 679 705
f 705 679 678
f 705 678 703
f 703 678 655
f 703 655 3441
f 703 3441 3398
f 3398 3441 3485
f 3398 3485 3400
f 3400 3485 3484
f 3400 3484 3402
f 3402 3484 3483
f 3402 3483 3404
f 3404 3483 3482
f 3404 3482 3406
f 3406 3482 3456
f 3406 3456 3408
f 3408 3456 3457
f 3408 3457 3429
f 3429 3457 3459
f 3429 3459 3430
f 3430 3459 3431
f 3431 3459 3460
f 3431 3460 3432
f 3432 3460 3462
f 3432 3462 3433
f 3433 3462 3464
f 3433 3464 3434
f 3434 3464 3466
f 3434 3466 3435
f 3435 3466 3468
f 3435 3468 3436
f 3436 3468 3470
f 3436 3470 3428
f 3428 3470 3472
f 3428 3472 746
f 3382 794 3877
f 3877 794 792
f 3877 792 790
f 790 788 3877
f 3877 788 786
f 3877 786 775
f 775 774 3877
f 3877 774 784
f 3877 784 783
f 783 782 3877
f 3877 782 781
f 3877 781 780
f 780 779 3877
f 3877 779 778
f 3877 778 777
f 777 776 3877
f 3877 776 753
f 3877 753 3351
f 3351 3395 3877
f 3877 3395 3394
f 3877 3394 3393
f 3393 3392 3877
f 3877 3392 3366
f 3877 3366 3367
f 3367 3369 3877
f 3877 3369 3370
f 3877 3370 3372
f 3372 3374 3877
f 3877 3374 3376
f 3877 3376 3378
f 3378 3380 3877
f 3877 3380 3382
f 727 704 752
f 752 704 3396
f 752 3396 3353
f 3353 3396 3440
f 3353 3440 3355
f 3355 3440 3439
f 3355 3439 3357
f 3357 3439 3438
f 3357 3438 3359
f 3359 3438 3437
f 3359 3437 3361
f 3361 3437 3411
f 3361 3411 3363
f 3363 3411 3412
f 3363 3412 3384
f 3384 3412 3414
f 3384 3414 3385
f 3385 3414 3386
f 3386 3414 3415
f 3386 3415 3387
f 3387 3415 3417
f 3387 3417 3388
f 3388 3417 3419
f 3388 3419 3389
f 3389 3419 3421
f 3389 3421 3390
f 3390 3421 3423
f 3390 3423 3391
f 3391 3423 3425
f 3391 3425 3383
f 3383 3425 3427
f 3383 3427 795
f 795 3427 745
f 795 745 743
f 795 743 796
f 796 743 741
f 796 741 797
f 797 741 739
f 797 739 798
f 798 739 737
f 798 737 799
f 799 737 726
f 799 726 800
f 800 726 725
f 800 725 771
f 771 725 735
f 771 735 769
f 769 735 734
f 769 734 768
f 768 734 766
f 766 734 733
f 766 733 764
f 764 733 732
f 764 732 762
f 762 732 731
f 762 731 760
f 760 731 730
f 760 730 758
f 758 730 729
f 758 729 756
f 756 729 728
f 756 728 754
f 754 728 727
f 754 727 752
f 3878 606 3879
f 3879 606 605
f 3879 605 2958
f 3879 2958 3880
f 3880 2958 2960
f 3880 2960 3881
f 3881 2960 2961
f 3881 2961 3882
f 3882 2961 2963
f 3882 2963 3883
f 3883 2963 2965
f 3883 2965 3884
f 3884 2965 2966
f 3884 2966 3885
f 3885 2966 3886
f 3885 3886 3887
f 3887 3886 3888
f 3888 3886 3889
f 3888 3889 3890
f 3890 3889 3891
f 3891 3889 3892
f 3891 3892 3893
f 3893 3892 3894
f 3893 3894 3895
f 3895 3894 3896
f 3895 3896 3897
f 3897 3896 3898
f 3897 3898 3899
f 3899 3898 3900
f 3899 3900 3901
f 3901 3900 3902
f 3901 3902 3903
f 3903 3902 647
f 647 3902 2983
f 647 2983 648
f 2966 2968 3886
f 3886 2968 3889
f 2968 2970 3889
f 3889 2970 2971
f 3889 2971 3892
f 3892 2971 2973
f 3892 2973 3894
f 3894 2973 2975
f 3894 2975 3896
f 3896 2975 2977
f 3896 2977 3898
f 3898 2977 2979
f 3898 2979 3900
f 3900 2979 2981
f 3900 2981 3902
f 3902 2981 2983
f 3885 3887 3884
f 3884 3887 3904
f 3884 3904 3883
f 3883 3904 3905
f 3883 3905 3882
f 3882 3905 3906
f 3882 3906 3881
f 3881 3906 3907
f 3881 3907 3880
f 3880 3907 3878
f 3880 3878 3879
f 3908 3909 3910
f 3910 3909 3610
f 3910 3610 3639
f 3639 3908 3910
f 3909 3911 3912
f 3912 3911 3640
f 3912 3640 3610
f 3610 3909 3912
f 3911 3913 3914
f 3914 3913 3638
f 3914 3638 3640
f 3640 3911 3914
f 3913 3908 3915
f 3915 3908 3639
f 3915 3639 3638
f 3638 3913 3915
f 3916 3917 3918
f 3918 3917 3616
f 3918 3616 3615
f 3615 3916 3918
f 3917 3919 3920
f 3920 3919 3637
f 3920 3637 3616
f 3616 3917 3920
f 3919 3921 3922
f 3922 3921 3614
f 3922 3614 3637
f 3637 3919 3922
f 3921 3916 3923
f 3923 3916 3615
f 3923 3615 3614
f 3614 3921 3923
f 3924 3925 3926
f 3926 3925 3627
f 3926 3627 3623
f 3623 3924 3926
f 3925 3927 3928
f 3928 3927 3626
f 3928 3626 3627
f 3627 3925 3928
f 3927 3929 3930
f 3930 3929 3624
f 3930 3624 3626
f 3626 3927 3930
f 3929 3924 3931
f 3931 3924 3623
f 3931 3623 3624
f 3624 3929 3931
f 3932 3933 3934
f 3934 3933 3585
f 3934 3585 3582
f 3582 3932 3934
f 3933 3935 3936
f 3936 3935 3580
f 3936 3580 3585
f 3585 3933 3936
f 3935 3937 3938
f 3938 3937 3581
f 3938 3581 3580
f 3580 3935 3938
f 3937 3932 3939
f 3939 3932 3582
f 3939 3582 3581
f 3581 3937 3939
f 3940 3941 3942
f 3942 3941 3577
f 3942 3577 3578
f 3578 3940 3942
f 3941 3943 3944
f 3944 3943 3584
f 3944 3584 3577
f 3577 3941 3944
f 3943 3945 3946
f 3946 3945 3583
f 3946 3583 3584
f 3584 3943 3946
f 3945 3940 3947
f 3947 3940 3578
f 3947 3578 3583
f 3583 3945 3947
f 3948 3949 3950
f 3950 3949 3575
f 3950 3575 3572
f 3572 3948 3950
f 3949 3951 3952
f 3952 3951 3576
f 3952 3576 3575
f 3575 3949 3952
f 3951 3953 3954
f 3954 3953 3579
f 3954 3579 3576
f 3576 3951 3954
f 3953 3948 3955
f 3955 3948 3572
f 3955 3572 3579
f 3579 3953 3955
f 3956 3957 3958
f 3958 3957 3564
f 3958 3564 3565
f 3565 3956 3958
f 3957 3959 3960
f 3960 3959 3574
f 3960 3574 3564
f 3564 3957 3960
f 3959 3961 3962
f 3962 3961 3573
f 3962 3573 3574
f 3574 3959 3962
f 3961 3956 3963
f 3963 3956 3565
f 3963 3565 3573
f 3573 3961 3963
f 3964 3965 3966
f 3966 3965 3562
f 3966 3562 3568
f 3568 3964 3966
f 3965 3967 3968
f 3968 3967 3563
f 3968 3563 3562
f 3562 3965 3968
f 3967 3969 3970
f 3970 3969 3566
f 3970 3566 3563
f 3563 3967 3970
f 3969 3964 3971
f 3971 3964 3568
f 3971 3568 3566
f 3566 3969 3971
f 3917 3916 3972
f 3972 3916 3921
f 3972 3921 3919
f 3919 3917 3972
f 3909 3908 3973
f 3973 3908 3913
f 3973 3913 3911
f 3911 3909 3973
f 3925 3924 3974
f 3974 3924 3929
f 3974 3929 3927
f 3927 3925 3974
f 3975 3976 3977
f 3977 3976 3978
f 3977 3978 3979
f 3979 3975 3977
f 3978 3976 3980
f 3980 3976 3611
f 3980 3611 3635
f 3635 3978 3980
f 3979 3978 3981
f 3981 3978 3635
f 3981 3635 3634
f 3634 3979 3981
f 3975 3979 3982
f 3982 3979 3634
f 3982 3634 3612
f 3612 3975 3982
f 3976 3975 3983
f 3983 3975 3612
f 3983 3612 3611
f 3611 3976 3983
f 3984 3985 3986
f 3986 3985 3987
f 3986 3987 3988
f 3988 3984 3986
f 3987 3985 3989
f 3989 3985 3633
f 3989 3633 3630
f 3630 3987 3989
f 3988 3987 3990
f 3990 3987 3630
f 3990 3630 3629
f 3629 3988 3990
f 3984 3988 3991
f 3991 3988 3629
f 3991 3629 3631
f 3631 3984 3991
f 3985 3984 3992
f 3992 3984 3631
f 3992 3631 3633
f 3633 3985 3992
f 3993 3994 3995
f 3995 3994 3996
f 3995 3996 3997
f 3997 3993 3995
f 3996 3994 3998
f 3998 3994 3632
f 3998 3632 3628
f 3628 3996 3998
f 3997 3996 3999
f 3999 3996 3628
f 3999 3628 3618
f 3618 3997 3999
f 3993 3997 4000
f 4000 3997 3618
f 4000 3618 3620
f 3620 3993 4000
f 3994 3993 4001
f 4001 3993 3620
f 4001 3620 3632
f 3632 3994 4001
f 4002 4003 4004
f 4004 4003 4005
f 4004 4005 4006
f 4006 4002 4004
f 4005 4003 4007
f 4007 4003 3621
f 4007 3621 3619
f 3619 4005 4007
f 4006 4005 4008
f 4008 4005 3619
f 4008 3619 3625
f 3625 4006 4008
f 4002 4006 4009
f 4009 4006 3625
f 4009 3625 3622
f 3622 4002 4009
f 4003 4002 4010
f 4010 4002 3622
f 4010 3622 3621
f 3621 4003 4010
f 3967 3965 4011
f 4011 3965 3964
f 4011 3964 3969
f 3969 3967 4011
f 3959 3957 4012
f 4012 3957 3956
f 4012 3956 3961
f 3961 3959 4012
f 3951 3949 4013
f 4013 3949 3948
f 4013 3948 3953
f 3953 3951 4013
f 3943 3941 4014
f 4014 3941 3940
f 4014 3940 3945
f 3945 3943 4014
f 3935 3933 4015
f 4015 3933 3932
f 4015 3932 3937
f 3937 3935 4015
f 4016 97 599
f 599 97 99
f 599 99 600
f 600 99 101
f 600 101 601
f 601 101 103
f 601 103 602
f 602 103 105
f 602 105 603
f 603 105 107
f 603 107 604
f 604 107 109
f 604 109 575
f 575 109 111
f 575 111 573
f 573 111 113
f 573 113 572
f 572 113 570
f 570 113 114
f 570 114 568
f 568 114 116
f 568 116 566
f 566 116 145
f 566 145 564
f 564 145 144
f 564 144 562
f 562 144 143
f 562 143 560
f 560 143 142
f 560 142 558
f 558 142 141
f 558 141 556
f 556 141 140
f 556 140 4017
f 556 4017 4018
f 4018 4017 4019
f 4018 4019 4020
f 4020 4019 4021
f 4020 4021 4022
f 4022 4021 4023
f 4022 4023 4024
f 4024 4023 4025
f 4024 4025 4026
f 4026 4025 4027
f 4026 4027 4028
f 4028 4027 4029
f 4028 4029 4030
f 4030 4029 4031
f 4030 4031 4032
f 4032 4031 4033
f 4033 4031 4034
f 4033 4034 4035
f 4035 4034 4036
f 4035 4036 4037
f 4037 4036 4038
f 4037 4038 4039
f 4039 4038 4040
f 4039 4040 4041
f 4041 4040 4042
f 4041 4042 4043
f 4043 4042 4044
f 4043 4044 4045
f 4045 4044 4016
f 4045 4016 599
f 3903 647 557
f 557 647 645
f 557 645 580
f 580 645 643
f 580 643 581
f 581 643 641
f 581 641 582
f 582 641 639
f 582 639 583
f 583 639 628
f 583 628 584
f 584 628 627
f 584 627 585
f 585 627 637
f 585 637 586
f 586 637 636
f 586 636 587
f 587 636 588
f 588 636 635
f 588 635 578
f 578 635 634
f 578 634 579
f 579 634 633
f 579 633 590
f 590 633 632
f 590 632 592
f 592 632 631
f 592 631 594
f 594 631 630
f 594 630 596
f 596 630 629
f 596 629 598
f 598 629 606
f 598 606 3878
f 598 3878 4046
f 4046 3878 3907
f 4046 3907 4047
f 4047 3907 3906
f 4047 3906 4048
f 4048 3906 3905
f 4048 3905 4049
f 4049 3905 3904
f 4049 3904 4050
f 4050 3904 3887
f 4050 3887 4051
f 4051 3887 3888
f 4051 3888 4052
f 4052 3888 3890
f 4052 3890 4053
f 4053 3890 4054
f 4054 3890 3891
f 4054 3891 4055
f 4055 3891 3893
f 4055 3893 4056
f 4056 3893 3895
f 4056 3895 4057
f 4057 3895 3897
f 4057 3897 4058
f 4058 3897 3899
f 4058 3899 4059
f 4059 3899 3901
f 4059 3901 4060
f 4060 3901 3903
f 4060 3903 557
f 4060 557 4061
f 4061 557 556
f 4061 556 4018
f 4061 4018 4062
f 4062 4018 4020
f 4062 4020 4063
f 4063 4020 4022
f 4063 4022 4064
f 4064 4022 4024
f 4064 4024 4065
f 4065 4024 4026
f 4065 4026 4066
f 4066 4026 4028
f 4066 4028 4067
f 4067 4028 4068
f 4067 4068 4055
f 4055 4068 4054
f 4054 4068 4069
f 4054 4069 4053
f 4053 4069 4052
f 4052 4069 4070
f 4052 4070 4051
f 4051 4070 4071
f 4051 4071 4050
f 4050 4071 4072
f 4050 4072 4049
f 4049 4072 4073
f 4049 4073 4048
f 4048 4073 4074
f 4048 4074 4047
f 4047 4074 4075
f 4047 4075 4046
f 4046 4075 598
f 598 4075 4045
f 598 4045 599
f 4028 4030 4068
f 4068 4030 4069
f 4030 4032 4069
f 4069 4032 4033
f 4069 4033 4070
f 4070 4033 4035
f 4070 4035 4071
f 4071 4035 4037
f 4071 4037 4072
f 4072 4037 4039
f 4072 4039 4073
f 4073 4039 4041
f 4073 4041 4074
f 4074 4041 4043
f 4074 4043 4075
f 4075 4043 4045
f 4067 4055 4066
f 4066 4055 4056
f 4066 4056 4065
f 4065 4056 4057
f 4065 4057 4064
f 4064 4057 4058
f 4064 4058 4063
f 4063 4058 4059
f 4063 4059 4062
f 4062 4059 4060
f 4062 4060 4061
f 288 287 507
f 507 287 4076
f 507 4076 4077
f 4077 4076 4078
f 4077 4078 4079
f 4079 4078 4080
f 4079 4080 4081
f 4081 4080 4082
f 4081 4082 4083
f 4083 4082 4084
f 4083 4084 4085
f 4085 4084 4086
f 4085 4086 4087
f 4087 4086 4088
f 4087 4088 4089
f 4089 4088 4090
f 4089 4090 4091
f 4091 4090 4092
f 4092 4090 4093
f 4092 4093 4094
f 4094 4093 4095
f 4094 4095 4096
f 4096 4095 4097
f 4096 4097 4098
f 4098 4097 4099
f 4098 4099 4100
f 4100 4099 4101
f 4100 4101 4102
f 4102 4101 4103
f 4102 4103 4104
f 4104 4103 4105
f 4104 4105 550
f 550 4105 244
f 550 244 246
f 550 246 551
f 551 246 248
f 551 248 552
f 552 248 250
f 552 250 553
f 553 250 252
f 553 252 554
f 554 252 254
f 554 254 555
f 555 254 256
f 555 256 526
f 526 256 258
f 526 258 524
f 524 258 260
f 524 260 523
f 523 260 521
f 521 260 261
f 521 261 519
f 519 261 263
f 519 263 517
f 517 263 292
f 517 292 515
f 515 292 291
f 515 291 513
f 513 291 290
f 513 290 511
f 511 290 289
f 511 289 509
f 509 289 288
f 509 288 507
f 923 900 549
f 549 900 3216
f 549 3216 4106
f 4106 3216 3260
f 4106 3260 4107
f 4107 3260 3259
f 4107 3259 4108
f 4108 3259 3258
f 4108 3258 4109
f 4109 3258 3257
f 4109 3257 4110
f 4110 3257 3231
f 4110 3231 4111
f 4111 3231 3232
f 4111 3232 4112
f 4112 3232 3234
f 4112 3234 4113
f 4113 3234 4114
f 4114 3234 3235
f 4114 3235 4115
f 4115 3235 3237
f 4115 3237 4116
f 4116 3237 3239
f 4116 3239 4117
f 4117 3239 3241
f 4117 3241 4118
f 4118 3241 3243
f 4118 3243 4119
f 4119 3243 3245
f 4119 3245 4120
f 4120 3245 3247
f 4120 3247 508
f 508 3247 941
f 508 941 939
f 508 939 531
f 531 939 937
f 531 937 532
f 532 937 935
f 532 935 533
f 533 935 933
f 533 933 534
f 534 933 922
f 534 922 535
f 535 922 921
f 535 921 536
f 536 921 931
f 536 931 537
f 537 931 930
f 537 930 538
f 538 930 539
f 539 930 929
f 539 929 529
f 529 929 928
f 529 928 530
f 530 928 927
f 530 927 541
f 541 927 926
f 541 926 543
f 543 926 925
f 543 925 545
f 545 925 924
f 545 924 547
f 547 924 923
f 547 923 549
f 4120 508 4121
f 4121 508 507
f 4121 507 4077
f 4121 4077 4122
f 4122 4077 4079
f 4122 4079 4123
f 4123 4079 4081
f 4123 4081 4124
f 4124 4081 4083
f 4124 4083 4125
f 4125 4083 4085
f 4125 4085 4126
f 4126 4085 4087
f 4126 4087 4127
f 4127 4087 4128
f 4127 4128 4115
f 4115 4128 4114
f 4114 4128 4129
f 4114 4129 4113
f 4113 4129 4112
f 4112 4129 4130
f 4112 4130 4111
f 4111 4130 4131
f 4111 4131 4110
f 4110 4131 4132
f 4110 4132 4109
f 4109 4132 4133
f 4109 4133 4108
f 4108 4133 4134
f 4108 4134 4107
f 4107 4134 4135
f 4107 4135 4106
f 4106 4135 549
f 549 4135 4104
f 549 4104 550
f 4087 4089 4128
f 4128 4089 4129
f 4089 4091 4129
f 4129 4091 4092
f 4129 4092 4130
f 4130 4092 4094
f 4130 4094 4131
f 4131 4094 4096
f 4131 4096 4132
f 4132 4096 4098
f 4132 4098 4133
f 4133 4098 4100
f 4133 4100 4134
f 4134 4100 4102
f 4134 4102 4135
f 4135 4102 4104
f 4127 4115 4126
f 4126 4115 4116
f 4126 4116 4125
f 4125 4116 4117
f 4125 4117 4124
f 4124 4117 4118
f 4124 4118 4123
f 4123 4118 4119
f 4123 4119 4122
f 4122 4119 4120
f 4122 4120 4121
f 190 189 458
f 458 189 4136
f 458 4136 4137
f 4137 4136 4138
f 4137 4138 4139
f 4139 4138 4140
f 4139 4140 4141
f 4141 4140 4142
f 4141 4142 4143
f 4143 4142 4144
f 4143 4144 4145
f 4145 4144 4146
f 4145 4146 4147
f 4147 4146 4148
f 4147 4148 4149
f 4149 4148 4150
f 4149 4150 4151
f 4151 4150 4152
f 4152 4150 4153
f 4152 4153 4154
f 4154 4153 4155
f 4154 4155 4156
f 4156 4155 4157
f 4156 4157 4158
f 4158 4157 4159
f 4158 4159 4160
f 4160 4159 4161
f 4160 4161 4162
f 4162 4161 4163
f 4162 4163 4164
f 4164 4163 4165
f 4164 4165 501
f 501 4165 146
f 501 146 148
f 501 148 502
f 502 148 150
f 502 150 503
f 503 150 152
f 503 152 504
f 504 152 154
f 504 154 505
f 505 154 156
f 505 156 506
f 506 156 158
f 506 158 477
f 477 158 160
f 477 160 475
f 475 160 162
f 475 162 474
f 474 162 472
f 472 162 163
f 472 163 470
f 470 163 165
f 470 165 468
f 468 165 194
f 468 194 466
f 466 194 193
f 466 193 464
f 464 193 192
f 464 192 462
f 462 192 191
f 462 191 460
f 460 191 190
f 460 190 458
f 3292 892 459
f 459 892 890
f 459 890 482
f 482 890 888
f 482 888 483
f 483 888 886
f 483 886 484
f 484 886 884
f 484 884 485
f 485 884 873
f 485 873 486
f 486 873 872
f 486 872 487
f 487 872 882
f 487 882 488
f 488 882 881
f 488 881 489
f 489 881 490
f 490 881 880
f 490 880 480
f 480 880 879
f 480 879 481
f 481 879 878
f 481 878 492
f 492 878 877
f 492 877 494
f 494 877 876
f 494 876 496
f 496 876 875
f 496 875 498
f 498 875 874
f 498 874 500
f 500 874 851
f 500 851 3261
f 500 3261 4166
f 4166 3261 3305
f 4166 3305 4167
f 4167 3305 3304
f 4167 3304 4168
f 4168 3304 3303
f 4168 3303 4169
f 4169 3303 3302
f 4169 3302 4170
f 4170 3302 3276
f 4170 3276 4171
f 4171 3276 3277
f 4171 3277 4172
f 4172 3277 3279
f 4172 3279 4173
f 4173 3279 4174
f 4174 3279 3280
f 4174 3280 4175
f 4175 3280 3282
f 4175 3282 4176
f 4176 3282 3284
f 4176 3284 4177
f 4177 3284 3286
f 4177 3286 4178
f 4178 3286 3288
f 4178 3288 4179
f 4179 3288 3290
f 4179 3290 4180
f 4180 3290 3292
f 4180 3292 459
f 4180 459 4181
f 4181 459 458
f 4181 458 4137
f 4181 4137 4182
f 4182 4137 4139
f 4182 4139 4183
f 4183 4139 4141
f 4183 4141 4184
f 4184 4141 4143
f 4184 4143 4185
f 4185 4143 4145
f 4185 4145 4186
f 4186 4145 4147
f 4186 4147 4187
f 4187 4147 4188
f 4187 4188 4175
f 4175 4188 4174
f 4174 4188 4189
f 4174 4189 4173
f 4173 4189 4172
f 4172 4189 4190
f 4172 4190 4171
f 4171 4190 4191
f 4171 4191 4170
f 4170 4191 4192
f 4170 4192 4169
f 4169 4192 4193
f 4169 4193 4168
f 4168 4193 4194
f 4168 4194 4167
f 4167 4194 4195
f 4167 4195 4166
f 4166 4195 500
f 500 4195 4164
f 500 4164 501
f 4147 4149 4188
f 4188 4149 4189
f 4149 4151 4189
f 4189 4151 4152
f 4189 4152 4190
f 4190 4152 4154
f 4190 4154 4191
f 4191 4154 4156
f 4191 4156 4192
f 4192 4156 4158
f 4192 4158 4193
f 4193 4158 4160
f 4193 4160 4194
f 4194 4160 4162
f 4194 4162 4195
f 4195 4162 4164
f 4187 4175 4186
f 4186 4175 4176
f 4186 4176 4185
f 4185 4176 4177
f 4185 4177 4184
f 4184 4177 4178
f 4184 4178 4183
f 4183 4178 4179
f 4183 4179 4182
f 4182 4179 4180
f 4182 4180 4181
f 4196 195 452
f 452 195 197
f 452 197 453
f 453 197 199
f 453 199 454
f 454 199 201
f 454 201 455
f 455 201 203
f 455 203 456
f 456 203 205
f 456 205 457
f 457 205 207
f 457 207 428
f 428 207 209
f 428 209 426
f 426 209 211
f 426 211 425
f 425 211 423
f 423 211 212
f 423 212 421
f 421 212 214
f 421 214 419
f 419 214 243
f 419 243 417
f 417 243 242
f 417 242 415
f 415 242 241
f 415 241 413
f 413 241 240
f 413 240 411
f 411 240 239
f 411 239 409
f 409 239 238
f 409 238 4197
f 409 4197 4198
f 4198 4197 4199
f 4198 4199 4200
f 4200 4199 4201
f 4200 4201 4202
f 4202 4201 4203
f 4202 4203 4204
f 4204 4203 4205
f 4204 4205 4206
f 4206 4205 4207
f 4206 4207 4208
f 4208 4207 4209
f 4208 4209 4210
f 4210 4209 4211
f 4210 4211 4212
f 4212 4211 4213
f 4213 4211 4214
f 4213 4214 4215
f 4215 4214 4216
f 4215 4216 4217
f 4217 4216 4218
f 4217 4218 4219
f 4219 4218 4220
f 4219 4220 4221
f 4221 4220 4222
f 4221 4222 4223
f 4223 4222 4224
f 4223 4224 4225
f 4225 4224 4196
f 4225 4196 452
f 825 802 451
f 451 802 3306
f 451 3306 4226
f 4226 3306 3350
f 4226 3350 4227
f 4227 3350 3349
f 4227 3349 4228
f 4228 3349 3348
f 4228 3348 4229
f 4229 3348 3347
f 4229 3347 4230
f 4230 3347 3321
f 4230 3321 4231
f 4231 3321 3322
f 4231 3322 4232
f 4232 3322 3324
f 4232 3324 4233
f 4233 3324 4234
f 4234 3324 3325
f 4234 3325 4235
f 4235 3325 3327
f 4235 3327 4236
f 4236 3327 3329
f 4236 3329 4237
f 4237 3329 3331
f 4237 3331 4238
f 4238 3331 3333
f 4238 3333 4239
f 4239 3333 3335
f 4239 3335 4240
f 4240 3335 3337
f 4240 3337 410
f 410 3337 843
f 410 843 841
f 410 841 433
f 433 841 839
f 433 839 434
f 434 839 837
f 434 837 435
f 435 837 835
f 435 835 436
f 436 835 824
f 436 824 437
f 437 824 823
f 437 823 438
f 438 823 833
f 438 833 439
f 439 833 832
f 439 832 440
f 440 832 441
f 441 832 831
f 441 831 431
f 431 831 830
f 431 830 432
f 432 830 829
f 432 829 443
f 443 829 828
f 443 828 445
f 445 828 827
f 445 827 447
f 447 827 826
f 447 826 449
f 449 826 825
f 449 825 451
f 4240 410 4241
f 4241 410 409
f 4241 409 4198
f 4241 4198 4242
f 4242 4198 4200
f 4242 4200 4243
f 4243 4200 4202
f 4243 4202 4244
f 4244 4202 4204
f 4244 4204 4245
f 4245 4204 4206
f 4245 4206 4246
f 4246 4206 4208
f 4246 4208 4247
f 4247 4208 4248
f 4247 4248 4235
f 4235 4248 4234
f 4234 4248 4249
f 4234 4249 4233
f 4233 4249 4232
f 4232 4249 4250
f 4232 4250 4231
f 4231 4250 4251
f 4231 4251 4230
f 4230 4251 4252
f 4230 4252 4229
f 4229 4252 4253
f 4229 4253 4228
f 4228 4253 4254
f 4228 4254 4227
f 4227 4254 4255
f 4227 4255 4226
f 4226 4255 451
f 451 4255 4225
f 451 4225 452
f 4208 4210 4248
f 4248 4210 4249
f 4210 4212 4249
f 4249 4212 4213
f 4249 4213 4250
f 4250 4213 4215
f 4250 4215 4251
f 4251 4215 4217
f 4251 4217 4252
f 4252 4217 4219
f 4252 4219 4253
f 4253 4219 4221
f 4253 4221 4254
f 4254 4221 4223
f 4254 4223 4255
f 4255 4223 4225
f 4247 4235 4246
f 4246 4235 4236
f 4246 4236 4245
f 4245 4236 4237
f 4245 4237 4244
f 4244 4237 4238
f 4244 4238 4243
f 4243 4238 4239
f 4243 4239 4242
f 4242 4239 4240
f 4242 4240 4241
f 4256 370 4257
f 4257 370 369
f 4257 369 4258
f 4257 4258 4259
f 4259 4258 4260
f 4259 4260 4261
f 4261 4260 4262
f 4261 4262 4263
f 4263 4262 4264
f 4263 4264 4265
f 4265 4264 4266
f 4265 4266 4267
f 4267 4266 4268
f 4267 4268 4269
f 4269 4268 4270
f 4269 4270 4271
f 4271 4270 4272
f 4271 4272 4273
f 4273 4272 51
f 51 4272 81
f 81 4272 4274
f 81 4274 82
f 82 4274 4275
f 82 4275 83
f 83 4275 4276
f 83 4276 84
f 84 4276 4277
f 84 4277 85
f 85 4277 4278
f 85 4278 86
f 86 4278 4279
f 86 4279 87
f 87 4279 88
f 88 4279 4280
f 88 4280 408
f 4270 4281 4272
f 4272 4281 4282
f 4272 4282 4274
f 4274 4282 4283
f 4274 4283 4275
f 4275 4283 4284
f 4275 4284 4276
f 4276 4284 4285
f 4276 4285 4277
f 4277 4285 4286
f 4277 4286 4278
f 4278 4286 4287
f 4278 4287 4279
f 4279 4287 4280
f 4273 4288 4271
f 4271 4288 4269
f 4269 4288 4267
f 4267 4288 4289
f 4267 4289 4265
f 4265 4289 4290
f 4265 4290 4263
f 4263 4290 4291
f 4263 4291 4261
f 4261 4291 4292
f 4261 4292 4259
f 4259 4292 4256
f 4259 4256 4257
f 4293 4294 4295
f 4295 4294 4296
f 4295 4296 4297
f 4294 4293 4298
f 4298 4293 4299
f 4298 4299 4300
f 4300 4299 4301
f 4301 4299 4302
f 4301 4302 245
f 245 4302 4303
f 245 4303 268
f 268 4303 269
f 269 4303 4304
f 269 4304 270
f 270 4304 4305
f 270 4305 271
f 271 4305 4306
f 271 4306 272
f 272 4306 4307
f 272 4307 273
f 273 4307 4308
f 273 4308 274
f 274 4308 4309
f 274 4309 4310
f 274 4310 275
f 275 4310 4311
f 275 4311 276
f 276 4311 4312
f 276 4312 266
f 266 4312 4313
f 266 4313 4314
f 266 4314 267
f 267 4314 4315
f 267 4315 278
f 278 4315 280
f 280 4315 282
f 282 4315 284
f 284 4315 286
f 286 4315 4316
f 4316 4315 4317
f 4317 4315 4318
f 4317 4318 4319
f 4319 4318 4320
f 4320 4318 4321
f 4320 4321 4322
f 4322 4321 4323
f 4323 4321 4324
f 4324 4321 4295
f 4324 4295 4325
f 4325 4295 4326
f 4326 4295 4297
f 4315 4327 4318
f 4318 4327 4328
f 4318 4328 4329
f 4330 223 4327
f 4327 223 222
f 4327 222 221
f 223 4330 224
f 224 4330 4331
f 224 4331 225
f 225 4331 4332
f 225 4332 226
f 226 4332 4333
f 226 4333 4334
f 226 4334 227
f 227 4334 4335
f 227 4335 217
f 217 4335 4336
f 217 4336 218
f 218 4336 4337
f 218 4337 229
f 229 4337 231
f 231 4337 233
f 233 4337 235
f 235 4337 237
f 237 4337 4338
f 237 4338 4339
f 4339 4338 4340
f 4340 4338 4341
f 4341 4338 4342
f 4341 4342 4343
f 4343 4342 4344
f 4344 4342 4345
f 4344 4345 381
f 381 4345 4346
f 381 4346 379
f 379 4346 377
f 377 4346 375
f 375 4346 373
f 373 4346 371
f 371 4346 369
f 369 4346 4347
f 369 4347 4258
f 4258 4347 4260
f 4260 4347 4262
f 4262 4347 4264
f 4264 4347 4266
f 4266 4347 4268
f 4268 4347 4348
f 4268 4348 169
f 169 4348 4349
f 169 4349 180
f 180 4349 182
f 182 4349 4350
f 182 4350 184
f 184 4350 186
f 186 4350 188
f 188 4350 4351
f 188 4351 4352
f 4352 4351 4353
f 4353 4351 4354
f 4354 4351 4355
f 4355 4351 4356
f 4356 4351 4357
f 4356 4357 4358
f 4358 4357 4359
f 4358 4359 4360
f 4360 4359 4361
f 4360 4361 4362
f 4362 4361 4363
f 4362 4363 4364
f 4345 4365 4346
f 4346 4365 4366
f 4366 4365 4367
f 4367 4365 4368
f 4348 4347 4369
f 4369 4347 4370
f 4369 4370 4371
f 4371 4372 4369
f 4362 4364 4373
f 4373 4364 4374
f 4373 4374 4375
f 4375 4374 4376
f 4375 4376 4377
f 4377 4376 4378
f 4377 4378 4379
f 4379 4378 4380
f 4380 4378 4381
f 4381 4378 4382
f 4382 4378 147
f 147 4378 170
f 170 4378 4383
f 170 4383 171
f 171 4383 172
f 172 4383 4384
f 172 4384 173
f 173 4384 174
f 174 4384 175
f 175 4384 4283
f 175 4283 176
f 176 4283 4282
f 176 4282 177
f 177 4282 4281
f 177 4281 178
f 178 4281 4270
f 178 4270 168
f 168 4270 169
f 169 4270 4268
f 4383 4378 4385
f 4385 4378 4386
f 4385 4386 4387
f 4387 4386 4388
f 4388 4386 4389
f 4389 4386 4390
f 4390 4386 4391
f 4390 4391 4392
f 4392 4391 4393
f 4392 4393 4394
f 4394 4393 4395
f 4394 4395 4396
f 4396 4395 4397
f 4396 4397 4398
f 4398 4397 4399
f 4398 4399 4400
f 4400 4399 4401
f 4400 4401 4402
f 4402 4401 4403
f 4402 4403 4404
f 4404 4403 4405
f 4404 4405 4406
f 4404 4406 4407
f 4407 4406 4408
f 4407 4408 4409
f 4409 4408 4410
f 4409 4410 4411
f 4411 4410 4412
f 4412 4410 4413
f 4412 4413 336
f 336 4413 4414
f 336 4414 337
f 337 4414 4415
f 337 4415 338
f 338 4415 4416
f 338 4416 339
f 339 4416 4417
f 339 4417 340
f 340 4417 341
f 341 4417 312
f 312 4417 4295
f 312 4295 310
f 310 4295 309
f 309 4295 307
f 307 4295 4321
f 307 4321 305
f 305 4321 303
f 303 4321 4384
f 303 4384 301
f 301 4384 299
f 299 4384 297
f 297 4384 295
f 295 4384 4383
f 295 4383 293
f 293 4383 4385
f 293 4385 4387
f 406 408 4321
f 4321 408 4280
f 4321 4280 4287
f 4287 4286 4321
f 4321 4286 4285
f 4321 4285 4384
f 4384 4285 4284
f 4384 4284 4283
f 4344 381 4418
f 4418 381 383
f 4418 383 4419
f 4419 383 385
f 4419 385 4420
f 4420 385 386
f 4420 386 4421
f 4421 386 388
f 4421 388 4422
f 4422 388 399
f 4422 399 4423
f 4423 399 4318
f 4423 4318 4424
f 4424 4318 4425
f 4425 4318 4329
f 399 400 4318
f 4318 400 4321
f 400 402 4321
f 4321 402 404
f 4321 404 406
f 219 196 4327
f 4327 196 4328
f 221 220 4327
f 4327 220 219
f 128 324 129
f 129 324 4426
f 129 4426 119
f 119 4426 120
f 120 4426 4427
f 120 4427 131
f 131 4427 4428
f 131 4428 133
f 133 4428 135
f 135 4428 4429
f 135 4429 137
f 137 4429 4430
f 137 4430 139
f 139 4430 4431
f 4431 4430 4432
f 4431 4432 4433
f 4433 4432 4434
f 4433 4434 4435
f 4435 4434 4436
f 4435 4436 4437
f 4437 4436 4438
f 4437 4438 4439
f 4439 4438 4440
f 4439 4440 4441
f 4441 4440 4442
f 4441 4442 4443
f 4443 4442 362
f 362 4442 4444
f 362 4444 360
f 324 323 4426
f 4426 323 322
f 4426 322 321
f 4426 321 4427
f 4427 321 320
f 4427 320 4428
f 4428 320 319
f 4428 319 318
f 4428 318 4429
f 4429 318 317
f 4429 317 4430
f 4430 317 294
f 4430 294 4445
f 4430 4445 4432
f 4432 4445 4446
f 4432 4446 4434
f 4434 4446 4447
f 4434 4447 4436
f 4436 4447 4448
f 4436 4448 4438
f 4438 4448 4449
f 4438 4449 4440
f 4440 4449 4450
f 4440 4450 4442
f 4442 4450 4444
f 4445 294 4451
f 4451 294 293
f 4451 293 4387
f 4451 4387 4452
f 4452 4387 4388
f 4452 4388 4453
f 4453 4388 4389
f 4453 4389 4454
f 4454 4389 4390
f 4454 4390 4455
f 4455 4390 4392
f 4455 4392 4456
f 4456 4392 4394
f 4456 4394 4457
f 4457 4394 4458
f 4457 4458 4450
f 4450 4458 4444
f 4444 4458 4459
f 4444 4459 360
f 360 4459 359
f 359 4459 4460
f 359 4460 358
f 358 4460 4461
f 358 4461 356
f 356 4461 4462
f 356 4462 354
f 354 4462 4463
f 354 4463 353
f 353 4463 4464
f 353 4464 351
f 351 4464 4465
f 351 4465 349
f 349 4465 335
f 335 4465 4412
f 335 4412 336
f 4394 4396 4458
f 4458 4396 4459
f 4396 4398 4459
f 4459 4398 4400
f 4459 4400 4460
f 4460 4400 4402
f 4460 4402 4461
f 4461 4402 4404
f 4461 4404 4462
f 4462 4404 4407
f 4462 4407 4463
f 4463 4407 4409
f 4463 4409 4464
f 4464 4409 4411
f 4464 4411 4465
f 4465 4411 4412
f 4457 4450 4456
f 4456 4450 4449
f 4456 4449 4455
f 4455 4449 4448
f 4455 4448 4454
f 4454 4448 4447
f 4454 4447 4453
f 4453 4447 4446
f 4453 4446 4452
f 4452 4446 4445
f 4452 4445 4451
f 4301 245 4466
f 4466 245 244
f 4466 244 4105
f 4466 4105 4467
f 4467 4105 4103
f 4467 4103 4468
f 4468 4103 4101
f 4468 4101 4469
f 4469 4101 4099
f 4469 4099 4470
f 4470 4099 4097
f 4470 4097 4471
f 4471 4097 4095
f 4471 4095 4472
f 4472 4095 4473
f 4472 4473 4297
f 4297 4473 4326
f 4326 4473 4474
f 4326 4474 4325
f 4325 4474 4324
f 4324 4474 4475
f 4324 4475 4323
f 4323 4475 4476
f 4323 4476 4322
f 4322 4476 4477
f 4322 4477 4320
f 4320 4477 4478
f 4320 4478 4319
f 4319 4478 4479
f 4319 4479 4317
f 4317 4479 4480
f 4317 4480 4316
f 4316 4480 286
f 286 4480 4076
f 286 4076 287
f 4095 4093 4473
f 4473 4093 4474
f 4093 4090 4474
f 4474 4090 4088
f 4474 4088 4475
f 4475 4088 4086
f 4475 4086 4476
f 4476 4086 4084
f 4476 4084 4477
f 4477 4084 4082
f 4477 4082 4478
f 4478 4082 4080
f 4478 4080 4479
f 4479 4080 4078
f 4479 4078 4480
f 4480 4078 4076
f 4472 4297 4471
f 4471 4297 4296
f 4471 4296 4470
f 4470 4296 4294
f 4470 4294 4469
f 4469 4294 4298
f 4469 4298 4468
f 4468 4298 4300
f 4468 4300 4467
f 4467 4300 4301
f 4467 4301 4466
f 4328 196 4481
f 4481 196 195
f 4481 195 4196
f 4481 4196 4482
f 4482 4196 4224
f 4482 4224 4483
f 4483 4224 4222
f 4483 4222 4484
f 4484 4222 4220
f 4484 4220 4485
f 4485 4220 4218
f 4485 4218 4486
f 4486 4218 4216
f 4486 4216 4487
f 4487 4216 4488
f 4487 4488 4422
f 4422 4488 4421
f 4421 4488 4489
f 4421 4489 4420
f 4420 4489 4419
f 4419 4489 4490
f 4419 4490 4418
f 4418 4490 4491
f 4418 4491 4344
f 4344 4491 4492
f 4344 4492 4343
f 4343 4492 4493
f 4343 4493 4341
f 4341 4493 4494
f 4341 4494 4340
f 4340 4494 4495
f 4340 4495 4339
f 4339 4495 237
f 237 4495 4197
f 237 4197 238
f 4216 4214 4488
f 4488 4214 4489
f 4214 4211 4489
f 4489 4211 4209
f 4489 4209 4490
f 4490 4209 4207
f 4490 4207 4491
f 4491 4207 4205
f 4491 4205 4492
f 4492 4205 4203
f 4492 4203 4493
f 4493 4203 4201
f 4493 4201 4494
f 4494 4201 4199
f 4494 4199 4495
f 4495 4199 4197
f 4487 4422 4486
f 4486 4422 4423
f 4486 4423 4485
f 4485 4423 4424
f 4485 4424 4484
f 4484 4424 4425
f 4484 4425 4483
f 4483 4425 4329
f 4483 4329 4482
f 4482 4329 4328
f 4482 4328 4481
f 4382 147 4496
f 4496 147 146
f 4496 146 4165
f 4496 4165 4497
f 4497 4165 4163
f 4497 4163 4498
f 4498 4163 4161
f 4498 4161 4499
f 4499 4161 4159
f 4499 4159 4500
f 4500 4159 4157
f 4500 4157 4501
f 4501 4157 4155
f 4501 4155 4502
f 4502 4155 4503
f 4502 4503 4375
f 4375 4503 4373
f 4373 4503 4504
f 4373 4504 4362
f 4362 4504 4360
f 4360 4504 4505
f 4360 4505 4358
f 4358 4505 4506
f 4358 4506 4356
f 4356 4506 4507
f 4356 4507 4355
f 4355 4507 4508
f 4355 4508 4354
f 4354 4508 4509
f 4354 4509 4353
f 4353 4509 4510
f 4353 4510 4352
f 4352 4510 188
f 188 4510 4136
f 188 4136 189
f 4155 4153 4503
f 4503 4153 4504
f 4153 4150 4504
f 4504 4150 4148
f 4504 4148 4505
f 4505 4148 4146
f 4505 4146 4506
f 4506 4146 4144
f 4506 4144 4507
f 4507 4144 4142
f 4507 4142 4508
f 4508 4142 4140
f 4508 4140 4509
f 4509 4140 4138
f 4509 4138 4510
f 4510 4138 4136
f 4502 4375 4501
f 4501 4375 4377
f 4501 4377 4500
f 4500 4377 4379
f 4500 4379 4499
f 4499 4379 4380
f 4499 4380 4498
f 4498 4380 4381
f 4498 4381 4497
f 4497 4381 4382
f 4497 4382 4496
f 4511 4337 4512
f 4512 4337 4336
f 4512 4336 4513
f 4513 4336 4514
f 4513 4514 4515
f 4515 4514 4516
f 4515 4516 4517
f 4517 4516 4518
f 4518 4516 4519
f 4518 4519 4520
f 4520 4519 3665
f 3665 4519 4521
f 3665 4521 4522
f 4522 4521 4523
f 4523 4521 4524
f 4523 4524 4525
f 4525 4524 4526
f 4525 4526 4527
f 4527 4526 4528
f 4527 4528 4529
f 4529 4528 4330
f 4529 4330 4327
f 4336 4335 4514
f 4514 4335 4516
f 4335 4334 4516
f 4516 4334 4519
f 4334 4333 4519
f 4519 4333 4521
f 4333 4332 4521
f 4521 4332 4524
f 4524 4332 4526
f 4526 4332 4331
f 4526 4331 4528
f 4528 4331 4330
f 4295 4530 4293
f 4293 4530 4531
f 4293 4531 4299
f 4299 4531 4532
f 4299 4532 4533
f 4299 4533 4302
f 4302 4533 4534
f 4302 4534 4535
f 4302 4535 4303
f 4303 4535 4536
f 4303 4536 4537
f 4303 4537 4304
f 4304 4537 4538
f 4304 4538 4305
f 4305 4538 4539
f 4305 4539 4540
f 4305 4540 4306
f 4306 4540 4541
f 4306 4541 4307
f 4307 4541 4542
f 4307 4542 4543
f 4543 4542 4544
f 4543 4544 4545
f 4545 4544 4546
f 4545 4546 4309
f 4309 4546 4547
f 4309 4547 4310
f 4310 4547 4548
f 4310 4548 4311
f 4311 4548 4549
f 4311 4549 4312
f 4312 4549 4550
f 4312 4550 4313
f 4313 4550 4551
f 4313 4551 4314
f 4314 4551 4552
f 4314 4552 4315
f 4544 4553 4546
f 4546 4553 4554
f 4546 4554 4547
f 4547 4554 4555
f 4547 4555 3667
f 4547 3667 4548
f 4548 3667 4556
f 4548 4556 4557
f 4548 4557 4549
f 4549 4557 4558
f 4549 4558 4550
f 4550 4558 4559
f 4550 4559 4551
f 4551 4559 4552
f 4309 4308 4545
f 4545 4308 4543
f 4308 4307 4543
f 4560 4413 4561
f 4561 4413 4410
f 4561 4410 4562
f 4562 4410 4563
f 4563 4410 4408
f 4563 4408 4564
f 4564 4408 4565
f 4565 4408 4406
f 4565 4406 4566
f 4566 4406 4405
f 4566 4405 4567
f 4567 4405 4403
f 4567 4403 4568
f 4568 4403 4401
f 4568 4401 4569
f 4569 4401 4399
f 4569 4399 4570
f 4570 4399 4397
f 4570 4397 4571
f 4571 4397 4395
f 4571 4395 4572
f 4572 4395 4393
f 4572 4393 4573
f 4573 4393 4391
f 4573 4391 4386
f 4560 4574 4413
f 4413 4574 4414
f 4414 4574 4575
f 4414 4575 4576
f 4414 4576 4415
f 4415 4576 4577
f 4415 4577 4416
f 4416 4577 4578
f 4416 4578 4417
f 4573 4579 4572
f 4572 4579 4571
f 4579 4580 4571
f 4571 4580 4581
f 4571 4581 4582
f 4571 4582 4570
f 4570 4582 3567
f 4570 3567 4583
f 4570 4583 4569
f 4569 4583 4584
f 4569 4584 4585
f 4569 4585 4568
f 4568 4585 4586
f 4568 4586 4567
f 4567 4586 4587
f 4567 4587 4566
f 4588 4589 4590
f 4590 4589 4591
f 4590 4591 4592
f 4592 4591 4357
f 4592 4357 4593
f 4593 4357 4351
f 4593 4351 4594
f 4589 4588 4595
f 4595 4588 4596
f 4595 4596 4597
f 4597 4596 4598
f 4597 4598 3570
f 4597 3570 4599
f 4599 3570 4600
f 4599 4600 4601
f 4599 4601 4602
f 4602 4601 4603
f 4602 4603 4604
f 4602 4604 4605
f 4605 4604 4606
f 4605 4606 4376
f 4376 4606 4378
f 4376 4374 4605
f 4605 4374 4602
f 4374 4364 4602
f 4602 4364 4599
f 4364 4363 4599
f 4599 4363 4597
f 4363 4361 4597
f 4597 4361 4595
f 4595 4361 4589
f 4589 4361 4359
f 4589 4359 4591
f 4591 4359 4357
f 4347 4607 4370
f 4370 4607 4608
f 4370 4608 4371
f 4371 4608 4609
f 4371 4609 4372
f 4372 4609 4610
f 4372 4610 4369
f 4369 4610 4611
f 4611 4610 3537
f 4611 3537 3536
f 4607 3527 4608
f 4608 3527 3526
f 4608 3526 4609
f 4609 3526 3538
f 4609 3538 4610
f 4610 3538 3537
f 4590 4592 3554
f 3554 4592 4593
f 3554 4593 3555
f 3555 4593 4612
f 3555 4612 3556
f 3556 4612 4613
f 3556 4613 3557
f 3557 4613 4614
f 3557 4614 3558
f 3558 4614 4615
f 3558 4615 4616
f 4616 4615 4349
f 4616 4349 4348
f 4593 4594 4612
f 4612 4594 4351
f 4612 4351 4613
f 4613 4351 4350
f 4613 4350 4614
f 4614 4350 4349
f 4614 4349 4615
f 4369 4617 4348
f 4348 4617 4618
f 4348 4618 4616
f 4616 4618 3559
f 4616 3559 3558
f 4369 4611 4617
f 4617 4611 3539
f 4617 3539 3560
f 4611 3536 3539
f 4617 3560 4618
f 4618 3560 3559
f 4619 3699 4620
f 4620 3699 3527
f 4620 3527 4607
f 4607 4347 4620
f 4620 4347 4346
f 4620 4346 4619
f 4590 3554 4588
f 4588 3554 4596
f 4596 3554 4598
f 4598 3554 3570
f 4368 4365 4621
f 4621 4365 4622
f 4621 4622 3691
f 3691 4622 3684
f 4621 3691 4623
f 4623 3691 3701
f 4623 3701 4624
f 4624 3701 3700
f 4624 3700 4619
f 4619 3700 3699
f 4619 4346 4624
f 4624 4346 4366
f 4624 4366 4623
f 4623 4366 4367
f 4623 4367 4621
f 4621 4367 4368
f 3602 4561 4625
f 4625 4561 4562
f 4625 4562 4563
f 4625 4563 4626
f 4626 4563 4564
f 4626 4564 4627
f 4627 4564 4565
f 4627 4565 4628
f 4628 4565 4566
f 4628 4566 4629
f 4629 4566 4587
f 4629 4587 4630
f 4630 4587 4631
f 4630 4631 3586
f 3586 4631 4586
f 3586 4586 3569
f 4587 4586 4631
f 3586 3608 4630
f 4630 3608 4629
f 3608 3607 4629
f 4629 3607 4628
f 3607 3606 4628
f 4628 3606 4627
f 3606 3605 4627
f 4627 3605 4626
f 3605 3604 4626
f 4626 3604 4625
f 3604 3603 4625
f 4625 3603 3602
f 4511 4632 4337
f 4337 4632 4633
f 4337 4633 4338
f 4338 4633 4634
f 4338 4634 4342
f 4342 4634 4635
f 4342 4635 4636
f 4636 4635 3688
f 4636 3688 3687
f 4511 4512 4632
f 4632 4512 4513
f 4632 4513 3668
f 3668 4513 3664
f 3664 4513 4515
f 3668 3690 4632
f 4632 3690 4633
f 3690 3689 4633
f 4633 3689 4634
f 3689 3688 4634
f 4634 3688 4635
f 4636 3687 4637
f 4637 3687 3686
f 4637 3686 4638
f 4638 3686 3685
f 4638 3685 4622
f 4622 3685 3684
f 4622 4365 4638
f 4638 4365 4345
f 4638 4345 4637
f 4637 4345 4636
f 4345 4342 4636
f 4530 4295 4639
f 4639 4295 4417
f 4639 4417 4578
f 4578 4577 4639
f 4639 4577 4576
f 4639 4576 4575
f 4575 4574 4639
f 4639 4574 3602
f 4639 3602 3613
f 4574 4560 3602
f 3602 4560 4561
f 4536 4535 3613
f 3613 4535 4534
f 3613 4534 4639
f 4639 4534 4533
f 4639 4533 4532
f 4532 4531 4639
f 4639 4531 4530
f 4544 3656 4553
f 4553 3656 4554
f 4554 3656 4555
f 4555 3656 3667
f 4542 4640 4544
f 4544 4640 3657
f 4544 3657 3656
f 4640 4542 4641
f 4641 4542 4541
f 4641 4541 4642
f 4642 4541 4643
f 4642 4643 3660
f 3660 4643 3661
f 3661 4643 4644
f 3661 4644 3662
f 3662 4644 4645
f 3662 4645 3641
f 3641 4645 4646
f 3641 4646 3613
f 3613 4646 4537
f 3613 4537 4536
f 4541 4540 4643
f 4643 4540 4644
f 4540 4539 4644
f 4644 4539 4645
f 4539 4538 4645
f 4645 4538 4646
f 4538 4537 4646
f 3660 3659 4642
f 4642 3659 4641
f 3659 3658 4641
f 4641 3658 4640
f 3658 3657 4640
f 4573 4386 4647
f 4647 4386 4378
f 4647 4378 4606
f 4606 4604 4647
f 4647 4604 4603
f 4647 4603 4601
f 4647 4601 4581
f 4581 4601 4600
f 4581 4600 4582
f 4582 4600 3567
f 3567 4600 3570
f 4581 4580 4647
f 4647 4580 4579
f 4647 4579 4573
f 3567 3569 4583
f 4583 3569 4584
f 4584 3569 4585
f 4585 3569 4586
f 4529 4327 4648
f 4648 4327 4315
f 4648 4315 4552
f 4552 4559 4648
f 4648 4559 4558
f 4648 4558 4557
f 4648 4557 4523
f 4523 4557 4556
f 4523 4556 4522
f 4522 4556 3667
f 4522 3667 3665
f 4523 4525 4648
f 4648 4525 4527
f 4648 4527 4529
f 3665 3664 4520
f 4520 3664 4518
f 4518 3664 4517
f 4517 3664 4515
f 363 98 4649
f 4649 98 97
f 4649 97 4016
f 4649 4016 4650
f 4650 4016 4044
f 4650 4044 4651
f 4651 4044 4042
f 4651 4042 4652
f 4652 4042 4040
f 4652 4040 4653
f 4653 4040 4038
f 4653 4038 4654
f 4654 4038 4036
f 4654 4036 4655
f 4655 4036 4656
f 4655 4656 368
f 368 4656 361
f 361 4656 4657
f 361 4657 362
f 362 4657 4443
f 4443 4657 4658
f 4443 4658 4441
f 4441 4658 4659
f 4441 4659 4439
f 4439 4659 4660
f 4439 4660 4437
f 4437 4660 4661
f 4437 4661 4435
f 4435 4661 4662
f 4435 4662 4433
f 4433 4662 4663
f 4433 4663 4431
f 4431 4663 139
f 139 4663 4017
f 139 4017 140
f 4036 4034 4656
f 4656 4034 4657
f 4034 4031 4657
f 4657 4031 4029
f 4657 4029 4658
f 4658 4029 4027
f 4658 4027 4659
f 4659 4027 4025
f 4659 4025 4660
f 4660 4025 4023
f 4660 4023 4661
f 4661 4023 4021
f 4661 4021 4662
f 4662 4021 4019
f 4662 4019 4663
f 4663 4019 4017
f 4655 368 4654
f 4654 368 367
f 4654 367 4653
f 4653 367 366
f 4653 366 4652
f 4652 366 365
f 4652 365 4651
f 4651 365 364
f 4651 364 4650
f 4650 364 363
f 4650 363 4649
f 3151 1036 1256
f 1256 1036 1037
f 1256 1037 1257
f 1257 1037 1038
f 1257 1038 1258
f 1258 1038 1039
f 1258 1039 1259
f 1259 1039 1040
f 1259 1040 1260
f 1260 1040 1041
f 1260 1041 1261
f 1261 1041 1042
f 1261 1042 1230
f 1230 1042 1051
f 1230 1051 1228
f 1228 1051 1050
f 1228 1050 1227
f 1227 1050 1225
f 1225 1050 1049
f 1225 1049 1223
f 1223 1049 1048
f 1223 1048 1221
f 1221 1048 1047
f 1221 1047 1219
f 1219 1047 1046
f 1219 1046 1217
f 1217 1046 1045
f 1217 1045 1215
f 1215 1045 1044
f 1215 1044 1213
f 1213 1044 1043
f 1213 1043 1211
f 1211 1043 998
f 1211 998 2927
f 2927 998 3120
f 2927 3120 2929
f 2929 3120 3164
f 2929 3164 2931
f 2931 3164 3163
f 2931 3163 2933
f 2933 3163 3162
f 2933 3162 2935
f 2935 3162 3161
f 2935 3161 2937
f 2937 3161 3135
f 2937 3135 2939
f 2939 3135 3136
f 2939 3136 2941
f 2941 3136 2942
f 2942 3136 3138
f 2942 3138 2944
f 2944 3138 3139
f 2944 3139 2946
f 2946 3139 3141
f 2946 3141 2948
f 2948 3141 3143
f 2948 3143 2950
f 2950 3143 3145
f 2950 3145 2951
f 2951 3145 3147
f 2951 3147 2953
f 2953 3147 3149
f 2953 3149 2955
f 2955 3149 2957
f 2957 3149 3151
f 2957 3151 1256
f 3208 990 1307
f 1307 990 988
f 1307 988 1308
f 1308 988 986
f 1308 986 1309
f 1309 986 984
f 1309 984 1310
f 1310 984 982
f 1310 982 1311
f 1311 982 971
f 1311 971 1312
f 1312 971 970
f 1312 970 1281
f 1281 970 980
f 1281 980 1279
f 1279 980 979
f 1279 979 1278
f 1278 979 1276
f 1276 979 978
f 1276 978 1274
f 1274 978 977
f 1274 977 1272
f 1272 977 976
f 1272 976 1270
f 1270 976 975
f 1270 975 1268
f 1268 975 974
f 1268 974 1266
f 1266 974 973
f 1266 973 1264
f 1264 973 972
f 1264 972 1262
f 1262 972 949
f 1262 949 2569
f 2569 949 3165
f 2569 3165 2571
f 2571 3165 3215
f 2571 3215 2573
f 2573 3215 3214
f 2573 3214 2575
f 2575 3214 3213
f 2575 3213 2577
f 2577 3213 3212
f 2577 3212 2579
f 2579 3212 3180
f 2579 3180 2581
f 2581 3180 3181
f 2581 3181 2583
f 2583 3181 2584
f 2584 3181 3183
f 2584 3183 2586
f 2586 3183 3184
f 2586 3184 2588
f 2588 3184 3186
f 2588 3186 2590
f 2590 3186 3195
f 2590 3195 2592
f 2592 3195 3202
f 2592 3202 2593
f 2593 3202 3205
f 2593 3205 2595
f 2595 3205 3206
f 2595 3206 2597
f 2597 3206 2599
f 2599 3206 3208
f 2599 3208 1307
f 3111 1094 1408
f 1408 1094 1092
f 1408 1092 1409
f 1409 1092 1090
f 1409 1090 1410
f 1410 1090 1088
f 1410 1088 1411
f 1411 1088 1086
f 1411 1086 1412
f 1412 1086 1413
f 1413 1086 1075
f 1413 1075 1414
f 1414 1075 1074
f 1414 1074 1381
f 1381 1074 1084
f 1381 1084 1380
f 1380 1084 1083
f 1380 1083 1082
f 1380 1082 1378
f 1378 1082 1081
f 1378 1081 1376
f 1376 1081 1080
f 1376 1080 1374
f 1374 1080 1079
f 1374 1079 1372
f 1372 1079 1370
f 1370 1079 1078
f 1370 1078 1368
f 1368 1078 1077
f 1368 1077 1366
f 1366 1077 1076
f 1366 1076 1364
f 1364 1076 1053
f 1364 1053 1853
f 1853 1053 3074
f 1853 3074 1855
f 1855 3074 3119
f 1855 3119 1857
f 1857 3119 3118
f 1857 3118 1859
f 1859 3118 3117
f 1859 3117 1861
f 1861 3117 3116
f 1861 3116 1863
f 1863 3116 3089
f 1863 3089 1865
f 1865 3089 3090
f 1865 3090 1867
f 1867 3090 1868
f 1868 3090 3093
f 1868 3093 1870
f 1870 3093 3096
f 1870 3096 1872
f 1872 3096 3099
f 1872 3099 1874
f 1874 3099 3115
f 1874 3115 1876
f 1876 3115 3114
f 1876 3114 1877
f 1877 3114 3113
f 1877 3113 1879
f 1879 3113 3112
f 1879 3112 1881
f 1881 3112 1883
f 1883 3112 3111
f 1883 3111 1408
f 3060 1140 1357
f 1357 1140 1141
f 1357 1141 1358
f 1358 1141 1142
f 1358 1142 1359
f 1359 1142 1143
f 1359 1143 1360
f 1360 1143 1144
f 1360 1144 1361
f 1361 1144 1362
f 1362 1144 1145
f 1362 1145 1363
f 1363 1145 1125
f 1363 1125 1330
f 1330 1125 1122
f 1330 1122 1329
f 1329 1122 1119
f 1329 1119 1116
f 1329 1116 1327
f 1327 1116 1114
f 1327 1114 1325
f 1325 1114 1150
f 1325 1150 1323
f 1323 1150 1149
f 1323 1149 1321
f 1321 1149 1319
f 1319 1149 1148
f 1319 1148 1317
f 1317 1148 1147
f 1317 1147 1315
f 1315 1147 1146
f 1315 1146 1313
f 1313 1146 1102
f 1313 1102 2211
f 2211 1102 3029
f 2211 3029 2213
f 2213 3029 3073
f 2213 3073 2215
f 2215 3073 3072
f 2215 3072 2217
f 2217 3072 3071
f 2217 3071 2219
f 2219 3071 3070
f 2219 3070 2221
f 2221 3070 3044
f 2221 3044 2223
f 2223 3044 3045
f 2223 3045 2225
f 2225 3045 2226
f 2226 3045 3047
f 2226 3047 2228
f 2228 3047 3048
f 2228 3048 2230
f 2230 3048 3050
f 2230 3050 2232
f 2232 3050 3052
f 2232 3052 2234
f 2234 3052 3054
f 2234 3054 2235
f 2235 3054 3056
f 2235 3056 2237
f 2237 3056 3058
f 2237 3058 2239
f 2239 3058 2241
f 2241 3058 3060
f 2241 3060 1357
f 51 50 4273
f 4273 50 4664
f 4273 4664 4288
f 4288 4664 4289
f 4289 4664 4665
f 4289 4665 4290
f 4290 4665 4666
f 4290 4666 4291
f 4291 4666 4292
f 4292 4666 4667
f 4292 4667 4256
f 4256 4667 4668
f 4256 4668 370
f 370 4668 391
f 391 4668 4669
f 391 4669 392
f 392 4669 4670
f 392 4670 393
f 393 4670 4671
f 393 4671 394
f 394 4671 4672
f 394 4672 395
f 395 4672 4673
f 395 4673 396
f 396 4673 4674
f 396 4674 397
f 397 4674 80
f 80 4674 4675
f 80 4675 78
f 50 4676 4664
f 4664 4676 4677
f 4664 4677 4665
f 4665 4677 4678
f 4665 4678 4679
f 4665 4679 4666
f 4666 4679 4680
f 4666 4680 4681
f 4666 4681 4667
f 4667 4681 4682
f 4667 4682 4668
f 4668 4682 4683
f 4668 4683 4669
f 4669 4683 4684
f 4669 4684 4670
f 4670 4684 4685
f 4670 4685 4686
f 4670 4686 4671
f 4671 4686 4687
f 4671 4687 4672
f 4672 4687 4688
f 4672 4688 4673
f 4673 4688 4689
f 4673 4689 4674
f 4674 4689 4675
f 4690 2 4691
f 4691 2 1
f 4691 1 4692
f 4691 4692 4693
f 4693 4692 4694
f 4693 4694 4695
f 4695 4694 4696
f 4695 4696 4697
f 4697 4696 4698
f 4697 4698 4699
f 4699 4698 4700
f 4699 4700 4701
f 4701 4700 4702
f 4701 4702 4703
f 4703 4702 4704
f 4703 4704 4705
f 4705 4704 4706
f 4706 4704 4707
f 4706 4707 4708
f 4708 4707 4709
f 4709 4707 4710
f 4709 4710 4711
f 4711 4710 4712
f 4711 4712 4713
f 4713 4712 4714
f 4713 4714 4715
f 4715 4714 4716
f 4715 4716 4717
f 4717 4716 4718
f 4717 4718 4719
f 4719 4718 4720
f 4719 4720 4721
f 4721 4720 43
f 43 4720 4722
f 43 4722 44
f 4702 4723 4704
f 4704 4723 4707
f 4723 4724 4707
f 4707 4724 4725
f 4707 4725 4710
f 4710 4725 4726
f 4710 4726 4712
f 4712 4726 4727
f 4712 4727 4714
f 4714 4727 4728
f 4714 4728 4716
f 4716 4728 4729
f 4716 4729 4718
f 4718 4729 4730
f 4718 4730 4720
f 4720 4730 4722
f 4703 4705 4701
f 4701 4705 4731
f 4701 4731 4699
f 4699 4731 4732
f 4699 4732 4697
f 4697 4732 4733
f 4697 4733 4695
f 4695 4733 4734
f 4695 4734 4693
f 4693 4734 4690
f 4693 4690 4691
f 4692 1 4735
f 4735 1 3
f 4735 3 5
f 5 7 4735
f 4735 7 9
f 4735 9 11
f 11 13 4735
f 4735 13 15
f 4735 15 17
f 17 18 4735
f 4735 18 20
f 4735 20 49
f 49 48 4735
f 4735 48 47
f 4735 47 46
f 46 45 4735
f 4735 45 44
f 4735 44 4722
f 4722 4730 4735
f 4735 4730 4729
f 4735 4729 4728
f 4728 4727 4735
f 4735 4727 4726
f 4735 4726 4725
f 4725 4724 4735
f 4735 4724 4723
f 4735 4723 4702
f 4702 4700 4735
f 4735 4700 4698
f 4735 4698 4696
f 4696 4694 4735
f 4735 4694 4692
f 4682 43 4683
f 4683 43 41
f 4683 41 4684
f 4684 41 39
f 4684 39 4685
f 4685 39 37
f 4685 37 4686
f 4686 37 35
f 4686 35 4687
f 4687 35 24
f 4687 24 4688
f 4688 24 23
f 4688 23 4689
f 4689 23 33
f 4689 33 4675
f 4675 33 32
f 4675 32 78
f 78 32 77
f 77 32 31
f 77 31 76
f 76 31 30
f 76 30 74
f 74 30 29
f 74 29 72
f 72 29 28
f 72 28 71
f 71 28 27
f 71 27 69
f 69 27 26
f 69 26 67
f 67 26 25
f 67 25 66
f 66 25 2
f 66 2 4690
f 43 4682 4721
f 4721 4682 4681
f 4721 4681 4719
f 4719 4681 4680
f 4719 4680 4717
f 4717 4680 4679
f 4717 4679 4715
f 4715 4679 4678
f 4715 4678 4713
f 4713 4678 4677
f 4713 4677 4711
f 4711 4677 4676
f 4711 4676 4709
f 4709 4676 50
f 4709 50 4708
f 4708 50 52
f 4708 52 4706
f 4706 52 54
f 4706 54 4705
f 4705 54 56
f 4705 56 4731
f 4731 56 58
f 4731 58 4732
f 4732 58 60
f 4732 60 4733
f 4733 60 62
f 4733 62 4734
f 4734 62 64
f 4734 64 4690
f 4690 64 66

