# https://github.com/mikedh/trimesh
v 0.01081167 -0.00024312 -0.00120869
v 0.01981167 -0.00001567 -0.00122955
v 0.01081167 -0.00001567 -0.00122955
v 0.01531167 -0.00027634 -0.00120208
v 0.01081167 -0.00047579 -0.00114179
v 0.01531167 -0.00054132 -0.00111365
v 0.01081167 -0.00069968 -0.00102579
v 0.01531167 -0.00078914 -0.00096151
v 0.01081167 -0.00089955 -0.00086343
v 0.01531167 -0.00099763 -0.00075304
v 0.01081167 -0.00106191 -0.00066358
v 0.01531167 -0.00114977 -0.00050521
v 0.01081167 -0.00117790 -0.00043967
v 0.01531167 -0.00123819 -0.00024024
v 0.01081167 -0.00124481 -0.00020701
v 0.01531167 -0.00126567 0.00002045
v 0.01081167 -0.00126567 0.00002045
v 0.01081167 -0.00124481 0.00024790
v 0.01531167 -0.00123819 0.00028113
v 0.01081167 -0.00117790 0.00048056
v 0.01531167 -0.00117790 0.00048056
v 0.01531167 -0.00108146 0.00067359
v 0.01981167 -0.00117790 0.00048056
v 0.01981167 -0.00106191 0.00070447
v 0.01981167 -0.00024312 -0.00120869
v 0.01981167 -0.00047579 -0.00114179
v 0.01981167 -0.00069968 -0.00102579
v 0.01981167 -0.00089955 -0.00086343
v 0.01981167 -0.00106191 -0.00066358
v 0.01981167 -0.00117790 -0.00043967
v 0.01981167 -0.00124481 -0.00020701
v 0.01981167 -0.00126567 0.00002045
v 0.01981167 -0.00124481 0.00024790
v 0.01531167 -0.00095026 0.00085053
v 0.01981167 -0.00089955 0.00090432
v 0.01531167 -0.00078914 0.00100240
v 0.01981167 -0.00069968 0.00106669
v 0.01531167 -0.00060579 0.00112239
v 0.01981167 -0.00047579 0.00118268
v 0.01531167 -0.00040955 0.00120676
v 0.01981167 -0.00024312 0.00124958
v 0.01531167 -0.00021003 0.00125525
v 0.01981167 -0.00001567 0.00127044
v 0.01081167 -0.00001567 0.00127044
v 0.01081167 -0.00024312 0.00124958
v 0.01081167 -0.00047579 0.00118268
v 0.01081167 -0.00069968 0.00106669
v 0.01081167 -0.00089955 0.00090432
v 0.01081167 -0.00106191 0.00070447
v 0.01981167 0.00244259 -0.00043446
v 0.01931167 0.00298434 0.00002045
v 0.01981167 0.00248433 0.00002045
v 0.01956168 0.00267386 -0.00055304
v 0.01981167 0.00230879 -0.00089979
v 0.01956168 0.00247935 -0.00113597
v 0.01981167 0.00207681 -0.00134757
v 0.01956168 0.00214461 -0.00168121
v 0.01981167 0.00175208 -0.00174731
v 0.01956167 0.00168597 -0.00213986
v 0.01981167 0.00135235 -0.00207203
v 0.01956167 0.00114075 -0.00247457
v 0.01981167 0.00090457 -0.00230402
v 0.01956167 0.00055779 -0.00266909
v 0.01981167 0.00043923 -0.00243780
v 0.01956167 -0.00001567 -0.00272956
v 0.01981167 -0.00001567 -0.00247955
v 0.01981167 -0.00047057 -0.00243780
v 0.01956167 -0.00058916 -0.00266909
v 0.01981167 -0.00093591 -0.00230402
v 0.01956166 -0.00145260 -0.00232428
v 0.01981167 -0.00138369 -0.00207203
v 0.01981167 -0.00178344 -0.00174731
v 0.01956166 -0.00217598 -0.00168121
v 0.01981167 -0.00210815 -0.00134757
v 0.01956166 -0.00262558 -0.00084609
v 0.01981167 -0.00234013 -0.00089979
v 0.01981167 -0.00247393 -0.00043446
v 0.01981167 -0.00251567 0.00002045
v 0.01931166 -0.00295890 -0.00055626
v 0.01931166 -0.00301568 0.00002045
v 0.01931167 0.00292755 -0.00055626
v 0.01931167 0.00275596 -0.00112760
v 0.01931167 0.00247329 -0.00165295
v 0.01931167 0.00210564 -0.00210088
v 0.01931167 0.00165772 -0.00246852
v 0.01931167 0.00113238 -0.00275120
v 0.01931167 0.00056102 -0.00292277
v 0.01931167 -0.00001567 -0.00297955
v 0.01931167 -0.00044701 -0.00294766
v 0.01931167 -0.00088140 -0.00285146
v 0.01931166 -0.00130072 -0.00269022
v 0.01931166 -0.00168906 -0.00246852
v 0.01931166 -0.00203385 -0.00219902
v 0.01931166 -0.00232945 -0.00188839
v 0.01931166 -0.00258451 -0.00152773
v 0.01931166 -0.00278732 -0.00112760
v 0.00831167 0.01329327 -0.02901202
v 0.01516167 0.01348434 -0.02902955
v 0.00831167 0.01348434 -0.02902955
v 0.01173667 0.01326538 -0.02900648
v 0.00831167 0.01309784 -0.02895582
v 0.01173667 0.01304278 -0.02893221
v 0.00831167 0.01290976 -0.02885839
v 0.01173667 0.01283462 -0.02880439
v 0.00831167 0.01274187 -0.02872202
v 0.01173667 0.01265950 -0.02862927
v 0.00831167 0.01260549 -0.02855411
v 0.01173667 0.01253169 -0.02842110
v 0.00831167 0.01250806 -0.02836606
v 0.01173667 0.01245742 -0.02819851
v 0.00831167 0.01245186 -0.02817061
v 0.01173667 0.01243434 -0.02797955
v 0.00831167 0.01243434 -0.02797955
v 0.00831167 0.01245186 -0.02778849
v 0.01173667 0.01245742 -0.02776059
v 0.00831167 0.01250806 -0.02759304
v 0.01173667 0.01250806 -0.02759304
v 0.01173667 0.01258907 -0.02743092
v 0.01516167 0.01250806 -0.02759304
v 0.01516167 0.01260549 -0.02740499
v 0.01516167 0.01329327 -0.02901202
v 0.01516167 0.01309784 -0.02895582
v 0.01516167 0.01290976 -0.02885839
v 0.01516167 0.01274187 -0.02872202
v 0.01516167 0.01260549 -0.02855411
v 0.01516167 0.01250806 -0.02836606
v 0.01516167 0.01245186 -0.02817061
v 0.01516167 0.01243434 -0.02797955
v 0.01516167 0.01245186 -0.02778849
v 0.01173667 0.01269928 -0.02728230
v 0.01516167 0.01274187 -0.02723709
v 0.01173667 0.01283462 -0.02715471
v 0.01516167 0.01290976 -0.02710071
v 0.01173667 0.01298865 -0.02705392
v 0.01516167 0.01309784 -0.02700329
v 0.01173667 0.01315349 -0.02698305
v 0.01516167 0.01329327 -0.02694708
v 0.01173667 0.01332108 -0.02694231
v 0.01516167 0.01348434 -0.02692956
v 0.00831167 0.01348434 -0.02692956
v 0.00831167 0.01329327 -0.02694708
v 0.00831167 0.01309784 -0.02700329
v 0.00831167 0.01290976 -0.02710071
v 0.00831167 0.01274187 -0.02723709
v 0.00831167 0.01260549 -0.02740499
v 0.00831167 0.01329327 -0.00201201
v 0.01631168 0.01348434 -0.00202954
v 0.00831167 0.01348434 -0.00202954
v 0.01231167 0.01326536 -0.00200647
v 0.00831167 0.01309783 -0.00195584
v 0.01231167 0.01304278 -0.00193220
v 0.00831167 0.01290976 -0.00185838
v 0.01231167 0.01283462 -0.00180438
v 0.00831167 0.01274187 -0.00172201
v 0.01231167 0.01265950 -0.00162926
v 0.00831167 0.01260549 -0.00155413
v 0.01231167 0.01253169 -0.00142109
v 0.00831167 0.01250806 -0.00136605
v 0.01231167 0.01245742 -0.00119850
v 0.00831167 0.01245186 -0.00117060
v 0.01231167 0.01243433 -0.00097954
v 0.00831167 0.01243434 -0.00097954
v 0.00831167 0.01245186 -0.00078848
v 0.01231167 0.01245742 -0.00076058
v 0.00831167 0.01250806 -0.00059303
v 0.01231167 0.01250806 -0.00059303
v 0.01231167 0.01258907 -0.00043091
v 0.01631168 0.01250806 -0.00059303
v 0.01631168 0.01260548 -0.00040498
v 0.01631168 0.01329327 -0.00201201
v 0.01631168 0.01309783 -0.00195584
v 0.01631168 0.01290976 -0.00185838
v 0.01631168 0.01274187 -0.00172201
v 0.01631168 0.01260548 -0.00155413
v 0.01631168 0.01250806 -0.00136605
v 0.01631168 0.01245186 -0.00117060
v 0.01631168 0.01243433 -0.00097954
v 0.01631168 0.01245186 -0.00078848
v 0.01231167 0.01269927 -0.00028229
v 0.01631168 0.01274187 -0.00023708
v 0.01231167 0.01283462 -0.00015470
v 0.01631168 0.01290976 -0.00010070
v 0.01231167 0.01298863 -0.00005391
v 0.01631168 0.01309783 -0.00000328
v 0.01231167 0.01315347 0.00001696
v 0.01631168 0.01329327 0.00005293
v 0.01231167 0.01332108 0.00005767
v 0.01631168 0.01348434 0.00007045
v 0.00831167 0.01348434 0.00007045
v 0.00831167 0.01329327 0.00005293
v 0.00831167 0.01309783 -0.00000328
v 0.00831167 0.01290976 -0.00010070
v 0.00831167 0.01274187 -0.00023708
v 0.00831167 0.01260549 -0.00040498
v 0.00831167 -0.01370674 -0.00201201
v 0.01631167 -0.01351567 -0.00202957
v 0.00831167 -0.01351567 -0.00202957
v 0.01231167 -0.01373463 -0.00200647
v 0.00831167 -0.01390217 -0.00195584
v 0.01231167 -0.01395721 -0.00193220
v 0.00831167 -0.01409023 -0.00185841
v 0.01231167 -0.01416539 -0.00180441
v 0.00831167 -0.01425812 -0.00172201
v 0.01231167 -0.01434051 -0.00162926
v 0.00831167 -0.01439452 -0.00155413
v 0.01231167 -0.01446832 -0.00142109
v 0.00831167 -0.01449194 -0.00136605
v 0.01231167 -0.01454259 -0.00119853
v 0.00831167 -0.01454815 -0.00117060
v 0.01231167 -0.01456567 -0.00097954
v 0.00831167 -0.01456567 -0.00097954
v 0.00831167 -0.01454815 -0.00078848
v 0.01231167 -0.01454259 -0.00076058
v 0.00831167 -0.01449194 -0.00059306
v 0.01231167 -0.01449195 -0.00059306
v 0.01231167 -0.01441094 -0.00043091
v 0.01631167 -0.01449195 -0.00059306
v 0.01631167 -0.01439452 -0.00040498
v 0.01631167 -0.01370674 -0.00201201
v 0.01631167 -0.01390217 -0.00195584
v 0.01631167 -0.01409023 -0.00185841
v 0.01631167 -0.01425814 -0.00172201
v 0.01631167 -0.01439452 -0.00155413
v 0.01631167 -0.01449195 -0.00136605
v 0.01631167 -0.01454815 -0.00117060
v 0.01631167 -0.01456567 -0.00097954
v 0.01631167 -0.01454815 -0.00078848
v 0.01231167 -0.01430073 -0.00028229
v 0.01631167 -0.01425814 -0.00023711
v 0.01231167 -0.01416539 -0.00015470
v 0.01631167 -0.01409023 -0.00010070
v 0.01231167 -0.01401136 -0.00005394
v 0.01631167 -0.01390217 -0.00000328
v 0.01231167 -0.01384652 0.00001696
v 0.01631167 -0.01370674 0.00005293
v 0.01231167 -0.01367893 0.00005767
v 0.01631167 -0.01351567 0.00007045
v 0.00831167 -0.01351567 0.00007045
v 0.00831167 -0.01370674 0.00005293
v 0.00831167 -0.01390217 -0.00000328
v 0.00831167 -0.01409023 -0.00010070
v 0.00831167 -0.01425812 -0.00023711
v 0.00831167 -0.01439452 -0.00040498
v 0.00831167 -0.01370672 -0.02901202
v 0.01631167 -0.01351566 -0.02902955
v 0.00831167 -0.01351566 -0.02902955
v 0.01231167 -0.01373463 -0.02900648
v 0.00831167 -0.01390217 -0.02895585
v 0.01231167 -0.01395721 -0.02893221
v 0.00831167 -0.01409023 -0.02885839
v 0.01231167 -0.01416538 -0.02880439
v 0.00831167 -0.01425812 -0.02872202
v 0.01231167 -0.01434051 -0.02862927
v 0.00831167 -0.01439452 -0.02855414
v 0.01231167 -0.01446831 -0.02842110
v 0.00831167 -0.01449194 -0.02836606
v 0.01231167 -0.01454257 -0.02819851
v 0.00831167 -0.01454813 -0.02817061
v 0.01231167 -0.01456567 -0.02797955
v 0.00831167 -0.01456567 -0.02797955
v 0.00831167 -0.01454813 -0.02778849
v 0.01231167 -0.01454257 -0.02776059
v 0.00831167 -0.01449194 -0.02759304
v 0.01231167 -0.01449194 -0.02759304
v 0.01231167 -0.01441092 -0.02743092
v 0.01631167 -0.01449194 -0.02759307
v 0.01631167 -0.01439452 -0.02740499
v 0.01631167 -0.01370672 -0.02901202
v 0.01631167 -0.01390217 -0.02895585
v 0.01631167 -0.01409023 -0.02885839
v 0.01631167 -0.01425812 -0.02872202
v 0.01631167 -0.01439452 -0.02855414
v 0.01631167 -0.01449194 -0.02836606
v 0.01631167 -0.01454813 -0.02817061
v 0.01631167 -0.01456567 -0.02797955
v 0.01631167 -0.01454813 -0.02778849
v 0.01231167 -0.01430073 -0.02728230
v 0.01631167 -0.01425812 -0.02723709
v 0.01231167 -0.01416538 -0.02715471
v 0.01631167 -0.01409023 -0.02710071
v 0.01231167 -0.01401136 -0.02705392
v 0.01631167 -0.01390217 -0.02700329
v 0.01231167 -0.01384652 -0.02698305
v 0.01631167 -0.01370672 -0.02694708
v 0.01231167 -0.01367892 -0.02694231
v 0.01631167 -0.01351566 -0.02692956
v 0.00831167 -0.01351566 -0.02692956
v 0.00831167 -0.01370672 -0.02694708
v 0.00831167 -0.01390217 -0.02700329
v 0.00831167 -0.01409023 -0.02710071
v 0.00831167 -0.01425812 -0.02723709
v 0.00831167 -0.01439452 -0.02740499
v 0.01631167 0.01312040 -0.02601296
v 0.01611167 0.01348434 -0.02597955
v 0.01631167 0.01348434 -0.02597955
v 0.01621167 0.01306727 -0.02602354
v 0.01631167 0.01274814 -0.02611998
v 0.01621167 0.01264330 -0.02616498
v 0.01631167 0.01238992 -0.02630555
v 0.01621167 0.01224678 -0.02640843
v 0.01631167 0.01207013 -0.02656534
v 0.01621167 0.01191320 -0.02674198
v 0.01631167 0.01181034 -0.02688512
v 0.01621167 0.01166978 -0.02713850
v 0.01631167 0.01162476 -0.02724337
v 0.01621167 0.01152830 -0.02756247
v 0.01631167 0.01151772 -0.02761563
v 0.01621167 0.01148433 -0.02797955
v 0.01631167 0.01148433 -0.02797955
v 0.01631167 0.01151772 -0.02834347
v 0.01621167 0.01152830 -0.02839663
v 0.01631167 0.01162476 -0.02871573
v 0.01621167 0.01162476 -0.02871573
v 0.01621167 0.01177908 -0.02902460
v 0.01611167 0.01162476 -0.02871573
v 0.01611167 0.01181034 -0.02907398
v 0.01611167 0.01312040 -0.02601296
v 0.01611167 0.01274814 -0.02611998
v 0.01611167 0.01238992 -0.02630555
v 0.01611167 0.01207013 -0.02656534
v 0.01611167 0.01181034 -0.02688512
v 0.01611167 0.01162476 -0.02724337
v 0.01611167 0.01151772 -0.02761563
v 0.01611167 0.01148433 -0.02797955
v 0.01611167 0.01151772 -0.02834347
v 0.01621167 0.01198899 -0.02930769
v 0.01611167 0.01207013 -0.02939376
v 0.01621167 0.01224678 -0.02955067
v 0.01611167 0.01238992 -0.02965355
v 0.01621167 0.01254015 -0.02974266
v 0.01611167 0.01274814 -0.02983913
v 0.01621167 0.01285414 -0.02987766
v 0.01611167 0.01312040 -0.02994618
v 0.01621167 0.01317338 -0.02995524
v 0.01611167 0.01348434 -0.02997955
v 0.01631167 0.01348434 -0.02997955
v 0.01631167 0.01312040 -0.02994618
v 0.01631167 0.01274814 -0.02983913
v 0.01631167 0.01238992 -0.02965355
v 0.01631167 0.01207013 -0.02939376
v 0.01631167 0.01181034 -0.02907398
v 0.01563667 0.01199286 -0.02829757
v 0.01563667 0.01210073 -0.02862084
v 0.01563667 0.01228636 -0.02892318
v 0.01563667 0.01254069 -0.02917754
v 0.01563667 0.01284305 -0.02936315
v 0.01563667 0.01316631 -0.02947104
v 0.01563667 0.01348434 -0.02950457
v 0.01611167 0.01384827 -0.02994618
v 0.01563667 0.01380236 -0.02947104
v 0.01611167 0.01422053 -0.02983913
v 0.01563667 0.01428118 -0.02927980
v 0.01611167 0.01457875 -0.02965355
v 0.01611167 0.01489855 -0.02939376
v 0.01563667 0.01468233 -0.02892318
v 0.01611167 0.01515833 -0.02907398
v 0.01563667 0.01493166 -0.02846008
v 0.01611167 0.01534391 -0.02871573
v 0.01611167 0.01545095 -0.02834347
v 0.01611167 0.01548434 -0.02797955
v 0.01516167 0.01451681 -0.02817061
v 0.01516167 0.01453433 -0.02797955
v 0.01516167 0.01367540 -0.02901202
v 0.01516167 0.01387084 -0.02895582
v 0.01516167 0.01405891 -0.02885839
v 0.01516167 0.01422680 -0.02872202
v 0.01516167 0.01436318 -0.02855411
v 0.01516167 0.01446061 -0.02836606
v 0.01631167 -0.00056156 0.00297037
v 0.01931166 -0.00001567 0.00302044
v 0.01631167 -0.00001567 0.00302044
v 0.01781167 -0.00064128 0.00295448
v 0.01631167 -0.00111995 0.00280982
v 0.01781167 -0.00127723 0.00274229
v 0.01631167 -0.00165730 0.00253144
v 0.01781167 -0.00187201 0.00237715
v 0.01631167 -0.00213698 0.00214178
v 0.01781167 -0.00237236 0.00187680
v 0.01631167 -0.00252666 0.00166208
v 0.01781167 -0.00273752 0.00128201
v 0.01631167 -0.00280503 0.00112474
v 0.01781167 -0.00294971 0.00064606
v 0.01631167 -0.00296559 0.00056633
v 0.01781167 -0.00301568 0.00002045
v 0.01631167 -0.00301568 0.00002045
v 0.01631167 -0.00296559 -0.00052544
v 0.01781167 -0.00294971 -0.00060516
v 0.01631167 -0.00280503 -0.00108385
v 0.01781167 -0.00280503 -0.00108385
v 0.01781167 -0.00257356 -0.00154710
v 0.01931166 -0.00059236 0.00296366
v 0.01931166 -0.00116371 0.00279209
v 0.01931166 -0.00168906 0.00250942
v 0.01931166 -0.00213700 0.00214178
v 0.01931166 -0.00250463 0.00169385
v 0.01931166 -0.00278732 0.00116849
v 0.01931166 -0.00295890 0.00059715
v 0.01781167 -0.00225870 -0.00197175
v 0.01631167 -0.00252665 -0.00162119
v 0.01631167 -0.00213698 -0.00210088
v 0.01781167 -0.00187201 -0.00233623
v 0.01631167 -0.00165730 -0.00249055
v 0.01781167 -0.00143195 -0.00262421
v 0.01631167 -0.00111995 -0.00276890
v 0.01781167 -0.00096098 -0.00282672
v 0.01631167 -0.00056156 -0.00292948
v 0.01781167 -0.00048211 -0.00294307
v 0.01631167 -0.00001567 -0.00297955
v 0.00831167 -0.01367033 -0.00014374
v -0.01248833 -0.01351566 -0.00012955
v 0.00831167 -0.01351567 -0.00012955
v -0.00208833 -0.01369292 -0.00014824
v 0.00831167 -0.01382855 -0.00018924
v -0.00208833 -0.01387311 -0.00020835
v 0.00831167 -0.01398080 -0.00026810
v -0.00208833 -0.01404163 -0.00031182
v 0.00831167 -0.01411671 -0.00037852
v -0.00208833 -0.01418340 -0.00045359
v 0.00831167 -0.01422712 -0.00051442
v -0.00208833 -0.01428685 -0.00062212
v 0.00831167 -0.01430599 -0.00066668
v -0.00208833 -0.01434698 -0.00080231
v 0.00831167 -0.01435148 -0.00082490
v -0.00208833 -0.01436567 -0.00097954
v 0.00831167 -0.01436567 -0.00097954
v 0.00831167 -0.01435148 -0.00113422
v -0.00208833 -0.01434698 -0.00115681
v 0.00831167 -0.01430599 -0.00129244
v -0.00208833 -0.01430599 -0.00129244
v -0.00208833 -0.01424041 -0.00142369
v -0.01248833 -0.01430599 -0.00129244
v -0.01248833 -0.01422712 -0.00144467
v -0.01248833 -0.01367033 -0.00014374
v -0.01248833 -0.01382854 -0.00018924
v -0.01248833 -0.01398080 -0.00026810
v -0.01248833 -0.01411670 -0.00037852
v -0.01248833 -0.01422712 -0.00051442
v -0.01248833 -0.01430599 -0.00066668
v -0.01248833 -0.01435148 -0.00082487
v -0.01248833 -0.01436567 -0.00097954
v -0.01248833 -0.01435148 -0.00113422
v -0.00208833 -0.01415119 -0.00154400
v -0.01248833 -0.01411670 -0.00158059
v -0.00208833 -0.01404163 -0.00164729
v -0.01248833 -0.01398080 -0.00169098
v -0.00208833 -0.01391695 -0.00172886
v -0.01248833 -0.01382854 -0.00176987
v -0.00208833 -0.01378351 -0.00178626
v -0.01248833 -0.01367033 -0.00181535
v -0.00208833 -0.01364782 -0.00181922
v -0.01248833 -0.01351566 -0.00182956
v 0.00831167 -0.01351567 -0.00182956
v 0.00831167 -0.01367033 -0.00181538
v 0.00831167 -0.01382855 -0.00176987
v 0.00831167 -0.01398080 -0.00169101
v 0.00831167 -0.01411671 -0.00158059
v 0.00831167 -0.01422712 -0.00144470
v 0.00831167 0.01332966 -0.00014374
v -0.01248833 0.01348434 -0.00012955
v 0.00831167 0.01348434 -0.00012955
v -0.00208833 0.01330709 -0.00014824
v 0.00831167 0.01317146 -0.00018921
v -0.00208833 0.01312689 -0.00020835
v 0.00831167 0.01301921 -0.00026810
v -0.00208833 0.01295837 -0.00031182
v 0.00831167 0.01288330 -0.00037852
v -0.00208833 0.01281660 -0.00045359
v 0.00831167 0.01277289 -0.00051442
v -0.00208833 0.01271314 -0.00062209
v 0.00831167 0.01269401 -0.00066668
v -0.00208833 0.01265303 -0.00080228
v 0.00831167 0.01264853 -0.00082487
v -0.00208833 0.01263433 -0.00097954
v 0.00831167 0.01263433 -0.00097954
v 0.00831167 0.01264853 -0.00113422
v -0.00208833 0.01265303 -0.00115681
v 0.00831167 0.01269401 -0.00129244
v -0.00208833 0.01269401 -0.00129244
v -0.00208833 0.01275960 -0.00142369
v -0.01248833 0.01269402 -0.00129244
v -0.01248833 0.01277289 -0.00144467
v -0.01248833 0.01332966 -0.00014374
v -0.01248833 0.01317146 -0.00018921
v -0.01248833 0.01301921 -0.00026810
v -0.01248833 0.01288330 -0.00037852
v -0.01248833 0.01277289 -0.00051442
v -0.01248833 0.01269402 -0.00066668
v -0.01248833 0.01264853 -0.00082487
v -0.01248833 0.01263434 -0.00097954
v -0.01248833 0.01264853 -0.00113422
v -0.00208833 0.01284882 -0.00154400
v -0.01248833 0.01288330 -0.00158059
v -0.00208833 0.01295837 -0.00164726
v -0.01248833 0.01301921 -0.00169098
v -0.00208833 0.01308306 -0.00172886
v -0.01248833 0.01317146 -0.00176987
v -0.00208833 0.01321650 -0.00178623
v -0.01248833 0.01332966 -0.00181535
v -0.00208833 0.01335218 -0.00181922
v -0.01248833 0.01348434 -0.00182953
v 0.00831167 0.01348434 -0.00182953
v 0.00831167 0.01332966 -0.00181535
v 0.00831167 0.01317146 -0.00176987
v 0.00831167 0.01301921 -0.00169098
v 0.00831167 0.01288330 -0.00158059
v 0.00831167 0.01277289 -0.00144467
v 0.00831167 -0.01367033 -0.02714374
v -0.01248834 -0.01351566 -0.02712956
v 0.00831167 -0.01351566 -0.02712956
v -0.00208834 -0.01369291 -0.02714824
v 0.00831167 -0.01382854 -0.02718922
v -0.00208834 -0.01387311 -0.02720836
v 0.00831167 -0.01398080 -0.02726811
v -0.00208834 -0.01404163 -0.02731183
v 0.00831167 -0.01411670 -0.02737853
v -0.00208834 -0.01418340 -0.02745360
v 0.00831167 -0.01422712 -0.02751443
v -0.00208834 -0.01428685 -0.02762210
v 0.00831167 -0.01430599 -0.02766669
v -0.00208834 -0.01434698 -0.02780229
v 0.00831167 -0.01435148 -0.02782488
v -0.00208834 -0.01436567 -0.02797955
v 0.00831167 -0.01436567 -0.02797955
v 0.00831167 -0.01435148 -0.02813422
v -0.00208834 -0.01434698 -0.02815682
v 0.00831167 -0.01430599 -0.02829245
v -0.00208834 -0.01430599 -0.02829245
v -0.00208834 -0.01424039 -0.02842369
v -0.01248834 -0.01430597 -0.02829245
v -0.01248834 -0.01422710 -0.02844468
v -0.01248834 -0.01367033 -0.02714374
v -0.01248834 -0.01382854 -0.02718922
v -0.01248834 -0.01398078 -0.02726811
v -0.01248834 -0.01411670 -0.02737850
v -0.01248834 -0.01422710 -0.02751443
v -0.01248834 -0.01430597 -0.02766669
v -0.01248834 -0.01435147 -0.02782488
v -0.01248834 -0.01436567 -0.02797955
v -0.01248834 -0.01435147 -0.02813422
v -0.00208834 -0.01415118 -0.02854401
v -0.01248834 -0.01411670 -0.02858060
v -0.00208834 -0.01404163 -0.02864727
v -0.01248834 -0.01398078 -0.02869099
v -0.00208834 -0.01391693 -0.02872887
v -0.01248834 -0.01382854 -0.02876988
v -0.00208834 -0.01378349 -0.02878624
v -0.01248834 -0.01367033 -0.02881536
v -0.00208834 -0.01364782 -0.02881920
v -0.01248834 -0.01351566 -0.02882954
v 0.00831167 -0.01351566 -0.02882954
v 0.00831167 -0.01367033 -0.02881536
v 0.00831167 -0.01382854 -0.02876988
v 0.00831167 -0.01398080 -0.02869099
v 0.00831167 -0.01411670 -0.02858060
v 0.00831167 -0.01422712 -0.02844468
v 0.00831167 0.01332968 -0.02714374
v -0.01248833 0.01348434 -0.02712956
v 0.00831167 0.01348434 -0.02712956
v -0.00208833 0.01330709 -0.02714824
v 0.00831167 0.01317146 -0.02718922
v -0.00208833 0.01312690 -0.02720836
v 0.00831167 0.01301921 -0.02726811
v -0.00208833 0.01295838 -0.02731183
v 0.00831167 0.01288330 -0.02737850
v -0.00208833 0.01281661 -0.02745360
v 0.00831167 0.01277289 -0.02751443
v -0.00208833 0.01271316 -0.02762210
v 0.00831167 0.01269402 -0.02766666
v -0.00208833 0.01265303 -0.02780229
v 0.00831167 0.01264853 -0.02782488
v -0.00208833 0.01263434 -0.02797955
v 0.00831167 0.01263434 -0.02797955
v 0.00831167 0.01264853 -0.02813422
v -0.00208833 0.01265303 -0.02815682
v 0.00831167 0.01269402 -0.02829242
v -0.00208833 0.01269402 -0.02829242
v -0.00208833 0.01275960 -0.02842369
v -0.01248833 0.01269402 -0.02829242
v -0.01248833 0.01277289 -0.02844468
v -0.01248833 0.01332968 -0.02714374
v -0.01248833 0.01317146 -0.02718922
v -0.01248833 0.01301921 -0.02726811
v -0.01248833 0.01288330 -0.02737850
v -0.01248833 0.01277289 -0.02751443
v -0.01248833 0.01269402 -0.02766666
v -0.01248833 0.01264853 -0.02782488
v -0.01248833 0.01263434 -0.02797955
v -0.01248833 0.01264853 -0.02813422
v -0.00208833 0.01284882 -0.02854401
v -0.01248833 0.01288330 -0.02858060
v -0.00208833 0.01295838 -0.02864727
v -0.01248833 0.01301921 -0.02869099
v -0.00208833 0.01308306 -0.02872887
v -0.01248833 0.01317146 -0.02876988
v -0.00208833 0.01321650 -0.02878624
v -0.01248833 0.01332968 -0.02881536
v -0.00208833 0.01335218 -0.02881920
v -0.01248833 0.01348434 -0.02882954
v 0.00831167 0.01348434 -0.02882954
v 0.00831167 0.01332968 -0.02881536
v 0.00831167 0.01317146 -0.02876988
v 0.00831167 0.01301921 -0.02869099
v 0.00831167 0.01288330 -0.02858060
v 0.00831167 0.01277289 -0.02844468
v -0.01513833 0.01329329 -0.02901202
v -0.01248833 0.01348434 -0.02902955
v -0.01513833 0.01348435 -0.02902955
v -0.01381333 0.01326538 -0.02900648
v -0.01513833 0.01309784 -0.02895582
v -0.01381333 0.01304280 -0.02893221
v -0.01513833 0.01290978 -0.02885839
v -0.01381333 0.01283463 -0.02880439
v -0.01513833 0.01274189 -0.02872202
v -0.01381333 0.01265950 -0.02862927
v -0.01513833 0.01260549 -0.02855411
v -0.01381333 0.01253169 -0.02842110
v -0.01513833 0.01250807 -0.02836606
v -0.01381333 0.01245742 -0.02819851
v -0.01513833 0.01245188 -0.02817061
v -0.01381333 0.01243434 -0.02797955
v -0.01513833 0.01243434 -0.02797955
v -0.01513833 0.01245188 -0.02778849
v -0.01381333 0.01245742 -0.02776059
v -0.01513833 0.01250807 -0.02759304
v -0.01381333 0.01250807 -0.02759304
v -0.01381333 0.01258909 -0.02743089
v -0.01248833 0.01250807 -0.02759304
v -0.01248833 0.01260549 -0.02740496
v -0.01248833 0.01329329 -0.02901202
v -0.01248833 0.01309784 -0.02895582
v -0.01248833 0.01290978 -0.02885839
v -0.01248833 0.01274189 -0.02872202
v -0.01248833 0.01260549 -0.02855411
v -0.01248833 0.01250807 -0.02836606
v -0.01248833 0.01245188 -0.02817061
v -0.01248833 0.01243434 -0.02797955
v -0.01248833 0.01245188 -0.02778849
v -0.01381333 0.01269928 -0.02728230
v -0.01248833 0.01274189 -0.02723709
v -0.01381333 0.01283463 -0.02715471
v -0.01248833 0.01290978 -0.02710071
v -0.01381333 0.01298865 -0.02705392
v -0.01248833 0.01309784 -0.02700329
v -0.01381333 0.01315349 -0.02698305
v -0.01248833 0.01329329 -0.02694708
v -0.01381333 0.01332109 -0.02694231
v -0.01248833 0.01348434 -0.02692956
v -0.01513833 0.01348435 -0.02692956
v -0.01513833 0.01329329 -0.02694708
v -0.01513833 0.01309784 -0.02700326
v -0.01513833 0.01290978 -0.02710071
v -0.01513833 0.01274189 -0.02723709
v -0.01513833 0.01260549 -0.02740496
v -0.01628833 -0.00078901 -0.00415858
v -0.01578833 -0.00001567 -0.00422954
v -0.01628833 -0.00001567 -0.00422954
v -0.01603833 -0.00090193 -0.00413611
v -0.01628833 -0.00158007 -0.00393116
v -0.01603833 -0.00180287 -0.00383550
v -0.01628833 -0.00234131 -0.00353679
v -0.01603833 -0.00264549 -0.00331819
v -0.01628833 -0.00302086 -0.00298476
v -0.01603833 -0.00335430 -0.00260937
v -0.01628833 -0.00357289 -0.00230518
v -0.01603833 -0.00387161 -0.00176677
v -0.01628833 -0.00396726 -0.00154394
v -0.01603833 -0.00417223 -0.00086582
v -0.01628833 -0.00419472 -0.00075289
v -0.01603833 -0.00426566 0.00002045
v -0.01628833 -0.00426566 0.00002045
v -0.01628833 -0.00419472 0.00079379
v -0.01603833 -0.00417223 0.00090674
v -0.01628833 -0.00396726 0.00158486
v -0.01603833 -0.00396726 0.00158486
v -0.01603833 -0.00363933 0.00224114
v -0.01578833 -0.00396726 0.00158486
v -0.01578833 -0.00357289 0.00234610
v -0.01578833 -0.00078901 -0.00415858
v -0.01578833 -0.00158007 -0.00393116
v -0.01578833 -0.00234131 -0.00353679
v -0.01578833 -0.00302086 -0.00298476
v -0.01578833 -0.00357289 -0.00230518
v -0.01578833 -0.00396726 -0.00154394
v -0.01578833 -0.00419472 -0.00075289
v -0.01578833 -0.00426566 0.00002045
v -0.01578833 -0.00419472 0.00079379
v -0.01603833 -0.00319328 0.00284273
v -0.01578833 -0.00302086 0.00302565
v -0.01603833 -0.00264549 0.00335911
v -0.01578833 -0.00234131 0.00357768
v -0.01603833 -0.00202205 0.00376704
v -0.01578833 -0.00158007 0.00397205
v -0.01603833 -0.00135485 0.00405395
v -0.01578833 -0.00078901 0.00419951
v -0.01603833 -0.00067646 0.00421876
v -0.01578833 -0.00001567 0.00427047
v -0.01628833 -0.00001567 0.00427047
v -0.01628833 -0.00078901 0.00419951
v -0.01628833 -0.00158007 0.00397205
v -0.01628833 -0.00234131 0.00357768
v -0.01628833 -0.00302086 0.00302565
v -0.01628833 -0.00357289 0.00234610
v -0.01578833 -0.00050696 -0.00263446
v -0.01628833 -0.00001567 -0.00267956
v -0.01578833 -0.00001567 -0.00267956
v -0.01603833 -0.00057871 -0.00262019
v -0.01578833 -0.00100952 -0.00248998
v -0.01603833 -0.00115106 -0.00242922
v -0.01578833 -0.00149313 -0.00223943
v -0.01603833 -0.00168637 -0.00210056
v -0.01578833 -0.00192485 -0.00188875
v -0.01603833 -0.00213669 -0.00165024
v -0.01578833 -0.00227555 -0.00145700
v -0.01603833 -0.00246533 -0.00111496
v -0.01578833 -0.00252610 -0.00097340
v -0.01603833 -0.00265630 -0.00054258
v -0.01578833 -0.00267059 -0.00047085
v -0.01603833 -0.00271567 0.00002045
v -0.01578833 -0.00271567 0.00002045
v -0.01578833 -0.00267059 0.00051177
v -0.01603833 -0.00265630 0.00058350
v -0.01578833 -0.00252610 0.00101429
v -0.01603833 -0.00252610 0.00101429
v -0.01603833 -0.00231777 0.00143126
v -0.01628833 -0.00252610 0.00101429
v -0.01628833 -0.00227555 0.00149793
v -0.01628833 -0.00050696 -0.00263446
v -0.01628833 -0.00100952 -0.00248998
v -0.01628833 -0.00149313 -0.00223943
v -0.01628833 -0.00192485 -0.00188875
v -0.01628833 -0.00227555 -0.00145700
v -0.01628833 -0.00252610 -0.00097340
v -0.01628833 -0.00267059 -0.00047085
v -0.01628833 -0.00271567 0.00002045
v -0.01628833 -0.00267059 0.00051177
v -0.01603833 -0.00203439 0.00181341
v -0.01628833 -0.00192485 0.00192964
v -0.01603833 -0.00168637 0.00214148
v -0.01628833 -0.00149313 0.00228033
v -0.01603833 -0.00129032 0.00240064
v -0.01628833 -0.00100952 0.00253087
v -0.01603833 -0.00086644 0.00258291
v -0.01628833 -0.00050696 0.00267539
v -0.01603833 -0.00043547 0.00268760
v -0.01628833 -0.00001567 0.00272045
v -0.01578833 -0.00001567 0.00272045
v -0.01578833 -0.00050696 0.00267539
v -0.01578833 -0.00100952 0.00253087
v -0.01578833 -0.00149313 0.00228033
v -0.01578833 -0.00192485 0.00192964
v -0.01578833 -0.00227555 0.00149793
v -0.01628833 -0.00023402 -0.00115952
v -0.00628833 -0.00001567 -0.00117954
v -0.01628833 -0.00001567 -0.00117954
v -0.01128833 -0.00026591 -0.00115317
v -0.01628833 -0.00045737 -0.00109529
v -0.01128833 -0.00052028 -0.00106829
v -0.01628833 -0.00067232 -0.00098395
v -0.01128833 -0.00075819 -0.00092223
v -0.01628833 -0.00086419 -0.00082809
v -0.01128833 -0.00095835 -0.00072208
v -0.01628833 -0.00102005 -0.00063619
v -0.01128833 -0.00110441 -0.00048417
v -0.01628833 -0.00113141 -0.00042125
v -0.01128833 -0.00118929 -0.00022980
v -0.01628833 -0.00119563 -0.00019792
v -0.01128833 -0.00121566 0.00002045
v -0.01628833 -0.00121566 0.00002045
v -0.01628833 -0.00119563 0.00023881
v -0.01128833 -0.00118929 0.00027070
v -0.01628833 -0.00113141 0.00046218
v -0.01128833 -0.00113141 0.00046218
v -0.01128833 -0.00103881 0.00064749
v -0.00628833 -0.00113141 0.00046218
v -0.00628833 -0.00102007 0.00067711
v -0.00628833 -0.00023402 -0.00115952
v -0.00628833 -0.00045739 -0.00109529
v -0.00628833 -0.00067232 -0.00098395
v -0.00628833 -0.00086419 -0.00082809
v -0.00628833 -0.00102005 -0.00063619
v -0.00628833 -0.00113141 -0.00042125
v -0.00628833 -0.00119563 -0.00019792
v -0.00628833 -0.00121566 0.00002045
v -0.00628833 -0.00119563 0.00023881
v -0.01128833 -0.00091287 0.00081733
v -0.00628833 -0.00086419 0.00086898
v -0.01128833 -0.00075819 0.00096312
v -0.00628833 -0.00067232 0.00102484
v -0.01128833 -0.00058217 0.00107831
v -0.00628833 -0.00045739 0.00113619
v -0.01128833 -0.00039379 0.00115931
v -0.00628833 -0.00023402 0.00120041
v -0.01128833 -0.00020225 0.00120586
v -0.00628833 -0.00001567 0.00122047
v -0.01628833 -0.00001567 0.00122047
v -0.01628833 -0.00023402 0.00120041
v -0.01628833 -0.00045737 0.00113619
v -0.01628833 -0.00067232 0.00102484
v -0.01628833 -0.00086419 0.00086898
v -0.01628833 -0.00102005 0.00067711
v -0.01628833 -0.01370672 -0.00201201
v -0.01248833 -0.01351566 -0.00202954
v -0.01628833 -0.01351566 -0.00202954
v -0.01438833 -0.01373463 -0.00200647
v -0.01628833 -0.01390217 -0.00195584
v -0.01438833 -0.01395721 -0.00193220
v -0.01628833 -0.01409023 -0.00185838
v -0.01438833 -0.01416538 -0.00180438
v -0.01628833 -0.01425812 -0.00172201
v -0.01438833 -0.01434051 -0.00162926
v -0.01628833 -0.01439452 -0.00155413
v -0.01438833 -0.01446831 -0.00142109
v -0.01628833 -0.01449194 -0.00136605
v -0.01438833 -0.01454257 -0.00119850
v -0.01628833 -0.01454813 -0.00117060
v -0.01438833 -0.01456567 -0.00097954
v -0.01628833 -0.01456567 -0.00097954
v -0.01628833 -0.01454813 -0.00078848
v -0.01438833 -0.01454257 -0.00076058
v -0.01628833 -0.01449194 -0.00059306
v -0.01438833 -0.01449194 -0.00059306
v -0.01438833 -0.01441092 -0.00043091
v -0.01248833 -0.01449194 -0.00059306
v -0.01248833 -0.01439452 -0.00040498
v -0.01248833 -0.01370672 -0.00201201
v -0.01248833 -0.01390217 -0.00195584
v -0.01248833 -0.01409023 -0.00185838
v -0.01248833 -0.01425812 -0.00172201
v -0.01248833 -0.01439452 -0.00155413
v -0.01248833 -0.01449194 -0.00136605
v -0.01248833 -0.01454813 -0.00117060
v -0.01248833 -0.01456567 -0.00097954
v -0.01248833 -0.01454813 -0.00078848
v -0.01438833 -0.01430073 -0.00028229
v -0.01248833 -0.01425812 -0.00023708
v -0.01438833 -0.01416538 -0.00015470
v -0.01248833 -0.01409023 -0.00010070
v -0.01438833 -0.01401136 -0.00005391
v -0.01248833 -0.01390217 -0.00000328
v -0.01438833 -0.01384652 0.00001696
v -0.01248833 -0.01370672 0.00005293
v -0.01438833 -0.01367892 0.00005767
v -0.01248833 -0.01351566 0.00007045
v -0.01628833 -0.01351566 0.00007045
v -0.01628833 -0.01370672 0.00005293
v -0.01628833 -0.01390217 -0.00000328
v -0.01628833 -0.01409023 -0.00010070
v -0.01628833 -0.01425812 -0.00023708
v -0.01628833 -0.01439452 -0.00040498
v -0.01628832 0.01329327 -0.00201201
v -0.01248833 0.01348434 -0.00202954
v -0.01628832 0.01348434 -0.00202954
v -0.01438832 0.01326538 -0.00200647
v -0.01628832 0.01309784 -0.00195584
v -0.01438832 0.01304278 -0.00193220
v -0.01628832 0.01290976 -0.00185838
v -0.01438832 0.01283462 -0.00180438
v -0.01628832 0.01274187 -0.00172201
v -0.01438832 0.01265950 -0.00162926
v -0.01628832 0.01260549 -0.00155410
v -0.01438832 0.01253169 -0.00142109
v -0.01628832 0.01250806 -0.00136605
v -0.01438832 0.01245742 -0.00119850
v -0.01628832 0.01245186 -0.00117060
v -0.01438832 0.01243434 -0.00097954
v -0.01628832 0.01243434 -0.00097954
v -0.01628832 0.01245186 -0.00078848
v -0.01438832 0.01245742 -0.00076058
v -0.01628832 0.01250806 -0.00059303
v -0.01438832 0.01250806 -0.00059303
v -0.01438832 0.01258907 -0.00043091
v -0.01248833 0.01250806 -0.00059303
v -0.01248833 0.01260549 -0.00040498
v -0.01248833 0.01329327 -0.00201201
v -0.01248833 0.01309784 -0.00195584
v -0.01248833 0.01290976 -0.00185838
v -0.01248833 0.01274187 -0.00172201
v -0.01248833 0.01260549 -0.00155413
v -0.01248833 0.01250806 -0.00136605
v -0.01248833 0.01245186 -0.00117060
v -0.01248833 0.01243434 -0.00097954
v -0.01248833 0.01245186 -0.00078848
v -0.01438832 0.01269928 -0.00028229
v -0.01248833 0.01274187 -0.00023708
v -0.01438832 0.01283462 -0.00015470
v -0.01248833 0.01290976 -0.00010070
v -0.01438832 0.01298865 -0.00005391
v -0.01248833 0.01309784 -0.00000328
v -0.01438832 0.01315349 0.00001696
v -0.01248833 0.01329327 0.00005293
v -0.01438832 0.01332108 0.00005770
v -0.01248833 0.01348434 0.00007045
v -0.01628832 0.01348434 0.00007045
v -0.01628832 0.01329327 0.00005293
v -0.01628832 0.01309784 -0.00000328
v -0.01628832 0.01290976 -0.00010070
v -0.01628832 0.01274187 -0.00023708
v -0.01628832 0.01260549 -0.00040498
v -0.01628833 -0.01370672 -0.02901202
v -0.01248834 -0.01351566 -0.02902955
v -0.01628833 -0.01351566 -0.02902955
v -0.01438834 -0.01373462 -0.02900648
v -0.01628833 -0.01390215 -0.02895582
v -0.01438834 -0.01395721 -0.02893221
v -0.01628833 -0.01409023 -0.02885839
v -0.01438834 -0.01416538 -0.02880439
v -0.01628833 -0.01425812 -0.02872202
v -0.01438834 -0.01434050 -0.02862927
v -0.01628833 -0.01439450 -0.02855411
v -0.01438834 -0.01446831 -0.02842110
v -0.01628833 -0.01449194 -0.02836606
v -0.01438834 -0.01454257 -0.02819851
v -0.01628833 -0.01454813 -0.02817061
v -0.01438834 -0.01456566 -0.02797955
v -0.01628833 -0.01456566 -0.02797955
v -0.01628833 -0.01454813 -0.02778849
v -0.01438834 -0.01454257 -0.02776059
v -0.01628833 -0.01449194 -0.02759304
v -0.01438834 -0.01449194 -0.02759304
v -0.01438834 -0.01441092 -0.02743092
v -0.01248834 -0.01449194 -0.02759304
v -0.01248834 -0.01439450 -0.02740499
v -0.01248834 -0.01370672 -0.02901202
v -0.01248834 -0.01390217 -0.02895582
v -0.01248834 -0.01409023 -0.02885839
v -0.01248834 -0.01425812 -0.02872202
v -0.01248834 -0.01439450 -0.02855414
v -0.01248834 -0.01449194 -0.02836606
v -0.01248834 -0.01454813 -0.02817061
v -0.01248834 -0.01456566 -0.02797955
v -0.01248834 -0.01454813 -0.02778849
v -0.01438834 -0.01430071 -0.02728230
v -0.01248834 -0.01425812 -0.02723709
v -0.01438834 -0.01416538 -0.02715471
v -0.01248834 -0.01409023 -0.02710071
v -0.01438834 -0.01401136 -0.02705392
v -0.01248834 -0.01390217 -0.02700329
v -0.01438834 -0.01384651 -0.02698305
v -0.01248834 -0.01370672 -0.02694708
v -0.01438834 -0.01367892 -0.02694231
v -0.01248834 -0.01351566 -0.02692956
v -0.01628833 -0.01351566 -0.02692956
v -0.01628833 -0.01370672 -0.02694708
v -0.01628833 -0.01390215 -0.02700329
v -0.01628833 -0.01409023 -0.02710071
v -0.01628833 -0.01425812 -0.02723709
v -0.01628833 -0.01439450 -0.02740499
v -0.01628832 0.01062041 0.00555384
v -0.01478833 0.01098434 0.00552046
v -0.01628832 0.01098434 0.00552046
v -0.01553833 0.01056727 0.00556442
v -0.01628832 0.01024815 0.00566089
v -0.01553833 0.01014330 0.00570589
v -0.01628832 0.00988992 0.00584647
v -0.01553833 0.00974678 0.00594932
v -0.01628832 0.00957013 0.00610623
v -0.01553833 0.00941320 0.00628290
v -0.01628832 0.00931034 0.00642604
v -0.01553833 0.00916976 0.00667942
v -0.01628832 0.00912476 0.00678426
v -0.01553833 0.00902831 0.00710338
v -0.01628832 0.00901773 0.00715652
v -0.01553833 0.00898433 0.00752047
v -0.01628832 0.00898433 0.00752047
v -0.01628832 0.00901773 0.00788439
v -0.01553833 0.00902831 0.00793752
v -0.01628832 0.00912476 0.00825665
v -0.01553833 0.00912476 0.00825665
v -0.01553833 0.00927908 0.00856549
v -0.01478833 0.00912476 0.00825665
v -0.01478833 0.00931034 0.00861487
v -0.01478833 0.01062041 0.00555384
v -0.01478833 0.01024815 0.00566089
v -0.01478833 0.00988992 0.00584647
v -0.01478833 0.00957013 0.00610623
v -0.01478833 0.00931034 0.00642604
v -0.01478833 0.00912476 0.00678426
v -0.01478833 0.00901773 0.00715652
v -0.01478833 0.00898433 0.00752047
v -0.01478833 0.00901773 0.00788439
v -0.01553833 0.00948899 0.00884858
v -0.01478833 0.00957013 0.00893468
v -0.01553833 0.00974678 0.00909159
v -0.01478833 0.00988992 0.00919444
v -0.01553833 0.01004016 0.00928354
v -0.01478833 0.01024815 0.00938004
v -0.01553833 0.01035412 0.00941858
v -0.01478833 0.01062041 0.00948706
v -0.01553833 0.01067338 0.00949612
v -0.01478833 0.01098434 0.00952044
v -0.01628832 0.01098434 0.00952044
v -0.01628832 0.01062041 0.00948706
v -0.01628832 0.01024815 0.00938004
v -0.01628832 0.00988992 0.00919444
v -0.01628832 0.00957013 0.00893468
v -0.01628832 0.00931034 0.00861487
v -0.01628833 -0.01137797 0.00555354
v -0.01478833 -0.01101566 0.00552046
v -0.01628833 -0.01101566 0.00552046
v -0.01553833 -0.01143273 0.00556442
v -0.01628833 -0.01174847 0.00565955
v -0.01553833 -0.01185670 0.00570589
v -0.01628833 -0.01210516 0.00584325
v -0.01553833 -0.01225322 0.00594932
v -0.01628833 -0.01242402 0.00610039
v -0.01553833 -0.01258680 0.00628290
v -0.01628833 -0.01268379 0.00641710
v -0.01553833 -0.01283024 0.00667942
v -0.01628833 -0.01287044 0.00677225
v -0.01553833 -0.01297169 0.00710338
v -0.01628833 -0.01297950 0.00714186
v -0.01553833 -0.01301567 0.00752044
v -0.01628833 -0.01301559 0.00750390
v -0.01608150 -0.01300489 0.00772715
v -0.01553833 -0.01297169 0.00793752
v -0.01590683 -0.01296695 0.00795916
v -0.01580820 -0.01292191 0.00812528
v -0.01553833 -0.01287524 0.00825665
v -0.01572846 -0.01285651 0.00830230
v -0.01567830 -0.01277032 0.00847984
v -0.01553833 -0.01272092 0.00856549
v -0.01566128 -0.01266813 0.00864712
v -0.01553833 -0.01251102 0.00884858
v -0.01567830 -0.01254974 0.00880337
v -0.01572846 -0.01241595 0.00894845
v -0.01553833 -0.01225323 0.00909159
v -0.01580820 -0.01227505 0.00907400
v -0.01590683 -0.01213686 0.00917664
v -0.01553833 -0.01195984 0.00928354
v -0.01608150 -0.01193474 0.00929669
v -0.01553833 -0.01164588 0.00941858
v -0.01628833 -0.01173083 0.00938821
v -0.01628833 -0.01137931 0.00948712
v -0.01553833 -0.01132663 0.00949612
v -0.01628833 -0.01101566 0.00952044
v -0.01478833 -0.01101566 0.00952044
v -0.01478833 -0.01137959 0.00948706
v -0.01478833 -0.01175185 0.00938001
v -0.01478833 -0.01211008 0.00919444
v -0.01478833 -0.01242989 0.00893468
v -0.01478833 -0.01268966 0.00861487
v -0.01478833 -0.01287524 0.00825665
v -0.01478833 -0.01137959 0.00555384
v -0.01478833 -0.01175185 0.00566086
v -0.01478833 -0.01211008 0.00584647
v -0.01478833 -0.01242987 0.00610623
v -0.01478833 -0.01268966 0.00642604
v -0.01478833 -0.01287524 0.00678426
v -0.01478833 -0.01298227 0.00715652
v -0.01478833 -0.01301567 0.00752044
v -0.01478833 -0.01298227 0.00788439
v -0.01628833 0.01312042 -0.01194617
v -0.01478833 0.01348434 -0.01197955
v -0.01628833 0.01348434 -0.01197955
v -0.01553833 0.01306727 -0.01193559
v -0.01628833 0.01274814 -0.01183912
v -0.01553833 0.01264330 -0.01179412
v -0.01628833 0.01238992 -0.01165354
v -0.01553833 0.01224678 -0.01155066
v -0.01628833 0.01207013 -0.01139375
v -0.01553833 0.01191322 -0.01121712
v -0.01628833 0.01181035 -0.01107397
v -0.01553833 0.01166978 -0.01082060
v -0.01628833 0.01162476 -0.01071572
v -0.01553833 0.01152830 -0.01039663
v -0.01628833 0.01151772 -0.01034346
v -0.01553833 0.01148433 -0.00997954
v -0.01628833 0.01148433 -0.00997954
v -0.01628833 0.01151772 -0.00961563
v -0.01553833 0.01152830 -0.00956246
v -0.01628833 0.01162476 -0.00924337
v -0.01553833 0.01162476 -0.00924337
v -0.01553833 0.01177908 -0.00893453
v -0.01478833 0.01162476 -0.00924337
v -0.01478833 0.01181035 -0.00888511
v -0.01478833 0.01312042 -0.01194617
v -0.01478833 0.01274814 -0.01183912
v -0.01478833 0.01238992 -0.01165354
v -0.01478833 0.01207013 -0.01139375
v -0.01478833 0.01181035 -0.01107397
v -0.01478833 0.01162476 -0.01071572
v -0.01478833 0.01151772 -0.01034346
v -0.01478833 0.01148433 -0.00997954
v -0.01478833 0.01151772 -0.00961563
v -0.01553833 0.01198899 -0.00865140
v -0.01478833 0.01207013 -0.00856533
v -0.01553833 0.01224678 -0.00840843
v -0.01478833 0.01238992 -0.00830555
v -0.01553833 0.01254015 -0.00821644
v -0.01478833 0.01274814 -0.00811997
v -0.01553833 0.01285414 -0.00808143
v -0.01478833 0.01312042 -0.00801295
v -0.01553833 0.01317338 -0.00800386
v -0.01478833 0.01348434 -0.00797954
v -0.01628833 0.01348434 -0.00797954
v -0.01628833 0.01312042 -0.00801295
v -0.01628833 0.01274814 -0.00811997
v -0.01628833 0.01238992 -0.00830555
v -0.01628833 0.01207013 -0.00856533
v -0.01628833 0.01181035 -0.00888511
v -0.01628833 -0.01393180 -0.02493578
v -0.01478834 -0.01351566 -0.02497956
v -0.01628833 -0.01351566 -0.02497956
v -0.01553834 -0.01393227 -0.02493569
v -0.01628833 -0.01433853 -0.02480241
v -0.01553834 -0.01435670 -0.02479413
v -0.01628833 -0.01470757 -0.02458557
v -0.01553834 -0.01475322 -0.02455067
v -0.01628833 -0.01501566 -0.02430242
v -0.01553834 -0.01508679 -0.02421713
v -0.01588338 -0.01521813 -0.02402910
v -0.01553834 -0.01533022 -0.02382058
v -0.01556420 -0.01537772 -0.02370941
v -0.01478834 -0.01537524 -0.02371573
v -0.01544589 -0.01543688 -0.02353534
v -0.01478834 -0.01548227 -0.02334347
v -0.01535913 -0.01548026 -0.02335417
v -0.01530615 -0.01550675 -0.02316811
v -0.01478834 -0.01551566 -0.02297956
v -0.01528834 -0.01551566 -0.02297956
v -0.01530615 -0.01550675 -0.02279100
v -0.01478834 -0.01548227 -0.02261564
v -0.01535913 -0.01548026 -0.02260494
v -0.01544589 -0.01543688 -0.02242377
v -0.01478834 -0.01537524 -0.02224338
v -0.01553834 -0.01537524 -0.02224335
v -0.01553834 -0.01522092 -0.02193451
v -0.01556420 -0.01537772 -0.02224970
v -0.01588338 -0.01521813 -0.02193001
v -0.01553834 -0.01501101 -0.02165142
v -0.01628833 -0.01501566 -0.02165669
v -0.01553834 -0.01475322 -0.02140844
v -0.01628833 -0.01470757 -0.02137351
v -0.01553834 -0.01445984 -0.02121645
v -0.01628833 -0.01433853 -0.02115667
v -0.01553834 -0.01414587 -0.02108145
v -0.01628833 -0.01393180 -0.02102333
v -0.01553834 -0.01382662 -0.02100387
v -0.01628833 -0.01351566 -0.02097955
v -0.01478834 -0.01351566 -0.02097955
v -0.01478834 -0.01387959 -0.02101293
v -0.01478834 -0.01425185 -0.02111998
v -0.01478834 -0.01461008 -0.02130556
v -0.01478834 -0.01492987 -0.02156535
v -0.01478834 -0.01518966 -0.02188512
v -0.01478834 -0.01387959 -0.02494615
v -0.01478834 -0.01425185 -0.02483913
v -0.01478834 -0.01461008 -0.02465355
v -0.01478834 -0.01492987 -0.02439377
v -0.01478834 -0.01518966 -0.02407399
v -0.01628833 0.01312042 -0.02994615
v -0.01608833 0.01348435 -0.02997955
v -0.01628833 0.01348435 -0.02997955
v -0.01618833 0.01306727 -0.02993557
v -0.01628833 0.01274816 -0.02983913
v -0.01618833 0.01264330 -0.02979412
v -0.01628833 0.01238992 -0.02965355
v -0.01618833 0.01224678 -0.02955067
v -0.01628833 0.01207013 -0.02939376
v -0.01618833 0.01191322 -0.02921712
v -0.01628833 0.01181035 -0.02907395
v -0.01618833 0.01166978 -0.02882057
v -0.01628833 0.01162476 -0.02871573
v -0.01618833 0.01152832 -0.02839660
v -0.01628833 0.01151774 -0.02834347
v -0.01618833 0.01148435 -0.02797955
v -0.01628833 0.01148435 -0.02797955
v -0.01628833 0.01151774 -0.02761563
v -0.01618833 0.01152832 -0.02756247
v -0.01628833 0.01162476 -0.02724334
v -0.01618833 0.01162476 -0.02724334
v -0.01618833 0.01177909 -0.02693450
v -0.01608833 0.01162476 -0.02724334
v -0.01608833 0.01181035 -0.02688512
v -0.01608833 0.01312042 -0.02994615
v -0.01608833 0.01274816 -0.02983913
v -0.01608833 0.01238992 -0.02965355
v -0.01608833 0.01207013 -0.02939376
v -0.01608833 0.01181035 -0.02907395
v -0.01608833 0.01162476 -0.02871573
v -0.01608833 0.01151774 -0.02834347
v -0.01608833 0.01148435 -0.02797955
v -0.01608833 0.01151774 -0.02761563
v -0.01618833 0.01198899 -0.02665141
v -0.01608833 0.01207013 -0.02656534
v -0.01618833 0.01224678 -0.02640843
v -0.01608833 0.01238992 -0.02630555
v -0.01618833 0.01254015 -0.02621645
v -0.01608833 0.01274816 -0.02611998
v -0.01618833 0.01285414 -0.02608144
v -0.01608833 0.01312042 -0.02601293
v -0.01618833 0.01317338 -0.02600387
v -0.01608833 0.01348434 -0.02597955
v -0.01628833 0.01348434 -0.02597955
v -0.01628833 0.01312042 -0.02601293
v -0.01628833 0.01274816 -0.02611998
v -0.01628833 0.01238992 -0.02630555
v -0.01628833 0.01207013 -0.02656534
v -0.01628833 0.01181035 -0.02688512
v -0.01561333 0.01316633 -0.02947101
v -0.01561333 0.01284305 -0.02936315
v -0.01561333 0.01254070 -0.02917754
v -0.01561333 0.01228636 -0.02892318
v -0.01561333 0.01210073 -0.02862084
v -0.01561333 0.01199288 -0.02829757
v -0.01561333 0.01195935 -0.02797955
v -0.01561333 0.01199288 -0.02766153
v -0.01561333 0.01218409 -0.02718270
v -0.01561333 0.01254070 -0.02678156
v -0.01561333 0.01300382 -0.02653223
v -0.01478833 -0.01133410 0.00579965
v -0.01498409 -0.01101566 0.00577045
v -0.01478833 -0.01101566 0.00577045
v -0.01488621 -0.01138061 0.00580892
v -0.01478833 -0.01165982 0.00589332
v -0.01488621 -0.01175157 0.00593269
v -0.01478833 -0.01197329 0.00605571
v -0.01488621 -0.01209853 0.00614572
v -0.01478833 -0.01225310 0.00628302
v -0.01488621 -0.01238943 0.00643635
v -0.01478833 -0.01248040 0.00656283
v -0.01488621 -0.01260341 0.00678453
v -0.01478833 -0.01264279 0.00687629
v -0.01488621 -0.01272719 0.00715551
v -0.01478833 -0.01273645 0.00720203
v -0.01488621 -0.01276567 0.00752044
v -0.01478833 -0.01276567 0.00752044
v -0.01478833 -0.01273645 0.00783888
v -0.01488621 -0.01272719 0.00788540
v -0.01478833 -0.01264279 0.00816462
v -0.01488621 -0.01264279 0.00816462
v -0.01488621 -0.01250776 0.00843486
v -0.01498409 -0.01252588 0.00840461
v -0.01498409 -0.01234818 0.00865486
v -0.01498409 -0.01135741 0.00580415
v -0.01498409 -0.01168601 0.00590393
v -0.01498409 -0.01193922 0.00603399
v -0.01498409 -0.01217774 0.00621200
v -0.01498409 -0.01238846 0.00643513
v -0.01498409 -0.01255927 0.00669596
v -0.01498409 -0.01268108 0.00698298
v -0.01498409 -0.01274937 0.00728220
v -0.01498409 -0.01276467 0.00757942
v -0.01498409 -0.01273198 0.00786221
v -0.01498409 -0.01265385 0.00813595
v -0.01488621 -0.01232410 0.00868255
v -0.01498409 -0.01212572 0.00887332
v -0.01488621 -0.01209853 0.00889519
v -0.01498409 -0.01186802 0.00904885
v -0.01488621 -0.01184183 0.00906316
v -0.01498409 -0.01158790 0.00917426
v -0.01488621 -0.01156709 0.00918129
v -0.01498409 -0.01129940 0.00924730
v -0.01488621 -0.01128776 0.00924918
v -0.01498409 -0.01101566 0.00927046
v -0.01478833 -0.01101566 0.00927046
v -0.01478833 -0.01133410 0.00924123
v -0.01478833 -0.01165982 0.00914759
v -0.01478833 -0.01197329 0.00898519
v -0.01478833 -0.01225310 0.00875789
v -0.01478833 -0.01248040 0.00847808
v -0.01478833 0.01066590 0.00579968
v -0.01498409 0.01098434 0.00577045
v -0.01478833 0.01098434 0.00577045
v -0.01488621 0.01061939 0.00580892
v -0.01478833 0.01034018 0.00589332
v -0.01488621 0.01024843 0.00593272
v -0.01478833 0.01002671 0.00605571
v -0.01488621 0.00990147 0.00614572
v -0.01478833 0.00974690 0.00628302
v -0.01488621 0.00961057 0.00643635
v -0.01478833 0.00951960 0.00656283
v -0.01488621 0.00939659 0.00678456
v -0.01478833 0.00935721 0.00687629
v -0.01488621 0.00927281 0.00715551
v -0.01478833 0.00926355 0.00720203
v -0.01488621 0.00923433 0.00752047
v -0.01478833 0.00923433 0.00752047
v -0.01478833 0.00926355 0.00783888
v -0.01488621 0.00927281 0.00788540
v -0.01478833 0.00935721 0.00816462
v -0.01488621 0.00935721 0.00816462
v -0.01488621 0.00949224 0.00843486
v -0.01498409 0.00947414 0.00840464
v -0.01498409 0.00965182 0.00865486
v -0.01498409 0.01064259 0.00580415
v -0.01498409 0.01031399 0.00590393
v -0.01498409 0.01006078 0.00603399
v -0.01498409 0.00982226 0.00621200
v -0.01498409 0.00961154 0.00643513
v -0.01498409 0.00944073 0.00669596
v -0.01498409 0.00931892 0.00698298
v -0.01498409 0.00925063 0.00728220
v -0.01498409 0.00923533 0.00757942
v -0.01498409 0.00926802 0.00786221
v -0.01498409 0.00934615 0.00813595
v -0.01488621 0.00967590 0.00868258
v -0.01498409 0.00987428 0.00887335
v -0.01488621 0.00990147 0.00889519
v -0.01498409 0.01013198 0.00904885
v -0.01488621 0.01015817 0.00906316
v -0.01498409 0.01041210 0.00917426
v -0.01488621 0.01043291 0.00918129
v -0.01498409 0.01070060 0.00924730
v -0.01488621 0.01071224 0.00924918
v -0.01498409 0.01098434 0.00927046
v -0.01478833 0.01098434 0.00927046
v -0.01478833 0.01066590 0.00924123
v -0.01478833 0.01034018 0.00914759
v -0.01478833 0.01002671 0.00898519
v -0.01478833 0.00974690 0.00875789
v -0.01478833 0.00951960 0.00847808
v -0.01478834 -0.01384916 -0.02469748
v -0.01498410 -0.01351566 -0.02472955
v -0.01478834 -0.01351566 -0.02472955
v -0.01488622 -0.01388060 -0.02469107
v -0.01478834 -0.01418070 -0.02459827
v -0.01488622 -0.01425157 -0.02456730
v -0.01478834 -0.01449011 -0.02443316
v -0.01488622 -0.01459853 -0.02435428
v -0.01478834 -0.01475873 -0.02421135
v -0.01488622 -0.01488943 -0.02406364
v -0.01478834 -0.01497310 -0.02394825
v -0.01488622 -0.01510341 -0.02371546
v -0.01478834 -0.01512980 -0.02365562
v -0.01488622 -0.01522719 -0.02334449
v -0.01478834 -0.01523068 -0.02332774
v -0.01488622 -0.01526567 -0.02297956
v -0.01478834 -0.01526567 -0.02297956
v -0.01478834 -0.01523068 -0.02263138
v -0.01488622 -0.01522719 -0.02261463
v -0.01488622 -0.01514279 -0.02233538
v -0.01498410 -0.01515385 -0.02236405
v -0.01498410 -0.01502586 -0.02209538
v -0.01498410 -0.01385740 -0.02469584
v -0.01498410 -0.01418599 -0.02459606
v -0.01498410 -0.01443922 -0.02446601
v -0.01498410 -0.01467774 -0.02428803
v -0.01498410 -0.01488846 -0.02406487
v -0.01498410 -0.01505927 -0.02380404
v -0.01498410 -0.01518107 -0.02351704
v -0.01498410 -0.01524937 -0.02321780
v -0.01498410 -0.01526467 -0.02292058
v -0.01498410 -0.01523196 -0.02263781
v -0.01488622 -0.01500776 -0.02206516
v -0.01498410 -0.01484817 -0.02184513
v -0.01488622 -0.01482409 -0.02181744
v -0.01498410 -0.01462572 -0.02162668
v -0.01488622 -0.01459853 -0.02160480
v -0.01498410 -0.01436802 -0.02145117
v -0.01488622 -0.01434182 -0.02143684
v -0.01498410 -0.01408789 -0.02132577
v -0.01488622 -0.01406709 -0.02131870
v -0.01498410 -0.01379939 -0.02125269
v -0.01488622 -0.01378775 -0.02125084
v -0.01498410 -0.01351566 -0.02122956
v -0.01478834 -0.01351566 -0.02122956
v -0.01478834 -0.01384916 -0.02126163
v -0.01478834 -0.01418071 -0.02136084
v -0.01478834 -0.01449011 -0.02152595
v -0.01478834 -0.01475873 -0.02174777
v -0.01478834 -0.01497310 -0.02201086
v -0.01478834 -0.01512980 -0.02230349
v -0.01478833 0.01315085 -0.01169747
v -0.01498409 0.01348434 -0.01172954
v -0.01478833 0.01348434 -0.01172954
v -0.01488621 0.01311941 -0.01169106
v -0.01478833 0.01281930 -0.01159826
v -0.01488621 0.01274843 -0.01156729
v -0.01478833 0.01250989 -0.01143315
v -0.01488621 0.01240147 -0.01135430
v -0.01478833 0.01224127 -0.01121133
v -0.01488621 0.01211057 -0.01106363
v -0.01478833 0.01202690 -0.01094824
v -0.01488621 0.01189659 -0.01071545
v -0.01478833 0.01187020 -0.01065561
v -0.01488621 0.01177282 -0.01034447
v -0.01478833 0.01176933 -0.01032772
v -0.01488621 0.01173434 -0.00997954
v -0.01478833 0.01173434 -0.00997954
v -0.01478833 0.01176933 -0.00963136
v -0.01488621 0.01177282 -0.00961461
v -0.01488621 0.01185722 -0.00933537
v -0.01498409 0.01184615 -0.00936407
v -0.01498409 0.01197413 -0.00909537
v -0.01498409 0.01314259 -0.01169586
v -0.01498409 0.01281401 -0.01159608
v -0.01498409 0.01256079 -0.01146599
v -0.01498409 0.01232227 -0.01128802
v -0.01498409 0.01211154 -0.01106486
v -0.01498409 0.01194074 -0.01080403
v -0.01498409 0.01181892 -0.01051703
v -0.01498409 0.01175063 -0.01021781
v -0.01498409 0.01173533 -0.00992060
v -0.01498409 0.01176803 -0.00963780
v -0.01488621 0.01199224 -0.00906515
v -0.01498409 0.01215183 -0.00884512
v -0.01488621 0.01217591 -0.00881743
v -0.01498409 0.01237429 -0.00862667
v -0.01488621 0.01240147 -0.00860482
v -0.01498409 0.01263197 -0.00845116
v -0.01488621 0.01265819 -0.00843683
v -0.01498409 0.01291210 -0.00832575
v -0.01488621 0.01293290 -0.00831869
v -0.01498409 0.01320062 -0.00825271
v -0.01488621 0.01321224 -0.00825083
v -0.01498409 0.01348434 -0.00822955
v -0.01478833 0.01348434 -0.00822955
v -0.01478833 0.01315085 -0.00826162
v -0.01478833 0.01281930 -0.00836083
v -0.01478833 0.01250989 -0.00852594
v -0.01478833 0.01224127 -0.00874775
v -0.01478833 0.01202690 -0.00901085
v -0.01478833 0.01187020 -0.00930348
v -0.00668833 -0.00891566 -0.01212954
v -0.00668834 -0.01601567 -0.01167956
v -0.00668834 -0.01601567 -0.01257956
v -0.00668833 -0.00181567 -0.01167956
v -0.00668833 -0.00181567 -0.01257956
v -0.00618833 -0.00891566 -0.01257956
v -0.00568833 -0.01601567 -0.01257956
v -0.00568833 -0.00181567 -0.01257956
v -0.00568833 -0.00891566 -0.00817954
v -0.00568833 -0.01601567 -0.00377956
v -0.00568833 -0.00181567 -0.00377956
v -0.00843833 -0.00891567 -0.00377956
v -0.01118833 -0.01601567 -0.00377956
v -0.01118833 -0.00181567 -0.00377956
v -0.01118833 -0.00891566 -0.00772956
v -0.01118833 -0.01601567 -0.01167956
v -0.01118833 -0.00181566 -0.01167956
v -0.01023833 -0.00891566 -0.01167956
v -0.00928834 -0.01601567 -0.01167956
v -0.00928833 -0.00181566 -0.01167956
v -0.00928833 -0.00891566 -0.01212954
v -0.00928834 -0.01601567 -0.01257956
v -0.00928833 -0.00181566 -0.01257956
v -0.00878833 -0.00891566 -0.01257956
v -0.00828833 -0.01601567 -0.01257956
v -0.00828833 -0.00181566 -0.01257956
v -0.00828833 -0.00891566 -0.01212954
v -0.00828833 -0.01601567 -0.01167956
v -0.00828833 -0.00181566 -0.01167956
v -0.00748833 -0.00891566 -0.01167956
v -0.00973833 -0.00466567 -0.00996205
v -0.00941833 -0.00751566 -0.00996205
v -0.00941833 -0.00181566 -0.00996205
v -0.01005833 -0.00751566 -0.00996205
v -0.01005833 -0.00181566 -0.00996205
v -0.01005833 -0.00466567 -0.01028204
v -0.01005833 -0.00751566 -0.01060206
v -0.01005833 -0.00181566 -0.01060206
v -0.00973833 -0.00466567 -0.01060206
v -0.00941833 -0.00751566 -0.01060206
v -0.00941833 -0.00181566 -0.01060206
v -0.00941833 -0.00466567 -0.01028204
v -0.00973833 -0.00466567 -0.00742206
v -0.00941833 -0.00751566 -0.00742206
v -0.00941833 -0.00181567 -0.00742206
v -0.01005833 -0.00751566 -0.00742206
v -0.01005833 -0.00181567 -0.00742206
v -0.01005833 -0.00466567 -0.00774205
v -0.01005833 -0.00751566 -0.00806206
v -0.01005833 -0.00181567 -0.00806206
v -0.00973833 -0.00466567 -0.00806206
v -0.00941833 -0.00751566 -0.00806206
v -0.00941833 -0.00181567 -0.00806206
v -0.00941833 -0.00466567 -0.00774205
v -0.00973833 -0.00466567 -0.00488207
v -0.00941833 -0.00751566 -0.00488207
v -0.00941833 -0.00181567 -0.00488207
v -0.01005833 -0.00751566 -0.00488207
v -0.01005833 -0.00181567 -0.00488204
v -0.01005833 -0.00466567 -0.00520205
v -0.01005833 -0.00751566 -0.00552204
v -0.01005833 -0.00181567 -0.00552204
v -0.00973833 -0.00466567 -0.00552204
v -0.00941833 -0.00751566 -0.00552204
v -0.00941833 -0.00181567 -0.00552204
v -0.00941833 -0.00466567 -0.00520205
v -0.00681833 -0.00466567 -0.00520205
v -0.00681833 -0.00751566 -0.00552204
v -0.00681833 -0.00181567 -0.00552204
v -0.00681833 -0.00751566 -0.00488207
v -0.00681833 -0.00181567 -0.00488207
v -0.00713833 -0.00466567 -0.00488207
v -0.00745833 -0.00751566 -0.00488207
v -0.00745833 -0.00181567 -0.00488207
v -0.00745833 -0.00466567 -0.00520205
v -0.00745833 -0.00751566 -0.00552204
v -0.00745833 -0.00181567 -0.00552204
v -0.00713833 -0.00466567 -0.00552204
v -0.00713833 -0.00466567 -0.00742206
v -0.00681833 -0.00751566 -0.00742206
v -0.00681833 -0.00181567 -0.00742206
v -0.00745833 -0.00751566 -0.00742206
v -0.00745833 -0.00181567 -0.00742206
v -0.00745833 -0.00466567 -0.00774205
v -0.00745833 -0.00751566 -0.00806206
v -0.00745833 -0.00181567 -0.00806206
v -0.00713833 -0.00466567 -0.00806206
v -0.00681833 -0.00751566 -0.00806206
v -0.00681833 -0.00181567 -0.00806206
v -0.00681833 -0.00466567 -0.00774205
v -0.00713833 -0.00466567 -0.00996205
v -0.00681833 -0.00751566 -0.00996205
v -0.00681833 -0.00181567 -0.00996205
v -0.00745833 -0.00751566 -0.00996205
v -0.00745833 -0.00181567 -0.00996205
v -0.00745833 -0.00466567 -0.01028204
v -0.00745833 -0.00751566 -0.01060206
v -0.00745833 -0.00181567 -0.01060206
v -0.00713833 -0.00466567 -0.01060206
v -0.00681833 -0.00751566 -0.01060206
v -0.00681833 -0.00181567 -0.01060206
v -0.00681833 -0.00466567 -0.01028204
v -0.00713833 -0.00751566 -0.00520205
v -0.00973833 -0.00751566 -0.01028207
v -0.00973833 -0.00751566 -0.00774205
v -0.00973833 -0.00751566 -0.00520205
v -0.00713833 -0.00751566 -0.01028207
v -0.00713833 -0.00751566 -0.00774205
v -0.00745833 -0.00181567 -0.00817954
v -0.00843833 -0.00181567 -0.00817954
v -0.01005833 -0.00181567 -0.00817954
v -0.01543833 0.01319685 -0.01009849
v -0.01543833 0.01326621 -0.01107991
v -0.01543833 0.01285977 -0.01091137
v -0.01543833 0.01360329 -0.01026705
v -0.01543833 0.01348434 -0.00997954
v -0.01543833 0.01377184 -0.00986060
v -0.01543833 0.01336539 -0.00969204
v -0.01543833 0.01370247 -0.00887918
v -0.01543833 0.01410892 -0.00904771
v -0.01543833 0.01441616 -0.01060411
v -0.01543833 0.01458471 -0.01019767
v -0.01543833 0.01255251 -0.00935498
v -0.01543833 0.01238397 -0.00976142
v -0.01575687 0.01302830 -0.01050493
v -0.01591241 0.01285977 -0.01091137
v -0.01607540 0.01319685 -0.01009849
v -0.01594619 0.01289854 -0.01081785
v -0.01601105 0.01280386 -0.01031211
v -0.01594619 0.01278948 -0.01072994
v -0.01594619 0.01247749 -0.00980019
v -0.01594619 0.01246697 -0.01008382
v -0.01594619 0.01246243 -0.00993949
v -0.01594619 0.01249254 -0.01022905
v -0.01594619 0.01253933 -0.01037055
v -0.01594619 0.01260620 -0.01050374
v -0.01594619 0.01269070 -0.01062456
v -0.01575687 0.01279040 -0.00992995
v -0.01591241 0.01238397 -0.00976142
v -0.01567958 0.01246824 -0.00955820
v -0.01591884 0.01242674 -0.00965825
v -0.01591241 0.01255251 -0.00935498
v -0.01591884 0.01250974 -0.00945812
v -0.01592084 0.01246824 -0.00955820
v -0.01575687 0.01295895 -0.00952351
v -0.01607540 0.01336539 -0.00969204
v -0.01594619 0.01264604 -0.00939375
v -0.01601055 0.01315547 -0.00929457
v -0.01594619 0.01283932 -0.00918591
v -0.01594619 0.01273396 -0.00928467
v -0.01594619 0.01366369 -0.00897270
v -0.01594619 0.01352440 -0.00895762
v -0.01594619 0.01338006 -0.00896218
v -0.01594619 0.01323483 -0.00898775
v -0.01594619 0.01309334 -0.00903454
v -0.01594619 0.01296016 -0.00910139
v -0.01575687 0.01353393 -0.00928563
v -0.01591241 0.01370247 -0.00887918
v -0.01567958 0.01306299 -0.01099565
v -0.01591241 0.01326621 -0.01107991
v -0.01592084 0.01306299 -0.01099565
v -0.01567958 0.01390570 -0.00896343
v -0.01592084 0.01390570 -0.00896343
v -0.01591241 0.01410892 -0.00904771
v -0.01575687 0.01394037 -0.00945416
v -0.01607540 0.01377184 -0.00986060
v -0.01594619 0.01407013 -0.00914123
v -0.01601105 0.01416483 -0.00964698
v -0.01594619 0.01417921 -0.00922915
v -0.01594619 0.01449119 -0.01015889
v -0.01594619 0.01450170 -0.00987527
v -0.01594619 0.01450626 -0.01001960
v -0.01594619 0.01447613 -0.00973004
v -0.01594619 0.01442934 -0.00958854
v -0.01594619 0.01436249 -0.00945535
v -0.01594619 0.01427797 -0.00933453
v -0.01575687 0.01417827 -0.01002914
v -0.01591241 0.01458471 -0.01019767
v -0.01567958 0.01450045 -0.01040089
v -0.01591884 0.01454193 -0.01030084
v -0.01591241 0.01441616 -0.01060411
v -0.01591884 0.01445895 -0.01050097
v -0.01592084 0.01450045 -0.01040089
v -0.01575687 0.01400974 -0.01043558
v -0.01607540 0.01360329 -0.01026705
v -0.01594619 0.01432265 -0.01056534
v -0.01601055 0.01381320 -0.01066452
v -0.01594619 0.01423473 -0.01067442
v -0.01594619 0.01330499 -0.01098639
v -0.01594619 0.01358863 -0.01099691
v -0.01594619 0.01344428 -0.01100147
v -0.01594619 0.01373384 -0.01097134
v -0.01594619 0.01387534 -0.01092455
v -0.01594619 0.01400851 -0.01085770
v -0.01594619 0.01412936 -0.01077318
v -0.01575687 0.01343474 -0.01067346
v -0.01589283 0.01369680 -0.00883168
v -0.01586019 0.01395630 -0.00884139
v -0.01581440 0.01372226 -0.00869408
v -0.01577791 0.01400458 -0.00872499
v -0.01571157 0.01374572 -0.00856739
v -0.01567503 0.01404854 -0.00861898
v -0.01558713 0.01376603 -0.00845769
v -0.01555418 0.01408633 -0.00852781
v -0.01544585 0.01378227 -0.00836986
v -0.01541946 0.01411647 -0.00845516
v -0.01529386 0.01379388 -0.00830713
v -0.01527595 0.01413800 -0.00840324
v -0.01513785 0.01380067 -0.00827047
v -0.01512909 0.01415063 -0.00837278
v -0.01498409 0.01382609 -0.00826323
v -0.01498409 0.01415468 -0.00836301
v -0.01513785 0.01341323 -0.00824290
v -0.01529386 0.01341476 -0.00828016
v -0.01529386 0.01302398 -0.00834223
v -0.01544585 0.01304123 -0.00840366
v -0.01529386 0.01265526 -0.00849449
v -0.01544585 0.01268605 -0.00855037
v -0.01529386 0.01233288 -0.00872779
v -0.01544585 0.01237608 -0.00877473
v -0.01544585 0.01213620 -0.00905093
v -0.01558713 0.01220973 -0.00910160
v -0.01558713 0.01205467 -0.00938669
v -0.01571157 0.01215774 -0.00942942
v -0.01571157 0.01207218 -0.00971818
v -0.01581440 0.01219886 -0.00974160
v -0.01581440 0.01217721 -0.00995844
v -0.01589283 0.01231711 -0.00996071
v -0.01589283 0.01233127 -0.01016173
v -0.01589283 0.01238114 -0.01036131
v -0.01589283 0.01246581 -0.01054996
v -0.01589283 0.01258107 -0.01071906
v -0.01589283 0.01272017 -0.01086205
v -0.01589283 0.01287495 -0.01097524
v -0.01586019 0.01301237 -0.01111769
v -0.01581440 0.01280191 -0.01109460
v -0.01577791 0.01296411 -0.01123410
v -0.01571157 0.01273466 -0.01120448
v -0.01567503 0.01292013 -0.01134011
v -0.01558713 0.01267641 -0.01129964
v -0.01555418 0.01288234 -0.01143127
v -0.01544585 0.01262980 -0.01137581
v -0.01541946 0.01285221 -0.01150393
v -0.01529386 0.01259649 -0.01143023
v -0.01527595 0.01283068 -0.01155585
v -0.01513785 0.01257702 -0.01146203
v -0.01512909 0.01281804 -0.01158631
v -0.01513785 0.01301388 -0.00830632
v -0.01513785 0.01263743 -0.00846171
v -0.01513785 0.01230764 -0.00870034
v -0.01529386 0.01208366 -0.00901475
v -0.01544585 0.01197220 -0.00935250
v -0.01558713 0.01196248 -0.00969785
v -0.01571157 0.01204839 -0.00995636
v -0.01581440 0.01219305 -0.01018357
v -0.01513785 0.01205293 -0.00899359
v -0.01513785 0.01187879 -0.00931376
v -0.01513785 0.01177526 -0.00966322
v -0.01513785 0.01174646 -0.00995150
v -0.01513785 0.01176753 -0.01025080
v -0.01513785 0.01184180 -0.01054793
v -0.01513785 0.01196784 -0.01082882
v -0.01513785 0.01213946 -0.01108059
v -0.01513785 0.01234656 -0.01129350
v -0.01589283 0.01233645 -0.00976708
v -0.01589283 0.01240600 -0.00953239
v -0.01589283 0.01252296 -0.00931734
v -0.01589283 0.01269402 -0.00912037
v -0.01589283 0.01291416 -0.00896090
v -0.01589283 0.01316836 -0.00885576
v -0.01589283 0.01343658 -0.00881314
v -0.01544585 0.01341737 -0.00834390
v -0.01558713 0.01342102 -0.00843313
v -0.01571157 0.01342558 -0.00854462
v -0.01581440 0.01343086 -0.00867334
v -0.01558713 0.01306540 -0.00848961
v -0.01571157 0.01309561 -0.00859701
v -0.01581440 0.01313048 -0.00872102
v -0.01558713 0.01272929 -0.00862849
v -0.01571157 0.01278344 -0.00872606
v -0.01581440 0.01284606 -0.00883865
v -0.01558713 0.01243653 -0.00884047
v -0.01571157 0.01251206 -0.00892258
v -0.01581440 0.01259928 -0.00901741
v -0.01571157 0.01230163 -0.00916490
v -0.01581440 0.01240771 -0.00923797
v -0.01529386 0.01191325 -0.00932807
v -0.01544585 0.01187467 -0.00968161
v -0.01558713 0.01193682 -0.00995457
v -0.01571157 0.01206580 -0.01020369
v -0.01581440 0.01224891 -0.01040706
v -0.01581440 0.01227675 -0.00947878
v -0.01529386 0.01181193 -0.00966999
v -0.01544585 0.01184755 -0.00995314
v -0.01558713 0.01195560 -0.01022109
v -0.01571157 0.01212717 -0.01044920
v -0.01581440 0.01234371 -0.01061833
v -0.01529386 0.01178376 -0.00995210
v -0.01544585 0.01186740 -0.01023504
v -0.01558713 0.01202173 -0.01048568
v -0.01571157 0.01223133 -0.01068127
v -0.01581440 0.01247280 -0.01080769
v -0.01529386 0.01180436 -0.01024499
v -0.01544585 0.01193734 -0.01051488
v -0.01558713 0.01213396 -0.01073581
v -0.01571157 0.01237311 -0.01088929
v -0.01581440 0.01262856 -0.01096782
v -0.01529386 0.01187704 -0.01053574
v -0.01544585 0.01205606 -0.01077944
v -0.01558713 0.01228677 -0.01095998
v -0.01571157 0.01254424 -0.01106521
v -0.01529386 0.01200039 -0.01081061
v -0.01544585 0.01221769 -0.01101655
v -0.01558713 0.01247121 -0.01114958
v -0.01529386 0.01216832 -0.01105696
v -0.01544585 0.01241275 -0.01121709
v -0.01529386 0.01237098 -0.01126531
v -0.01589283 0.01427466 -0.01083872
v -0.01589283 0.01444573 -0.01064175
v -0.01581440 0.01436939 -0.01094171
v -0.01581440 0.01456096 -0.01072112
v -0.01571157 0.01445661 -0.01103651
v -0.01571157 0.01466706 -0.01079419
v -0.01558713 0.01453214 -0.01111862
v -0.01558713 0.01475895 -0.01085749
v -0.01544585 0.01459259 -0.01118436
v -0.01544585 0.01483249 -0.01090815
v -0.01529386 0.01463579 -0.01123130
v -0.01529386 0.01488503 -0.01094433
v -0.01513785 0.01466105 -0.01125875
v -0.01513785 0.01491574 -0.01096549
v -0.01498409 0.01481686 -0.01111397
v -0.01498409 0.01499455 -0.01086372
v -0.01589283 0.01405451 -0.01099819
v -0.01581440 0.01412261 -0.01112044
v -0.01571157 0.01418523 -0.01123303
v -0.01558713 0.01423938 -0.01133060
v -0.01544585 0.01428262 -0.01140871
v -0.01529386 0.01431341 -0.01146459
v -0.01513785 0.01433124 -0.01149738
v -0.01498409 0.01459440 -0.01133242
v -0.01498409 0.01433670 -0.01150793
v -0.01498409 0.01405657 -0.01163333
v -0.01513785 0.01395481 -0.01165277
v -0.01498409 0.01376807 -0.01170638
v -0.01513785 0.01355544 -0.01171619
v -0.01513785 0.01316801 -0.01168862
v -0.01589283 0.01380031 -0.01110333
v -0.01589283 0.01353209 -0.01114595
v -0.01589283 0.01327187 -0.01112741
v -0.01581440 0.01324641 -0.01126501
v -0.01571157 0.01322297 -0.01139170
v -0.01558713 0.01320266 -0.01150140
v -0.01544585 0.01318640 -0.01158923
v -0.01529386 0.01317479 -0.01165196
v -0.01513785 0.01508988 -0.01064533
v -0.01498409 0.01512254 -0.01059502
v -0.01513785 0.01519342 -0.01029587
v -0.01498409 0.01520065 -0.01032129
v -0.01498409 0.01523334 -0.01003849
v -0.01513785 0.01522223 -0.01000759
v -0.01498409 0.01521804 -0.00974127
v -0.01513784 0.01520116 -0.00970828
v -0.01498409 0.01514976 -0.00944206
v -0.01513784 0.01512689 -0.00941115
v -0.01498409 0.01502795 -0.00915506
v -0.01513784 0.01500083 -0.00913027
v -0.01498409 0.01485713 -0.00889423
v -0.01513784 0.01482922 -0.00887850
v -0.01498409 0.01464642 -0.00867107
v -0.01513784 0.01462211 -0.00866559
v -0.01498409 0.01440789 -0.00849309
v -0.01513784 0.01439165 -0.00849706
v -0.01529386 0.01437219 -0.00852886
v -0.01544585 0.01433887 -0.00858328
v -0.01558713 0.01429226 -0.00865945
v -0.01571157 0.01423403 -0.00875461
v -0.01581440 0.01416678 -0.00886449
v -0.01589283 0.01409372 -0.00898385
v -0.01589283 0.01424851 -0.00909704
v -0.01581440 0.01434011 -0.00899127
v -0.01571157 0.01442445 -0.00889388
v -0.01558713 0.01449748 -0.00880951
v -0.01544584 0.01455594 -0.00874200
v -0.01529386 0.01459771 -0.00869378
v -0.01589283 0.01438761 -0.00924003
v -0.01589283 0.01450287 -0.00940913
v -0.01589283 0.01458753 -0.00959778
v -0.01589283 0.01463742 -0.00979736
v -0.01589283 0.01465156 -0.00999838
v -0.01589283 0.01463222 -0.01019200
v -0.01589283 0.01456267 -0.01042670
v -0.01529386 0.01505542 -0.01063105
v -0.01529386 0.01515675 -0.01028910
v -0.01529386 0.01518493 -0.01000699
v -0.01529386 0.01516431 -0.00971409
v -0.01529386 0.01509163 -0.00942334
v -0.01529386 0.01496828 -0.00914848
v -0.01529386 0.01480036 -0.00890213
v -0.01544585 0.01499649 -0.01060659
v -0.01544585 0.01509400 -0.01027748
v -0.01544585 0.01512114 -0.01000595
v -0.01544584 0.01510129 -0.00972408
v -0.01544584 0.01503134 -0.00944421
v -0.01544584 0.01491263 -0.00917965
v -0.01544584 0.01475099 -0.00894254
v -0.01558713 0.01491401 -0.01057240
v -0.01558713 0.01500621 -0.01026124
v -0.01558713 0.01503185 -0.01000452
v -0.01558713 0.01501309 -0.00973800
v -0.01558713 0.01494696 -0.00947341
v -0.01558713 0.01483471 -0.00922328
v -0.01558713 0.01468190 -0.00899911
v -0.01571157 0.01481094 -0.01052967
v -0.01571157 0.01489649 -0.01024091
v -0.01571157 0.01492029 -0.01000273
v -0.01571157 0.01490288 -0.00975540
v -0.01571157 0.01484152 -0.00950989
v -0.01571157 0.01473736 -0.00927782
v -0.01571157 0.01459556 -0.00906980
v -0.01581440 0.01469194 -0.01048031
v -0.01581440 0.01476981 -0.01021749
v -0.01581440 0.01479148 -0.01000064
v -0.01581440 0.01477563 -0.00977552
v -0.01581440 0.01471978 -0.00955203
v -0.01581440 0.01462496 -0.00934076
v -0.01581440 0.01449589 -0.00915140
v -0.01581440 0.01383819 -0.01123807
v -0.01571157 0.01387306 -0.01136207
v -0.01558713 0.01390327 -0.01146948
v -0.01544585 0.01392744 -0.01155543
v -0.01529386 0.01394471 -0.01161685
v -0.01581440 0.01353783 -0.01128575
v -0.01571157 0.01354309 -0.01141447
v -0.01558713 0.01354767 -0.01152596
v -0.01544585 0.01355132 -0.01161519
v -0.01529386 0.01355392 -0.01167893
v -0.01488621 0.01375643 -0.01170826
v -0.01478833 0.01376807 -0.01170638
v -0.01488621 0.01403577 -0.01164040
v -0.01478833 0.01405657 -0.01163333
v -0.01488621 0.01431050 -0.01152226
v -0.01478833 0.01433670 -0.01150793
v -0.01488621 0.01456720 -0.01135430
v -0.01478833 0.01459440 -0.01133242
v -0.01488621 0.01479278 -0.01114166
v -0.01478833 0.01481686 -0.01111397
v -0.01488621 0.01497643 -0.01089394
v -0.01478833 0.01499455 -0.01086372
v -0.01488621 0.01511147 -0.01062372
v -0.01478833 0.01512254 -0.01059502
v -0.01488621 0.01519587 -0.01034447
v -0.01478833 0.01520065 -0.01032129
v -0.01478833 0.01523334 -0.01003849
v -0.01488621 0.01523434 -0.00997954
v -0.01478833 0.01521804 -0.00974127
v -0.01488621 0.01519587 -0.00961461
v -0.01478833 0.01514976 -0.00944206
v -0.01488621 0.01507208 -0.00924364
v -0.01478833 0.01502795 -0.00915506
v -0.01488621 0.01485713 -0.00889423
v -0.01478833 0.01485713 -0.00889423
v -0.01478833 0.01464642 -0.00867107
v -0.01488621 0.01456720 -0.00860482
v -0.01478833 0.01440789 -0.00849309
v -0.01488621 0.01422024 -0.00839180
v -0.01478833 0.01415468 -0.00836301
v -0.01488621 0.01384928 -0.00826803
v -0.01478833 0.01382609 -0.00826323
v -0.01543834 -0.01380315 -0.02309850
v -0.01543834 -0.01373380 -0.02407992
v -0.01543834 -0.01414023 -0.02391138
v -0.01543834 -0.01339670 -0.02326703
v -0.01543834 -0.01351566 -0.02297956
v -0.01543834 -0.01322817 -0.02286058
v -0.01543834 -0.01363462 -0.02269205
v -0.01543834 -0.01329752 -0.02187916
v -0.01543834 -0.01289108 -0.02204773
v -0.01543834 -0.01258383 -0.02360412
v -0.01543834 -0.01241528 -0.02319768
v -0.01543834 -0.01444749 -0.02235499
v -0.01543834 -0.01461604 -0.02276140
v -0.01575687 -0.01397169 -0.02350494
v -0.01591242 -0.01414023 -0.02391138
v -0.01607541 -0.01380315 -0.02309850
v -0.01594620 -0.01410145 -0.02381787
v -0.01601106 -0.01419615 -0.02331212
v -0.01594620 -0.01421052 -0.02372992
v -0.01594620 -0.01452250 -0.02280021
v -0.01594620 -0.01453302 -0.02308383
v -0.01594620 -0.01453757 -0.02293947
v -0.01594620 -0.01450745 -0.02322906
v -0.01594620 -0.01446066 -0.02337053
v -0.01594620 -0.01439380 -0.02350372
v -0.01594620 -0.01430930 -0.02362457
v -0.01575687 -0.01420959 -0.02292996
v -0.01591242 -0.01461604 -0.02276140
v -0.01567959 -0.01453175 -0.02255821
v -0.01591885 -0.01457325 -0.02265826
v -0.01591242 -0.01444749 -0.02235499
v -0.01591885 -0.01449027 -0.02245813
v -0.01592085 -0.01453175 -0.02255821
v -0.01575687 -0.01404104 -0.02252352
v -0.01607541 -0.01363462 -0.02269205
v -0.01594620 -0.01435397 -0.02239376
v -0.01601056 -0.01384453 -0.02229458
v -0.01594620 -0.01416067 -0.02218592
v -0.01594620 -0.01426604 -0.02228468
v -0.01594620 -0.01333631 -0.02197271
v -0.01594620 -0.01347559 -0.02195763
v -0.01594620 -0.01361994 -0.02196219
v -0.01594620 -0.01376516 -0.02198776
v -0.01594620 -0.01390665 -0.02203455
v -0.01594620 -0.01403984 -0.02210140
v -0.01575687 -0.01346607 -0.02228561
v -0.01591242 -0.01329752 -0.02187916
v -0.01567959 -0.01393702 -0.02399564
v -0.01591242 -0.01373380 -0.02407992
v -0.01592085 -0.01393702 -0.02399564
v -0.01567959 -0.01309430 -0.02196345
v -0.01592085 -0.01309430 -0.02196345
v -0.01591242 -0.01289108 -0.02204773
v -0.01575687 -0.01305962 -0.02245417
v -0.01607541 -0.01322817 -0.02286058
v -0.01594620 -0.01292987 -0.02214125
v -0.01601106 -0.01283517 -0.02264696
v -0.01594620 -0.01282080 -0.02222916
v -0.01594620 -0.01250882 -0.02315891
v -0.01594620 -0.01249830 -0.02287528
v -0.01594620 -0.01249375 -0.02301961
v -0.01594620 -0.01252387 -0.02273005
v -0.01594620 -0.01257066 -0.02258855
v -0.01594620 -0.01263752 -0.02245536
v -0.01594620 -0.01272202 -0.02233454
v -0.01575687 -0.01282173 -0.02302915
v -0.01591242 -0.01241528 -0.02319768
v -0.01567959 -0.01249956 -0.02340090
v -0.01591885 -0.01245806 -0.02330082
v -0.01591242 -0.01258383 -0.02360412
v -0.01591885 -0.01254105 -0.02350098
v -0.01592085 -0.01249956 -0.02340090
v -0.01575687 -0.01299027 -0.02343559
v -0.01607541 -0.01339670 -0.02326703
v -0.01594620 -0.01267735 -0.02356535
v -0.01601056 -0.01318679 -0.02366453
v -0.01594620 -0.01276528 -0.02367443
v -0.01594620 -0.01369501 -0.02398640
v -0.01594620 -0.01341137 -0.02399692
v -0.01594620 -0.01355573 -0.02400145
v -0.01594620 -0.01326615 -0.02397135
v -0.01594620 -0.01312467 -0.02392456
v -0.01594620 -0.01299148 -0.02385771
v -0.01594620 -0.01287063 -0.02377319
v -0.01575687 -0.01356525 -0.02367347
v -0.01589284 -0.01330320 -0.02183166
v -0.01586020 -0.01304370 -0.02184140
v -0.01581441 -0.01327773 -0.02169406
v -0.01577792 -0.01299542 -0.02172497
v -0.01571157 -0.01325428 -0.02156740
v -0.01567503 -0.01295146 -0.02161896
v -0.01558714 -0.01323398 -0.02145767
v -0.01555419 -0.01291367 -0.02152782
v -0.01544585 -0.01321773 -0.02136987
v -0.01541947 -0.01288354 -0.02145517
v -0.01529387 -0.01320612 -0.02130714
v -0.01527595 -0.01286201 -0.02140325
v -0.01513785 -0.01319932 -0.02127048
v -0.01512910 -0.01284937 -0.02137279
v -0.01498410 -0.01317392 -0.02126324
v -0.01498410 -0.01284533 -0.02136302
v -0.01513785 -0.01358677 -0.02124288
v -0.01529387 -0.01358525 -0.02128017
v -0.01529387 -0.01397603 -0.02134222
v -0.01544585 -0.01395876 -0.02140364
v -0.01529387 -0.01434473 -0.02149448
v -0.01544585 -0.01431394 -0.02155039
v -0.01529387 -0.01466712 -0.02172780
v -0.01544585 -0.01462392 -0.02177474
v -0.01544585 -0.01486380 -0.02205095
v -0.01558714 -0.01479026 -0.02210161
v -0.01558714 -0.01494532 -0.02238670
v -0.01571157 -0.01484227 -0.02242943
v -0.01571157 -0.01492781 -0.02271819
v -0.01581441 -0.01480114 -0.02274161
v -0.01581441 -0.01482280 -0.02295846
v -0.01589284 -0.01468288 -0.02296072
v -0.01589284 -0.01466873 -0.02316174
v -0.01589284 -0.01461885 -0.02336129
v -0.01589284 -0.01453418 -0.02354997
v -0.01589284 -0.01441892 -0.02371907
v -0.01589284 -0.01427984 -0.02386206
v -0.01589284 -0.01412504 -0.02397525
v -0.01586020 -0.01398762 -0.02411771
v -0.01581441 -0.01419809 -0.02409461
v -0.01577792 -0.01403590 -0.02423411
v -0.01571157 -0.01426534 -0.02420449
v -0.01567503 -0.01407986 -0.02434012
v -0.01558714 -0.01432359 -0.02429965
v -0.01555419 -0.01411765 -0.02443126
v -0.01544585 -0.01437020 -0.02437582
v -0.01541947 -0.01414778 -0.02450394
v -0.01529387 -0.01440350 -0.02443024
v -0.01527596 -0.01416931 -0.02455586
v -0.01513785 -0.01442298 -0.02446204
v -0.01512910 -0.01418195 -0.02458632
v -0.01513785 -0.01398612 -0.02130633
v -0.01513785 -0.01436257 -0.02146172
v -0.01513785 -0.01469236 -0.02170035
v -0.01529387 -0.01491635 -0.02201477
v -0.01544585 -0.01502781 -0.02235248
v -0.01558714 -0.01503753 -0.02269786
v -0.01571157 -0.01495161 -0.02295637
v -0.01581441 -0.01480695 -0.02318358
v -0.01513785 -0.01494707 -0.02199361
v -0.01513785 -0.01512120 -0.02231377
v -0.01513785 -0.01522475 -0.02266323
v -0.01513785 -0.01525354 -0.02295151
v -0.01513785 -0.01523247 -0.02325082
v -0.01513785 -0.01515820 -0.02354795
v -0.01513785 -0.01503215 -0.02382883
v -0.01513785 -0.01486053 -0.02408060
v -0.01513785 -0.01465344 -0.02429351
v -0.01589284 -0.01466354 -0.02276709
v -0.01589284 -0.01459400 -0.02253240
v -0.01589284 -0.01447704 -0.02231735
v -0.01589284 -0.01430597 -0.02212038
v -0.01589284 -0.01408584 -0.02196088
v -0.01589284 -0.01383164 -0.02185574
v -0.01589284 -0.01356342 -0.02181315
v -0.01544585 -0.01358264 -0.02134391
v -0.01558714 -0.01357897 -0.02143314
v -0.01571157 -0.01357441 -0.02154460
v -0.01581441 -0.01356914 -0.02167332
v -0.01558714 -0.01393459 -0.02148962
v -0.01571157 -0.01390439 -0.02159703
v -0.01581441 -0.01386952 -0.02172103
v -0.01558714 -0.01427070 -0.02162850
v -0.01571157 -0.01421655 -0.02172607
v -0.01581441 -0.01415394 -0.02183863
v -0.01558714 -0.01456346 -0.02184045
v -0.01571157 -0.01448793 -0.02192259
v -0.01581441 -0.01440071 -0.02201739
v -0.01571157 -0.01469838 -0.02216488
v -0.01581441 -0.01459228 -0.02223798
v -0.01529387 -0.01508675 -0.02232805
v -0.01544585 -0.01512533 -0.02268162
v -0.01558714 -0.01506318 -0.02295458
v -0.01571157 -0.01493421 -0.02320367
v -0.01581441 -0.01475109 -0.02340707
v -0.01581441 -0.01472326 -0.02247879
v -0.01529387 -0.01518806 -0.02267000
v -0.01544585 -0.01515245 -0.02295315
v -0.01558714 -0.01504441 -0.02322110
v -0.01571157 -0.01487283 -0.02344918
v -0.01581441 -0.01465628 -0.02361834
v -0.01529387 -0.01521625 -0.02295211
v -0.01544585 -0.01513261 -0.02323502
v -0.01558714 -0.01497828 -0.02348569
v -0.01571157 -0.01476868 -0.02368128
v -0.01581441 -0.01452721 -0.02380770
v -0.01529387 -0.01519563 -0.02324498
v -0.01544585 -0.01506267 -0.02351489
v -0.01558714 -0.01486603 -0.02373579
v -0.01571157 -0.01462688 -0.02388930
v -0.01581441 -0.01437143 -0.02396783
v -0.01529387 -0.01512296 -0.02353576
v -0.01544585 -0.01494394 -0.02377942
v -0.01558714 -0.01471322 -0.02395999
v -0.01571157 -0.01445576 -0.02406522
v -0.01529387 -0.01499961 -0.02381062
v -0.01544585 -0.01478232 -0.02401656
v -0.01558714 -0.01452880 -0.02414957
v -0.01529387 -0.01483169 -0.02405697
v -0.01544585 -0.01458726 -0.02421707
v -0.01529387 -0.01462901 -0.02426532
v -0.01589284 -0.01272535 -0.02383873
v -0.01589284 -0.01255428 -0.02364176
v -0.01581441 -0.01263061 -0.02394169
v -0.01581441 -0.01243904 -0.02372113
v -0.01571157 -0.01254339 -0.02403652
v -0.01571157 -0.01233294 -0.02379420
v -0.01558714 -0.01246785 -0.02411863
v -0.01558714 -0.01224106 -0.02385750
v -0.01544585 -0.01240740 -0.02418434
v -0.01544585 -0.01216752 -0.02390817
v -0.01529387 -0.01236420 -0.02423131
v -0.01529387 -0.01211497 -0.02394435
v -0.01513785 -0.01233896 -0.02425876
v -0.01513785 -0.01208425 -0.02396551
v -0.01498410 -0.01218315 -0.02411398
v -0.01498410 -0.01200546 -0.02386373
v -0.01589284 -0.01294548 -0.02399820
v -0.01581441 -0.01287738 -0.02412045
v -0.01571157 -0.01281477 -0.02423304
v -0.01558714 -0.01276062 -0.02433058
v -0.01544585 -0.01271737 -0.02440873
v -0.01529387 -0.01268659 -0.02446461
v -0.01513785 -0.01266875 -0.02449736
v -0.01498410 -0.01240560 -0.02433243
v -0.01498410 -0.01266330 -0.02450794
v -0.01498410 -0.01294343 -0.02463335
v -0.01513785 -0.01304520 -0.02465278
v -0.01498410 -0.01323193 -0.02470639
v -0.01513785 -0.01344455 -0.02471620
v -0.01513785 -0.01383200 -0.02468863
v -0.01589284 -0.01319968 -0.02410334
v -0.01589284 -0.01346790 -0.02414596
v -0.01589284 -0.01372812 -0.02412742
v -0.01581441 -0.01375359 -0.02426502
v -0.01571157 -0.01377704 -0.02439171
v -0.01558714 -0.01379734 -0.02450141
v -0.01544585 -0.01381359 -0.02458921
v -0.01529387 -0.01382520 -0.02465194
v -0.01513785 -0.01191012 -0.02364534
v -0.01498410 -0.01187747 -0.02359503
v -0.01513785 -0.01180657 -0.02329588
v -0.01498410 -0.01179936 -0.02332130
v -0.01498410 -0.01176665 -0.02303850
v -0.01513785 -0.01177778 -0.02300760
v -0.01498410 -0.01178195 -0.02274129
v -0.01513785 -0.01179885 -0.02270829
v -0.01498410 -0.01185025 -0.02244207
v -0.01513785 -0.01187312 -0.02241117
v -0.01498410 -0.01197205 -0.02215507
v -0.01513785 -0.01199917 -0.02213028
v -0.01498410 -0.01214286 -0.02189421
v -0.01513785 -0.01217079 -0.02187851
v -0.01498410 -0.01235358 -0.02167108
v -0.01513785 -0.01237788 -0.02166560
v -0.01498410 -0.01259210 -0.02149311
v -0.01513785 -0.01260834 -0.02149704
v -0.01529386 -0.01262782 -0.02152887
v -0.01544585 -0.01266112 -0.02158329
v -0.01558713 -0.01270773 -0.02165943
v -0.01571157 -0.01276598 -0.02175462
v -0.01581441 -0.01283323 -0.02186450
v -0.01589284 -0.01290628 -0.02198386
v -0.01589284 -0.01275148 -0.02209705
v -0.01581441 -0.01265989 -0.02199125
v -0.01571157 -0.01257556 -0.02189389
v -0.01558713 -0.01250251 -0.02180952
v -0.01544585 -0.01244407 -0.02174201
v -0.01529386 -0.01240230 -0.02169379
v -0.01589284 -0.01261240 -0.02224004
v -0.01589284 -0.01249714 -0.02240914
v -0.01589284 -0.01241247 -0.02259779
v -0.01589284 -0.01236259 -0.02279737
v -0.01589284 -0.01234844 -0.02299839
v -0.01589284 -0.01236778 -0.02319202
v -0.01589284 -0.01243732 -0.02342671
v -0.01529387 -0.01194457 -0.02363103
v -0.01529387 -0.01184326 -0.02328908
v -0.01529386 -0.01181506 -0.02300700
v -0.01529386 -0.01183569 -0.02271411
v -0.01529386 -0.01190836 -0.02242335
v -0.01529386 -0.01203171 -0.02214849
v -0.01529386 -0.01219963 -0.02190211
v -0.01544585 -0.01200350 -0.02360660
v -0.01544585 -0.01190599 -0.02327749
v -0.01544585 -0.01187887 -0.02300596
v -0.01544585 -0.01189870 -0.02272406
v -0.01544585 -0.01196865 -0.02244422
v -0.01544585 -0.01208738 -0.02217966
v -0.01544585 -0.01224900 -0.02194255
v -0.01558714 -0.01208600 -0.02357241
v -0.01558714 -0.01199379 -0.02326122
v -0.01558714 -0.01196814 -0.02300453
v -0.01558713 -0.01198690 -0.02273801
v -0.01558713 -0.01205304 -0.02247342
v -0.01558713 -0.01216529 -0.02222329
v -0.01558713 -0.01231810 -0.02199912
v -0.01571157 -0.01218905 -0.02352965
v -0.01571157 -0.01210351 -0.02324092
v -0.01571157 -0.01207971 -0.02300271
v -0.01571157 -0.01209711 -0.02275541
v -0.01571157 -0.01215849 -0.02250990
v -0.01571157 -0.01226264 -0.02227783
v -0.01571157 -0.01240444 -0.02206978
v -0.01581441 -0.01230805 -0.02348032
v -0.01581441 -0.01223018 -0.02321747
v -0.01581441 -0.01220851 -0.02300066
v -0.01581441 -0.01222437 -0.02277553
v -0.01581441 -0.01228023 -0.02255204
v -0.01581441 -0.01237504 -0.02234077
v -0.01581441 -0.01250411 -0.02215141
v -0.01581441 -0.01316180 -0.02423805
v -0.01571157 -0.01312693 -0.02436209
v -0.01558714 -0.01309673 -0.02446949
v -0.01544585 -0.01307256 -0.02455544
v -0.01529387 -0.01305529 -0.02461687
v -0.01581441 -0.01346218 -0.02428576
v -0.01571157 -0.01345690 -0.02441448
v -0.01558714 -0.01345234 -0.02452597
v -0.01544585 -0.01344868 -0.02461520
v -0.01529387 -0.01344607 -0.02467894
v -0.01488622 -0.01324356 -0.02470827
v -0.01478834 -0.01323193 -0.02470639
v -0.01488622 -0.01296423 -0.02464041
v -0.01478834 -0.01294343 -0.02463335
v -0.01488622 -0.01268949 -0.02452227
v -0.01478834 -0.01266330 -0.02450794
v -0.01488622 -0.01243279 -0.02435428
v -0.01478834 -0.01240560 -0.02433243
v -0.01488622 -0.01220723 -0.02414167
v -0.01478834 -0.01218315 -0.02411398
v -0.01488622 -0.01202356 -0.02389395
v -0.01478834 -0.01200546 -0.02386373
v -0.01488622 -0.01188853 -0.02362370
v -0.01478834 -0.01187747 -0.02359503
v -0.01488622 -0.01180413 -0.02334449
v -0.01478834 -0.01179936 -0.02332130
v -0.01478834 -0.01176665 -0.02303850
v -0.01488622 -0.01176565 -0.02297956
v -0.01478834 -0.01178195 -0.02274129
v -0.01488622 -0.01180413 -0.02261463
v -0.01478834 -0.01185025 -0.02244207
v -0.01488622 -0.01192791 -0.02224365
v -0.01478834 -0.01197205 -0.02215507
v -0.01488622 -0.01214286 -0.02189421
v -0.01478834 -0.01214286 -0.02189421
v -0.01478834 -0.01235358 -0.02167108
v -0.01488622 -0.01243279 -0.02160480
v -0.01478834 -0.01259210 -0.02149311
v -0.01488622 -0.01277975 -0.02139181
v -0.01478834 -0.01284533 -0.02136302
v -0.01488622 -0.01315073 -0.02126801
v -0.01478834 -0.01317392 -0.02126324
v -0.01543833 0.01069685 0.00740150
v -0.01543833 0.01076620 0.00642008
v -0.01543833 0.01035976 0.00658864
v -0.01543833 0.01110328 0.00723297
v -0.01543833 0.01098434 0.00752047
v -0.01543833 0.01127183 0.00763941
v -0.01543833 0.01086538 0.00780794
v -0.01543833 0.01120248 0.00862083
v -0.01543833 0.01160891 0.00845230
v -0.01543833 0.01191617 0.00689587
v -0.01543833 0.01208470 0.00730232
v -0.01543833 0.01005251 0.00814504
v -0.01543833 0.00988396 0.00773859
v -0.01575686 0.01052830 0.00699505
v -0.01591241 0.01035976 0.00658864
v -0.01607540 0.01069685 0.00740150
v -0.01594619 0.01039854 0.00668216
v -0.01601105 0.01030385 0.00718787
v -0.01594619 0.01028947 0.00677008
v -0.01594619 0.00997750 0.00769982
v -0.01594619 0.00996698 0.00741616
v -0.01594619 0.00996243 0.00756052
v -0.01594619 0.00999255 0.00727093
v -0.01594619 0.01003934 0.00712946
v -0.01594619 0.01010618 0.00699628
v -0.01594619 0.01019070 0.00687543
v -0.01575686 0.01029041 0.00757006
v -0.01591241 0.00988396 0.00773859
v -0.01567958 0.00996823 0.00794181
v -0.01591884 0.00992674 0.00784174
v -0.01591241 0.01005251 0.00814504
v -0.01591884 0.01000973 0.00804189
v -0.01592084 0.00996823 0.00794181
v -0.01575686 0.01045895 0.00797647
v -0.01607540 0.01086538 0.00780794
v -0.01594619 0.01014603 0.00810623
v -0.01601055 0.01065547 0.00820545
v -0.01594619 0.01033933 0.00831410
v -0.01594619 0.01023396 0.00821531
v -0.01594619 0.01116369 0.00852731
v -0.01594619 0.01102441 0.00854236
v -0.01594619 0.01088004 0.00853783
v -0.01594619 0.01073483 0.00851226
v -0.01594619 0.01059335 0.00846547
v -0.01594619 0.01046016 0.00839859
v -0.01575686 0.01103393 0.00821439
v -0.01591241 0.01120248 0.00862083
v -0.01567958 0.01056298 0.00650436
v -0.01591241 0.01076620 0.00642008
v -0.01592084 0.01056298 0.00650436
v -0.01567958 0.01140568 0.00853655
v -0.01592084 0.01140568 0.00853655
v -0.01591241 0.01160891 0.00845230
v -0.01575686 0.01144037 0.00804585
v -0.01607540 0.01127183 0.00763941
v -0.01594619 0.01157013 0.00835875
v -0.01601105 0.01166481 0.00785303
v -0.01594619 0.01167919 0.00827083
v -0.01594619 0.01199118 0.00734112
v -0.01594619 0.01200170 0.00762475
v -0.01594619 0.01200624 0.00748038
v -0.01594619 0.01197613 0.00776997
v -0.01594619 0.01192934 0.00791145
v -0.01594619 0.01186248 0.00804463
v -0.01594619 0.01177797 0.00816548
v -0.01575686 0.01167827 0.00747088
v -0.01591241 0.01208470 0.00730232
v -0.01567958 0.01200043 0.00709909
v -0.01591884 0.01204193 0.00719917
v -0.01591241 0.01191617 0.00689587
v -0.01591884 0.01195895 0.00699905
v -0.01592084 0.01200043 0.00709909
v -0.01575686 0.01150972 0.00706443
v -0.01607540 0.01110328 0.00723297
v -0.01594619 0.01182265 0.00693467
v -0.01601055 0.01131321 0.00683546
v -0.01594619 0.01173472 0.00682560
v -0.01594619 0.01080499 0.00651360
v -0.01594619 0.01108862 0.00650308
v -0.01594619 0.01094427 0.00649855
v -0.01594619 0.01123384 0.00652868
v -0.01594619 0.01137533 0.00657547
v -0.01594619 0.01150852 0.00664231
v -0.01594619 0.01162935 0.00672683
v -0.01575686 0.01093475 0.00682652
v -0.01589282 0.01119680 0.00866834
v -0.01586019 0.01145630 0.00865862
v -0.01581440 0.01122226 0.00880593
v -0.01577791 0.01150458 0.00877503
v -0.01571156 0.01124570 0.00893259
v -0.01567502 0.01154854 0.00888103
v -0.01558713 0.01126601 0.00904232
v -0.01555418 0.01158633 0.00897217
v -0.01544584 0.01128227 0.00913012
v -0.01541946 0.01161646 0.00904483
v -0.01529386 0.01129388 0.00919286
v -0.01527595 0.01163799 0.00909677
v -0.01513784 0.01130067 0.00922954
v -0.01512909 0.01165063 0.00912723
v -0.01498409 0.01132608 0.00923675
v -0.01498409 0.01165467 0.00913698
v -0.01513784 0.01091323 0.00925711
v -0.01529386 0.01091475 0.00921986
v -0.01529386 0.01052397 0.00915778
v -0.01544584 0.01054124 0.00909636
v -0.01529386 0.01015527 0.00900552
v -0.01544584 0.01018605 0.00894964
v -0.01529386 0.00983288 0.00877223
v -0.01544584 0.00987608 0.00872526
v -0.01544584 0.00963620 0.00844905
v -0.01558713 0.00970974 0.00839842
v -0.01558713 0.00955468 0.00811330
v -0.01571156 0.00965773 0.00807056
v -0.01571156 0.00957218 0.00778183
v -0.01581440 0.00969886 0.00775838
v -0.01581440 0.00967719 0.00754154
v -0.01589282 0.00981712 0.00753930
v -0.01589282 0.00983126 0.00733826
v -0.01589282 0.00988115 0.00713870
v -0.01589282 0.00996581 0.00695005
v -0.01589282 0.01008106 0.00678095
v -0.01589282 0.01022016 0.00663796
v -0.01589282 0.01037495 0.00652474
v -0.01586018 0.01051237 0.00638229
v -0.01581440 0.01030191 0.00640541
v -0.01577790 0.01046409 0.00626588
v -0.01571156 0.01023466 0.00629553
v -0.01567502 0.01042014 0.00615987
v -0.01558713 0.01017641 0.00620034
v -0.01555417 0.01038235 0.00606874
v -0.01544584 0.01012980 0.00612420
v -0.01541946 0.01035222 0.00599608
v -0.01529386 0.01009650 0.00606978
v -0.01527595 0.01033068 0.00594416
v -0.01513784 0.01007702 0.00603795
v -0.01512909 0.01031805 0.00591371
v -0.01513784 0.01051388 0.00919369
v -0.01513784 0.01013743 0.00903827
v -0.01513784 0.00980762 0.00879967
v -0.01529386 0.00958364 0.00848526
v -0.01544584 0.00947218 0.00814751
v -0.01558713 0.00946247 0.00780213
v -0.01571156 0.00954839 0.00754362
v -0.01581440 0.00969305 0.00731644
v -0.01513784 0.00955293 0.00850642
v -0.01513784 0.00937880 0.00818622
v -0.01513784 0.00927525 0.00783679
v -0.01513784 0.00924645 0.00754851
v -0.01513784 0.00926753 0.00724921
v -0.01513784 0.00934180 0.00695205
v -0.01513784 0.00946785 0.00667116
v -0.01513784 0.00963945 0.00641939
v -0.01513784 0.00984656 0.00620648
v -0.01589282 0.00983646 0.00773293
v -0.01589282 0.00990600 0.00796762
v -0.01589282 0.01002296 0.00818265
v -0.01589282 0.01019403 0.00837961
v -0.01589282 0.01041416 0.00853911
v -0.01589282 0.01066836 0.00864425
v -0.01589282 0.01093658 0.00868684
v -0.01544584 0.01091736 0.00915608
v -0.01558713 0.01092101 0.00906688
v -0.01571156 0.01092558 0.00895539
v -0.01581440 0.01093084 0.00882667
v -0.01558713 0.01056541 0.00901041
v -0.01571156 0.01059561 0.00890297
v -0.01581440 0.01063048 0.00877896
v -0.01558713 0.01022930 0.00887150
v -0.01571156 0.01028345 0.00877395
v -0.01581440 0.01034606 0.00866136
v -0.01558713 0.00993653 0.00865954
v -0.01571156 0.01001207 0.00857741
v -0.01581440 0.01009928 0.00848261
v -0.01571156 0.00980162 0.00833512
v -0.01581440 0.00990771 0.00826204
v -0.01529386 0.00941325 0.00817195
v -0.01544584 0.00937467 0.00781840
v -0.01558713 0.00943682 0.00754541
v -0.01571156 0.00956579 0.00729633
v -0.01581440 0.00974891 0.00709295
v -0.01581440 0.00977673 0.00802121
v -0.01529386 0.00931194 0.00783000
v -0.01544584 0.00934753 0.00754687
v -0.01558713 0.00945558 0.00727892
v -0.01571156 0.00962717 0.00705081
v -0.01581440 0.00984371 0.00688169
v -0.01529386 0.00928374 0.00754789
v -0.01544584 0.00936738 0.00726497
v -0.01558713 0.00952171 0.00701434
v -0.01571156 0.00973131 0.00681871
v -0.01581440 0.00997279 0.00669229
v -0.01529386 0.00930437 0.00725502
v -0.01544584 0.00943733 0.00698513
v -0.01558713 0.00963396 0.00676420
v -0.01571156 0.00987311 0.00661069
v -0.01581440 0.01012856 0.00653216
v -0.01529386 0.00937704 0.00696427
v -0.01544584 0.00955606 0.00672057
v -0.01558713 0.00978678 0.00654000
v -0.01571156 0.01004424 0.00643477
v -0.01529386 0.00950039 0.00668940
v -0.01544584 0.00971768 0.00648344
v -0.01558713 0.00997119 0.00635043
v -0.01529386 0.00966831 0.00644303
v -0.01544584 0.00991274 0.00628293
v -0.01529386 0.00987098 0.00623468
v -0.01589282 0.01177465 0.00666130
v -0.01589282 0.01194572 0.00685826
v -0.01581440 0.01186939 0.00655830
v -0.01581440 0.01206096 0.00677887
v -0.01571156 0.01195661 0.00646350
v -0.01571156 0.01216706 0.00670579
v -0.01558713 0.01203214 0.00638136
v -0.01558713 0.01225894 0.00664249
v -0.01544584 0.01209260 0.00631565
v -0.01544584 0.01233248 0.00659186
v -0.01529386 0.01213580 0.00626868
v -0.01529386 0.01238502 0.00655565
v -0.01513784 0.01216104 0.00624123
v -0.01513784 0.01241574 0.00653449
v -0.01498409 0.01231684 0.00638604
v -0.01498409 0.01249454 0.00663626
v -0.01589282 0.01155452 0.00650180
v -0.01581440 0.01162261 0.00637955
v -0.01571156 0.01168523 0.00626695
v -0.01558713 0.01173938 0.00616941
v -0.01544584 0.01178262 0.00609127
v -0.01529386 0.01181341 0.00603539
v -0.01513784 0.01183125 0.00600264
v -0.01498409 0.01209438 0.00616759
v -0.01498409 0.01183670 0.00599206
v -0.01498409 0.01155657 0.00586665
v -0.01513784 0.01145480 0.00584722
v -0.01498409 0.01126806 0.00579360
v -0.01513784 0.01105545 0.00578380
v -0.01513784 0.01066800 0.00581136
v -0.01589282 0.01130032 0.00639665
v -0.01589282 0.01103210 0.00635407
v -0.01589282 0.01077188 0.00637257
v -0.01581440 0.01074641 0.00623498
v -0.01571156 0.01072296 0.00610832
v -0.01558713 0.01070266 0.00599858
v -0.01544584 0.01068640 0.00591079
v -0.01529386 0.01067480 0.00584805
v -0.01513784 0.01258988 0.00685468
v -0.01498409 0.01262253 0.00690496
v -0.01513784 0.01269341 0.00720412
v -0.01498409 0.01270064 0.00717870
v -0.01498409 0.01273335 0.00746149
v -0.01513784 0.01272222 0.00749242
v -0.01498409 0.01271804 0.00775871
v -0.01513784 0.01270115 0.00779170
v -0.01498409 0.01264975 0.00805792
v -0.01513784 0.01262688 0.00808886
v -0.01498409 0.01252795 0.00834495
v -0.01513784 0.01250083 0.00836975
v -0.01498409 0.01235714 0.00860578
v -0.01513784 0.01232921 0.00862152
v -0.01498409 0.01214640 0.00882891
v -0.01513784 0.01212212 0.00883442
v -0.01498409 0.01190788 0.00900692
v -0.01513784 0.01189165 0.00900296
v -0.01529386 0.01187218 0.00897116
v -0.01544584 0.01183887 0.00891671
v -0.01558713 0.01179226 0.00884056
v -0.01571156 0.01173402 0.00874540
v -0.01581440 0.01166677 0.00863552
v -0.01589282 0.01159372 0.00851616
v -0.01589282 0.01174850 0.00840295
v -0.01581440 0.01184011 0.00850874
v -0.01571156 0.01192444 0.00860614
v -0.01558713 0.01199748 0.00869048
v -0.01544584 0.01205593 0.00875798
v -0.01529386 0.01209769 0.00880623
v -0.01589282 0.01188760 0.00825995
v -0.01589282 0.01200286 0.00809086
v -0.01589282 0.01208753 0.00790221
v -0.01589282 0.01213740 0.00770265
v -0.01589282 0.01215156 0.00750163
v -0.01589282 0.01213222 0.00730801
v -0.01589282 0.01206268 0.00707328
v -0.01529386 0.01255543 0.00686896
v -0.01529386 0.01265674 0.00721091
v -0.01529386 0.01268493 0.00749302
v -0.01529386 0.01266431 0.00778589
v -0.01529386 0.01259164 0.00807664
v -0.01529386 0.01246828 0.00835151
v -0.01529386 0.01230036 0.00859788
v -0.01544584 0.01249649 0.00689340
v -0.01544584 0.01259401 0.00722253
v -0.01544584 0.01262113 0.00749403
v -0.01544584 0.01260129 0.00777593
v -0.01544584 0.01253135 0.00805578
v -0.01544584 0.01241261 0.00832033
v -0.01544584 0.01225100 0.00855747
v -0.01558713 0.01241400 0.00692761
v -0.01558713 0.01250619 0.00723878
v -0.01558713 0.01253185 0.00749549
v -0.01558713 0.01251308 0.00776199
v -0.01558713 0.01244695 0.00802660
v -0.01558713 0.01233471 0.00827670
v -0.01558713 0.01218190 0.00850091
v -0.01571156 0.01231093 0.00697035
v -0.01571156 0.01239649 0.00725907
v -0.01571156 0.01242029 0.00749728
v -0.01571156 0.01240287 0.00774458
v -0.01571156 0.01234151 0.00799009
v -0.01571156 0.01223736 0.00822219
v -0.01571156 0.01209556 0.00843021
v -0.01581440 0.01219193 0.00701970
v -0.01581440 0.01226982 0.00728253
v -0.01581440 0.01229147 0.00749937
v -0.01581440 0.01227563 0.00772450
v -0.01581440 0.01221976 0.00794798
v -0.01581440 0.01212496 0.00815925
v -0.01581440 0.01199589 0.00834862
v -0.01581440 0.01133820 0.00626195
v -0.01571156 0.01137306 0.00613794
v -0.01558713 0.01140327 0.00603053
v -0.01544584 0.01142744 0.00594455
v -0.01529386 0.01144471 0.00588313
v -0.01581440 0.01103782 0.00621423
v -0.01571156 0.01104309 0.00608552
v -0.01558713 0.01104765 0.00597403
v -0.01544584 0.01105130 0.00588483
v -0.01529386 0.01105393 0.00582108
v -0.01488621 0.01125643 0.00579173
v -0.01478833 0.01126806 0.00579360
v -0.01488621 0.01153577 0.00585961
v -0.01478833 0.01155657 0.00586665
v -0.01488621 0.01181050 0.00597775
v -0.01478833 0.01183670 0.00599206
v -0.01488621 0.01206721 0.00614572
v -0.01478833 0.01209438 0.00616759
v -0.01488621 0.01229276 0.00635836
v -0.01478833 0.01231684 0.00638604
v -0.01488621 0.01247644 0.00660604
v -0.01478833 0.01249454 0.00663626
v -0.01488621 0.01261147 0.00687629
v -0.01478833 0.01262253 0.00690496
v -0.01488621 0.01269586 0.00715551
v -0.01478833 0.01270064 0.00717870
v -0.01478833 0.01273335 0.00746149
v -0.01488621 0.01273433 0.00752047
v -0.01478833 0.01271804 0.00775871
v -0.01488621 0.01269586 0.00788540
v -0.01478833 0.01264975 0.00805792
v -0.01488621 0.01257209 0.00825638
v -0.01478833 0.01252795 0.00834495
v -0.01488621 0.01235714 0.00860578
v -0.01478833 0.01235714 0.00860578
v -0.01478833 0.01214640 0.00882891
v -0.01488621 0.01206721 0.00889519
v -0.01478833 0.01190788 0.00900692
v -0.01488621 0.01172025 0.00910819
v -0.01478833 0.01165467 0.00913698
v -0.01488621 0.01134927 0.00923199
v -0.01478833 0.01132608 0.00923675
v -0.01543833 -0.01130315 0.00740150
v -0.01543833 -0.01123380 0.00642008
v -0.01543833 -0.01164024 0.00658861
v -0.01543833 -0.01089672 0.00723297
v -0.01543833 -0.01101566 0.00752044
v -0.01543833 -0.01072817 0.00763941
v -0.01543833 -0.01113462 0.00780794
v -0.01543833 -0.01079754 0.00862083
v -0.01543833 -0.01039109 0.00845227
v -0.01543833 -0.01008383 0.00689587
v -0.01543833 -0.00991530 0.00730232
v -0.01543833 -0.01194749 0.00814504
v -0.01543833 -0.01211604 0.00773859
v -0.01575687 -0.01147170 0.00699505
v -0.01591241 -0.01164024 0.00658861
v -0.01607540 -0.01130315 0.00740150
v -0.01594619 -0.01160146 0.00668216
v -0.01601105 -0.01169615 0.00718787
v -0.01594619 -0.01171053 0.00677008
v -0.01594619 -0.01202252 0.00769979
v -0.01594619 -0.01203302 0.00741616
v -0.01594619 -0.01203757 0.00756052
v -0.01594619 -0.01200745 0.00727093
v -0.01594619 -0.01196066 0.00712946
v -0.01594619 -0.01189382 0.00699628
v -0.01594619 -0.01180930 0.00687543
v -0.01575687 -0.01170959 0.00757003
v -0.01591241 -0.01211604 0.00773859
v -0.01567958 -0.01203177 0.00794181
v -0.01591884 -0.01207326 0.00784174
v -0.01591241 -0.01194749 0.00814504
v -0.01591884 -0.01199027 0.00804186
v -0.01592084 -0.01203177 0.00794181
v -0.01575687 -0.01154106 0.00797647
v -0.01607540 -0.01113462 0.00780794
v -0.01594619 -0.01185397 0.00810623
v -0.01601055 -0.01134453 0.00820545
v -0.01594619 -0.01166069 0.00831407
v -0.01594619 -0.01176604 0.00821531
v -0.01594619 -0.01083631 0.00852731
v -0.01594619 -0.01097559 0.00854236
v -0.01594619 -0.01111996 0.00853783
v -0.01594619 -0.01126517 0.00851223
v -0.01594619 -0.01140665 0.00846544
v -0.01594619 -0.01153984 0.00839859
v -0.01575687 -0.01096607 0.00821439
v -0.01591241 -0.01079754 0.00862083
v -0.01567958 -0.01143702 0.00650436
v -0.01591241 -0.01123380 0.00642008
v -0.01592084 -0.01143702 0.00650436
v -0.01567958 -0.01059432 0.00853655
v -0.01592085 -0.01059432 0.00853655
v -0.01591241 -0.01039109 0.00845227
v -0.01575687 -0.01055963 0.00804585
v -0.01607540 -0.01072817 0.00763941
v -0.01594619 -0.01042987 0.00835875
v -0.01601105 -0.01033519 0.00785303
v -0.01594619 -0.01032081 0.00827083
v -0.01594619 -0.01000882 0.00734109
v -0.01594619 -0.00999830 0.00762475
v -0.01594619 -0.00999376 0.00748038
v -0.01594619 -0.01002387 0.00776997
v -0.01594619 -0.01007066 0.00791145
v -0.01594619 -0.01013752 0.00804463
v -0.01594619 -0.01022203 0.00816548
v -0.01575687 -0.01032173 0.00747085
v -0.01591241 -0.00991530 0.00730232
v -0.01567958 -0.00999957 0.00709909
v -0.01591884 -0.00995807 0.00719917
v -0.01591241 -0.01008383 0.00689587
v -0.01591884 -0.01004107 0.00699902
v -0.01592084 -0.00999957 0.00709909
v -0.01575687 -0.01049028 0.00706443
v -0.01607540 -0.01089672 0.00723297
v -0.01594619 -0.01017737 0.00693467
v -0.01601055 -0.01068679 0.00683546
v -0.01594619 -0.01026528 0.00682560
v -0.01594619 -0.01119501 0.00651360
v -0.01594619 -0.01091138 0.00650308
v -0.01594619 -0.01105573 0.00649855
v -0.01594619 -0.01076616 0.00652865
v -0.01594619 -0.01062467 0.00657544
v -0.01594619 -0.01049148 0.00664231
v -0.01594619 -0.01037065 0.00672680
v -0.01575687 -0.01106525 0.00682652
v -0.01589283 -0.01080320 0.00866834
v -0.01586019 -0.01054370 0.00865862
v -0.01581440 -0.01077774 0.00880593
v -0.01577791 -0.01049542 0.00877503
v -0.01571157 -0.01075430 0.00893259
v -0.01567503 -0.01045146 0.00888103
v -0.01558713 -0.01073399 0.00904232
v -0.01555418 -0.01041367 0.00897217
v -0.01544585 -0.01071773 0.00913012
v -0.01541946 -0.01038354 0.00904483
v -0.01529386 -0.01070612 0.00919286
v -0.01527595 -0.01036201 0.00909677
v -0.01513785 -0.01069934 0.00922954
v -0.01512909 -0.01034937 0.00912720
v -0.01498409 -0.01067392 0.00923675
v -0.01498409 -0.01034533 0.00913698
v -0.01513785 -0.01108677 0.00925711
v -0.01529386 -0.01108525 0.00921983
v -0.01529386 -0.01147603 0.00915778
v -0.01544585 -0.01145876 0.00909636
v -0.01529386 -0.01184473 0.00900552
v -0.01544585 -0.01181395 0.00894964
v -0.01529386 -0.01216712 0.00877223
v -0.01544585 -0.01212392 0.00872526
v -0.01544585 -0.01236381 0.00844905
v -0.01558713 -0.01229028 0.00839842
v -0.01558713 -0.01244534 0.00811330
v -0.01571157 -0.01234227 0.00807056
v -0.01571157 -0.01242782 0.00778183
v -0.01581440 -0.01230114 0.00775838
v -0.01581440 -0.01232281 0.00754154
v -0.01589283 -0.01218288 0.00753927
v -0.01589283 -0.01216874 0.00733826
v -0.01589283 -0.01211885 0.00713870
v -0.01589283 -0.01203420 0.00695005
v -0.01589283 -0.01191894 0.00678095
v -0.01589283 -0.01177984 0.00663796
v -0.01589283 -0.01162504 0.00652474
v -0.01586019 -0.01148763 0.00638229
v -0.01581440 -0.01169809 0.00640538
v -0.01577791 -0.01153591 0.00626588
v -0.01571157 -0.01176534 0.00629550
v -0.01567503 -0.01157986 0.00615987
v -0.01558713 -0.01182359 0.00620034
v -0.01555418 -0.01161765 0.00606874
v -0.01544585 -0.01187020 0.00612417
v -0.01541946 -0.01164778 0.00599608
v -0.01529386 -0.01190350 0.00606975
v -0.01527595 -0.01166932 0.00594413
v -0.01513785 -0.01192298 0.00603795
v -0.01512909 -0.01168195 0.00591368
v -0.01513785 -0.01148614 0.00919369
v -0.01513785 -0.01186257 0.00903827
v -0.01513785 -0.01219238 0.00879967
v -0.01529386 -0.01241636 0.00848526
v -0.01544585 -0.01252782 0.00814751
v -0.01558713 -0.01253753 0.00780213
v -0.01571157 -0.01245161 0.00754362
v -0.01581440 -0.01230695 0.00731641
v -0.01513785 -0.01244707 0.00850642
v -0.01513785 -0.01262120 0.00818622
v -0.01513785 -0.01272475 0.00783679
v -0.01513785 -0.01275355 0.00754848
v -0.01513785 -0.01273248 0.00724918
v -0.01513785 -0.01265820 0.00695205
v -0.01513785 -0.01253215 0.00667116
v -0.01513785 -0.01236055 0.00641939
v -0.01513785 -0.01215344 0.00620648
v -0.01589283 -0.01216354 0.00773290
v -0.01589283 -0.01209400 0.00796762
v -0.01589283 -0.01197704 0.00818265
v -0.01589283 -0.01180599 0.00837961
v -0.01589283 -0.01158584 0.00853911
v -0.01589283 -0.01133164 0.00864425
v -0.01589283 -0.01106342 0.00868684
v -0.01544585 -0.01108264 0.00915608
v -0.01558713 -0.01107899 0.00906688
v -0.01571157 -0.01107442 0.00895539
v -0.01581440 -0.01106916 0.00882667
v -0.01558713 -0.01143459 0.00901038
v -0.01571157 -0.01140439 0.00890297
v -0.01581440 -0.01136952 0.00877896
v -0.01558713 -0.01177070 0.00887150
v -0.01571157 -0.01171655 0.00877395
v -0.01581440 -0.01165394 0.00866136
v -0.01558713 -0.01206347 0.00865954
v -0.01571157 -0.01198793 0.00857741
v -0.01581440 -0.01190072 0.00848261
v -0.01571157 -0.01219838 0.00833512
v -0.01581440 -0.01209229 0.00826204
v -0.01529386 -0.01258675 0.00817195
v -0.01544585 -0.01262533 0.00781837
v -0.01558713 -0.01256318 0.00754541
v -0.01571157 -0.01243421 0.00729633
v -0.01581440 -0.01225110 0.00709292
v -0.01581440 -0.01222327 0.00802121
v -0.01529386 -0.01268808 0.00783000
v -0.01544585 -0.01265247 0.00754687
v -0.01558713 -0.01254442 0.00727892
v -0.01571157 -0.01237284 0.00705081
v -0.01581440 -0.01215629 0.00688166
v -0.01529386 -0.01271626 0.00754789
v -0.01544585 -0.01263262 0.00726497
v -0.01558713 -0.01247829 0.00701431
v -0.01571157 -0.01226869 0.00681871
v -0.01581440 -0.01202721 0.00669229
v -0.01529386 -0.01269563 0.00725502
v -0.01544585 -0.01256267 0.00698513
v -0.01558713 -0.01236604 0.00676420
v -0.01571157 -0.01212689 0.00661069
v -0.01581440 -0.01187144 0.00653216
v -0.01529386 -0.01262296 0.00696427
v -0.01544585 -0.01244395 0.00672057
v -0.01558713 -0.01221322 0.00654000
v -0.01571157 -0.01195576 0.00643477
v -0.01529386 -0.01249961 0.00668940
v -0.01544585 -0.01228232 0.00648344
v -0.01558713 -0.01202881 0.00635043
v -0.01529386 -0.01233169 0.00644303
v -0.01544585 -0.01208726 0.00628293
v -0.01529386 -0.01212903 0.00623468
v -0.01589283 -0.01022535 0.00666130
v -0.01589283 -0.01005428 0.00685826
v -0.01581440 -0.01013061 0.00655830
v -0.01581440 -0.00993904 0.00677887
v -0.01571157 -0.01004339 0.00646347
v -0.01571157 -0.00983294 0.00670579
v -0.01558713 -0.00996786 0.00638136
v -0.01558713 -0.00974106 0.00664249
v -0.01544585 -0.00990740 0.00631565
v -0.01544585 -0.00966752 0.00659186
v -0.01529386 -0.00986420 0.00626868
v -0.01529386 -0.00961498 0.00655565
v -0.01513785 -0.00983896 0.00624123
v -0.01513785 -0.00958426 0.00653449
v -0.01498409 -0.00968316 0.00638604
v -0.01498409 -0.00950546 0.00663626
v -0.01589283 -0.01044548 0.00650180
v -0.01581440 -0.01037739 0.00637955
v -0.01571157 -0.01031477 0.00626695
v -0.01558713 -0.01026062 0.00616941
v -0.01544585 -0.01021738 0.00609127
v -0.01529386 -0.01018659 0.00603539
v -0.01513785 -0.01016875 0.00600264
v -0.01498409 -0.00990561 0.00616756
v -0.01498409 -0.01016330 0.00599206
v -0.01498409 -0.01044343 0.00586665
v -0.01513785 -0.01054520 0.00584722
v -0.01498409 -0.01073194 0.00579360
v -0.01513785 -0.01094455 0.00578380
v -0.01513785 -0.01133200 0.00581136
v -0.01589283 -0.01069968 0.00639665
v -0.01589283 -0.01096790 0.00635407
v -0.01589283 -0.01122812 0.00637257
v -0.01581440 -0.01125359 0.00623498
v -0.01571157 -0.01127704 0.00610829
v -0.01558713 -0.01129734 0.00599858
v -0.01544585 -0.01131360 0.00591079
v -0.01529386 -0.01132520 0.00584805
v -0.01513785 -0.00941012 0.00685468
v -0.01498409 -0.00937747 0.00690496
v -0.01513785 -0.00930659 0.00720412
v -0.01498409 -0.00929936 0.00717870
v -0.01498409 -0.00926665 0.00746149
v -0.01513785 -0.00927778 0.00749239
v -0.01498409 -0.00928196 0.00775871
v -0.01513785 -0.00929885 0.00779170
v -0.01498409 -0.00935025 0.00805792
v -0.01513785 -0.00937312 0.00808886
v -0.01498409 -0.00947207 0.00834495
v -0.01513785 -0.00949917 0.00836975
v -0.01498409 -0.00964286 0.00860578
v -0.01513785 -0.00967079 0.00862152
v -0.01498409 -0.00985359 0.00882891
v -0.01513785 -0.00987788 0.00883442
v -0.01498409 -0.01009212 0.00900692
v -0.01513785 -0.01010835 0.00900296
v -0.01529386 -0.01012782 0.00897113
v -0.01544585 -0.01016113 0.00891671
v -0.01558713 -0.01020774 0.00884056
v -0.01571157 -0.01026598 0.00874537
v -0.01581440 -0.01033323 0.00863549
v -0.01589283 -0.01040628 0.00851616
v -0.01589283 -0.01025150 0.00840295
v -0.01581440 -0.01015989 0.00850874
v -0.01571157 -0.01007556 0.00860614
v -0.01558713 -0.01000252 0.00869048
v -0.01544585 -0.00994407 0.00875798
v -0.01529386 -0.00990231 0.00880623
v -0.01589283 -0.01011240 0.00825995
v -0.01589283 -0.00999714 0.00809086
v -0.01589283 -0.00991247 0.00790221
v -0.01589283 -0.00986260 0.00770265
v -0.01589283 -0.00984844 0.00750160
v -0.01589283 -0.00986778 0.00730798
v -0.01589283 -0.00993732 0.00707328
v -0.01529386 -0.00944457 0.00686896
v -0.01529386 -0.00934326 0.00721091
v -0.01529386 -0.00931507 0.00749302
v -0.01529386 -0.00933569 0.00778589
v -0.01529386 -0.00940836 0.00807664
v -0.01529386 -0.00953171 0.00835151
v -0.01529386 -0.00969964 0.00859788
v -0.01544585 -0.00950351 0.00689340
v -0.01544585 -0.00940599 0.00722250
v -0.01544585 -0.00937887 0.00749403
v -0.01544585 -0.00939872 0.00777593
v -0.01544585 -0.00946867 0.00805578
v -0.01544585 -0.00958739 0.00832033
v -0.01544585 -0.00974902 0.00855747
v -0.01558713 -0.00958600 0.00692761
v -0.01558713 -0.00949381 0.00723878
v -0.01558713 -0.00946815 0.00749546
v -0.01558713 -0.00948692 0.00776199
v -0.01558713 -0.00955305 0.00802657
v -0.01558713 -0.00966529 0.00827670
v -0.01558713 -0.00981810 0.00850091
v -0.01571157 -0.00968907 0.00697035
v -0.01571157 -0.00960351 0.00725907
v -0.01571157 -0.00957971 0.00749728
v -0.01571157 -0.00959713 0.00774458
v -0.01571157 -0.00965849 0.00799009
v -0.01571157 -0.00976264 0.00822219
v -0.01571157 -0.00990444 0.00843021
v -0.01581440 -0.00980807 0.00701970
v -0.01581440 -0.00973018 0.00728253
v -0.01581440 -0.00970853 0.00749937
v -0.01581440 -0.00972437 0.00772447
v -0.01581440 -0.00978024 0.00794795
v -0.01581440 -0.00987505 0.00815922
v -0.01581440 -0.01000413 0.00834862
v -0.01581440 -0.01066180 0.00626195
v -0.01571157 -0.01062694 0.00613794
v -0.01558713 -0.01059673 0.00603050
v -0.01544585 -0.01057256 0.00594455
v -0.01529386 -0.01055529 0.00588313
v -0.01581440 -0.01096218 0.00621423
v -0.01571157 -0.01095691 0.00608552
v -0.01558713 -0.01095235 0.00597403
v -0.01544585 -0.01094870 0.00588480
v -0.01529386 -0.01094607 0.00582105
v -0.01488621 -0.01074357 0.00579173
v -0.01478833 -0.01073194 0.00579360
v -0.01488621 -0.01046423 0.00585961
v -0.01478833 -0.01044343 0.00586665
v -0.01488621 -0.01018950 0.00597775
v -0.01478833 -0.01016330 0.00599206
v -0.01488621 -0.00993279 0.00614572
v -0.01478833 -0.00990561 0.00616756
v -0.01488621 -0.00970724 0.00635833
v -0.01478833 -0.00968316 0.00638604
v -0.01488621 -0.00952356 0.00660604
v -0.01478833 -0.00950546 0.00663626
v -0.01488621 -0.00938853 0.00687629
v -0.01478833 -0.00937747 0.00690496
v -0.01488621 -0.00930414 0.00715551
v -0.01478833 -0.00929936 0.00717870
v -0.01478833 -0.00926665 0.00746149
v -0.01488621 -0.00926567 0.00752044
v -0.01478833 -0.00928196 0.00775871
v -0.01488621 -0.00930414 0.00788540
v -0.01478833 -0.00935025 0.00805792
v -0.01488621 -0.00942791 0.00825635
v -0.01478833 -0.00947207 0.00834495
v -0.01488621 -0.00964286 0.00860578
v -0.01478833 -0.00964286 0.00860578
v -0.01478833 -0.00985359 0.00882891
v -0.01488621 -0.00993279 0.00889519
v -0.01478833 -0.01009212 0.00900692
v -0.01488621 -0.01027975 0.00910819
v -0.01478833 -0.01034533 0.00913698
v -0.01488621 -0.01065073 0.00923199
v -0.01478833 -0.01067392 0.00923675
v -0.01513833 0.01367540 -0.02901202
v -0.01561333 0.01396488 -0.02942687
v -0.01513833 0.01387084 -0.02895582
v -0.01513833 0.01405891 -0.02885839
v -0.01561333 0.01442798 -0.02917754
v -0.01513833 0.01422680 -0.02872202
v -0.01561333 0.01478460 -0.02877638
v -0.01513833 0.01436319 -0.02855411
v -0.01513833 0.01446061 -0.02836606
v -0.01561333 0.01497582 -0.02829757
v -0.01513833 0.01451681 -0.02817061
v -0.01561333 0.01500935 -0.02797955
v -0.01513833 0.01453435 -0.02797955
v -0.01513833 0.01451681 -0.02778849
v -0.01561333 0.01497582 -0.02766153
v -0.01513833 0.01446061 -0.02759304
v -0.01561333 0.01486795 -0.02733826
v -0.01513833 0.01436319 -0.02740496
v -0.01561333 0.01468233 -0.02703589
v -0.01513833 0.01422680 -0.02723709
v -0.01561333 0.01442798 -0.02678156
v -0.01513833 0.01405891 -0.02710071
v -0.01561333 0.01412564 -0.02659595
v -0.01513833 0.01387084 -0.02700326
v -0.01561333 0.01380236 -0.02648806
v -0.01513833 0.01367540 -0.02694708
v -0.01608833 0.01386548 -0.02601620
v -0.01608833 0.01386548 -0.02994290
v -0.01608833 0.01424440 -0.02982950
v -0.01608833 0.01459800 -0.02964079
v -0.01608833 0.01490500 -0.02938729
v -0.01608833 0.01514999 -0.02908662
v -0.01608833 0.01532907 -0.02875218
v -0.01608833 0.01544436 -0.02837744
v -0.01608833 0.01548434 -0.02797955
v -0.01608833 0.01544436 -0.02758163
v -0.01608833 0.01532907 -0.02720690
v -0.01608833 0.01514999 -0.02687245
v -0.01608833 0.01490500 -0.02657181
v -0.01608833 0.01459800 -0.02631828
v -0.01608833 0.01424440 -0.02612960
v -0.01618833 0.01379531 -0.02995524
v -0.01628833 0.01384827 -0.02994615
v -0.01618833 0.01411455 -0.02987766
v -0.01628833 0.01422053 -0.02983913
v -0.01618833 0.01442853 -0.02974266
v -0.01628833 0.01457877 -0.02965355
v -0.01618833 0.01472191 -0.02955067
v -0.01628833 0.01489856 -0.02939376
v -0.01618833 0.01497970 -0.02930766
v -0.01628833 0.01515833 -0.02907395
v -0.01618833 0.01518959 -0.02902457
v -0.01628833 0.01534393 -0.02871573
v -0.01618833 0.01534393 -0.02871573
v -0.01618833 0.01544038 -0.02839660
v -0.01618833 0.01548434 -0.02797955
v -0.01618833 0.01544038 -0.02756247
v -0.01618833 0.01529891 -0.02713850
v -0.01618833 0.01505547 -0.02674198
v -0.01618833 0.01472191 -0.02640840
v -0.01618833 0.01432539 -0.02616498
v -0.01618833 0.01390142 -0.02602351
v -0.01628833 0.01384827 -0.02601293
v -0.01628833 0.01545096 -0.02834347
v -0.01628833 0.01548434 -0.02797955
v -0.01628833 0.01545096 -0.02761560
v -0.01628833 0.01534393 -0.02724334
v -0.01628833 0.01515833 -0.02688512
v -0.01628833 0.01489856 -0.02656534
v -0.01628833 0.01457877 -0.02630555
v -0.01628833 0.01422053 -0.02611998
v -0.01553834 -0.01320470 -0.02495524
v -0.01478834 -0.01315173 -0.02494615
v -0.01628833 -0.01315173 -0.02494615
v -0.01553834 -0.01288544 -0.02487767
v -0.01628833 -0.01277947 -0.02483913
v -0.01553834 -0.01257148 -0.02474266
v -0.01628833 -0.01242124 -0.02465355
v -0.01553834 -0.01227810 -0.02455067
v -0.01628833 -0.01210145 -0.02439377
v -0.01553834 -0.01202031 -0.02430767
v -0.01628833 -0.01184166 -0.02407396
v -0.01553834 -0.01181040 -0.02402457
v -0.01628833 -0.01165608 -0.02371573
v -0.01553834 -0.01165608 -0.02371573
v -0.01553833 -0.01155963 -0.02339661
v -0.01478834 -0.01165608 -0.02371573
v -0.01478834 -0.01154905 -0.02334347
v -0.01553833 -0.01151566 -0.02297956
v -0.01478834 -0.01151566 -0.02297956
v -0.01478834 -0.01154905 -0.02261564
v -0.01553833 -0.01155963 -0.02256247
v -0.01478834 -0.01165608 -0.02224335
v -0.01553833 -0.01170110 -0.02213850
v -0.01478834 -0.01184166 -0.02188512
v -0.01553833 -0.01194453 -0.02174198
v -0.01478834 -0.01210145 -0.02156535
v -0.01553833 -0.01227810 -0.02140841
v -0.01478834 -0.01242124 -0.02130556
v -0.01553833 -0.01267462 -0.02116498
v -0.01478834 -0.01277947 -0.02111998
v -0.01553833 -0.01309859 -0.02102351
v -0.01478834 -0.01315173 -0.02101293
v -0.01628833 -0.01315173 -0.02101293
v -0.01628833 -0.01154905 -0.02334347
v -0.01628833 -0.01151566 -0.02297956
v -0.01628833 -0.01154905 -0.02261561
v -0.01628833 -0.01165608 -0.02224335
v -0.01628833 -0.01184166 -0.02188512
v -0.01628833 -0.01210145 -0.02156535
v -0.01628833 -0.01242124 -0.02130556
v -0.01628833 -0.01277947 -0.02111998
v -0.01478834 -0.01184166 -0.02407396
v -0.01478834 -0.01210145 -0.02439377
v -0.01478834 -0.01242124 -0.02465355
v -0.01478834 -0.01277947 -0.02483913
v -0.01553833 0.01379531 -0.01195523
v -0.01478833 0.01384827 -0.01194617
v -0.01628833 0.01390050 -0.01193577
v -0.01553833 0.01411455 -0.01187765
v -0.01628833 0.01430722 -0.01180243
v -0.01553833 0.01442852 -0.01174265
v -0.01628833 0.01467625 -0.01158559
v -0.01553833 0.01472191 -0.01155066
v -0.01628833 0.01498435 -0.01130241
v -0.01553833 0.01497970 -0.01130768
v -0.01588337 0.01518682 -0.01102909
v -0.01553833 0.01518959 -0.01102459
v -0.01556419 0.01534641 -0.01070940
v -0.01553833 0.01534391 -0.01071572
v -0.01544588 0.01540557 -0.01053533
v -0.01478833 0.01534391 -0.01071572
v -0.01478833 0.01545095 -0.01034346
v -0.01535912 0.01544893 -0.01035416
v -0.01530614 0.01547543 -0.01016810
v -0.01478833 0.01548434 -0.00997954
v -0.01528833 0.01548434 -0.00997954
v -0.01530614 0.01547543 -0.00979098
v -0.01478833 0.01545095 -0.00961563
v -0.01535912 0.01544893 -0.00960493
v -0.01544588 0.01540557 -0.00942376
v -0.01478833 0.01534391 -0.00924337
v -0.01556419 0.01534641 -0.00924969
v -0.01553833 0.01529891 -0.00913849
v -0.01588337 0.01518682 -0.00893000
v -0.01553833 0.01505547 -0.00874197
v -0.01628832 0.01498435 -0.00865668
v -0.01553833 0.01472191 -0.00840843
v -0.01628832 0.01467625 -0.00837350
v -0.01553833 0.01432539 -0.00816497
v -0.01628832 0.01430722 -0.00815666
v -0.01553833 0.01390094 -0.00802341
v -0.01628833 0.01390050 -0.00802332
v -0.01478833 0.01384827 -0.00801295
v -0.01478833 0.01422053 -0.00811997
v -0.01478833 0.01457877 -0.00830555
v -0.01478833 0.01489856 -0.00856533
v -0.01478833 0.01515833 -0.00888511
v -0.01478833 0.01515833 -0.01107397
v -0.01478833 0.01489856 -0.01139375
v -0.01478833 0.01457877 -0.01165354
v -0.01478833 0.01422053 -0.01183912
v -0.01553833 -0.01070470 0.00554478
v -0.01478833 -0.01065173 0.00555384
v -0.01628833 -0.01065173 0.00555384
v -0.01553833 -0.01038546 0.00562233
v -0.01628833 -0.01027947 0.00566086
v -0.01553833 -0.01007148 0.00575736
v -0.01628833 -0.00992125 0.00584647
v -0.01553833 -0.00977811 0.00594932
v -0.01628833 -0.00960145 0.00610623
v -0.01553833 -0.00952032 0.00619233
v -0.01628833 -0.00934168 0.00642604
v -0.01553833 -0.00931040 0.00647542
v -0.01628833 -0.00915609 0.00678426
v -0.01553833 -0.00915609 0.00678426
v -0.01553833 -0.00905963 0.00710338
v -0.01478833 -0.00915609 0.00678426
v -0.01478833 -0.00904905 0.00715652
v -0.01553833 -0.00901567 0.00752044
v -0.01478833 -0.00901567 0.00752044
v -0.01478833 -0.00904905 0.00788439
v -0.01553833 -0.00905963 0.00793752
v -0.01478833 -0.00915609 0.00825665
v -0.01553833 -0.00920110 0.00836149
v -0.01478833 -0.00934168 0.00861487
v -0.01553833 -0.00944454 0.00875801
v -0.01478833 -0.00960145 0.00893468
v -0.01553833 -0.00977811 0.00909159
v -0.01478833 -0.00992125 0.00919444
v -0.01553833 -0.01017463 0.00933501
v -0.01478833 -0.01027947 0.00938001
v -0.01553833 -0.01059859 0.00947648
v -0.01478833 -0.01065175 0.00948706
v -0.01628833 -0.01065175 0.00948706
v -0.01628833 -0.00904905 0.00715652
v -0.01628833 -0.00901567 0.00752044
v -0.01628833 -0.00904905 0.00788439
v -0.01628833 -0.00915609 0.00825665
v -0.01628833 -0.00934168 0.00861487
v -0.01628833 -0.00960145 0.00893468
v -0.01628833 -0.00992125 0.00919444
v -0.01628833 -0.01027947 0.00938001
v -0.01478833 -0.00934168 0.00642604
v -0.01478833 -0.00960145 0.00610623
v -0.01478833 -0.00992125 0.00584647
v -0.01478833 -0.01027947 0.00566086
v -0.01553833 0.01129530 0.00554478
v -0.01478833 0.01134827 0.00555384
v -0.01628832 0.01134664 0.00555354
v -0.01553833 0.01161454 0.00562233
v -0.01628832 0.01171715 0.00565955
v -0.01553833 0.01192852 0.00575736
v -0.01628832 0.01207382 0.00584325
v -0.01553833 0.01222189 0.00594932
v -0.01628832 0.01239268 0.00610039
v -0.01553833 0.01247968 0.00619233
v -0.01628832 0.01265246 0.00641710
v -0.01553833 0.01268960 0.00647542
v -0.01628832 0.01283912 0.00677225
v -0.01553833 0.01284391 0.00678426
v -0.01553833 0.01294037 0.00710338
v -0.01478833 0.01284391 0.00678426
v -0.01478833 0.01295095 0.00715652
v -0.01553833 0.01298434 0.00752047
v -0.01478833 0.01298434 0.00752047
v -0.01478833 0.01295095 0.00788439
v -0.01553833 0.01294037 0.00793752
v -0.01478833 0.01284391 0.00825665
v -0.01580819 0.01289058 0.00812528
v -0.01553833 0.01279890 0.00836149
v -0.01572846 0.01282518 0.00830230
v -0.01567830 0.01273899 0.00847984
v -0.01628832 0.01294818 0.00714186
v -0.01628832 0.01298427 0.00750390
v -0.01608150 0.01297355 0.00772715
v -0.01590683 0.01293563 0.00795916
v -0.01478833 0.01265833 0.00861487
v -0.01566127 0.01263679 0.00864712
v -0.01553833 0.01255546 0.00875801
v -0.01567830 0.01251841 0.00880337
v -0.01572846 0.01238461 0.00894848
v -0.01553833 0.01222189 0.00909159
v -0.01580819 0.01224372 0.00907400
v -0.01478833 0.01239855 0.00893468
v -0.01590683 0.01210553 0.00917664
v -0.01553833 0.01182537 0.00933501
v -0.01478833 0.01207875 0.00919444
v -0.01478833 0.01172053 0.00938004
v -0.01553833 0.01140141 0.00947648
v -0.01478833 0.01134825 0.00948706
v -0.01628832 0.01134797 0.00948712
v -0.01608150 0.01190341 0.00929669
v -0.01628832 0.01169950 0.00938821
v -0.01478833 0.01265833 0.00642604
v -0.01478833 0.01239855 0.00610623
v -0.01478833 0.01207875 0.00584647
v -0.01478833 0.01172053 0.00566089
v -0.01438834 -0.01335240 -0.02901679
v -0.01248834 -0.01332460 -0.02901202
v -0.01628833 -0.01332460 -0.02901202
v -0.01438834 -0.01318479 -0.02897605
v -0.01628833 -0.01312915 -0.02895582
v -0.01438834 -0.01301996 -0.02890518
v -0.01628833 -0.01294109 -0.02885839
v -0.01438834 -0.01286594 -0.02880439
v -0.01628833 -0.01277319 -0.02872202
v -0.01438834 -0.01273061 -0.02867681
v -0.01628833 -0.01263682 -0.02855411
v -0.01438834 -0.01262040 -0.02852818
v -0.01628833 -0.01253938 -0.02836606
v -0.01438834 -0.01253938 -0.02836606
v -0.01438834 -0.01248875 -0.02819851
v -0.01248834 -0.01253938 -0.02836606
v -0.01248834 -0.01248319 -0.02817061
v -0.01438834 -0.01246566 -0.02797955
v -0.01248834 -0.01246566 -0.02797955
v -0.01248834 -0.01248319 -0.02778849
v -0.01438834 -0.01248875 -0.02776059
v -0.01248834 -0.01253938 -0.02759304
v -0.01438834 -0.01256301 -0.02753800
v -0.01248834 -0.01263682 -0.02740499
v -0.01438834 -0.01269082 -0.02732983
v -0.01248834 -0.01277319 -0.02723709
v -0.01438834 -0.01286594 -0.02715471
v -0.01248834 -0.01294109 -0.02710071
v -0.01438834 -0.01307411 -0.02702689
v -0.01248834 -0.01312915 -0.02700329
v -0.01438834 -0.01329670 -0.02695262
v -0.01248834 -0.01332460 -0.02694708
v -0.01628833 -0.01332460 -0.02694708
v -0.01628833 -0.01248319 -0.02817061
v -0.01628833 -0.01246566 -0.02797955
v -0.01628833 -0.01248319 -0.02778849
v -0.01628833 -0.01253938 -0.02759304
v -0.01628833 -0.01263682 -0.02740499
v -0.01628833 -0.01277319 -0.02723709
v -0.01628833 -0.01294109 -0.02710071
v -0.01628833 -0.01312915 -0.02700329
v -0.01248834 -0.01263682 -0.02855411
v -0.01248834 -0.01277319 -0.02872202
v -0.01248834 -0.01294109 -0.02885839
v -0.01248834 -0.01312915 -0.02895582
v -0.01438832 0.01364759 -0.00201678
v -0.01248833 0.01367540 -0.00201201
v -0.01628832 0.01367540 -0.00201201
v -0.01438832 0.01381520 -0.00197604
v -0.01628832 0.01387084 -0.00195584
v -0.01438832 0.01398004 -0.00190517
v -0.01628832 0.01405891 -0.00185838
v -0.01438832 0.01413406 -0.00180438
v -0.01628832 0.01422680 -0.00172201
v -0.01438832 0.01426940 -0.00167683
v -0.01628832 0.01436318 -0.00155410
v -0.01438832 0.01437960 -0.00152820
v -0.01628832 0.01446061 -0.00136605
v -0.01438832 0.01446061 -0.00136605
v -0.01438832 0.01451125 -0.00119850
v -0.01248833 0.01446061 -0.00136605
v -0.01248833 0.01451681 -0.00117060
v -0.01438832 0.01453433 -0.00097954
v -0.01248833 0.01453433 -0.00097954
v -0.01248833 0.01451681 -0.00078848
v -0.01438832 0.01451125 -0.00076058
v -0.01248833 0.01446061 -0.00059303
v -0.01438832 0.01443698 -0.00053799
v -0.01248833 0.01436318 -0.00040498
v -0.01438832 0.01430917 -0.00032982
v -0.01248833 0.01422680 -0.00023708
v -0.01438832 0.01413406 -0.00015470
v -0.01248833 0.01405891 -0.00010070
v -0.01438832 0.01392589 -0.00002691
v -0.01248833 0.01387084 -0.00000328
v -0.01438832 0.01370329 0.00004736
v -0.01248833 0.01367540 0.00005293
v -0.01628832 0.01367540 0.00005293
v -0.01628832 0.01451681 -0.00117060
v -0.01628832 0.01453433 -0.00097954
v -0.01628832 0.01451681 -0.00078848
v -0.01628832 0.01446061 -0.00059303
v -0.01628832 0.01436318 -0.00040498
v -0.01628832 0.01422680 -0.00023708
v -0.01628832 0.01405891 -0.00010070
v -0.01628832 0.01387084 -0.00000328
v -0.01248833 0.01436318 -0.00155413
v -0.01248833 0.01422680 -0.00172201
v -0.01248833 0.01405891 -0.00185838
v -0.01248833 0.01387084 -0.00195584
v -0.01438833 -0.01335242 -0.00201678
v -0.01248833 -0.01332460 -0.00201201
v -0.01628833 -0.01332460 -0.00201201
v -0.01438833 -0.01318481 -0.00197607
v -0.01628833 -0.01312917 -0.00195584
v -0.01438833 -0.01301997 -0.00190517
v -0.01628833 -0.01294109 -0.00185838
v -0.01438833 -0.01286594 -0.00180438
v -0.01628833 -0.01277321 -0.00172201
v -0.01438833 -0.01273061 -0.00167683
v -0.01628833 -0.01263682 -0.00155413
v -0.01438833 -0.01262040 -0.00152820
v -0.01628833 -0.01253938 -0.00136605
v -0.01438833 -0.01253938 -0.00136605
v -0.01438833 -0.01248875 -0.00119850
v -0.01248833 -0.01253938 -0.00136605
v -0.01248833 -0.01248319 -0.00117060
v -0.01438833 -0.01246566 -0.00097954
v -0.01248833 -0.01246566 -0.00097954
v -0.01248833 -0.01248319 -0.00078848
v -0.01438833 -0.01248875 -0.00076058
v -0.01248833 -0.01253938 -0.00059306
v -0.01438833 -0.01256301 -0.00053799
v -0.01248833 -0.01263682 -0.00040498
v -0.01438833 -0.01269082 -0.00032982
v -0.01248833 -0.01277321 -0.00023708
v -0.01438833 -0.01286594 -0.00015470
v -0.01248833 -0.01294110 -0.00010070
v -0.01438833 -0.01307412 -0.00002691
v -0.01248833 -0.01312917 -0.00000328
v -0.01438833 -0.01329670 0.00004736
v -0.01248833 -0.01332460 0.00005293
v -0.01628833 -0.01332460 0.00005293
v -0.01628833 -0.01248319 -0.00117060
v -0.01628833 -0.01246566 -0.00097954
v -0.01628833 -0.01248319 -0.00078848
v -0.01628833 -0.01253938 -0.00059306
v -0.01628833 -0.01263682 -0.00040498
v -0.01628833 -0.01277321 -0.00023708
v -0.01628833 -0.01294109 -0.00010070
v -0.01628833 -0.01312917 -0.00000328
v -0.01248833 -0.01263682 -0.00155413
v -0.01248833 -0.01277321 -0.00172201
v -0.01248833 -0.01294110 -0.00185838
v -0.01248833 -0.01312917 -0.00195584
v -0.01128833 0.00017091 -0.00116494
v -0.00628833 0.00020269 -0.00115952
v -0.01628833 0.00020269 -0.00115952
v -0.01128833 0.00036246 -0.00111842
v -0.01628833 0.00042605 -0.00109529
v -0.01128833 0.00055084 -0.00103742
v -0.01628833 0.00064099 -0.00098395
v -0.01128833 0.00072687 -0.00092223
v -0.01628833 0.00083286 -0.00082809
v -0.01128833 0.00088154 -0.00077644
v -0.01628833 0.00098873 -0.00063619
v -0.01128833 0.00100749 -0.00060657
v -0.01628833 0.00110008 -0.00042125
v -0.01128833 0.00110008 -0.00042125
v -0.01128833 0.00115796 -0.00022980
v -0.00628833 0.00110008 -0.00042125
v -0.00628833 0.00116431 -0.00019792
v -0.01128833 0.00118434 0.00002045
v -0.00628833 0.00118434 0.00002045
v -0.00628833 0.00116431 0.00023881
v -0.01128833 0.00115796 0.00027070
v -0.00628833 0.00110008 0.00046218
v -0.01128833 0.00107307 0.00052509
v -0.00628833 0.00098873 0.00067711
v -0.01128833 0.00092701 0.00076300
v -0.00628833 0.00083286 0.00086898
v -0.01128833 0.00072687 0.00096312
v -0.00628833 0.00064098 0.00102484
v -0.01128833 0.00048896 0.00110918
v -0.00628833 0.00042605 0.00113619
v -0.01128833 0.00023458 0.00119406
v -0.00628833 0.00020269 0.00120041
v -0.01628833 0.00020269 0.00120041
v -0.01628833 0.00116431 -0.00019792
v -0.01628833 0.00118434 0.00002045
v -0.01628833 0.00116431 0.00023881
v -0.01628833 0.00110008 0.00046218
v -0.01628833 0.00098873 0.00067711
v -0.01628833 0.00083286 0.00086898
v -0.01628833 0.00064099 0.00102484
v -0.01628833 0.00042605 0.00113619
v -0.00628833 0.00098873 -0.00063619
v -0.00628833 0.00083286 -0.00082809
v -0.00628833 0.00064098 -0.00098395
v -0.00628833 0.00042605 -0.00109529
v -0.01603833 0.00040414 -0.00264671
v -0.01628833 0.00047564 -0.00263446
v -0.01578833 0.00047564 -0.00263446
v -0.01603833 0.00083511 -0.00254199
v -0.01578833 0.00097819 -0.00248998
v -0.01603833 0.00125899 -0.00235972
v -0.01578833 0.00146181 -0.00223943
v -0.01603833 0.00165505 -0.00210056
v -0.01578833 0.00189353 -0.00188872
v -0.01603833 0.00200306 -0.00177252
v -0.01578833 0.00224423 -0.00145700
v -0.01603833 0.00228644 -0.00139034
v -0.01578833 0.00249476 -0.00097340
v -0.01603833 0.00249476 -0.00097340
v -0.01603833 0.00262498 -0.00054258
v -0.01628833 0.00249476 -0.00097340
v -0.01628833 0.00263926 -0.00047085
v -0.01603833 0.00268433 0.00002045
v -0.01628833 0.00268433 0.00002045
v -0.01628833 0.00263926 0.00051177
v -0.01603833 0.00262498 0.00058350
v -0.01628833 0.00249476 0.00101432
v -0.01603833 0.00243401 0.00115585
v -0.01628833 0.00224423 0.00149793
v -0.01603833 0.00210536 0.00169116
v -0.01628833 0.00189353 0.00192964
v -0.01603833 0.00165505 0.00214148
v -0.01628833 0.00146180 0.00228036
v -0.01603833 0.00111974 0.00247011
v -0.01628833 0.00097819 0.00253087
v -0.01603833 0.00054739 0.00266108
v -0.01628833 0.00047564 0.00267539
v -0.01578833 0.00047564 0.00267539
v -0.01578833 0.00263926 -0.00047085
v -0.01578833 0.00268433 0.00002045
v -0.01578833 0.00263926 0.00051177
v -0.01578833 0.00249476 0.00101432
v -0.01578833 0.00224423 0.00149793
v -0.01578833 0.00189353 0.00192964
v -0.01578833 0.00146180 0.00228036
v -0.01578833 0.00097819 0.00253087
v -0.01628833 0.00224423 -0.00145700
v -0.01628833 0.00189353 -0.00188872
v -0.01628833 0.00146181 -0.00223943
v -0.01628833 0.00097819 -0.00248998
v -0.01603833 0.00064514 -0.00417787
v -0.01578833 0.00075769 -0.00415858
v -0.01628833 0.00075769 -0.00415858
v -0.01603833 0.00132353 -0.00401303
v -0.01628833 0.00154874 -0.00393113
v -0.01603833 0.00199073 -0.00372612
v -0.01628833 0.00230998 -0.00353679
v -0.01603833 0.00261415 -0.00331819
v -0.01628833 0.00298954 -0.00298476
v -0.01603833 0.00316196 -0.00280183
v -0.01628833 0.00354157 -0.00230518
v -0.01603833 0.00360801 -0.00220024
v -0.01628833 0.00393594 -0.00154394
v -0.01603833 0.00393594 -0.00154394
v -0.01603833 0.00414090 -0.00086582
v -0.01578833 0.00393594 -0.00154394
v -0.01578833 0.00416339 -0.00075289
v -0.01603833 0.00423433 0.00002045
v -0.01578833 0.00423433 0.00002045
v -0.01578833 0.00416339 0.00079379
v -0.01603833 0.00414090 0.00090674
v -0.01578833 0.00393594 0.00158486
v -0.01603833 0.00384029 0.00180766
v -0.01578833 0.00354157 0.00234610
v -0.01603833 0.00332298 0.00265026
v -0.01578833 0.00298954 0.00302565
v -0.01603833 0.00261415 0.00335911
v -0.01578833 0.00230998 0.00357768
v -0.01603833 0.00177155 0.00387642
v -0.01578833 0.00154874 0.00397205
v -0.01603833 0.00087061 0.00417701
v -0.01578833 0.00075769 0.00419951
v -0.01628833 0.00075769 0.00419951
v -0.01628833 0.00416339 -0.00075289
v -0.01628833 0.00423433 0.00002045
v -0.01628833 0.00416339 0.00079379
v -0.01628833 0.00393594 0.00158486
v -0.01628833 0.00354157 0.00234610
v -0.01628833 0.00298954 0.00302565
v -0.01628833 0.00230998 0.00357768
v -0.01628833 0.00154874 0.00397205
v -0.01578833 0.00354157 -0.00230518
v -0.01578833 0.00298954 -0.00298476
v -0.01578833 0.00230998 -0.00353679
v -0.01578833 0.00154874 -0.00393113
v -0.01628832 0.01498435 -0.00297955
v -0.01545970 0.01539866 -0.00258747
v -0.01481619 0.01572040 -0.00209758
v -0.01512166 0.01556767 -0.01447955
v -0.01545970 0.01539866 -0.02637163
v -0.01628833 0.01498435 -0.02597955
v -0.01481619 0.01572040 -0.02686152
v -0.01458422 0.01583639 -0.02713230
v -0.01441848 0.01591927 -0.02741286
v -0.01432032 0.01596834 -0.02769720
v -0.01432032 0.01596834 -0.00126189
v -0.01441848 0.01591926 -0.00154623
v -0.01428833 0.01598435 -0.02797955
v -0.01428833 0.01598433 -0.00097954
v -0.01458422 0.01583639 -0.00182679
v -0.01428834 -0.01601566 -0.02897957
v -0.01452501 -0.01589733 -0.02873960
v -0.01470576 -0.01580695 -0.02897957
v -0.01439380 -0.01596292 -0.02849033
v -0.01431463 -0.01600252 -0.02823561
v -0.01428834 -0.01601566 -0.02797955
v -0.01628833 -0.01501566 -0.02597955
v -0.01545971 -0.01542997 -0.02637163
v -0.01481620 -0.01575173 -0.02686152
v -0.01512167 -0.01559899 -0.01447955
v -0.01628833 -0.01501567 -0.00297955
v -0.01545971 -0.01542998 -0.00258747
v -0.01481620 -0.01575173 -0.00209758
v -0.01458423 -0.01586772 -0.00182682
v -0.01441849 -0.01595058 -0.00154626
v -0.01432032 -0.01599967 -0.00126189
v -0.01432033 -0.01599967 -0.02769720
v -0.01428833 -0.01601567 -0.00097954
v -0.01441849 -0.01595058 -0.02741286
v -0.01458423 -0.01586770 -0.02713230
v -0.01428833 0.01598433 0.00002045
v -0.01452500 0.01586600 -0.00021949
v -0.01470575 0.01577563 0.00002045
v -0.01439379 0.01593160 -0.00046876
v -0.01431462 0.01597119 -0.00072348
v 0.00001167 0.01016387 0.01198372
v 0.01431168 0.00978229 0.01202044
v 0.01431168 0.01016385 0.01198372
v -0.01428833 0.00978229 0.01202047
v -0.01428833 0.01016387 0.01198372
v 0.00001167 0.01053823 0.01187208
v -0.01428833 0.01053823 0.01187208
v 0.00001167 0.01088374 0.01168981
v -0.01428833 0.01088374 0.01168984
v -0.01428833 0.01118200 0.01144904
v 0.01431168 0.01118200 0.01144901
v 0.01431168 0.01088374 0.01168981
v 0.01431168 0.01053821 0.01187208
v 0.00001167 0.01224365 0.01030195
v 0.01431168 0.01224365 0.01030195
v -0.01428833 0.01224365 0.01030195
v 0.00001167 0.01320154 0.00903741
v -0.01428833 0.01320154 0.00903741
v 0.00001167 0.01403715 0.00767020
v -0.01428833 0.01403715 0.00767020
v 0.00001167 0.01473498 0.00621873
v -0.01428833 0.01473498 0.00621873
v 0.00001167 0.01528335 0.00470448
v -0.01428833 0.01528335 0.00470448
v 0.00001167 0.01567513 0.00315076
v -0.01428833 0.01567513 0.00315076
v 0.00001167 0.01590799 0.00158155
v -0.01428833 0.01590799 0.00158158
v 0.01431167 0.01598433 0.00002045
v 0.01431168 0.01590799 0.00158155
v 0.01431168 0.01567513 0.00315076
v 0.01431168 0.01528334 0.00470448
v 0.01431168 0.01473498 0.00621873
v 0.01431168 0.01403714 0.00767017
v 0.01431168 0.01320153 0.00903741
v -0.01026701 0.01598435 -0.02435821
v -0.01428833 0.01598435 -0.02897954
v -0.01026701 0.01598433 -0.02290088
v -0.01026701 0.01598433 -0.02235824
v -0.00200965 0.01598433 -0.02235824
v -0.00200965 0.01598433 -0.02290088
v 0.01431167 0.01598433 -0.02797955
v -0.00200965 0.01598433 -0.02435821
v 0.01431167 0.01598433 -0.02897954
v 0.00001167 0.01598433 -0.01447955
v 0.01431167 0.01598433 -0.00097954
v -0.00200965 0.01598433 -0.02035823
v -0.00200965 0.01598433 -0.02090087
v -0.01026701 0.01598433 -0.02090087
v -0.01026701 0.01598433 -0.02035823
v -0.01026701 0.01598433 -0.01890087
v -0.01026701 0.01598433 -0.01835823
v -0.00200965 0.01598433 -0.01835823
v -0.00200965 0.01598433 -0.01890087
v -0.01026701 0.01598433 -0.01490086
v -0.00200965 0.01598433 -0.01490086
v -0.00200965 0.01598433 -0.01635822
v -0.00200965 0.01598433 -0.01690087
v -0.01026701 0.01598433 -0.01690087
v -0.01026701 0.01598433 -0.01635822
v 0.00001167 0.01595095 -0.02934348
v 0.01431167 0.01595095 -0.02934348
v -0.01428833 0.01595095 -0.02934348
v 0.00001167 0.01584392 -0.02971574
v -0.01428833 0.01584392 -0.02971574
v 0.00001167 0.01565832 -0.03007397
v -0.01428833 0.01565834 -0.03007397
v 0.00001167 0.01539855 -0.03039378
v -0.01428833 0.01539855 -0.03039375
v 0.00001167 0.01507876 -0.03065353
v -0.01428833 0.01507876 -0.03065353
v 0.00001167 0.01472054 -0.03083911
v -0.01428833 0.01472054 -0.03083911
v 0.00001167 0.01434826 -0.03094616
v -0.01428833 0.01434828 -0.03094616
v -0.01428833 0.01398434 -0.03097954
v 0.01431167 0.01398433 -0.03097954
v 0.01431167 0.01434826 -0.03094616
v 0.01431167 0.01472052 -0.03083911
v 0.01431167 0.01507876 -0.03065353
v 0.01431167 0.01539855 -0.03039378
v 0.01431167 0.01565832 -0.03007397
v 0.01431167 0.01584392 -0.02971574
v -0.01026701 -0.00023698 -0.03097954
v -0.01428834 -0.01401565 -0.03097954
v -0.01026701 0.00030566 -0.03097954
v -0.01026701 0.00176302 -0.03097954
v -0.00200966 -0.00369433 -0.03097954
v 0.01431167 -0.01401567 -0.03097954
v -0.01026701 -0.00369433 -0.03097954
v -0.01026701 -0.00223699 -0.03097954
v 0.00001167 -0.00001565 -0.03097954
v -0.00200965 0.00576302 -0.03097954
v -0.00200965 0.00630566 -0.03097954
v -0.01026701 0.00576302 -0.03097954
v -0.01026701 0.00630567 -0.03097954
v -0.01026701 0.00776302 -0.03097954
v -0.01026701 0.00830566 -0.03097954
v -0.00200965 0.00830566 -0.03097954
v -0.00200965 0.00776302 -0.03097954
v -0.00200965 0.00976302 -0.03097954
v -0.01026701 0.00976302 -0.03097954
v -0.00200965 0.00430567 -0.03097954
v -0.00200965 0.00376301 -0.03097954
v -0.00200965 0.00230566 -0.03097954
v -0.01026701 0.00376303 -0.03097954
v -0.01026701 0.00430567 -0.03097954
v -0.01026701 0.00230566 -0.03097954
v -0.00200965 0.00176302 -0.03097954
v -0.00200965 0.00030566 -0.03097954
v -0.00200965 -0.00001565 -0.03097954
v -0.00200965 -0.00223699 -0.03097954
v -0.00200965 -0.00169433 -0.03097954
v -0.01026701 -0.00169433 -0.03097954
v -0.00200965 -0.00023698 -0.03097954
v 0.00001166 -0.01437958 -0.03094616
v 0.01431167 -0.01437958 -0.03094616
v -0.01428834 -0.01437958 -0.03094616
v 0.00001166 -0.01475185 -0.03083914
v -0.01428834 -0.01475185 -0.03083914
v 0.00001166 -0.01511008 -0.03065353
v -0.01428834 -0.01511008 -0.03065353
v 0.00001166 -0.01542988 -0.03039378
v -0.01428834 -0.01542988 -0.03039378
v 0.00001166 -0.01568965 -0.03007397
v -0.01428834 -0.01568965 -0.03007397
v 0.00001166 -0.01587524 -0.02971574
v -0.01428834 -0.01587524 -0.02971574
v 0.00001166 -0.01598228 -0.02934348
v -0.01428834 -0.01598226 -0.02934348
v 0.01431167 -0.01601567 -0.02897957
v 0.01431167 -0.01598228 -0.02934348
v 0.01431167 -0.01587524 -0.02971574
v 0.01431167 -0.01568965 -0.03007397
v 0.01431167 -0.01542988 -0.03039378
v 0.01431167 -0.01511008 -0.03065353
v 0.01431167 -0.01475186 -0.03083914
v -0.01428833 -0.01601567 0.00002045
v 0.01431167 -0.01601567 0.00002045
v 0.01431167 -0.01601567 -0.00097954
v 0.00001167 -0.01601567 -0.01447955
v 0.01431167 -0.01601567 -0.02797955
v 0.00001167 -0.01593933 0.00158155
v 0.01431167 -0.01593933 0.00158155
v -0.01428833 -0.01593932 0.00158155
v 0.00001167 -0.01570647 0.00315076
v -0.01428833 -0.01570646 0.00315076
v 0.00001167 -0.01531468 0.00470448
v -0.01428833 -0.01531468 0.00470448
v 0.00001167 -0.01476630 0.00621873
v -0.01428833 -0.01476630 0.00621873
v 0.00001167 -0.01406849 0.00767017
v -0.01428833 -0.01406848 0.00767017
v 0.00001167 -0.01323287 0.00903741
v -0.01428833 -0.01323287 0.00903741
v 0.00001167 -0.01227499 0.01030195
v -0.01428833 -0.01227499 0.01030195
v -0.01428833 -0.01121333 0.01144901
v 0.01431167 -0.01121334 0.01144901
v 0.01431167 -0.01227499 0.01030195
v 0.01431167 -0.01323288 0.00903741
v 0.01431167 -0.01406849 0.00767017
v 0.01431167 -0.01476631 0.00621873
v 0.01431167 -0.01531469 0.00470448
v 0.01431167 -0.01570647 0.00315073
v 0.00001167 -0.01091508 0.01168981
v 0.01431167 -0.01091508 0.01168981
v -0.01428833 -0.01091508 0.01168981
v 0.00001167 -0.01056955 0.01187208
v -0.01428833 -0.01056955 0.01187208
v 0.00001167 -0.01019520 0.01198372
v -0.01428833 -0.01019519 0.01198372
v -0.01428833 -0.00981363 0.01202044
v 0.01431167 -0.00981363 0.01202044
v 0.01431167 -0.01019520 0.01198372
v 0.01431167 -0.01056957 0.01187208
v 0.00001167 -0.00001567 0.01202044
v -0.01628833 -0.01535454 -0.02628588
v -0.01628833 -0.01564653 -0.02667212
v -0.01628833 -0.01586557 -0.02712637
v -0.01628833 -0.01599053 -0.02762601
v -0.01628833 -0.01601046 -0.02814063
v -0.01628833 -0.01592738 -0.02863803
v -0.01628833 -0.01575522 -0.02909058
v -0.01628833 -0.01551566 -0.02947956
v -0.01628833 -0.01520933 -0.02981844
v -0.01628833 -0.01482309 -0.03011042
v -0.01628833 -0.01436884 -0.03032946
v -0.01628833 -0.01386922 -0.03045443
v -0.01628833 -0.01335458 -0.03047436
v -0.01628833 -0.01285716 -0.03039127
v -0.01628833 -0.01240463 -0.03021911
v -0.01628833 -0.01201566 -0.02997955
v -0.01628833 0.01198434 -0.02997955
v -0.01628833 0.01237330 -0.03021911
v -0.01628833 0.01282585 -0.03039127
v -0.01628833 0.01332327 -0.03047436
v -0.01628833 0.01383790 -0.03045443
v -0.01628833 0.01433752 -0.03032946
v -0.01628833 0.01479178 -0.03011042
v -0.01628833 0.01517802 -0.02981841
v -0.01628833 0.01548434 -0.02947953
v -0.01628833 0.01572389 -0.02909058
v -0.01628833 0.01589606 -0.02863803
v -0.01628833 0.01597915 -0.02814063
v -0.01628833 0.01595921 -0.02762598
v -0.01628833 0.01583425 -0.02712637
v -0.01628833 0.01561522 -0.02667212
v -0.01628833 0.01532323 -0.02628588
v -0.01628833 -0.00001565 -0.01022956
v -0.01628832 0.01433469 0.00438708
v -0.01628832 0.01473782 0.00272873
v -0.01628832 0.01540201 -0.00258347
v -0.01628832 0.01572526 -0.00208780
v -0.01628832 0.01592297 -0.00153008
v -0.01628832 0.01598424 -0.00095773
v -0.01628832 0.01591299 -0.00038653
v -0.01628832 0.01570559 0.00016764
v -0.01628832 0.01537373 0.00065759
v -0.01628832 0.01494921 0.00104633
v -0.01628832 0.01374581 0.00598887
v -0.01628832 0.00978229 0.01102045
v -0.01628832 0.00997309 0.01100210
v -0.01628832 0.01016026 0.01094628
v -0.01628832 0.01033302 0.01085514
v -0.01628832 0.01048215 0.01073474
v -0.01628833 -0.00981363 0.01102045
v -0.01628833 -0.01000441 0.01100210
v -0.01628833 -0.01019158 0.01094628
v -0.01628833 -0.01036435 0.01085514
v -0.01628833 -0.01051348 0.01073474
v -0.01628833 -0.01436602 0.00438705
v -0.01628833 -0.01476915 0.00272873
v -0.01628833 -0.01377713 0.00598887
v -0.01628833 -0.01498055 0.00104630
v -0.01628833 -0.01540505 0.00065759
v -0.01628833 -0.01573692 0.00016764
v -0.01628833 -0.01594433 -0.00038656
v -0.01628833 -0.01601557 -0.00095776
v -0.01628833 -0.01595430 -0.00153008
v -0.01628833 -0.01575659 -0.00208783
v -0.01628833 -0.01543333 -0.00258347
v -0.01628833 -0.01145413 -0.01022956
v -0.01431463 -0.01600252 -0.00072348
v -0.01439380 -0.01596292 -0.00046879
v -0.01452501 -0.01589733 -0.00021949
v -0.01470576 -0.01580695 0.00002045
v -0.01528833 -0.01362933 0.00743112
v -0.01528833 -0.01282155 0.00875312
v -0.01528833 -0.01189188 0.00998065
v -0.01528833 -0.01086340 0.01109189
v -0.01528833 -0.01430535 0.00602505
v -0.01528833 -0.01483659 0.00455812
v -0.01528833 -0.01521614 0.00305292
v -0.01528833 -0.01544171 0.00153276
v -0.01577829 -0.01524965 0.00082135
v -0.01521517 -0.01554553 0.00047851
v -0.01602858 -0.01511758 0.00093979
v -0.01491127 -0.01432292 -0.03063988
v -0.01538936 -0.01401565 -0.03042903
v -0.01546986 -0.01425191 -0.03036845
v -0.01551702 -0.01449653 -0.03027910
v -0.01491127 -0.01463720 -0.03054952
v -0.01551979 -0.01473329 -0.03016269
v -0.01491127 -0.01493964 -0.03039285
v -0.01548149 -0.01494785 -0.03002864
v -0.01491127 -0.01520962 -0.03017354
v -0.01535679 -0.01523180 -0.02979722
v -0.01491127 -0.01542895 -0.02990353
v -0.01516992 -0.01547233 -0.02953565
v -0.01491127 -0.01558564 -0.02960110
v -0.01491127 -0.01567600 -0.02928680
v -0.01528833 -0.01063971 0.01127249
v -0.01528833 -0.01038057 0.01140920
v -0.01528833 -0.01009981 0.01149291
v -0.01528833 -0.00981363 0.01152045
v -0.01531223 0.01372849 -0.03046760
v -0.01538935 0.01398434 -0.03042903
v -0.01528847 0.01346565 -0.03047949
v -0.01528833 -0.00001565 -0.03047955
v -0.01532076 0.01320004 -0.03046334
v -0.01541001 0.01293615 -0.03041869
v -0.01555517 0.01267856 -0.03034612
v -0.01575328 0.01243157 -0.03024706
v -0.01575329 -0.01246288 -0.03024706
v -0.01555518 -0.01270986 -0.03034612
v -0.01541002 -0.01296748 -0.03041869
v -0.01532077 -0.01323136 -0.03046334
v -0.01528848 -0.01349697 -0.03047949
v -0.01531224 -0.01375982 -0.03046760
v -0.01528833 -0.00001567 0.01152045
v -0.01528833 0.00978229 0.01152045
v -0.01470575 0.01577563 -0.02897954
v -0.01491127 0.01564468 -0.02928680
v -0.01516991 0.01544102 -0.02953565
v -0.01491127 0.01555432 -0.02960110
v -0.01535678 0.01520049 -0.02979719
v -0.01491127 0.01539763 -0.02990353
v -0.01491127 0.01517831 -0.03017351
v -0.01491127 0.01490832 -0.03039282
v -0.01491127 0.01460589 -0.03054952
v -0.01491127 0.01429159 -0.03063988
v -0.01546985 0.01422060 -0.03036845
v -0.01548148 0.01491653 -0.03002864
v -0.01551978 0.01470198 -0.03016266
v -0.01551701 0.01446520 -0.03027910
v -0.01528833 0.01006847 0.01149291
v -0.01528833 0.01034924 0.01140920
v -0.01528833 0.01060838 0.01127249
v -0.01528833 0.01083208 0.01109189
v -0.01431462 0.01597119 -0.02823561
v -0.01439380 0.01593161 -0.02849033
v -0.01452500 0.01586600 -0.02873960
v -0.01528833 0.01186056 0.00998065
v -0.01528833 0.01279022 0.00875312
v -0.01528833 0.01359800 0.00743112
v -0.01528833 0.01427402 0.00602505
v -0.01528833 0.01480526 0.00455812
v -0.01528833 0.01518480 0.00305292
v -0.01528833 0.01541039 0.00153279
v -0.01602857 0.01508626 0.00093979
v -0.01577828 0.01521832 0.00082138
v -0.01521516 0.01551419 0.00047851
v -0.01528833 0.01562240 0.00031611
v -0.01528833 0.01584061 -0.00014409
v -0.01528833 0.01596007 -0.00063208
v -0.01528833 0.01596577 -0.00128376
v -0.01528833 0.01590308 -0.00161180
v -0.01528833 0.01579546 -0.00193280
v -0.01528833 0.01564468 -0.00223768
v -0.01528833 -0.01580981 0.00001389
v -0.01528833 -0.01565372 0.00031608
v -0.01528833 -0.01592300 -0.00030520
v -0.01528833 -0.01599140 -0.00063208
v -0.01528833 -0.01599709 -0.00128376
v -0.01528833 -0.01588615 -0.00177374
v -0.01528833 -0.01567600 -0.00223771
v -0.01528834 -0.01551566 -0.02947956
v -0.01528834 -0.01578450 -0.02902952
v -0.01528834 -0.01596100 -0.02849942
v -0.01528834 -0.01601496 -0.02792033
v -0.01528834 -0.01593157 -0.02733660
v -0.01528834 -0.01571762 -0.02679577
v -0.01528833 0.01553813 -0.02655408
v -0.01528833 0.01575085 -0.02692458
v -0.01528833 0.01590024 -0.02733660
v -0.01528833 0.01597579 -0.02777293
v -0.01528833 0.01597338 -0.02821344
v -0.01528833 0.01589606 -0.02863803
v -0.01528833 0.01575317 -0.02902949
v -0.01528833 0.01548434 -0.02947953
v -0.00628833 -0.00001567 0.00002045
v -0.01381333 0.01364759 -0.02901679
v -0.01248833 0.01367540 -0.02901202
v -0.01381333 0.01381520 -0.02897605
v -0.01381333 0.01398004 -0.02890518
v -0.01381333 0.01413406 -0.02880439
v -0.01381333 0.01426940 -0.02867681
v -0.01381333 0.01437960 -0.02852818
v -0.01381333 0.01446061 -0.02836606
v -0.01381333 0.01451126 -0.02819851
v -0.01248833 0.01446061 -0.02836606
v -0.01248833 0.01451681 -0.02817061
v -0.01381333 0.01453435 -0.02797955
v -0.01248833 0.01453435 -0.02797955
v -0.01248833 0.01451681 -0.02778849
v -0.01381333 0.01451126 -0.02776059
v -0.01248833 0.01446061 -0.02759304
v -0.01381333 0.01443700 -0.02753800
v -0.01248833 0.01436319 -0.02740496
v -0.01381333 0.01430919 -0.02732983
v -0.01248833 0.01422680 -0.02723709
v -0.01381333 0.01413406 -0.02715471
v -0.01248833 0.01405891 -0.02710071
v -0.01381333 0.01392589 -0.02702689
v -0.01248833 0.01387084 -0.02700329
v -0.01381333 0.01370331 -0.02695262
v -0.01248833 0.01367540 -0.02694708
v -0.01248833 0.01436319 -0.02855411
v -0.01248833 0.01422680 -0.02872202
v -0.01248833 0.01405891 -0.02885839
v -0.01248833 0.01387084 -0.02895582
v -0.01017767 -0.00096566 -0.03012955
v -0.01008833 -0.00041566 -0.02927956
v -0.01008833 -0.00151567 -0.02927956
v -0.00613833 -0.00032631 -0.03012955
v -0.00218833 -0.00041566 -0.02927956
v -0.00209899 -0.00096566 -0.03012955
v -0.00218833 -0.00151567 -0.02927956
v -0.00613833 -0.00160500 -0.03012955
v -0.01017767 -0.00296565 -0.03012955
v -0.01008833 -0.00241567 -0.02927956
v -0.01008833 -0.00351565 -0.02927956
v -0.00613833 -0.00232632 -0.03012955
v -0.00218833 -0.00241567 -0.02927956
v -0.00209899 -0.00296567 -0.03012955
v -0.00218833 -0.00351565 -0.02927956
v -0.00613833 -0.00360500 -0.03012955
v -0.01017767 0.00903434 -0.03012955
v -0.01008833 0.00958434 -0.02927956
v -0.01008833 0.00848434 -0.02927956
v -0.00613833 0.00967368 -0.03012955
v -0.00218833 0.00958434 -0.02927956
v -0.00209899 0.00903434 -0.03012955
v -0.00218833 0.00848434 -0.02927956
v -0.00613833 0.00839501 -0.03012955
v -0.00613833 0.01513434 -0.01626888
v -0.01008833 0.01428433 -0.01617956
v -0.00218833 0.01428433 -0.01617956
v -0.01017766 0.01513434 -0.01562956
v -0.01008833 0.01428433 -0.01507956
v -0.00613833 0.01513434 -0.01499021
v -0.00218833 0.01428433 -0.01507956
v -0.00209899 0.01513434 -0.01562956
v -0.00613833 0.01513434 -0.01826888
v -0.01008833 0.01428435 -0.01817953
v -0.00218833 0.01428433 -0.01817953
v -0.01017767 0.01513434 -0.01762953
v -0.01008833 0.01428435 -0.01707956
v -0.00613833 0.01513434 -0.01699021
v -0.00218833 0.01428433 -0.01707956
v -0.00209899 0.01513434 -0.01762953
v -0.00613833 0.01513434 -0.02026889
v -0.01008833 0.01428435 -0.02017954
v -0.00218833 0.01428433 -0.02017954
v -0.01017767 0.01513434 -0.01962954
v -0.01008833 0.01428435 -0.01907953
v -0.00613833 0.01513434 -0.01899022
v -0.00218833 0.01428433 -0.01907953
v -0.00209899 0.01513434 -0.01962954
v -0.00613833 0.01513434 -0.02226889
v -0.01008833 0.01428435 -0.02217954
v -0.00218833 0.01428433 -0.02217954
v -0.01017767 0.01513434 -0.02162954
v -0.01008833 0.01428435 -0.02107954
v -0.00613833 0.01513434 -0.02099019
v -0.00218833 0.01428433 -0.02107954
v -0.00209899 0.01513434 -0.02162954
v -0.00613833 0.01513434 -0.02426889
v -0.01008833 0.01428435 -0.02417955
v -0.00218833 0.01428433 -0.02417955
v -0.01017767 0.01513434 -0.02362954
v -0.01008833 0.01428435 -0.02307954
v -0.00613833 0.01513434 -0.02299020
v -0.00218833 0.01428433 -0.02307954
v -0.00209899 0.01513434 -0.02362954
v -0.00613833 -0.00296565 -0.02927956
v -0.00613833 -0.00096566 -0.02927956
v -0.00613833 0.00903434 -0.02927956
v -0.00613833 0.00103434 -0.02927956
v -0.01008833 0.00048434 -0.02927956
v -0.01008833 0.00158434 -0.02927956
v -0.00218833 0.00048434 -0.02927956
v -0.00218833 0.00158434 -0.02927956
v -0.00613833 0.00039501 -0.03012955
v -0.00209899 0.00103434 -0.03012955
v -0.00613833 0.00167367 -0.03012955
v -0.01017767 0.00103434 -0.03012955
v -0.00613833 0.00303434 -0.02927956
v -0.01008833 0.00248434 -0.02927956
v -0.01008833 0.00358435 -0.02927956
v -0.00218833 0.00248434 -0.02927956
v -0.00218833 0.00358435 -0.02927956
v -0.00613833 0.00239500 -0.03012955
v -0.00209899 0.00303434 -0.03012955
v -0.00613833 0.00367368 -0.03012955
v -0.01017767 0.00303434 -0.03012955
v -0.00613833 0.00503433 -0.02927956
v -0.01008833 0.00448435 -0.02927956
v -0.01008833 0.00558434 -0.02927956
v -0.00218833 0.00448435 -0.02927956
v -0.00218833 0.00558434 -0.02927956
v -0.00613833 0.00439500 -0.03012955
v -0.00209899 0.00503433 -0.03012955
v -0.00613833 0.00567368 -0.03012955
v -0.01017767 0.00503435 -0.03012955
v -0.00613833 0.00703434 -0.02927956
v -0.01008833 0.00648434 -0.02927956
v -0.01008833 0.00758434 -0.02927956
v -0.00218833 0.00648434 -0.02927956
v -0.00218833 0.00758434 -0.02927956
v -0.00613833 0.00639500 -0.03012955
v -0.00209899 0.00703434 -0.03012955
v -0.00613833 0.00767369 -0.03012955
v -0.01017767 0.00703434 -0.03012955
v -0.00613833 0.01428435 -0.02362954
v -0.00613833 0.01428435 -0.02162954
v -0.00613833 0.01428433 -0.01962954
v -0.00613833 0.01428433 -0.01762956
v -0.00613833 0.01428433 -0.01562956
v 0.00831167 0.01367540 -0.02901202
v 0.00831167 0.01367540 -0.02694708
v 0.00831167 0.01363901 -0.02714374
v 0.00831167 0.01387084 -0.02700329
v 0.00831167 0.01379722 -0.02718922
v 0.00831167 0.01405891 -0.02710071
v 0.00831167 0.01394946 -0.02726811
v 0.00831167 0.01422680 -0.02723709
v 0.00831167 0.01408537 -0.02737850
v 0.00831167 0.01436319 -0.02740496
v 0.00831167 0.01419579 -0.02751443
v 0.00831167 0.01446061 -0.02759304
v 0.00831167 0.01427466 -0.02766666
v 0.00831167 0.01451681 -0.02778849
v 0.00831167 0.01432014 -0.02782488
v 0.00831167 0.01453435 -0.02797955
v 0.00831167 0.01433434 -0.02797955
v 0.00831167 0.01432014 -0.02813422
v 0.00831167 0.01451681 -0.02817061
v 0.00831167 0.01427466 -0.02829242
v 0.00831167 0.01446061 -0.02836606
v 0.00831167 0.01419579 -0.02844468
v 0.00831167 0.01436319 -0.02855411
v 0.00831167 0.01408537 -0.02858060
v 0.00831167 0.01422680 -0.02872202
v 0.00831167 0.01394946 -0.02869099
v 0.00831167 0.01405891 -0.02885839
v 0.00831167 0.01379722 -0.02876988
v 0.00831167 0.01387084 -0.02895582
v 0.00831167 0.01363901 -0.02881536
v -0.01248833 0.01363901 -0.02881536
v -0.01248833 0.01379723 -0.02876988
v -0.01248833 0.01394948 -0.02869099
v -0.01248833 0.01408539 -0.02858060
v -0.01248833 0.01419579 -0.02844468
v -0.01248833 0.01427466 -0.02829242
v -0.01248833 0.01432016 -0.02813422
v -0.01248833 0.01433434 -0.02797955
v -0.01248833 0.01432016 -0.02782488
v -0.01248833 0.01427466 -0.02766666
v -0.01248833 0.01419579 -0.02751443
v -0.01248833 0.01408539 -0.02737850
v -0.01248833 0.01394948 -0.02726811
v -0.01248833 0.01379723 -0.02718922
v -0.01248833 0.01363901 -0.02714374
v -0.00208833 0.01361649 -0.02713990
v -0.00208833 0.01375218 -0.02717286
v -0.00208833 0.01388562 -0.02723023
v -0.00208833 0.01401030 -0.02731183
v -0.00208833 0.01411987 -0.02741509
v -0.00208833 0.01420907 -0.02753541
v -0.00208833 0.01427466 -0.02766666
v -0.00208833 0.01431566 -0.02780229
v -0.00208833 0.01433434 -0.02797955
v -0.00208833 0.01431566 -0.02815682
v -0.00208833 0.01425553 -0.02833700
v -0.00208833 0.01415207 -0.02850550
v -0.00208833 0.01401030 -0.02864727
v -0.00208833 0.01384178 -0.02875075
v -0.00208833 0.01366160 -0.02881086
v 0.00831167 -0.01332460 -0.02694708
v 0.00831167 -0.01336100 -0.02714374
v 0.00831167 -0.01312917 -0.02700329
v 0.00831167 -0.01320278 -0.02718922
v 0.00831167 -0.01294109 -0.02710071
v 0.00831167 -0.01305053 -0.02726811
v 0.00831167 -0.01277319 -0.02723709
v 0.00831167 -0.01291462 -0.02737853
v 0.00831167 -0.01263682 -0.02740499
v 0.00831167 -0.01280422 -0.02751443
v 0.00831167 -0.01253938 -0.02759304
v 0.00831167 -0.01272535 -0.02766669
v 0.00831167 -0.01248319 -0.02778849
v 0.00831167 -0.01267985 -0.02782488
v 0.00831167 -0.01246566 -0.02797955
v 0.00831167 -0.01266567 -0.02797955
v 0.00831167 -0.01267985 -0.02813422
v 0.00831167 -0.01248319 -0.02817061
v 0.00831167 -0.01272535 -0.02829245
v 0.00831167 -0.01253938 -0.02836606
v 0.00831167 -0.01280422 -0.02844468
v 0.00831167 -0.01263682 -0.02855414
v 0.00831167 -0.01291462 -0.02858060
v 0.00831167 -0.01277319 -0.02872202
v 0.00831167 -0.01305053 -0.02869099
v 0.00831167 -0.01294109 -0.02885839
v 0.00831167 -0.01320278 -0.02876988
v 0.00831167 -0.01312917 -0.02895585
v 0.00831167 -0.01336100 -0.02881536
v 0.00831167 -0.01332460 -0.02901202
v -0.01248834 -0.01336099 -0.02881536
v -0.01248834 -0.01320278 -0.02876988
v -0.01248834 -0.01305053 -0.02869099
v -0.01248834 -0.01291462 -0.02858060
v -0.01248834 -0.01280422 -0.02844468
v -0.01248834 -0.01272535 -0.02829245
v -0.01248834 -0.01267985 -0.02813422
v -0.01248834 -0.01266565 -0.02797955
v -0.01248834 -0.01267985 -0.02782488
v -0.01248834 -0.01272535 -0.02766669
v -0.01248834 -0.01280422 -0.02751443
v -0.01248834 -0.01291462 -0.02737850
v -0.01248834 -0.01305053 -0.02726811
v -0.01248834 -0.01320278 -0.02718922
v -0.01248834 -0.01336099 -0.02714374
v -0.00208833 -0.01338350 -0.02713990
v -0.00208833 -0.01324783 -0.02717286
v -0.00208833 -0.01311439 -0.02723023
v -0.00208833 -0.01298969 -0.02731183
v -0.00208833 -0.01288014 -0.02741509
v -0.00208833 -0.01279093 -0.02753541
v -0.00208833 -0.01272535 -0.02766669
v -0.00208833 -0.01268435 -0.02780229
v -0.00208833 -0.01266567 -0.02797955
v -0.00208833 -0.01268435 -0.02815682
v -0.00208833 -0.01274446 -0.02833700
v -0.00208834 -0.01284794 -0.02850550
v -0.00208834 -0.01298969 -0.02864727
v -0.00208834 -0.01315823 -0.02875075
v -0.00208834 -0.01333841 -0.02881086
v 0.00831167 0.01367540 0.00005293
v 0.00831167 0.01363899 -0.00014374
v 0.00831167 0.01387083 -0.00000328
v 0.00831167 0.01379722 -0.00018921
v 0.00831167 0.01405891 -0.00010070
v 0.00831167 0.01394946 -0.00026810
v 0.00831167 0.01422680 -0.00023708
v 0.00831167 0.01408537 -0.00037852
v 0.00831167 0.01436318 -0.00040498
v 0.00831167 0.01419578 -0.00051442
v 0.00831167 0.01446061 -0.00059303
v 0.00831167 0.01427465 -0.00066668
v 0.00831167 0.01451681 -0.00078848
v 0.00831167 0.01432014 -0.00082487
v 0.00831167 0.01453433 -0.00097954
v 0.00831167 0.01433433 -0.00097954
v 0.00831167 0.01432014 -0.00113422
v 0.00831167 0.01451681 -0.00117060
v 0.00831167 0.01427465 -0.00129244
v 0.00831167 0.01446061 -0.00136605
v 0.00831167 0.01419578 -0.00144467
v 0.00831167 0.01436318 -0.00155413
v 0.00831167 0.01408537 -0.00158059
v 0.00831167 0.01422680 -0.00172201
v 0.00831167 0.01394946 -0.00169098
v 0.00831167 0.01405891 -0.00185838
v 0.00831167 0.01379722 -0.00176987
v 0.00831167 0.01387083 -0.00195584
v 0.00831167 0.01363899 -0.00181535
v 0.00831167 0.01367540 -0.00201201
v -0.01248833 0.01363901 -0.00181535
v -0.01248833 0.01379722 -0.00176987
v -0.01248833 0.01394946 -0.00169098
v -0.01248833 0.01408537 -0.00158059
v -0.01248833 0.01419578 -0.00144467
v -0.01248833 0.01427466 -0.00129244
v -0.01248833 0.01432014 -0.00113422
v -0.01248833 0.01433434 -0.00097954
v -0.01248833 0.01432014 -0.00082487
v -0.01248833 0.01427466 -0.00066668
v -0.01248833 0.01419578 -0.00051442
v -0.01248833 0.01408537 -0.00037852
v -0.01248833 0.01394946 -0.00026810
v -0.01248833 0.01379722 -0.00018921
v -0.01248833 0.01363901 -0.00014374
v -0.00208833 0.01361649 -0.00013989
v -0.00208833 0.01375217 -0.00017285
v -0.00208833 0.01388561 -0.00023022
v -0.00208833 0.01401030 -0.00031182
v -0.00208833 0.01411986 -0.00041509
v -0.00208833 0.01420907 -0.00053540
v -0.00208833 0.01427465 -0.00066668
v -0.00208833 0.01431564 -0.00080228
v -0.00208833 0.01433434 -0.00097954
v -0.00208833 0.01431564 -0.00115681
v -0.00208833 0.01425553 -0.00133699
v -0.00208833 0.01415207 -0.00150552
v -0.00208833 0.01401030 -0.00164726
v -0.00208833 0.01384178 -0.00175074
v -0.00208833 0.01366158 -0.00181085
v 0.00831167 -0.01332461 -0.00201201
v 0.00831167 -0.01332461 0.00005293
v 0.00831167 -0.01336100 -0.00014374
v 0.00831167 -0.01312917 -0.00000328
v 0.00831167 -0.01320279 -0.00018924
v 0.00831167 -0.01294110 -0.00010070
v 0.00831167 -0.01305053 -0.00026810
v 0.00831167 -0.01277321 -0.00023708
v 0.00831167 -0.01291462 -0.00037852
v 0.00831167 -0.01263682 -0.00040498
v 0.00831167 -0.01280422 -0.00051442
v 0.00831167 -0.01253940 -0.00059306
v 0.00831167 -0.01272535 -0.00066668
v 0.00831167 -0.01248320 -0.00078848
v 0.00831167 -0.01267985 -0.00082490
v 0.00831167 -0.01246566 -0.00097954
v 0.00831167 -0.01266567 -0.00097954
v 0.00831167 -0.01267985 -0.00113422
v 0.00831167 -0.01248320 -0.00117060
v 0.00831167 -0.01272535 -0.00129244
v 0.00831167 -0.01253940 -0.00136605
v 0.00831167 -0.01280422 -0.00144470
v 0.00831167 -0.01263682 -0.00155413
v 0.00831167 -0.01291462 -0.00158059
v 0.00831167 -0.01277321 -0.00172201
v 0.00831167 -0.01305053 -0.00169101
v 0.00831167 -0.01294110 -0.00185841
v 0.00831167 -0.01320279 -0.00176987
v 0.00831167 -0.01312917 -0.00195584
v 0.00831167 -0.01336100 -0.00181538
v -0.01248833 -0.01336100 -0.00181535
v -0.01248833 -0.01320278 -0.00176987
v -0.01248833 -0.01305053 -0.00169098
v -0.01248833 -0.01291462 -0.00158059
v -0.01248833 -0.01280422 -0.00144467
v -0.01248833 -0.01272535 -0.00129244
v -0.01248833 -0.01267985 -0.00113422
v -0.01248833 -0.01266567 -0.00097954
v -0.01248833 -0.01267985 -0.00082487
v -0.01248833 -0.01272535 -0.00066668
v -0.01248833 -0.01280422 -0.00051442
v -0.01248833 -0.01291462 -0.00037852
v -0.01248833 -0.01305053 -0.00026810
v -0.01248833 -0.01320278 -0.00018924
v -0.01248833 -0.01336100 -0.00014374
v -0.00208833 -0.01338350 -0.00013989
v -0.00208833 -0.01324783 -0.00017285
v -0.00208833 -0.01311439 -0.00023022
v -0.00208833 -0.01298971 -0.00031182
v -0.00208833 -0.01288014 -0.00041509
v -0.00208833 -0.01279093 -0.00053540
v -0.00208833 -0.01272535 -0.00066668
v -0.00208833 -0.01268435 -0.00080231
v -0.00208833 -0.01266567 -0.00097954
v -0.00208833 -0.01268435 -0.00115681
v -0.00208833 -0.01274448 -0.00133699
v -0.00208833 -0.01284794 -0.00150552
v -0.00208833 -0.01298971 -0.00164729
v -0.00208833 -0.01315823 -0.00175074
v -0.00208833 -0.01333841 -0.00181088
v 0.01781167 0.00045077 0.00298396
v 0.01931166 0.00056102 0.00296366
v 0.01631167 0.00055604 0.00296548
v 0.01781167 0.00092964 0.00286761
v 0.01631167 0.00112440 0.00279537
v 0.01781167 0.00140060 0.00266510
v 0.01631167 0.00165481 0.00251234
v 0.01781167 0.00184067 0.00237715
v 0.01631167 0.00211532 0.00213206
v 0.01781167 0.00222736 0.00201264
v 0.01631167 0.00248281 0.00168106
v 0.01781167 0.00254222 0.00158799
v 0.01631167 0.00275142 0.00117943
v 0.01781167 0.00277369 0.00112474
v 0.01631167 0.00292436 0.00061730
v 0.01781167 0.00291837 0.00064606
v 0.01781167 0.00298434 0.00002045
v 0.01931167 0.00292755 0.00059715
v 0.01781167 0.00291837 -0.00060516
v 0.01781167 0.00270618 -0.00124112
v 0.01781167 0.00234102 -0.00183588
v 0.01781167 0.00184067 -0.00233623
v 0.01781167 0.00124589 -0.00270140
v 0.01781167 0.00060994 -0.00291359
v 0.01631167 0.00055604 -0.00292456
v 0.01631167 0.00298434 0.00002045
v 0.01631167 0.00292436 -0.00057641
v 0.01631167 0.00275142 -0.00113851
v 0.01631167 0.00248281 -0.00164017
v 0.01631167 0.00211532 -0.00209117
v 0.01631167 0.00165481 -0.00247145
v 0.01631167 0.00112440 -0.00275448
v 0.01931167 0.00275596 0.00116849
v 0.01931167 0.00247329 0.00169385
v 0.01931167 0.00210564 0.00214178
v 0.01931167 0.00165772 0.00250942
v 0.01931167 0.00113238 0.00279209
v 0.01631167 -0.01201566 -0.02997955
v 0.01631167 -0.01277321 -0.02872202
v 0.01631167 -0.01240463 -0.03021911
v 0.01631167 -0.01263682 -0.02855414
v 0.01631167 -0.01253938 -0.02836606
v 0.01631167 -0.01294110 -0.02885839
v 0.01631167 -0.01285718 -0.03039127
v 0.01631167 -0.01312917 -0.02895585
v 0.01631167 -0.01332460 -0.02901202
v 0.01631167 -0.01335459 -0.03047436
v 0.01631167 -0.01386922 -0.03045443
v 0.01631167 -0.01436884 -0.03032946
v 0.01631167 -0.01482310 -0.03011042
v 0.01631167 -0.01520933 -0.02981844
v 0.01631167 -0.01551566 -0.02947956
v 0.01631167 -0.01575523 -0.02909058
v 0.01631167 -0.01592738 -0.02863806
v 0.01631167 -0.01601047 -0.02814063
v 0.01631167 -0.01599053 -0.02762601
v 0.01631167 -0.01586557 -0.02712637
v 0.01631167 -0.01564654 -0.02667212
v 0.01631167 -0.01535455 -0.02628588
v 0.01631167 -0.01501567 -0.02597955
v 0.01631167 -0.01332460 -0.02694708
v 0.01631167 -0.01312917 -0.02700329
v 0.01631167 -0.01456567 -0.01022956
v 0.01631167 -0.01294110 -0.02710071
v 0.01631167 -0.01277321 -0.02723709
v 0.01631167 -0.00001567 -0.01022956
v 0.01631167 -0.01263682 -0.02740499
v 0.01631167 -0.01253938 -0.02759304
v 0.01631167 -0.01248319 -0.02778849
v 0.01631167 -0.01246566 -0.02797955
v 0.01631167 -0.01248319 -0.02817061
v 0.01631167 -0.01501567 -0.00297955
v 0.01631167 -0.01332461 -0.00201201
v 0.01631167 -0.01312917 -0.00195584
v 0.01631167 -0.01543333 -0.00258347
v 0.01631167 -0.01575660 -0.00208783
v 0.01631167 -0.01595430 -0.00153008
v 0.01631167 -0.01601558 -0.00095776
v 0.01631167 -0.01594433 -0.00038656
v 0.01631167 -0.01573692 0.00016764
v 0.01631167 -0.01540507 0.00065756
v 0.01631167 -0.01498055 0.00104630
v 0.01631167 -0.01455409 0.00371289
v 0.01631167 -0.01332461 0.00005293
v 0.01631167 -0.01312917 -0.00000328
v 0.01631167 -0.01294110 -0.00010070
v 0.01631167 -0.01363748 0.00630108
v 0.01631167 -0.01277321 -0.00023711
v 0.01631167 -0.01263682 -0.00040498
v 0.01631167 -0.01226444 0.00867883
v 0.01631167 -0.00981363 0.01102045
v 0.01631168 0.00978229 0.01102045
v 0.01631168 0.01223310 0.00867886
v 0.01631168 0.01360614 0.00630111
v 0.01631168 0.01452275 0.00371289
v 0.01631168 0.01494921 0.00104633
v 0.01631168 0.01367540 0.00005293
v 0.01631168 0.01387083 -0.00000328
v 0.01631168 0.01405889 -0.00010070
v 0.01631168 0.01422680 -0.00023708
v 0.01631168 0.01436318 -0.00040498
v 0.01631168 0.01537373 0.00065759
v 0.01631168 0.01446061 -0.00059303
v 0.01631168 0.01570558 0.00016764
v 0.01631168 0.01451681 -0.00078848
v 0.01631168 0.01591299 -0.00038656
v 0.01631168 0.01453433 -0.00097954
v 0.01631168 0.01598423 -0.00095773
v 0.01631168 0.01592295 -0.00153008
v 0.01631167 -0.01051348 0.01073474
v 0.01631167 -0.01000441 0.01100207
v 0.01631167 -0.01019160 0.01094628
v 0.01631167 -0.01036436 0.01085514
v 0.01631168 0.01048214 0.01073474
v 0.01631168 0.00997307 0.01100210
v 0.01631168 0.01016026 0.01094628
v 0.01631168 0.01033301 0.01085514
v 0.01631168 0.01451681 -0.00117060
v 0.01631168 0.01572526 -0.00208783
v 0.01631168 0.01446061 -0.00136605
v 0.01631168 0.01540200 -0.00258347
v 0.01631168 0.01436318 -0.00155413
v 0.01631168 0.01498433 -0.00297955
v 0.01631168 0.01422680 -0.00172201
v 0.01631168 0.01405889 -0.00185838
v 0.01631168 0.01387083 -0.00195584
v 0.01631168 0.01367540 -0.00201201
v 0.01631167 0.01241811 -0.01022956
v 0.01631167 0.01102484 -0.01022956
v 0.01631168 0.01496387 -0.01022956
v 0.01631167 0.01498433 -0.02597955
v 0.01631167 0.01384827 -0.02601296
v 0.01631167 0.01422053 -0.02611998
v 0.01631167 0.01457875 -0.02630555
v 0.01631167 0.01489855 -0.02656534
v 0.01631167 0.01532323 -0.02628588
v 0.01631167 0.01515833 -0.02688512
v 0.01631167 0.01561520 -0.02667212
v 0.01631167 0.01534391 -0.02724337
v 0.01631167 0.01583425 -0.02712637
v 0.01631167 0.01545095 -0.02761563
v 0.01631167 0.01595921 -0.02762601
v 0.01631167 0.01548434 -0.02797955
v 0.01631167 0.01597915 -0.02814063
v 0.01631167 0.01545095 -0.02834347
v 0.01631167 0.01589606 -0.02863803
v 0.01631167 0.01534391 -0.02871573
v 0.01631167 0.01572389 -0.02909058
v 0.01631167 0.01515833 -0.02907398
v 0.01631167 0.01548434 -0.02947956
v 0.01631167 0.01517800 -0.02981844
v 0.01631167 0.01489855 -0.02939376
v 0.01631167 0.01479176 -0.03011042
v 0.01631167 0.01457875 -0.02965355
v 0.01631167 0.01433752 -0.03032946
v 0.01631167 0.01422053 -0.02983913
v 0.01631167 0.01384827 -0.02994618
v 0.01631167 0.01383790 -0.03045443
v 0.01631167 0.01332327 -0.03047436
v 0.01631167 0.01282584 -0.03039127
v 0.01631167 0.01237330 -0.03021911
v 0.01631167 0.01198434 -0.02997955
v 0.01631167 -0.01253940 -0.00059306
v 0.01631167 -0.01248320 -0.00078848
v 0.01631167 -0.01246566 -0.00097954
v 0.01631167 -0.01248320 -0.00117060
v 0.01631167 -0.01253940 -0.00136605
v 0.01631167 -0.01263682 -0.00155413
v 0.01631167 -0.01277321 -0.00172201
v 0.01631167 -0.01294110 -0.00185841
v 0.01563667 0.01203703 -0.02749902
v 0.01563667 0.01228636 -0.02703592
v 0.01563667 0.01268750 -0.02667931
v 0.01563667 0.01316631 -0.02648806
v 0.01563667 0.01348434 -0.02645457
v 0.01516167 0.01367540 -0.02694708
v 0.01563667 0.01380236 -0.02648806
v 0.01516167 0.01387084 -0.02700329
v 0.01563667 0.01412564 -0.02659595
v 0.01516167 0.01405891 -0.02710071
v 0.01563667 0.01442798 -0.02678156
v 0.01516167 0.01422680 -0.02723709
v 0.01563667 0.01468233 -0.02703592
v 0.01516167 0.01436318 -0.02740499
v 0.01563667 0.01486794 -0.02733826
v 0.01516167 0.01446061 -0.02759304
v 0.01563667 0.01497581 -0.02766153
v 0.01516167 0.01451681 -0.02778849
v 0.01611167 0.01545095 -0.02761563
v 0.01611167 0.01384827 -0.02601296
v 0.01611167 0.01422053 -0.02611998
v 0.01611167 0.01457875 -0.02630555
v 0.01611167 0.01489855 -0.02656534
v 0.01611167 0.01515833 -0.02688512
v 0.01611167 0.01534391 -0.02724337
v 0.01621167 0.01379529 -0.02600387
v 0.01621167 0.01411454 -0.02608144
v 0.01621167 0.01442852 -0.02621645
v 0.01621167 0.01472189 -0.02640843
v 0.01621167 0.01497968 -0.02665141
v 0.01621167 0.01518959 -0.02693450
v 0.01621167 0.01534391 -0.02724337
v 0.01621167 0.01544037 -0.02756247
v 0.01621167 0.01548434 -0.02797955
v 0.01621167 0.01544037 -0.02839660
v 0.01621167 0.01529891 -0.02882060
v 0.01621167 0.01505547 -0.02921712
v 0.01621167 0.01472189 -0.02955067
v 0.01621167 0.01432537 -0.02979412
v 0.01621167 0.01390140 -0.02993560
v 0.01231167 -0.01335242 -0.02901679
v 0.01231167 -0.01318481 -0.02897605
v 0.01231167 -0.01301997 -0.02890518
v 0.01231167 -0.01286594 -0.02880439
v 0.01231167 -0.01273061 -0.02867684
v 0.01231167 -0.01262040 -0.02852821
v 0.01231167 -0.01253938 -0.02836606
v 0.01231167 -0.01248875 -0.02819851
v 0.01231167 -0.01246566 -0.02797955
v 0.01231167 -0.01248875 -0.02776059
v 0.01231167 -0.01256301 -0.02753800
v 0.01231167 -0.01269082 -0.02732983
v 0.01231167 -0.01286594 -0.02715471
v 0.01231167 -0.01307412 -0.02702692
v 0.01231167 -0.01329670 -0.02695265
v 0.01231167 -0.01335242 -0.00201678
v 0.01231167 -0.01318481 -0.00197607
v 0.01231167 -0.01301997 -0.00190517
v 0.01231167 -0.01286595 -0.00180441
v 0.01231167 -0.01273061 -0.00167683
v 0.01231167 -0.01262041 -0.00152820
v 0.01231167 -0.01253940 -0.00136605
v 0.01231167 -0.01248875 -0.00119853
v 0.01231167 -0.01246566 -0.00097954
v 0.01231167 -0.01248875 -0.00076058
v 0.01231167 -0.01256303 -0.00053802
v 0.01231167 -0.01269082 -0.00032982
v 0.01231167 -0.01286595 -0.00015470
v 0.01231167 -0.01307412 -0.00002691
v 0.01231167 -0.01329670 0.00004736
v 0.01231167 0.01364759 -0.00201678
v 0.01231167 0.01381519 -0.00197607
v 0.01231167 0.01398002 -0.00190517
v 0.01231167 0.01413406 -0.00180438
v 0.01231167 0.01426939 -0.00167683
v 0.01231167 0.01437960 -0.00152820
v 0.01231167 0.01446061 -0.00136605
v 0.01231167 0.01451125 -0.00119850
v 0.01231167 0.01453433 -0.00097954
v 0.01231167 0.01451125 -0.00076058
v 0.01231167 0.01443698 -0.00053799
v 0.01231167 0.01430917 -0.00032982
v 0.01231167 0.01413406 -0.00015470
v 0.01231167 0.01392589 -0.00002691
v 0.01231167 0.01370329 0.00004736
v 0.01580163 -0.01524965 0.00082135
v 0.01605192 -0.01511759 0.00093979
v 0.01523851 -0.01554553 0.00047848
v 0.01531167 -0.01565372 0.00031608
v 0.01472909 -0.01580695 0.00002045
v 0.01531167 -0.01587195 -0.00014412
v 0.01454834 -0.01589733 -0.00021949
v 0.01441714 -0.01596294 -0.00046879
v 0.01531167 -0.01599141 -0.00063211
v 0.01433797 -0.01600253 -0.00072348
v 0.01531167 -0.01599709 -0.00128376
v 0.01434366 -0.01599967 -0.00126189
v 0.01444182 -0.01595060 -0.00154626
v 0.01531167 -0.01593440 -0.00161180
v 0.01460756 -0.01586772 -0.00182682
v 0.01531167 -0.01582680 -0.00193280
v 0.01483953 -0.01575174 -0.00209758
v 0.01531167 -0.01567602 -0.00223771
v 0.01548304 -0.01542998 -0.00258747
v 0.01577662 -0.01246289 -0.03024709
v 0.01557851 -0.01270988 -0.03034612
v 0.01543335 -0.01296748 -0.03041872
v 0.01534410 -0.01323136 -0.03046334
v 0.01531181 -0.01349697 -0.03047949
v 0.01533557 -0.01375982 -0.03046760
v 0.01541269 -0.01401567 -0.03042903
v 0.01549319 -0.01425193 -0.03036845
v 0.01554035 -0.01449653 -0.03027910
v 0.01554312 -0.01473331 -0.03016269
v 0.01550482 -0.01494785 -0.03002867
v 0.01538012 -0.01523181 -0.02979722
v 0.01519325 -0.01547233 -0.02953565
v 0.01531167 -0.01551566 -0.02947956
v 0.01472909 -0.01580695 -0.02897957
v 0.01531167 -0.01578450 -0.02902952
v 0.01531167 -0.01592738 -0.02863806
v 0.01531167 -0.01600471 -0.02821347
v 0.01531167 -0.01600712 -0.02777293
v 0.01531167 -0.01593157 -0.02733660
v 0.01531167 -0.01578217 -0.02692461
v 0.01531167 -0.01556946 -0.02655411
v 0.01548304 -0.01542998 -0.02637163
v 0.01454834 -0.01589733 -0.02873960
v 0.01441713 -0.01596292 -0.02849033
v 0.01433796 -0.01600252 -0.02823561
v 0.01434365 -0.01599967 -0.02769720
v 0.01444182 -0.01595058 -0.02741286
v 0.01460756 -0.01586772 -0.02713230
v 0.01483953 -0.01575173 -0.02686152
v 0.01541269 0.01398433 -0.03042903
v 0.01533557 0.01372849 -0.03046760
v 0.01549320 0.01422059 -0.03036845
v 0.01554036 0.01446520 -0.03027910
v 0.01554313 0.01470197 -0.03016266
v 0.01550482 0.01491653 -0.03002864
v 0.01538013 0.01520047 -0.02979719
v 0.01531167 0.01548434 -0.02947956
v 0.01531167 0.01575317 -0.02902949
v 0.01531167 0.01592969 -0.02849942
v 0.01531167 0.01598363 -0.02792033
v 0.01531167 0.01590024 -0.02733660
v 0.01531167 0.01568631 -0.02679577
v 0.01548305 0.01539866 -0.02637163
v 0.01531181 0.01346565 -0.03047949
v 0.01534411 0.01320004 -0.03046334
v 0.01543336 0.01293615 -0.03041872
v 0.01557851 0.01267854 -0.03034612
v 0.01577662 0.01243157 -0.03024709
v 0.01483954 0.01572040 -0.02686152
v 0.01460757 0.01583639 -0.02713230
v 0.01444183 0.01591926 -0.02741286
v 0.01434366 0.01596834 -0.02769720
v 0.01433797 0.01597119 -0.02823561
v 0.01441714 0.01593160 -0.02849033
v 0.01454835 0.01586600 -0.02873960
v 0.01472910 0.01577563 -0.02897954
v 0.01519325 0.01544101 -0.02953565
v 0.01472910 0.01577563 0.00002045
v 0.01531168 0.01577847 0.00001389
v 0.01454835 0.01586599 -0.00021949
v 0.01531168 0.01562240 0.00031608
v 0.01523852 0.01551419 0.00047851
v 0.01580163 0.01521831 0.00082138
v 0.01605192 0.01508626 0.00093979
v 0.01531168 0.01589166 -0.00030520
v 0.01441715 0.01593160 -0.00046879
v 0.01531168 0.01596007 -0.00063208
v 0.01433797 0.01597119 -0.00072348
v 0.01531168 0.01596575 -0.00128376
v 0.01434366 0.01596834 -0.00126189
v 0.01444183 0.01591926 -0.00154623
v 0.01531168 0.01585483 -0.00177374
v 0.01460757 0.01583638 -0.00182679
v 0.01483954 0.01572040 -0.00209758
v 0.01531168 0.01564468 -0.00223771
v 0.01548305 0.01539864 -0.00258747
v 0.01531168 0.00978229 0.01152045
v 0.01531168 0.01006847 0.01149291
v 0.01531168 0.01034924 0.01140920
v 0.01531168 0.01060838 0.01127249
v 0.01531168 0.01083206 0.01109189
v 0.01531168 0.01541037 0.00153276
v 0.01531168 0.01518480 0.00305292
v 0.01531168 0.01480525 0.00455812
v 0.01531168 0.01427401 0.00602505
v 0.01531168 0.01359800 0.00743112
v 0.01531168 0.01186054 0.00998065
v 0.01531168 0.01278850 0.00875563
v 0.01531167 -0.00001567 0.01152045
v 0.01531167 -0.00981363 0.01152045
v 0.01531167 -0.01063972 0.01127249
v 0.01531167 -0.01086342 0.01109189
v 0.01531167 -0.01038057 0.01140917
v 0.01531167 -0.01009981 0.01149291
v 0.01493461 0.01429159 -0.03063988
v 0.01493461 0.01460587 -0.03054952
v 0.01493461 0.01490832 -0.03039285
v 0.01493461 0.01517831 -0.03017351
v 0.01493461 0.01539763 -0.02990353
v 0.01493461 0.01555432 -0.02960110
v 0.01493461 0.01564468 -0.02928680
v 0.01531167 -0.01544171 0.00153276
v 0.01531167 -0.01521614 0.00305292
v 0.01531167 -0.01483659 0.00455809
v 0.01531167 -0.01430535 0.00602502
v 0.01531167 -0.01362934 0.00743112
v 0.01531167 -0.01281983 0.00875563
v 0.01531167 -0.01189189 0.00998065
v 0.01531167 -0.00001567 -0.03047955
v 0.01493460 -0.01567600 -0.02928680
v 0.01493460 -0.01558564 -0.02960110
v 0.01493460 -0.01542895 -0.02990353
v 0.01493460 -0.01520964 -0.03017354
v 0.01493460 -0.01493964 -0.03039285
v 0.01493460 -0.01463721 -0.03054952
v 0.01493460 -0.01432292 -0.03063988
v 0.01531167 0.01548434 -0.01447955
v 0.01531167 -0.01551566 -0.01447955
v 0.01173667 0.01364759 -0.02901679
v 0.01173667 0.01381520 -0.02897605
v 0.01173667 0.01398004 -0.02890518
v 0.01173667 0.01413406 -0.02880439
v 0.01173667 0.01426940 -0.02867681
v 0.01173667 0.01437960 -0.02852818
v 0.01173667 0.01446061 -0.02836606
v 0.01173667 0.01451125 -0.02819851
v 0.01173667 0.01453433 -0.02797955
v 0.01173667 0.01451125 -0.02776059
v 0.01173667 0.01443698 -0.02753800
v 0.01173667 0.01430917 -0.02732983
v 0.01173667 0.01413406 -0.02715471
v 0.01173667 0.01392589 -0.02702689
v 0.01173667 0.01370329 -0.02695262
v 0.01956168 0.00259422 0.00088698
v 0.01956168 0.00214461 0.00172210
v 0.01956168 0.00142123 0.00236517
v 0.01956167 0.00055779 0.00270999
v 0.01956167 -0.00001567 0.00277046
v 0.01956167 -0.00058916 0.00270999
v 0.01956167 -0.00117210 0.00251547
v 0.01956167 -0.00171732 0.00218076
v 0.01956166 -0.00217598 0.00172210
v 0.01956166 -0.00251071 0.00117687
v 0.01956166 -0.00270523 0.00059390
v 0.01981167 -0.00247801 0.00045273
v 0.01981167 0.00243173 0.00053057
v 0.01981167 0.00227160 0.00102958
v 0.01981167 0.00201095 0.00148428
v 0.01981167 0.00166962 0.00186700
v 0.01981167 0.00125738 0.00217202
v 0.01981167 0.00078083 0.00239015
v 0.01981167 0.00026928 0.00250414
v 0.01981167 -0.00024351 0.00251004
v 0.01981167 -0.00067055 0.00243315
v 0.01981167 -0.00109869 0.00227368
v 0.01981167 -0.00150418 0.00202900
v 0.01981167 -0.00186222 0.00170574
v 0.01981167 -0.00215153 0.00131971
v 0.01981167 -0.00235822 0.00089362
v 0.01531167 0.00017869 -0.00121435
v 0.01981167 0.00021178 -0.00120869
v 0.01081167 0.00021178 -0.00120869
v 0.01531167 0.00037821 -0.00116587
v 0.01081167 0.00044445 -0.00114179
v 0.01531167 0.00057445 -0.00108150
v 0.01081167 0.00066834 -0.00102579
v 0.01531167 0.00075780 -0.00096151
v 0.01081167 0.00086822 -0.00086343
v 0.01531167 0.00091893 -0.00080964
v 0.01081167 0.00103057 -0.00066358
v 0.01531167 0.00105012 -0.00063270
v 0.01081167 0.00114656 -0.00043967
v 0.01531167 0.00114656 -0.00043967
v 0.01531167 0.00120685 -0.00024024
v 0.01981167 0.00114656 -0.00043967
v 0.01981167 0.00121347 -0.00020701
v 0.01531167 0.00123433 0.00002045
v 0.01981167 0.00123433 0.00002045
v 0.01981167 0.00121347 0.00024790
v 0.01531167 0.00120685 0.00028113
v 0.01981167 0.00114656 0.00048056
v 0.01531167 0.00111843 0.00054610
v 0.01981167 0.00103057 0.00070447
v 0.01531167 0.00096629 0.00079394
v 0.01981167 0.00086821 0.00090432
v 0.01531167 0.00075780 0.00100240
v 0.01981167 0.00066834 0.00106669
v 0.01531167 0.00050998 0.00115454
v 0.01981167 0.00044445 0.00118268
v 0.01531167 0.00024500 0.00124297
v 0.01981167 0.00021178 0.00124958
v 0.01081167 0.00021178 0.00124958
v 0.01081167 0.00121347 -0.00020701
v 0.01081167 0.00123433 0.00002045
v 0.01081167 0.00121347 0.00024790
v 0.01081167 0.00114656 0.00048056
v 0.01081167 0.00103057 0.00070447
v 0.01081167 0.00086822 0.00090432
v 0.01081167 0.00066834 0.00106669
v 0.01081167 0.00044445 0.00118268
v 0.01981167 0.00103057 -0.00066358
v 0.01981167 0.00086821 -0.00086343
v 0.01981167 0.00066834 -0.00102579
v 0.01981167 0.00044445 -0.00114179
v 0.01081167 -0.00001567 0.00002045
v 0.01298253 -0.00024312 -0.06107956
v 0.01296166 -0.00001567 -0.07007957
v 0.01296166 -0.00001567 -0.06107956
v 0.01298914 -0.00027634 -0.06557956
v 0.01304943 -0.00047579 -0.06107956
v 0.01307756 -0.00054132 -0.06557956
v 0.01316542 -0.00069968 -0.06107956
v 0.01322971 -0.00078914 -0.06557956
v 0.01332778 -0.00089956 -0.06107956
v 0.01343819 -0.00099763 -0.06557956
v 0.01352765 -0.00106191 -0.06107956
v 0.01368601 -0.00114977 -0.06557956
v 0.01375154 -0.00117790 -0.06107956
v 0.01395099 -0.00123819 -0.06557956
v 0.01398421 -0.00124481 -0.06107956
v 0.01421166 -0.00126567 -0.06557956
v 0.01421166 -0.00126567 -0.06107956
v 0.01443912 -0.00124481 -0.06107956
v 0.01447233 -0.00123819 -0.06557956
v 0.01467178 -0.00117790 -0.06107956
v 0.01467178 -0.00117790 -0.06557956
v 0.01486481 -0.00108146 -0.06557956
v 0.01467178 -0.00117790 -0.07007957
v 0.01489567 -0.00106191 -0.07007957
v 0.01298253 -0.00024312 -0.07007957
v 0.01304943 -0.00047579 -0.07007957
v 0.01316542 -0.00069968 -0.07007957
v 0.01332778 -0.00089955 -0.07007957
v 0.01352765 -0.00106191 -0.07007957
v 0.01375154 -0.00117790 -0.07007957
v 0.01398421 -0.00124481 -0.07007957
v 0.01421166 -0.00126567 -0.07007957
v 0.01443912 -0.00124481 -0.07007957
v 0.01504174 -0.00095027 -0.06557956
v 0.01509554 -0.00089955 -0.07007957
v 0.01519362 -0.00078914 -0.06557956
v 0.01525791 -0.00069968 -0.07007957
v 0.01531360 -0.00060579 -0.06557956
v 0.01537390 -0.00047579 -0.07007957
v 0.01539798 -0.00040955 -0.06557956
v 0.01544079 -0.00024312 -0.07007957
v 0.01544646 -0.00021003 -0.06557956
v 0.01546166 -0.00001567 -0.07007957
v 0.01546166 -0.00001567 -0.06107956
v 0.01544079 -0.00024312 -0.06107956
v 0.01537390 -0.00047579 -0.06107956
v 0.01525791 -0.00069968 -0.06107956
v 0.01509554 -0.00089956 -0.06107956
v 0.01489567 -0.00106191 -0.06107956
v 0.01375675 0.00244259 -0.07007957
v 0.01421166 0.00298434 -0.06957957
v 0.01421166 0.00248433 -0.07007957
v 0.01363819 0.00267386 -0.06982958
v 0.01329143 0.00230879 -0.07007957
v 0.01305523 0.00247935 -0.06982958
v 0.01284364 0.00207681 -0.07007957
v 0.01251002 0.00214461 -0.06982958
v 0.01244390 0.00175208 -0.07007957
v 0.01205136 0.00168597 -0.06982955
v 0.01211918 0.00135235 -0.07007957
v 0.01171664 0.00114075 -0.06982955
v 0.01188720 0.00090457 -0.07007957
v 0.01152212 0.00055779 -0.06982955
v 0.01175341 0.00043923 -0.07007957
v 0.01146166 -0.00001567 -0.06982955
v 0.01171167 -0.00001567 -0.07007957
v 0.01175340 -0.00047057 -0.07007957
v 0.01152212 -0.00058916 -0.06982955
v 0.01188720 -0.00093591 -0.07007957
v 0.01186693 -0.00145260 -0.06982955
v 0.01211918 -0.00138369 -0.07007957
v 0.01244390 -0.00178344 -0.07007957
v 0.01251002 -0.00217598 -0.06982955
v 0.01284364 -0.00210815 -0.07007957
v 0.01334513 -0.00262558 -0.06982955
v 0.01329143 -0.00234013 -0.07007957
v 0.01375675 -0.00247393 -0.07007957
v 0.01421166 -0.00251567 -0.07007957
v 0.01363497 -0.00295890 -0.06957954
v 0.01421166 -0.00301568 -0.06957954
v 0.01363497 0.00292755 -0.06957957
v 0.01306362 0.00275596 -0.06957957
v 0.01253827 0.00247329 -0.06957957
v 0.01209034 0.00210564 -0.06957957
v 0.01172271 0.00165772 -0.06957957
v 0.01144003 0.00113238 -0.06957957
v 0.01126844 0.00056102 -0.06957957
v 0.01121166 -0.00001567 -0.06957957
v 0.01124356 -0.00044701 -0.06957957
v 0.01133976 -0.00088140 -0.06957957
v 0.01150099 -0.00130072 -0.06957957
v 0.01172270 -0.00168906 -0.06957957
v 0.01199220 -0.00203385 -0.06957957
v 0.01230282 -0.00232945 -0.06957957
v 0.01266349 -0.00258451 -0.06957957
v 0.01306361 -0.00278732 -0.06957954
v -0.01482080 0.01329327 -0.05857956
v -0.01483833 0.01348434 -0.06542957
v -0.01483833 0.01348434 -0.05857956
v -0.01481525 0.01326538 -0.06200457
v -0.01476461 0.01309784 -0.05857956
v -0.01474098 0.01304278 -0.06200457
v -0.01466718 0.01290976 -0.05857956
v -0.01461318 0.01283462 -0.06200457
v -0.01453079 0.01274187 -0.05857956
v -0.01443805 0.01265950 -0.06200457
v -0.01436291 0.01260549 -0.05857956
v -0.01422988 0.01253169 -0.06200457
v -0.01417483 0.01250806 -0.05857956
v -0.01400730 0.01245742 -0.06200457
v -0.01397939 0.01245186 -0.05857956
v -0.01378833 0.01243434 -0.06200457
v -0.01378833 0.01243434 -0.05857956
v -0.01359727 0.01245186 -0.05857956
v -0.01356937 0.01245742 -0.06200457
v -0.01340184 0.01250806 -0.05857956
v -0.01340184 0.01250806 -0.06200457
v -0.01323969 0.01258907 -0.06200457
v -0.01340184 0.01250806 -0.06542957
v -0.01321376 0.01260549 -0.06542957
v -0.01482080 0.01329327 -0.06542957
v -0.01476461 0.01309784 -0.06542957
v -0.01466718 0.01290976 -0.06542957
v -0.01453079 0.01274187 -0.06542957
v -0.01436291 0.01260549 -0.06542957
v -0.01417483 0.01250806 -0.06542957
v -0.01397939 0.01245186 -0.06542957
v -0.01378833 0.01243434 -0.06542957
v -0.01359727 0.01245186 -0.06542957
v -0.01309107 0.01269928 -0.06200457
v -0.01304587 0.01274187 -0.06542957
v -0.01296349 0.01283462 -0.06200457
v -0.01290949 0.01290976 -0.06542957
v -0.01286271 0.01298863 -0.06200457
v -0.01281206 0.01309784 -0.06542957
v -0.01279183 0.01315347 -0.06200457
v -0.01275586 0.01329327 -0.06542957
v -0.01275110 0.01332108 -0.06200457
v -0.01273833 0.01348434 -0.06542957
v -0.01273833 0.01348434 -0.05857956
v -0.01275586 0.01329327 -0.05857956
v -0.01281206 0.01309784 -0.05857956
v -0.01290949 0.01290976 -0.05857956
v -0.01304587 0.01274187 -0.05857956
v -0.01321376 0.01260549 -0.05857956
v 0.01217920 0.01329327 -0.05857956
v 0.01216167 0.01348434 -0.06657955
v 0.01216167 0.01348434 -0.05857956
v 0.01218475 0.01326536 -0.06257957
v 0.01223539 0.01309783 -0.05857956
v 0.01225902 0.01304278 -0.06257957
v 0.01233282 0.01290976 -0.05857956
v 0.01238682 0.01283462 -0.06257957
v 0.01246921 0.01274187 -0.05857956
v 0.01256195 0.01265948 -0.06257957
v 0.01263710 0.01260548 -0.05857956
v 0.01277012 0.01253167 -0.06257957
v 0.01282517 0.01250806 -0.05857956
v 0.01299271 0.01245741 -0.06257957
v 0.01302061 0.01245186 -0.05857956
v 0.01321167 0.01243433 -0.06257957
v 0.01321167 0.01243433 -0.05857956
v 0.01340273 0.01245186 -0.05857956
v 0.01343063 0.01245741 -0.06257957
v 0.01359817 0.01250806 -0.05857956
v 0.01359817 0.01250806 -0.06257957
v 0.01376031 0.01258907 -0.06257957
v 0.01359817 0.01250806 -0.06657955
v 0.01378624 0.01260548 -0.06657955
v 0.01217920 0.01329327 -0.06657955
v 0.01223539 0.01309783 -0.06657955
v 0.01233282 0.01290976 -0.06657955
v 0.01246921 0.01274187 -0.06657955
v 0.01263710 0.01260548 -0.06657955
v 0.01282517 0.01250806 -0.06657955
v 0.01302061 0.01245186 -0.06657955
v 0.01321167 0.01243433 -0.06657955
v 0.01340273 0.01245186 -0.06657955
v 0.01390894 0.01269927 -0.06257957
v 0.01395413 0.01274187 -0.06657955
v 0.01403651 0.01283462 -0.06257957
v 0.01409051 0.01290976 -0.06657955
v 0.01413729 0.01298863 -0.06257957
v 0.01418795 0.01309783 -0.06657955
v 0.01420818 0.01315347 -0.06257957
v 0.01424414 0.01329327 -0.06657955
v 0.01424890 0.01332108 -0.06257957
v 0.01426167 0.01348434 -0.06657955
v 0.01426167 0.01348434 -0.05857956
v 0.01424414 0.01329327 -0.05857956
v 0.01418795 0.01309783 -0.05857956
v 0.01409051 0.01290976 -0.05857956
v 0.01395413 0.01274187 -0.05857956
v 0.01378624 0.01260548 -0.05857956
v 0.01217919 -0.01370674 -0.05857956
v 0.01216166 -0.01351567 -0.06657958
v 0.01216166 -0.01351567 -0.05857956
v 0.01218474 -0.01373463 -0.06257957
v 0.01223538 -0.01390217 -0.05857956
v 0.01225901 -0.01395723 -0.06257957
v 0.01233281 -0.01409025 -0.05857956
v 0.01238682 -0.01416539 -0.06257957
v 0.01246920 -0.01425814 -0.05857956
v 0.01256194 -0.01434051 -0.06257957
v 0.01263709 -0.01439452 -0.05857956
v 0.01277011 -0.01446832 -0.06257957
v 0.01282516 -0.01449195 -0.05857956
v 0.01299270 -0.01454259 -0.06257957
v 0.01302060 -0.01454815 -0.05857956
v 0.01321166 -0.01456567 -0.06257957
v 0.01321166 -0.01456567 -0.05857956
v 0.01340272 -0.01454815 -0.05857956
v 0.01343062 -0.01454259 -0.06257957
v 0.01359816 -0.01449195 -0.05857956
v 0.01359816 -0.01449195 -0.06257957
v 0.01376030 -0.01441094 -0.06257957
v 0.01359816 -0.01449195 -0.06657958
v 0.01378623 -0.01439452 -0.06657958
v 0.01217919 -0.01370674 -0.06657958
v 0.01223538 -0.01390217 -0.06657958
v 0.01233281 -0.01409025 -0.06657958
v 0.01246920 -0.01425814 -0.06657958
v 0.01263709 -0.01439452 -0.06657958
v 0.01282516 -0.01449195 -0.06657958
v 0.01302060 -0.01454815 -0.06657958
v 0.01321166 -0.01456567 -0.06657958
v 0.01340272 -0.01454815 -0.06657958
v 0.01390893 -0.01430073 -0.06257957
v 0.01395412 -0.01425814 -0.06657958
v 0.01403650 -0.01416539 -0.06257957
v 0.01409050 -0.01409025 -0.06657958
v 0.01413729 -0.01401138 -0.06257957
v 0.01418794 -0.01390217 -0.06657958
v 0.01420817 -0.01384654 -0.06257957
v 0.01424413 -0.01370674 -0.06657958
v 0.01424889 -0.01367893 -0.06257957
v 0.01426166 -0.01351567 -0.06657958
v 0.01426166 -0.01351567 -0.05857956
v 0.01424413 -0.01370674 -0.05857956
v 0.01418794 -0.01390218 -0.05857956
v 0.01409050 -0.01409025 -0.05857956
v 0.01395412 -0.01425814 -0.05857956
v 0.01378623 -0.01439452 -0.05857956
v -0.01482081 -0.01370672 -0.05857956
v -0.01483834 -0.01351566 -0.06657958
v -0.01483834 -0.01351566 -0.05857956
v -0.01481526 -0.01373463 -0.06257957
v -0.01476462 -0.01390217 -0.05857956
v -0.01474099 -0.01395721 -0.06257957
v -0.01466719 -0.01409023 -0.05857956
v -0.01461318 -0.01416538 -0.06257957
v -0.01453080 -0.01425812 -0.05857956
v -0.01443806 -0.01434051 -0.06257957
v -0.01436291 -0.01439452 -0.05857956
v -0.01422989 -0.01446831 -0.06257957
v -0.01417484 -0.01449194 -0.05857956
v -0.01400730 -0.01454257 -0.06257957
v -0.01397940 -0.01454813 -0.05857956
v -0.01378834 -0.01456567 -0.06257957
v -0.01378834 -0.01456567 -0.05857956
v -0.01359728 -0.01454813 -0.05857956
v -0.01356938 -0.01454257 -0.06257957
v -0.01340184 -0.01449194 -0.05857956
v -0.01340184 -0.01449194 -0.06257957
v -0.01323970 -0.01441092 -0.06257957
v -0.01340184 -0.01449194 -0.06657958
v -0.01321377 -0.01439452 -0.06657958
v -0.01482081 -0.01370672 -0.06657958
v -0.01476462 -0.01390217 -0.06657958
v -0.01466719 -0.01409023 -0.06657958
v -0.01453080 -0.01425812 -0.06657958
v -0.01436291 -0.01439452 -0.06657958
v -0.01417484 -0.01449194 -0.06657958
v -0.01397940 -0.01454813 -0.06657958
v -0.01378834 -0.01456567 -0.06657958
v -0.01359728 -0.01454813 -0.06657958
v -0.01309107 -0.01430073 -0.06257957
v -0.01304588 -0.01425812 -0.06657958
v -0.01296350 -0.01416538 -0.06257957
v -0.01290950 -0.01409023 -0.06657958
v -0.01286271 -0.01401136 -0.06257957
v -0.01281206 -0.01390217 -0.06657958
v -0.01279183 -0.01384652 -0.06257957
v -0.01275587 -0.01370672 -0.06657958
v -0.01275111 -0.01367892 -0.06257957
v -0.01273834 -0.01351566 -0.06657958
v -0.01273834 -0.01351566 -0.05857956
v -0.01275587 -0.01370672 -0.05857956
v -0.01281206 -0.01390217 -0.05857956
v -0.01290950 -0.01409023 -0.05857956
v -0.01304588 -0.01425812 -0.05857956
v -0.01321377 -0.01439452 -0.05857956
v -0.01182172 0.01312042 -0.06657955
v -0.01178833 0.01348434 -0.06637958
v -0.01178833 0.01348434 -0.06657955
v -0.01183230 0.01306727 -0.06647956
v -0.01192876 0.01274814 -0.06657955
v -0.01197377 0.01264330 -0.06647956
v -0.01211434 0.01238992 -0.06657955
v -0.01221721 0.01224678 -0.06647956
v -0.01237412 0.01207013 -0.06657955
v -0.01255077 0.01191322 -0.06647956
v -0.01269391 0.01181034 -0.06657955
v -0.01294729 0.01166978 -0.06647956
v -0.01305215 0.01162476 -0.06657955
v -0.01337126 0.01152830 -0.06647956
v -0.01342441 0.01151772 -0.06657955
v -0.01378833 0.01148433 -0.06647956
v -0.01378833 0.01148433 -0.06657955
v -0.01415226 0.01151772 -0.06657955
v -0.01420540 0.01152830 -0.06647956
v -0.01452453 0.01162476 -0.06657955
v -0.01452453 0.01162476 -0.06647956
v -0.01483337 0.01177908 -0.06647956
v -0.01452453 0.01162476 -0.06637958
v -0.01488275 0.01181035 -0.06637958
v -0.01182172 0.01312042 -0.06637958
v -0.01192876 0.01274814 -0.06637958
v -0.01211434 0.01238992 -0.06637958
v -0.01237412 0.01207013 -0.06637958
v -0.01269391 0.01181034 -0.06637958
v -0.01305215 0.01162476 -0.06637958
v -0.01342441 0.01151772 -0.06637958
v -0.01378833 0.01148433 -0.06637958
v -0.01415226 0.01151772 -0.06637958
v -0.01511646 0.01198899 -0.06647956
v -0.01520255 0.01207013 -0.06637958
v -0.01535946 0.01224678 -0.06647956
v -0.01546233 0.01238992 -0.06637958
v -0.01555143 0.01254015 -0.06647956
v -0.01564791 0.01274814 -0.06637958
v -0.01568645 0.01285414 -0.06647956
v -0.01575495 0.01312042 -0.06637958
v -0.01576401 0.01317338 -0.06647956
v -0.01578833 0.01348434 -0.06637958
v -0.01578833 0.01348434 -0.06657955
v -0.01575495 0.01312042 -0.06657955
v -0.01564791 0.01274814 -0.06657955
v -0.01546233 0.01238992 -0.06657955
v -0.01520255 0.01207013 -0.06657955
v -0.01488275 0.01181035 -0.06657955
v -0.01410635 0.01199286 -0.06590456
v -0.01442963 0.01210073 -0.06590456
v -0.01473198 0.01228636 -0.06590456
v -0.01498632 0.01254070 -0.06590456
v -0.01517194 0.01284305 -0.06590456
v -0.01527981 0.01316633 -0.06590456
v -0.01531333 0.01348434 -0.06590456
v -0.01575495 0.01384827 -0.06637958
v -0.01527981 0.01380236 -0.06590456
v -0.01564791 0.01422053 -0.06637958
v -0.01508859 0.01428118 -0.06590456
v -0.01546233 0.01457877 -0.06637958
v -0.01520254 0.01489855 -0.06637958
v -0.01473198 0.01468233 -0.06590456
v -0.01488275 0.01515833 -0.06637958
v -0.01426886 0.01493166 -0.06590456
v -0.01452452 0.01534391 -0.06637958
v -0.01415226 0.01545095 -0.06637958
v -0.01378833 0.01548434 -0.06637958
v -0.01397939 0.01451681 -0.06542957
v -0.01378833 0.01453433 -0.06542957
v -0.01482080 0.01367540 -0.06542957
v -0.01476461 0.01387084 -0.06542957
v -0.01466718 0.01405891 -0.06542957
v -0.01453079 0.01422680 -0.06542957
v -0.01436291 0.01436319 -0.06542957
v -0.01417483 0.01446061 -0.06542957
v 0.01716158 -0.00056156 -0.06657955
v 0.01721166 -0.00001567 -0.06957954
v 0.01721166 -0.00001567 -0.06657955
v 0.01714571 -0.00064128 -0.06807956
v 0.01700103 -0.00111995 -0.06657955
v 0.01693351 -0.00127723 -0.06807956
v 0.01672265 -0.00165730 -0.06657955
v 0.01656836 -0.00187201 -0.06807956
v 0.01633298 -0.00213700 -0.06657955
v 0.01606800 -0.00237236 -0.06807956
v 0.01585329 -0.00252666 -0.06657958
v 0.01547322 -0.00273752 -0.06807956
v 0.01531595 -0.00280503 -0.06657958
v 0.01483727 -0.00294972 -0.06807956
v 0.01475755 -0.00296559 -0.06657958
v 0.01421166 -0.00301568 -0.06807956
v 0.01421166 -0.00301568 -0.06657958
v 0.01366577 -0.00296559 -0.06657958
v 0.01358606 -0.00294972 -0.06807956
v 0.01310738 -0.00280503 -0.06657958
v 0.01310738 -0.00280503 -0.06807956
v 0.01264411 -0.00257356 -0.06807956
v 0.01715489 -0.00059236 -0.06957954
v 0.01698330 -0.00116371 -0.06957954
v 0.01670062 -0.00168906 -0.06957954
v 0.01633298 -0.00213700 -0.06957954
v 0.01588505 -0.00250463 -0.06957954
v 0.01535971 -0.00278732 -0.06957954
v 0.01478836 -0.00295890 -0.06957954
v 0.01221947 -0.00225870 -0.06807956
v 0.01257003 -0.00252666 -0.06657958
v 0.01209034 -0.00213698 -0.06657958
v 0.01185497 -0.00187201 -0.06807956
v 0.01170068 -0.00165730 -0.06657958
v 0.01156702 -0.00143195 -0.06807956
v 0.01142230 -0.00111995 -0.06657958
v 0.01136449 -0.00096098 -0.06807956
v 0.01126175 -0.00056156 -0.06657955
v 0.01124815 -0.00048211 -0.06807956
v 0.01121166 -0.00001567 -0.06657955
v 0.01404747 -0.01367035 -0.05857956
v 0.01406166 -0.01351567 -0.03777957
v 0.01406166 -0.01351567 -0.05857956
v 0.01404297 -0.01369294 -0.04817957
v 0.01400198 -0.01382855 -0.05857956
v 0.01398285 -0.01387312 -0.04817957
v 0.01392310 -0.01398080 -0.05857956
v 0.01387939 -0.01404164 -0.04817957
v 0.01381270 -0.01411671 -0.05857956
v 0.01373762 -0.01418341 -0.04817957
v 0.01367679 -0.01422712 -0.05857956
v 0.01356910 -0.01428687 -0.04817957
v 0.01352454 -0.01430599 -0.05857956
v 0.01338891 -0.01434700 -0.04817957
v 0.01336633 -0.01435148 -0.05857956
v 0.01321166 -0.01436568 -0.04817957
v 0.01321166 -0.01436567 -0.05857956
v 0.01305699 -0.01435148 -0.05857956
v 0.01303440 -0.01434700 -0.04817957
v 0.01289878 -0.01430599 -0.05857956
v 0.01289878 -0.01430600 -0.04817957
v 0.01276752 -0.01424041 -0.04817957
v 0.01289878 -0.01430600 -0.03777957
v 0.01274653 -0.01422713 -0.03777957
v 0.01404747 -0.01367035 -0.03777957
v 0.01400198 -0.01382855 -0.03777957
v 0.01392310 -0.01398080 -0.03777957
v 0.01381270 -0.01411671 -0.03777957
v 0.01367678 -0.01422713 -0.03777957
v 0.01352454 -0.01430600 -0.03777957
v 0.01336633 -0.01435148 -0.03777957
v 0.01321166 -0.01436568 -0.03777957
v 0.01305699 -0.01435148 -0.03777957
v 0.01264720 -0.01415119 -0.04817957
v 0.01261062 -0.01411671 -0.03777957
v 0.01254393 -0.01404164 -0.04817957
v 0.01250021 -0.01398080 -0.03777957
v 0.01246234 -0.01391695 -0.04817957
v 0.01242134 -0.01382855 -0.03777957
v 0.01240496 -0.01378351 -0.04817957
v 0.01237585 -0.01367035 -0.03777957
v 0.01237199 -0.01364783 -0.04817957
v 0.01236166 -0.01351567 -0.03777957
v 0.01236166 -0.01351567 -0.05857956
v 0.01237585 -0.01367035 -0.05857956
v 0.01242134 -0.01382855 -0.05857956
v 0.01250021 -0.01398080 -0.05857956
v 0.01261062 -0.01411671 -0.05857956
v 0.01274653 -0.01422712 -0.05857956
v 0.01404748 0.01332966 -0.05857956
v 0.01406167 0.01348432 -0.03777957
v 0.01406167 0.01348434 -0.05857956
v 0.01404298 0.01330707 -0.04817957
v 0.01400199 0.01317144 -0.05857956
v 0.01398286 0.01312689 -0.04817957
v 0.01392311 0.01301920 -0.05857956
v 0.01387940 0.01295837 -0.04817957
v 0.01381271 0.01288328 -0.05857956
v 0.01373763 0.01281660 -0.04817957
v 0.01367680 0.01277288 -0.05857956
v 0.01356911 0.01271314 -0.04817957
v 0.01352455 0.01269401 -0.05857956
v 0.01338892 0.01265301 -0.04817957
v 0.01336634 0.01264851 -0.05857956
v 0.01321167 0.01263433 -0.04817957
v 0.01321167 0.01263433 -0.05857956
v 0.01305700 0.01264851 -0.05857956
v 0.01303441 0.01265301 -0.04817957
v 0.01289879 0.01269401 -0.05857956
v 0.01289879 0.01269401 -0.04817957
v 0.01276753 0.01275959 -0.04817957
v 0.01289879 0.01269401 -0.03777957
v 0.01274654 0.01277288 -0.03777957
v 0.01404748 0.01332966 -0.03777957
v 0.01400199 0.01317144 -0.03777957
v 0.01392311 0.01301920 -0.03777957
v 0.01381271 0.01288328 -0.03777957
v 0.01367679 0.01277288 -0.03777957
v 0.01352455 0.01269401 -0.03777957
v 0.01336633 0.01264851 -0.03777957
v 0.01321167 0.01263433 -0.03777957
v 0.01305700 0.01264851 -0.03777957
v 0.01264721 0.01284880 -0.04817957
v 0.01261063 0.01288328 -0.03777957
v 0.01254394 0.01295837 -0.04817957
v 0.01250022 0.01301920 -0.03777957
v 0.01246235 0.01308305 -0.04817957
v 0.01242135 0.01317144 -0.03777957
v 0.01240497 0.01321649 -0.04817957
v 0.01237586 0.01332966 -0.03777957
v 0.01237200 0.01335216 -0.04817957
v 0.01236167 0.01348432 -0.03777957
v 0.01236167 0.01348434 -0.05857956
v 0.01237586 0.01332966 -0.05857956
v 0.01242135 0.01317146 -0.05857956
v 0.01250022 0.01301920 -0.05857956
v 0.01261063 0.01288328 -0.05857956
v 0.01274654 0.01277288 -0.05857956
v -0.01295253 -0.01367033 -0.05857956
v -0.01293834 -0.01351567 -0.03777957
v -0.01293834 -0.01351566 -0.05857956
v -0.01295703 -0.01369292 -0.04817957
v -0.01299802 -0.01382854 -0.05857956
v -0.01301715 -0.01387311 -0.04817957
v -0.01307689 -0.01398080 -0.05857956
v -0.01312061 -0.01404163 -0.04817957
v -0.01318730 -0.01411670 -0.05857956
v -0.01326238 -0.01418340 -0.04817957
v -0.01332321 -0.01422712 -0.05857956
v -0.01343090 -0.01428685 -0.04817957
v -0.01347546 -0.01430599 -0.05857956
v -0.01361109 -0.01434698 -0.04817957
v -0.01363367 -0.01435148 -0.05857956
v -0.01378834 -0.01436567 -0.04817957
v -0.01378834 -0.01436567 -0.05857956
v -0.01394301 -0.01435148 -0.05857956
v -0.01396560 -0.01434698 -0.04817957
v -0.01410122 -0.01430599 -0.05857956
v -0.01410122 -0.01430599 -0.04817957
v -0.01423248 -0.01424041 -0.04817957
v -0.01410122 -0.01430599 -0.03777957
v -0.01425347 -0.01422712 -0.03777957
v -0.01295253 -0.01367033 -0.03777957
v -0.01299802 -0.01382855 -0.03777957
v -0.01307690 -0.01398080 -0.03777957
v -0.01318730 -0.01411671 -0.03777957
v -0.01332321 -0.01422712 -0.03777957
v -0.01347546 -0.01430599 -0.03777957
v -0.01363368 -0.01435148 -0.03777957
v -0.01378834 -0.01436567 -0.03777957
v -0.01394301 -0.01435148 -0.03777957
v -0.01435280 -0.01415119 -0.04817957
v -0.01438938 -0.01411671 -0.03777957
v -0.01445607 -0.01404163 -0.04817957
v -0.01449979 -0.01398080 -0.03777957
v -0.01453766 -0.01391695 -0.04817957
v -0.01457866 -0.01382855 -0.03777957
v -0.01459504 -0.01378351 -0.04817957
v -0.01462415 -0.01367033 -0.03777957
v -0.01462801 -0.01364782 -0.04817957
v -0.01463834 -0.01351567 -0.03777957
v -0.01463834 -0.01351566 -0.05857956
v -0.01462415 -0.01367033 -0.05857956
v -0.01457866 -0.01382854 -0.05857956
v -0.01449979 -0.01398080 -0.05857956
v -0.01438938 -0.01411670 -0.05857956
v -0.01425347 -0.01422712 -0.05857956
v -0.01295252 0.01332966 -0.05857956
v -0.01293834 0.01348434 -0.03777957
v -0.01293833 0.01348434 -0.05857956
v -0.01295702 0.01330709 -0.04817957
v -0.01299801 0.01317146 -0.05857956
v -0.01301714 0.01312689 -0.04817957
v -0.01307689 0.01301921 -0.05857956
v -0.01312061 0.01295837 -0.04817957
v -0.01318729 0.01288330 -0.05857956
v -0.01326237 0.01281660 -0.04817957
v -0.01332320 0.01277289 -0.05857956
v -0.01343089 0.01271314 -0.04817957
v -0.01347545 0.01269402 -0.05857956
v -0.01361108 0.01265301 -0.04817957
v -0.01363367 0.01264853 -0.05857956
v -0.01378834 0.01263433 -0.04817957
v -0.01378833 0.01263434 -0.05857956
v -0.01394300 0.01264853 -0.05857956
v -0.01396559 0.01265301 -0.04817957
v -0.01410121 0.01269402 -0.05857956
v -0.01410122 0.01269401 -0.04817957
v -0.01423248 0.01275960 -0.04817957
v -0.01410122 0.01269401 -0.03777957
v -0.01425346 0.01277289 -0.03777957
v -0.01295253 0.01332966 -0.03777957
v -0.01299802 0.01317146 -0.03777957
v -0.01307689 0.01301921 -0.03777957
v -0.01318730 0.01288330 -0.03777957
v -0.01332321 0.01277288 -0.03777957
v -0.01347546 0.01269401 -0.03777957
v -0.01363367 0.01264853 -0.03777957
v -0.01378834 0.01263433 -0.03777957
v -0.01394301 0.01264853 -0.03777957
v -0.01435279 0.01284882 -0.04817957
v -0.01438938 0.01288330 -0.03777957
v -0.01445607 0.01295837 -0.04817957
v -0.01449978 0.01301921 -0.03777957
v -0.01453765 0.01308306 -0.04817957
v -0.01457866 0.01317146 -0.03777957
v -0.01459503 0.01321650 -0.04817957
v -0.01462414 0.01332966 -0.03777957
v -0.01462800 0.01335218 -0.04817957
v -0.01463834 0.01348434 -0.03777957
v -0.01463833 0.01348434 -0.05857956
v -0.01462414 0.01332966 -0.05857956
v -0.01457866 0.01317146 -0.05857956
v -0.01449978 0.01301921 -0.05857956
v -0.01438938 0.01288330 -0.05857956
v -0.01425346 0.01277289 -0.05857956
v -0.01482081 0.01329327 -0.03512955
v -0.01483834 0.01348434 -0.03777957
v -0.01483834 0.01348434 -0.03512955
v -0.01481525 0.01326538 -0.03645456
v -0.01476461 0.01309783 -0.03512955
v -0.01474098 0.01304278 -0.03645456
v -0.01466718 0.01290976 -0.03512955
v -0.01461318 0.01283462 -0.03645456
v -0.01453080 0.01274187 -0.03512955
v -0.01443805 0.01265950 -0.03645456
v -0.01436291 0.01260549 -0.03512955
v -0.01422988 0.01253169 -0.03645456
v -0.01417484 0.01250806 -0.03512955
v -0.01400730 0.01245742 -0.03645456
v -0.01397940 0.01245186 -0.03512955
v -0.01378834 0.01243433 -0.03645456
v -0.01378834 0.01243433 -0.03512955
v -0.01359727 0.01245186 -0.03512955
v -0.01356937 0.01245742 -0.03645456
v -0.01340184 0.01250806 -0.03512955
v -0.01340184 0.01250806 -0.03645456
v -0.01323969 0.01258907 -0.03645456
v -0.01340184 0.01250806 -0.03777957
v -0.01321376 0.01260548 -0.03777957
v -0.01482081 0.01329327 -0.03777957
v -0.01476461 0.01309783 -0.03777957
v -0.01466718 0.01290976 -0.03777957
v -0.01453080 0.01274187 -0.03777957
v -0.01436291 0.01260549 -0.03777957
v -0.01417484 0.01250806 -0.03777957
v -0.01397940 0.01245186 -0.03777957
v -0.01378834 0.01243433 -0.03777957
v -0.01359727 0.01245186 -0.03777957
v -0.01309107 0.01269927 -0.03645456
v -0.01304587 0.01274187 -0.03777957
v -0.01296349 0.01283462 -0.03645456
v -0.01290949 0.01290976 -0.03777957
v -0.01286271 0.01298863 -0.03645456
v -0.01281206 0.01309783 -0.03777957
v -0.01279183 0.01315347 -0.03645456
v -0.01275587 0.01329327 -0.03777957
v -0.01275110 0.01332108 -0.03645456
v -0.01273833 0.01348434 -0.03777957
v -0.01273833 0.01348434 -0.03512955
v -0.01275587 0.01329327 -0.03512955
v -0.01281206 0.01309783 -0.03512955
v -0.01290949 0.01290976 -0.03512955
v -0.01304587 0.01274187 -0.03512955
v -0.01321376 0.01260548 -0.03512955
v 0.01003261 -0.00078903 -0.03397956
v 0.00996166 -0.00001567 -0.03447956
v 0.00996166 -0.00001567 -0.03397956
v 0.01005510 -0.00090195 -0.03422958
v 0.01026006 -0.00158008 -0.03397956
v 0.01035571 -0.00180289 -0.03422958
v 0.01065443 -0.00234132 -0.03397956
v 0.01087301 -0.00264549 -0.03422958
v 0.01120646 -0.00302088 -0.03397956
v 0.01158184 -0.00335432 -0.03422958
v 0.01188602 -0.00357290 -0.03397956
v 0.01242445 -0.00387163 -0.03422958
v 0.01264726 -0.00396728 -0.03397956
v 0.01332539 -0.00417224 -0.03422958
v 0.01343832 -0.00419473 -0.03397956
v 0.01421166 -0.00426567 -0.03422958
v 0.01421166 -0.00426567 -0.03397956
v 0.01498500 -0.00419473 -0.03397956
v 0.01509793 -0.00417224 -0.03422958
v 0.01577606 -0.00396728 -0.03397956
v 0.01577606 -0.00396728 -0.03422958
v 0.01643236 -0.00363935 -0.03422958
v 0.01577606 -0.00396728 -0.03447956
v 0.01653730 -0.00357290 -0.03447956
v 0.01003261 -0.00078903 -0.03447956
v 0.01026006 -0.00158008 -0.03447956
v 0.01065443 -0.00234132 -0.03447956
v 0.01120646 -0.00302088 -0.03447956
v 0.01188602 -0.00357290 -0.03447956
v 0.01264726 -0.00396728 -0.03447956
v 0.01343832 -0.00419473 -0.03447956
v 0.01421166 -0.00426567 -0.03447956
v 0.01498500 -0.00419473 -0.03447956
v 0.01703393 -0.00319330 -0.03422958
v 0.01721686 -0.00302088 -0.03447956
v 0.01755031 -0.00264550 -0.03422958
v 0.01776889 -0.00234132 -0.03447956
v 0.01795825 -0.00202207 -0.03422958
v 0.01816326 -0.00158008 -0.03447956
v 0.01824515 -0.00135487 -0.03422958
v 0.01839071 -0.00078903 -0.03447956
v 0.01840998 -0.00067648 -0.03422958
v 0.01846166 -0.00001568 -0.03447956
v 0.01846166 -0.00001568 -0.03397956
v 0.01839071 -0.00078903 -0.03397956
v 0.01816326 -0.00158008 -0.03397956
v 0.01776889 -0.00234132 -0.03397956
v 0.01721686 -0.00302088 -0.03397956
v 0.01653730 -0.00357290 -0.03397956
v 0.01155674 -0.00050698 -0.03447956
v 0.01151166 -0.00001567 -0.03397956
v 0.01151166 -0.00001567 -0.03447956
v 0.01157102 -0.00057873 -0.03422958
v 0.01170123 -0.00100953 -0.03447956
v 0.01176200 -0.00115108 -0.03422958
v 0.01195177 -0.00149315 -0.03447956
v 0.01209064 -0.00168639 -0.03422958
v 0.01230247 -0.00192487 -0.03447956
v 0.01254095 -0.00213670 -0.03422958
v 0.01273420 -0.00227557 -0.03447956
v 0.01307626 -0.00246535 -0.03422958
v 0.01321780 -0.00252611 -0.03447956
v 0.01364862 -0.00265632 -0.03422958
v 0.01372036 -0.00267061 -0.03447956
v 0.01421166 -0.00271567 -0.03422958
v 0.01421166 -0.00271567 -0.03447956
v 0.01470296 -0.00267061 -0.03447956
v 0.01477471 -0.00265632 -0.03422958
v 0.01520552 -0.00252611 -0.03447956
v 0.01520552 -0.00252611 -0.03422958
v 0.01562246 -0.00231778 -0.03422958
v 0.01520552 -0.00252611 -0.03397956
v 0.01568913 -0.00227557 -0.03397956
v 0.01155674 -0.00050698 -0.03397956
v 0.01170123 -0.00100953 -0.03397956
v 0.01195177 -0.00149315 -0.03397956
v 0.01230247 -0.00192487 -0.03397956
v 0.01273420 -0.00227557 -0.03397956
v 0.01321780 -0.00252611 -0.03397956
v 0.01372036 -0.00267061 -0.03397956
v 0.01421166 -0.00271567 -0.03397956
v 0.01470296 -0.00267061 -0.03397956
v 0.01600464 -0.00203440 -0.03422958
v 0.01612085 -0.00192487 -0.03397956
v 0.01633268 -0.00168639 -0.03422958
v 0.01647155 -0.00149315 -0.03397956
v 0.01659185 -0.00129033 -0.03422958
v 0.01672209 -0.00100953 -0.03397956
v 0.01677412 -0.00086645 -0.03422958
v 0.01686659 -0.00050698 -0.03397956
v 0.01687883 -0.00043548 -0.03422958
v 0.01691166 -0.00001568 -0.03397956
v 0.01691166 -0.00001568 -0.03447956
v 0.01686659 -0.00050698 -0.03447956
v 0.01672209 -0.00100953 -0.03447956
v 0.01647155 -0.00149315 -0.03447956
v 0.01612085 -0.00192487 -0.03447956
v 0.01568913 -0.00227557 -0.03447956
v 0.01303170 -0.00023403 -0.03397956
v 0.01301166 -0.00001567 -0.04397956
v 0.01301166 -0.00001568 -0.03397956
v 0.01303804 -0.00026592 -0.03897956
v 0.01309592 -0.00045739 -0.03397956
v 0.01312292 -0.00052030 -0.03897956
v 0.01320727 -0.00067233 -0.03397956
v 0.01326898 -0.00075821 -0.03897956
v 0.01336313 -0.00086420 -0.03397956
v 0.01346913 -0.00095835 -0.03897956
v 0.01355501 -0.00102007 -0.03397956
v 0.01370704 -0.00110442 -0.03897956
v 0.01376995 -0.00113142 -0.03397956
v 0.01396142 -0.00118930 -0.03897956
v 0.01399331 -0.00119565 -0.03397956
v 0.01421166 -0.00121568 -0.03897956
v 0.01421166 -0.00121568 -0.03397956
v 0.01443002 -0.00119565 -0.03397956
v 0.01446190 -0.00118930 -0.03897956
v 0.01465338 -0.00113142 -0.03397956
v 0.01465338 -0.00113142 -0.03897956
v 0.01483868 -0.00103883 -0.03897956
v 0.01465338 -0.00113142 -0.04397956
v 0.01486831 -0.00102007 -0.04397956
v 0.01303170 -0.00023403 -0.04397956
v 0.01309592 -0.00045739 -0.04397956
v 0.01320727 -0.00067233 -0.04397956
v 0.01336313 -0.00086420 -0.04397956
v 0.01355501 -0.00102007 -0.04397956
v 0.01376995 -0.00113142 -0.04397956
v 0.01399331 -0.00119565 -0.04397956
v 0.01421166 -0.00121568 -0.04397956
v 0.01443002 -0.00119565 -0.04397956
v 0.01500854 -0.00091288 -0.03897956
v 0.01506019 -0.00086420 -0.04397956
v 0.01515434 -0.00075821 -0.03897956
v 0.01521606 -0.00067233 -0.04397956
v 0.01526952 -0.00058218 -0.03897956
v 0.01532741 -0.00045739 -0.04397956
v 0.01535053 -0.00039380 -0.03897956
v 0.01539163 -0.00023403 -0.04397956
v 0.01539707 -0.00020225 -0.03897956
v 0.01541166 -0.00001567 -0.04397956
v 0.01541166 -0.00001568 -0.03397956
v 0.01539163 -0.00023403 -0.03397956
v 0.01532741 -0.00045739 -0.03397956
v 0.01521606 -0.00067233 -0.03397956
v 0.01506019 -0.00086420 -0.03397956
v 0.01486831 -0.00102007 -0.03397956
v 0.01217919 -0.01370674 -0.03397956
v 0.01216166 -0.01351567 -0.03777957
v 0.01216166 -0.01351567 -0.03397956
v 0.01218474 -0.01373463 -0.03587955
v 0.01223538 -0.01390218 -0.03397956
v 0.01225901 -0.01395723 -0.03587955
v 0.01233281 -0.01409025 -0.03397956
v 0.01238682 -0.01416539 -0.03587955
v 0.01246919 -0.01425814 -0.03397956
v 0.01256194 -0.01434051 -0.03587955
v 0.01263709 -0.01439453 -0.03397956
v 0.01277011 -0.01446832 -0.03587955
v 0.01282516 -0.01449195 -0.03397956
v 0.01299269 -0.01454259 -0.03587955
v 0.01302060 -0.01454815 -0.03397956
v 0.01321166 -0.01456568 -0.03587955
v 0.01321166 -0.01456568 -0.03397956
v 0.01340272 -0.01454815 -0.03397956
v 0.01343062 -0.01454259 -0.03587955
v 0.01359816 -0.01449195 -0.03397956
v 0.01359816 -0.01449195 -0.03587955
v 0.01376030 -0.01441094 -0.03587955
v 0.01359816 -0.01449195 -0.03777957
v 0.01378623 -0.01439453 -0.03777957
v 0.01217919 -0.01370674 -0.03777957
v 0.01223538 -0.01390218 -0.03777957
v 0.01233281 -0.01409025 -0.03777957
v 0.01246919 -0.01425814 -0.03777957
v 0.01263709 -0.01439452 -0.03777957
v 0.01282516 -0.01449195 -0.03777957
v 0.01302060 -0.01454815 -0.03777957
v 0.01321166 -0.01456568 -0.03777957
v 0.01340272 -0.01454815 -0.03777957
v 0.01390892 -0.01430074 -0.03587955
v 0.01395412 -0.01425814 -0.03777957
v 0.01403650 -0.01416539 -0.03587955
v 0.01409050 -0.01409025 -0.03777957
v 0.01413728 -0.01401138 -0.03587955
v 0.01418794 -0.01390218 -0.03777957
v 0.01420817 -0.01384654 -0.03587955
v 0.01424413 -0.01370674 -0.03777957
v 0.01424889 -0.01367893 -0.03587955
v 0.01426166 -0.01351567 -0.03777957
v 0.01426166 -0.01351567 -0.03397956
v 0.01424413 -0.01370674 -0.03397956
v 0.01418794 -0.01390218 -0.03397956
v 0.01409050 -0.01409025 -0.03397956
v 0.01395412 -0.01425814 -0.03397956
v 0.01378623 -0.01439453 -0.03397956
v 0.01217920 0.01329326 -0.03397956
v 0.01216167 0.01348432 -0.03777957
v 0.01216166 0.01348432 -0.03397956
v 0.01218475 0.01326536 -0.03587955
v 0.01223539 0.01309783 -0.03397956
v 0.01225902 0.01304278 -0.03587955
v 0.01233282 0.01290975 -0.03397956
v 0.01238682 0.01283460 -0.03587955
v 0.01246920 0.01274186 -0.03397956
v 0.01256195 0.01265948 -0.03587955
v 0.01263710 0.01260548 -0.03397956
v 0.01277012 0.01253167 -0.03587955
v 0.01282517 0.01250804 -0.03397956
v 0.01299270 0.01245741 -0.03587955
v 0.01302060 0.01245185 -0.03397956
v 0.01321167 0.01243433 -0.03587955
v 0.01321167 0.01243433 -0.03397956
v 0.01340273 0.01245185 -0.03397956
v 0.01343063 0.01245741 -0.03587955
v 0.01359816 0.01250804 -0.03397956
v 0.01359816 0.01250804 -0.03587955
v 0.01376031 0.01258906 -0.03587955
v 0.01359816 0.01250804 -0.03777957
v 0.01378624 0.01260548 -0.03777957
v 0.01217920 0.01329326 -0.03777957
v 0.01223539 0.01309783 -0.03777957
v 0.01233282 0.01290975 -0.03777957
v 0.01246920 0.01274187 -0.03777957
v 0.01263710 0.01260548 -0.03777957
v 0.01282517 0.01250804 -0.03777957
v 0.01302060 0.01245185 -0.03777957
v 0.01321167 0.01243433 -0.03777957
v 0.01340273 0.01245185 -0.03777957
v 0.01390893 0.01269927 -0.03587955
v 0.01395413 0.01274186 -0.03777957
v 0.01403651 0.01283460 -0.03587955
v 0.01409051 0.01290975 -0.03777957
v 0.01413729 0.01298863 -0.03587955
v 0.01418794 0.01309783 -0.03777957
v 0.01420818 0.01315347 -0.03587955
v 0.01424414 0.01329326 -0.03777957
v 0.01424890 0.01332106 -0.03587955
v 0.01426167 0.01348432 -0.03777957
v 0.01426167 0.01348432 -0.03397956
v 0.01424414 0.01329326 -0.03397956
v 0.01418794 0.01309783 -0.03397956
v 0.01409051 0.01290975 -0.03397956
v 0.01395413 0.01274186 -0.03397956
v 0.01378624 0.01260548 -0.03397956
v -0.01482081 -0.01370674 -0.03397956
v -0.01483834 -0.01351567 -0.03777957
v -0.01483834 -0.01351567 -0.03397956
v -0.01481526 -0.01373463 -0.03587955
v -0.01476462 -0.01390217 -0.03397956
v -0.01474099 -0.01395721 -0.03587955
v -0.01466719 -0.01409023 -0.03397956
v -0.01461319 -0.01416539 -0.03587955
v -0.01453080 -0.01425812 -0.03397956
v -0.01443806 -0.01434051 -0.03587955
v -0.01436291 -0.01439452 -0.03397956
v -0.01422989 -0.01446832 -0.03587955
v -0.01417484 -0.01449195 -0.03397956
v -0.01400731 -0.01454259 -0.03587955
v -0.01397940 -0.01454815 -0.03397956
v -0.01378834 -0.01456567 -0.03587955
v -0.01378834 -0.01456567 -0.03397956
v -0.01359728 -0.01454815 -0.03397956
v -0.01356938 -0.01454259 -0.03587955
v -0.01340185 -0.01449195 -0.03397956
v -0.01340185 -0.01449195 -0.03587955
v -0.01323970 -0.01441094 -0.03587955
v -0.01340185 -0.01449195 -0.03777957
v -0.01321377 -0.01439452 -0.03777957
v -0.01482081 -0.01370674 -0.03777957
v -0.01476462 -0.01390217 -0.03777957
v -0.01466719 -0.01409023 -0.03777957
v -0.01453080 -0.01425812 -0.03777957
v -0.01436291 -0.01439452 -0.03777957
v -0.01417484 -0.01449194 -0.03777957
v -0.01397940 -0.01454815 -0.03777957
v -0.01378834 -0.01456567 -0.03777957
v -0.01359728 -0.01454815 -0.03777957
v -0.01309108 -0.01430073 -0.03587955
v -0.01304588 -0.01425812 -0.03777957
v -0.01296350 -0.01416539 -0.03587955
v -0.01290950 -0.01409023 -0.03777957
v -0.01286272 -0.01401136 -0.03587955
v -0.01281207 -0.01390217 -0.03777957
v -0.01279183 -0.01384652 -0.03587955
v -0.01275587 -0.01370674 -0.03777957
v -0.01275111 -0.01367893 -0.03587955
v -0.01273834 -0.01351567 -0.03777957
v -0.01273834 -0.01351567 -0.03397956
v -0.01275587 -0.01370674 -0.03397956
v -0.01281207 -0.01390217 -0.03397956
v -0.01290950 -0.01409023 -0.03397956
v -0.01304588 -0.01425814 -0.03397956
v -0.01321377 -0.01439452 -0.03397956
v 0.01974505 0.01062039 -0.03397956
v 0.01971167 0.01098432 -0.03547955
v 0.01971167 0.01098432 -0.03397956
v 0.01975564 0.01056725 -0.03472957
v 0.01985209 0.01024813 -0.03397956
v 0.01989710 0.01014329 -0.03472957
v 0.02003767 0.00988991 -0.03397956
v 0.02014054 0.00974677 -0.03472957
v 0.02029745 0.00957011 -0.03397956
v 0.02047410 0.00941319 -0.03472957
v 0.02061724 0.00931033 -0.03397956
v 0.02087062 0.00916975 -0.03472957
v 0.02097548 0.00912475 -0.03397956
v 0.02129459 0.00902829 -0.03472957
v 0.02134774 0.00901771 -0.03397956
v 0.02171167 0.00898432 -0.03472957
v 0.02171167 0.00898432 -0.03397956
v 0.02207559 0.00901771 -0.03397956
v 0.02212873 0.00902829 -0.03472957
v 0.02244785 0.00912475 -0.03397956
v 0.02244785 0.00912475 -0.03472957
v 0.02275670 0.00927906 -0.03472957
v 0.02244785 0.00912475 -0.03547955
v 0.02280609 0.00931033 -0.03547955
v 0.01974505 0.01062039 -0.03547955
v 0.01985209 0.01024813 -0.03547955
v 0.02003767 0.00988991 -0.03547955
v 0.02029745 0.00957011 -0.03547955
v 0.02061724 0.00931033 -0.03547955
v 0.02097548 0.00912475 -0.03547955
v 0.02134774 0.00901771 -0.03547955
v 0.02171167 0.00898432 -0.03547955
v 0.02207559 0.00901771 -0.03547955
v 0.02303980 0.00948898 -0.03472957
v 0.02312588 0.00957011 -0.03547955
v 0.02328279 0.00974677 -0.03472957
v 0.02338566 0.00988991 -0.03547955
v 0.02347476 0.01004014 -0.03472957
v 0.02357124 0.01024813 -0.03547955
v 0.02360978 0.01035411 -0.03472957
v 0.02367828 0.01062039 -0.03547955
v 0.02368734 0.01067337 -0.03472957
v 0.02371167 0.01098432 -0.03547955
v 0.02371167 0.01098432 -0.03397956
v 0.02367828 0.01062039 -0.03397956
v 0.02357124 0.01024813 -0.03397956
v 0.02338566 0.00988991 -0.03397956
v 0.02312588 0.00957010 -0.03397956
v 0.02280609 0.00931033 -0.03397956
v 0.01974475 -0.01137798 -0.03397956
v 0.01971166 -0.01101568 -0.03547955
v 0.01971166 -0.01101568 -0.03397956
v 0.01975563 -0.01143275 -0.03472957
v 0.01985075 -0.01174849 -0.03397956
v 0.01989709 -0.01185671 -0.03472957
v 0.02003445 -0.01210518 -0.03397956
v 0.02014053 -0.01225325 -0.03472957
v 0.02029160 -0.01242403 -0.03397956
v 0.02047410 -0.01258681 -0.03472957
v 0.02060831 -0.01268380 -0.03397956
v 0.02087062 -0.01283025 -0.03472957
v 0.02096346 -0.01287045 -0.03397956
v 0.02129459 -0.01297171 -0.03472957
v 0.02133307 -0.01297952 -0.03397956
v 0.02171166 -0.01301568 -0.03472957
v 0.02169509 -0.01301562 -0.03397956
v 0.02191834 -0.01300491 -0.03418639
v 0.02212873 -0.01297171 -0.03472957
v 0.02215035 -0.01296697 -0.03436106
v 0.02231649 -0.01292192 -0.03445971
v 0.02244785 -0.01287525 -0.03472957
v 0.02249351 -0.01285652 -0.03453943
v 0.02267105 -0.01277035 -0.03458959
v 0.02275669 -0.01272094 -0.03472957
v 0.02283833 -0.01266814 -0.03460661
v 0.02303979 -0.01251104 -0.03472957
v 0.02299458 -0.01254975 -0.03458959
v 0.02313967 -0.01241597 -0.03453943
v 0.02328279 -0.01225325 -0.03472957
v 0.02326521 -0.01227506 -0.03445971
v 0.02336784 -0.01213687 -0.03436106
v 0.02347476 -0.01195986 -0.03472957
v 0.02348790 -0.01193475 -0.03418639
v 0.02360977 -0.01164589 -0.03472957
v 0.02357942 -0.01173084 -0.03397956
v 0.02367832 -0.01137932 -0.03397956
v 0.02368734 -0.01132663 -0.03472957
v 0.02371166 -0.01101568 -0.03397956
v 0.02371166 -0.01101568 -0.03547955
v 0.02367827 -0.01137961 -0.03547955
v 0.02357123 -0.01175187 -0.03547955
v 0.02338565 -0.01211011 -0.03547955
v 0.02312587 -0.01242989 -0.03547955
v 0.02280608 -0.01268967 -0.03547955
v 0.02244785 -0.01287525 -0.03547958
v 0.01974505 -0.01137961 -0.03547955
v 0.01985208 -0.01175187 -0.03547955
v 0.02003767 -0.01211009 -0.03547958
v 0.02029745 -0.01242989 -0.03547958
v 0.02061724 -0.01268967 -0.03547958
v 0.02097547 -0.01287525 -0.03547958
v 0.02134773 -0.01298229 -0.03547958
v 0.02171166 -0.01301568 -0.03547958
v 0.02207558 -0.01298229 -0.03547958
v 0.00224505 0.01312040 -0.03397956
v 0.00221166 0.01348434 -0.03547955
v 0.00221166 0.01348432 -0.03397956
v 0.00225563 0.01306725 -0.03472957
v 0.00235209 0.01274813 -0.03397956
v 0.00239710 0.01264328 -0.03472957
v 0.00253767 0.01238990 -0.03397956
v 0.00264054 0.01224676 -0.03472957
v 0.00279745 0.01207011 -0.03397956
v 0.00297410 0.01191320 -0.03472957
v 0.00311724 0.01181034 -0.03397956
v 0.00337062 0.01166976 -0.03472957
v 0.00347547 0.01162475 -0.03397956
v 0.00379459 0.01152829 -0.03472957
v 0.00384774 0.01151771 -0.03397956
v 0.00421167 0.01148433 -0.03472957
v 0.00421167 0.01148433 -0.03397956
v 0.00457559 0.01151771 -0.03397956
v 0.00462874 0.01152829 -0.03472957
v 0.00494785 0.01162475 -0.03397956
v 0.00494785 0.01162475 -0.03472957
v 0.00525670 0.01177908 -0.03472957
v 0.00494785 0.01162475 -0.03547955
v 0.00530608 0.01181034 -0.03547955
v 0.00224505 0.01312040 -0.03547955
v 0.00235209 0.01274814 -0.03547955
v 0.00253767 0.01238990 -0.03547955
v 0.00279745 0.01207011 -0.03547955
v 0.00311724 0.01181034 -0.03547955
v 0.00347547 0.01162475 -0.03547955
v 0.00384774 0.01151771 -0.03547955
v 0.00421167 0.01148433 -0.03547955
v 0.00457559 0.01151771 -0.03547955
v 0.00553979 0.01198897 -0.03472957
v 0.00562588 0.01207011 -0.03547955
v 0.00578279 0.01224676 -0.03472957
v 0.00588566 0.01238990 -0.03547955
v 0.00597476 0.01254014 -0.03472957
v 0.00607124 0.01274813 -0.03547955
v 0.00610978 0.01285412 -0.03472957
v 0.00617828 0.01312040 -0.03547955
v 0.00618734 0.01317336 -0.03472957
v 0.00621167 0.01348432 -0.03547955
v 0.00621167 0.01348432 -0.03397956
v 0.00617828 0.01312040 -0.03397956
v 0.00607124 0.01274813 -0.03397956
v 0.00588566 0.01238990 -0.03397956
v 0.00562588 0.01207011 -0.03397956
v 0.00530608 0.01181034 -0.03397956
v -0.01074457 -0.01393182 -0.03397956
v -0.01078834 -0.01351567 -0.03547958
v -0.01078834 -0.01351567 -0.03397956
v -0.01074447 -0.01393228 -0.03472957
v -0.01061122 -0.01433855 -0.03397956
v -0.01060291 -0.01435671 -0.03472957
v -0.01039438 -0.01470759 -0.03397956
v -0.01035947 -0.01475323 -0.03472957
v -0.01011122 -0.01501567 -0.03397956
v -0.01002591 -0.01508679 -0.03472957
v -0.00983790 -0.01521815 -0.03438452
v -0.00962939 -0.01533023 -0.03472957
v -0.00951821 -0.01537774 -0.03470370
v -0.00952454 -0.01537525 -0.03547958
v -0.00934413 -0.01543690 -0.03482202
v -0.00915227 -0.01548229 -0.03547958
v -0.00916296 -0.01548027 -0.03490877
v -0.00897691 -0.01550677 -0.03496176
v -0.00878834 -0.01551566 -0.03547958
v -0.00878834 -0.01551566 -0.03497958
v -0.00859978 -0.01550677 -0.03496176
v -0.00842442 -0.01548229 -0.03547958
v -0.00841372 -0.01548027 -0.03490877
v -0.00823256 -0.01543690 -0.03482202
v -0.00805216 -0.01537525 -0.03547958
v -0.00805216 -0.01537525 -0.03472957
v -0.00774331 -0.01522093 -0.03472957
v -0.00805848 -0.01537774 -0.03470370
v -0.00773879 -0.01521815 -0.03438452
v -0.00746022 -0.01501102 -0.03472957
v -0.00746547 -0.01501567 -0.03397956
v -0.00721721 -0.01475323 -0.03472957
v -0.00718231 -0.01470759 -0.03397956
v -0.00702524 -0.01445986 -0.03472957
v -0.00696547 -0.01433855 -0.03397956
v -0.00689023 -0.01414587 -0.03472957
v -0.00683212 -0.01393182 -0.03397956
v -0.00681267 -0.01382663 -0.03472957
v -0.00678834 -0.01351567 -0.03397956
v -0.00678834 -0.01351567 -0.03547958
v -0.00682173 -0.01387959 -0.03547958
v -0.00692877 -0.01425187 -0.03547958
v -0.00711435 -0.01461009 -0.03547958
v -0.00737413 -0.01492988 -0.03547958
v -0.00769392 -0.01518966 -0.03547958
v -0.01075495 -0.01387959 -0.03547958
v -0.01064792 -0.01425187 -0.03547958
v -0.01046233 -0.01461009 -0.03547958
v -0.01020256 -0.01492988 -0.03547958
v -0.00988276 -0.01518966 -0.03547958
v -0.01575495 0.01312040 -0.03397956
v -0.01578834 0.01348434 -0.03417957
v -0.01578834 0.01348434 -0.03397956
v -0.01574437 0.01306727 -0.03407955
v -0.01564791 0.01274814 -0.03397956
v -0.01560290 0.01264328 -0.03407955
v -0.01546233 0.01238990 -0.03397956
v -0.01535946 0.01224676 -0.03407955
v -0.01520255 0.01207013 -0.03397956
v -0.01502590 0.01191320 -0.03407955
v -0.01488275 0.01181034 -0.03397956
v -0.01462938 0.01166976 -0.03407955
v -0.01452453 0.01162476 -0.03397956
v -0.01420541 0.01152830 -0.03407955
v -0.01415226 0.01151772 -0.03397956
v -0.01378834 0.01148433 -0.03407955
v -0.01378834 0.01148433 -0.03397956
v -0.01342441 0.01151772 -0.03397956
v -0.01337126 0.01152830 -0.03407955
v -0.01305215 0.01162476 -0.03397956
v -0.01305215 0.01162476 -0.03407955
v -0.01274330 0.01177908 -0.03407955
v -0.01305215 0.01162476 -0.03417957
v -0.01269392 0.01181034 -0.03417957
v -0.01575495 0.01312040 -0.03417957
v -0.01564791 0.01274814 -0.03417957
v -0.01546233 0.01238990 -0.03417957
v -0.01520255 0.01207013 -0.03417957
v -0.01488275 0.01181034 -0.03417957
v -0.01452452 0.01162476 -0.03417957
v -0.01415226 0.01151772 -0.03417957
v -0.01378834 0.01148433 -0.03417957
v -0.01342441 0.01151772 -0.03417957
v -0.01246021 0.01198897 -0.03407955
v -0.01237412 0.01207013 -0.03417957
v -0.01221721 0.01224676 -0.03407955
v -0.01211435 0.01238990 -0.03417957
v -0.01202524 0.01254015 -0.03407955
v -0.01192876 0.01274814 -0.03417957
v -0.01189022 0.01285412 -0.03407955
v -0.01182172 0.01312040 -0.03417957
v -0.01181266 0.01317336 -0.03407955
v -0.01178833 0.01348434 -0.03417957
v -0.01178833 0.01348434 -0.03397956
v -0.01182172 0.01312040 -0.03397956
v -0.01192876 0.01274814 -0.03397956
v -0.01211435 0.01238990 -0.03397956
v -0.01237412 0.01207013 -0.03397956
v -0.01269392 0.01181034 -0.03397956
v -0.01527981 0.01316631 -0.03465456
v -0.01517194 0.01284303 -0.03465456
v -0.01498632 0.01254069 -0.03465456
v -0.01473198 0.01228634 -0.03465456
v -0.01442963 0.01210073 -0.03465456
v -0.01410635 0.01199286 -0.03465456
v -0.01378834 0.01195934 -0.03465456
v -0.01347032 0.01199286 -0.03465456
v -0.01299150 0.01218408 -0.03465456
v -0.01259035 0.01254069 -0.03465456
v -0.01234102 0.01300380 -0.03465456
v 0.01999087 -0.01133411 -0.03547955
v 0.01996166 -0.01101568 -0.03528380
v 0.01996166 -0.01101568 -0.03547955
v 0.02000013 -0.01138062 -0.03538167
v 0.02008453 -0.01165984 -0.03547955
v 0.02012391 -0.01175159 -0.03538167
v 0.02024692 -0.01197330 -0.03547958
v 0.02033692 -0.01209854 -0.03538167
v 0.02047422 -0.01225311 -0.03547958
v 0.02062756 -0.01238944 -0.03538167
v 0.02075404 -0.01248042 -0.03547958
v 0.02097575 -0.01260343 -0.03538167
v 0.02106749 -0.01264281 -0.03547958
v 0.02134672 -0.01272721 -0.03538167
v 0.02139322 -0.01273646 -0.03547958
v 0.02171166 -0.01276568 -0.03538167
v 0.02171166 -0.01276568 -0.03547958
v 0.02203009 -0.01273646 -0.03547958
v 0.02207660 -0.01272721 -0.03538167
v 0.02235582 -0.01264281 -0.03547955
v 0.02235582 -0.01264281 -0.03538167
v 0.02262606 -0.01250777 -0.03538167
v 0.02259584 -0.01252589 -0.03528380
v 0.02284608 -0.01234820 -0.03528380
v 0.01999535 -0.01135742 -0.03528380
v 0.02009513 -0.01168602 -0.03528380
v 0.02022520 -0.01193924 -0.03528380
v 0.02040319 -0.01217776 -0.03528380
v 0.02062634 -0.01238848 -0.03528380
v 0.02088717 -0.01255929 -0.03528380
v 0.02117418 -0.01268109 -0.03528380
v 0.02147340 -0.01274938 -0.03528380
v 0.02177062 -0.01276469 -0.03528380
v 0.02205341 -0.01273199 -0.03528380
v 0.02232715 -0.01265388 -0.03528380
v 0.02287377 -0.01232412 -0.03538167
v 0.02306454 -0.01212574 -0.03528380
v 0.02308640 -0.01209854 -0.03538167
v 0.02324005 -0.01186804 -0.03528380
v 0.02325437 -0.01184184 -0.03538167
v 0.02336546 -0.01158791 -0.03528380
v 0.02337251 -0.01156711 -0.03538167
v 0.02343851 -0.01129941 -0.03528380
v 0.02344038 -0.01128777 -0.03538167
v 0.02346166 -0.01101568 -0.03528380
v 0.02346166 -0.01101568 -0.03547955
v 0.02343244 -0.01133411 -0.03547955
v 0.02333879 -0.01165985 -0.03547955
v 0.02317640 -0.01197330 -0.03547955
v 0.02294910 -0.01225311 -0.03547955
v 0.02266927 -0.01248042 -0.03547955
v 0.01999088 0.01066589 -0.03547955
v 0.01996167 0.01098432 -0.03528380
v 0.01996167 0.01098432 -0.03547955
v 0.02000014 0.01061938 -0.03538167
v 0.02008454 0.01034016 -0.03547955
v 0.02012392 0.01024841 -0.03538167
v 0.02024692 0.01002670 -0.03547955
v 0.02033693 0.00990146 -0.03538167
v 0.02047423 0.00974689 -0.03547955
v 0.02062757 0.00961056 -0.03538167
v 0.02075405 0.00951958 -0.03547955
v 0.02097575 0.00939657 -0.03538167
v 0.02106750 0.00935719 -0.03547955
v 0.02134673 0.00927279 -0.03538167
v 0.02139323 0.00926354 -0.03547955
v 0.02171167 0.00923432 -0.03538167
v 0.02171167 0.00923432 -0.03547955
v 0.02203010 0.00926354 -0.03547955
v 0.02207660 0.00927279 -0.03538167
v 0.02235583 0.00935719 -0.03547955
v 0.02235583 0.00935719 -0.03538167
v 0.02262607 0.00949223 -0.03538167
v 0.02259584 0.00947411 -0.03528380
v 0.02284609 0.00965180 -0.03528380
v 0.01999536 0.01064258 -0.03528380
v 0.02009514 0.01031399 -0.03528380
v 0.02022521 0.01006076 -0.03528380
v 0.02040320 0.00982224 -0.03528380
v 0.02062634 0.00961152 -0.03528380
v 0.02088718 0.00944071 -0.03528380
v 0.02117418 0.00931891 -0.03528380
v 0.02147341 0.00925062 -0.03528380
v 0.02177063 0.00923531 -0.03528380
v 0.02205341 0.00926801 -0.03528380
v 0.02232715 0.00934613 -0.03528380
v 0.02287378 0.00967590 -0.03538167
v 0.02306454 0.00987426 -0.03528380
v 0.02308640 0.00990146 -0.03538167
v 0.02324006 0.01013196 -0.03528380
v 0.02325438 0.01015816 -0.03538167
v 0.02336546 0.01041209 -0.03528380
v 0.02337252 0.01043289 -0.03538167
v 0.02343851 0.01070059 -0.03528380
v 0.02344038 0.01071223 -0.03538167
v 0.02346167 0.01098432 -0.03528380
v 0.02346167 0.01098432 -0.03547955
v 0.02343245 0.01066589 -0.03547955
v 0.02333879 0.01034016 -0.03547955
v 0.02317641 0.01002670 -0.03547955
v 0.02294910 0.00974689 -0.03547955
v 0.02266928 0.00951958 -0.03547955
v -0.01050627 -0.01384916 -0.03547958
v -0.01053834 -0.01351567 -0.03528380
v -0.01053834 -0.01351567 -0.03547958
v -0.01049987 -0.01388060 -0.03538167
v -0.01040705 -0.01418071 -0.03547958
v -0.01037609 -0.01425158 -0.03538167
v -0.01024194 -0.01449012 -0.03547958
v -0.01016308 -0.01459854 -0.03538167
v -0.01002012 -0.01475874 -0.03547958
v -0.00987244 -0.01488944 -0.03538167
v -0.00975703 -0.01497311 -0.03547958
v -0.00952425 -0.01510342 -0.03538167
v -0.00946441 -0.01512981 -0.03547958
v -0.00915328 -0.01522719 -0.03538167
v -0.00913651 -0.01523068 -0.03547958
v -0.00878834 -0.01526567 -0.03538167
v -0.00878834 -0.01526567 -0.03547958
v -0.00844018 -0.01523068 -0.03547958
v -0.00842341 -0.01522719 -0.03538167
v -0.00814418 -0.01514281 -0.03538167
v -0.00817285 -0.01515386 -0.03528380
v -0.00790417 -0.01502588 -0.03528380
v -0.01050465 -0.01385742 -0.03528380
v -0.01040487 -0.01418600 -0.03528380
v -0.01027480 -0.01443922 -0.03528380
v -0.01009681 -0.01467774 -0.03528380
v -0.00987367 -0.01488847 -0.03528380
v -0.00961283 -0.01505927 -0.03528380
v -0.00932582 -0.01518109 -0.03528380
v -0.00902660 -0.01524938 -0.03528380
v -0.00872938 -0.01526468 -0.03528380
v -0.00844660 -0.01523198 -0.03528380
v -0.00787394 -0.01500777 -0.03538167
v -0.00765392 -0.01484818 -0.03528380
v -0.00762623 -0.01482410 -0.03538167
v -0.00743547 -0.01462572 -0.03528380
v -0.00741361 -0.01459854 -0.03538167
v -0.00725995 -0.01436804 -0.03528380
v -0.00724563 -0.01434182 -0.03538167
v -0.00713454 -0.01408791 -0.03528380
v -0.00712749 -0.01406711 -0.03538167
v -0.00706149 -0.01379939 -0.03528380
v -0.00705962 -0.01378777 -0.03538167
v -0.00703834 -0.01351567 -0.03528380
v -0.00703834 -0.01351567 -0.03547958
v -0.00707041 -0.01384916 -0.03547958
v -0.00716963 -0.01418071 -0.03547958
v -0.00733474 -0.01449012 -0.03547958
v -0.00755657 -0.01475874 -0.03547958
v -0.00781965 -0.01497311 -0.03547958
v -0.00811228 -0.01512981 -0.03547958
v 0.00249373 0.01315083 -0.03547955
v 0.00246166 0.01348434 -0.03528380
v 0.00246166 0.01348434 -0.03547955
v 0.00250014 0.01311939 -0.03538167
v 0.00259296 0.01281928 -0.03547955
v 0.00262392 0.01274841 -0.03538167
v 0.00275806 0.01250987 -0.03547955
v 0.00283693 0.01240147 -0.03538167
v 0.00297989 0.01224125 -0.03547955
v 0.00312757 0.01211055 -0.03538167
v 0.00324297 0.01202688 -0.03547955
v 0.00347575 0.01189659 -0.03538167
v 0.00353560 0.01187020 -0.03547955
v 0.00384673 0.01177280 -0.03538167
v 0.00386350 0.01176932 -0.03547955
v 0.00421167 0.01173433 -0.03538167
v 0.00421167 0.01173433 -0.03547955
v 0.00455983 0.01176932 -0.03547955
v 0.00457660 0.01177280 -0.03538167
v 0.00485583 0.01185720 -0.03538167
v 0.00482715 0.01184613 -0.03528380
v 0.00509584 0.01197412 -0.03528380
v 0.00249536 0.01314258 -0.03528380
v 0.00259514 0.01281399 -0.03528380
v 0.00272521 0.01256078 -0.03528380
v 0.00290320 0.01232225 -0.03528380
v 0.00312634 0.01211152 -0.03528380
v 0.00338718 0.01194072 -0.03528380
v 0.00367419 0.01181891 -0.03528380
v 0.00397341 0.01175062 -0.03528380
v 0.00427063 0.01173533 -0.03528380
v 0.00455341 0.01176802 -0.03528380
v 0.00512607 0.01199222 -0.03538167
v 0.00534609 0.01215181 -0.03528380
v 0.00537378 0.01217589 -0.03538167
v 0.00556454 0.01237427 -0.03528380
v 0.00558640 0.01240147 -0.03538167
v 0.00574006 0.01263196 -0.03528380
v 0.00575438 0.01265817 -0.03538167
v 0.00586546 0.01291209 -0.03528380
v 0.00587252 0.01293290 -0.03538167
v 0.00593851 0.01320060 -0.03528380
v 0.00594038 0.01321224 -0.03538167
v 0.00596166 0.01348432 -0.03528380
v 0.00596166 0.01348432 -0.03547955
v 0.00592959 0.01315083 -0.03547955
v 0.00583037 0.01281928 -0.03547955
v 0.00566526 0.01250987 -0.03547955
v 0.00544344 0.01224125 -0.03547955
v 0.00518036 0.01202688 -0.03547955
v 0.00488773 0.01187018 -0.03547955
v 0.00206166 -0.00891567 -0.04357958
v 0.00251166 -0.01601567 -0.04357958
v 0.00161166 -0.01601567 -0.04357958
v 0.00251166 -0.00181567 -0.04357958
v 0.00161166 -0.00181567 -0.04357958
v 0.00161166 -0.00891567 -0.04407957
v 0.00161166 -0.01601567 -0.04457957
v 0.00161166 -0.00181567 -0.04457957
v 0.00601166 -0.00891567 -0.04457957
v 0.01041166 -0.01601567 -0.04457957
v 0.01041166 -0.00181567 -0.04457957
v 0.01041166 -0.00891567 -0.04182956
v 0.01041166 -0.01601567 -0.03907958
v 0.01041166 -0.00181567 -0.03907958
v 0.00646166 -0.00891567 -0.03907958
v 0.00251166 -0.01601567 -0.03907958
v 0.00251166 -0.00181567 -0.03907958
v 0.00251166 -0.00891567 -0.04002956
v 0.00251166 -0.01601567 -0.04097956
v 0.00251166 -0.00181567 -0.04097956
v 0.00206166 -0.00891567 -0.04097956
v 0.00161166 -0.01601567 -0.04097956
v 0.00161166 -0.00181567 -0.04097956
v 0.00161166 -0.00891567 -0.04147956
v 0.00161166 -0.01601567 -0.04197958
v 0.00161166 -0.00181567 -0.04197955
v 0.00206166 -0.00891567 -0.04197955
v 0.00251166 -0.01601567 -0.04197958
v 0.00251166 -0.00181567 -0.04197955
v 0.00251166 -0.00891567 -0.04277956
v 0.00422916 -0.00466567 -0.04052955
v 0.00422916 -0.00751568 -0.04084957
v 0.00422916 -0.00181567 -0.04084957
v 0.00422916 -0.00751568 -0.04020956
v 0.00422916 -0.00181567 -0.04020956
v 0.00390916 -0.00466567 -0.04020956
v 0.00358916 -0.00751568 -0.04020956
v 0.00358916 -0.00181567 -0.04020956
v 0.00358916 -0.00466567 -0.04052955
v 0.00358916 -0.00751568 -0.04084957
v 0.00358916 -0.00181567 -0.04084957
v 0.00390916 -0.00466567 -0.04084957
v 0.00676916 -0.00466568 -0.04052955
v 0.00676916 -0.00751568 -0.04084957
v 0.00676916 -0.00181567 -0.04084957
v 0.00676916 -0.00751568 -0.04020956
v 0.00676916 -0.00181567 -0.04020956
v 0.00644916 -0.00466568 -0.04020956
v 0.00612916 -0.00751568 -0.04020956
v 0.00612916 -0.00181567 -0.04020956
v 0.00612916 -0.00466568 -0.04052955
v 0.00612916 -0.00751568 -0.04084957
v 0.00612916 -0.00181567 -0.04084957
v 0.00644916 -0.00466568 -0.04084957
v 0.00930916 -0.00466568 -0.04052955
v 0.00930916 -0.00751568 -0.04084957
v 0.00930916 -0.00181567 -0.04084957
v 0.00930916 -0.00751568 -0.04020956
v 0.00930916 -0.00181567 -0.04020956
v 0.00898916 -0.00466568 -0.04020956
v 0.00866916 -0.00751568 -0.04020956
v 0.00866916 -0.00181567 -0.04020956
v 0.00866916 -0.00466568 -0.04052955
v 0.00866916 -0.00751568 -0.04084957
v 0.00866916 -0.00181567 -0.04084957
v 0.00898916 -0.00466568 -0.04084957
v 0.00898916 -0.00466568 -0.04344955
v 0.00866916 -0.00751568 -0.04344955
v 0.00866916 -0.00181567 -0.04344955
v 0.00930916 -0.00751568 -0.04344955
v 0.00930916 -0.00181567 -0.04344955
v 0.00930916 -0.00466568 -0.04312956
v 0.00930916 -0.00751568 -0.04280958
v 0.00930916 -0.00181567 -0.04280958
v 0.00898916 -0.00466568 -0.04280958
v 0.00866916 -0.00751568 -0.04280958
v 0.00866916 -0.00181567 -0.04280958
v 0.00866916 -0.00466568 -0.04312956
v 0.00676916 -0.00466567 -0.04312956
v 0.00676916 -0.00751568 -0.04344955
v 0.00676916 -0.00181567 -0.04344955
v 0.00676916 -0.00751568 -0.04280958
v 0.00676916 -0.00181567 -0.04280958
v 0.00644916 -0.00466567 -0.04280958
v 0.00612916 -0.00751568 -0.04280958
v 0.00612916 -0.00181567 -0.04280958
v 0.00612916 -0.00466567 -0.04312956
v 0.00612916 -0.00751568 -0.04344955
v 0.00612916 -0.00181567 -0.04344955
v 0.00644916 -0.00466567 -0.04344955
v 0.00422916 -0.00466567 -0.04312956
v 0.00422916 -0.00751568 -0.04344955
v 0.00422916 -0.00181567 -0.04344955
v 0.00422916 -0.00751568 -0.04280958
v 0.00422916 -0.00181567 -0.04280958
v 0.00390916 -0.00466567 -0.04280958
v 0.00358916 -0.00751568 -0.04280958
v 0.00358916 -0.00181567 -0.04280958
v 0.00358916 -0.00466567 -0.04312956
v 0.00358916 -0.00751568 -0.04344955
v 0.00358916 -0.00181567 -0.04344955
v 0.00390916 -0.00466567 -0.04344955
v 0.00898916 -0.00751568 -0.04312956
v 0.00390916 -0.00751568 -0.04052955
v 0.00644916 -0.00751568 -0.04052955
v 0.00898916 -0.00751568 -0.04052955
v 0.00390916 -0.00751568 -0.04312956
v 0.00644916 -0.00751568 -0.04312956
v 0.00601166 -0.00181567 -0.04280958
v 0.00601166 -0.00181567 -0.04182956
v 0.00601166 -0.00181567 -0.04020956
v 0.00409272 0.01319683 -0.03482956
v 0.00311129 0.01326620 -0.03482956
v 0.00327983 0.01285975 -0.03482956
v 0.00392417 0.01360328 -0.03482956
v 0.00421167 0.01348432 -0.03482956
v 0.00433062 0.01377182 -0.03482956
v 0.00449916 0.01336538 -0.03482956
v 0.00531204 0.01370246 -0.03482956
v 0.00514350 0.01410890 -0.03482956
v 0.00358709 0.01441616 -0.03482956
v 0.00399353 0.01458470 -0.03482956
v 0.00483624 0.01255249 -0.03482956
v 0.00442980 0.01238396 -0.03482956
v 0.00368627 0.01302830 -0.03451103
v 0.00327983 0.01285975 -0.03435549
v 0.00409272 0.01319683 -0.03419250
v 0.00337336 0.01289854 -0.03432170
v 0.00387909 0.01280384 -0.03425685
v 0.00346128 0.01278946 -0.03432170
v 0.00439102 0.01247748 -0.03432170
v 0.00410738 0.01246696 -0.03432170
v 0.00425173 0.01246241 -0.03432170
v 0.00396216 0.01249253 -0.03432170
v 0.00382067 0.01253933 -0.03432170
v 0.00368748 0.01260618 -0.03432170
v 0.00356665 0.01269068 -0.03432170
v 0.00426126 0.01279039 -0.03451103
v 0.00442980 0.01238396 -0.03435549
v 0.00463302 0.01246823 -0.03458831
v 0.00453295 0.01242673 -0.03434905
v 0.00483624 0.01255249 -0.03435549
v 0.00473309 0.01250973 -0.03434905
v 0.00463302 0.01246823 -0.03434706
v 0.00466770 0.01295894 -0.03451103
v 0.00449916 0.01336538 -0.03419250
v 0.00479746 0.01264603 -0.03432170
v 0.00489665 0.01315547 -0.03425735
v 0.00500530 0.01283931 -0.03432170
v 0.00490653 0.01273394 -0.03432170
v 0.00521851 0.01366367 -0.03432170
v 0.00523358 0.01352439 -0.03432170
v 0.00522903 0.01338004 -0.03432170
v 0.00520346 0.01323482 -0.03432170
v 0.00515667 0.01309333 -0.03432170
v 0.00508981 0.01296014 -0.03432170
v 0.00490560 0.01353393 -0.03451103
v 0.00531204 0.01370246 -0.03435546
v 0.00319556 0.01306298 -0.03458831
v 0.00311129 0.01326620 -0.03435549
v 0.00319556 0.01306298 -0.03434706
v 0.00522777 0.01390568 -0.03458831
v 0.00522777 0.01390568 -0.03434706
v 0.00514350 0.01410890 -0.03435546
v 0.00473705 0.01394036 -0.03451103
v 0.00433062 0.01377182 -0.03419250
v 0.00504997 0.01407012 -0.03432170
v 0.00454424 0.01416481 -0.03425685
v 0.00496205 0.01417919 -0.03432170
v 0.00403231 0.01449118 -0.03432170
v 0.00431595 0.01450170 -0.03432170
v 0.00417160 0.01450624 -0.03432170
v 0.00446117 0.01447611 -0.03432170
v 0.00460266 0.01442932 -0.03432170
v 0.00473585 0.01436248 -0.03432170
v 0.00485668 0.01427797 -0.03432170
v 0.00416207 0.01417825 -0.03451103
v 0.00399353 0.01458470 -0.03435546
v 0.00379031 0.01450043 -0.03458831
v 0.00389038 0.01454193 -0.03434905
v 0.00358709 0.01441616 -0.03435546
v 0.00369024 0.01445893 -0.03434905
v 0.00379031 0.01450043 -0.03434706
v 0.00375563 0.01400972 -0.03451103
v 0.00392417 0.01360328 -0.03419250
v 0.00362587 0.01432263 -0.03432170
v 0.00352668 0.01381319 -0.03425735
v 0.00351680 0.01423471 -0.03432170
v 0.00320482 0.01330497 -0.03432170
v 0.00319430 0.01358861 -0.03432170
v 0.00318975 0.01344427 -0.03432170
v 0.00321987 0.01373384 -0.03432170
v 0.00326666 0.01387533 -0.03432170
v 0.00333352 0.01400850 -0.03432170
v 0.00341803 0.01412935 -0.03432170
v 0.00351773 0.01343473 -0.03451103
v 0.00535955 0.01369678 -0.03437507
v 0.00534982 0.01395630 -0.03440771
v 0.00549714 0.01372225 -0.03445348
v 0.00546623 0.01400456 -0.03448999
v 0.00562382 0.01374570 -0.03455633
v 0.00557224 0.01404852 -0.03459287
v 0.00573353 0.01376601 -0.03468075
v 0.00566338 0.01408633 -0.03471372
v 0.00582133 0.01378225 -0.03482205
v 0.00573605 0.01411646 -0.03484842
v 0.00588407 0.01379388 -0.03497404
v 0.00578797 0.01413799 -0.03499195
v 0.00592075 0.01380066 -0.03513005
v 0.00581843 0.01415061 -0.03513879
v 0.00592797 0.01382608 -0.03528380
v 0.00582819 0.01415466 -0.03528380
v 0.00594832 0.01341321 -0.03513005
v 0.00591105 0.01341475 -0.03497404
v 0.00584899 0.01302396 -0.03497404
v 0.00578757 0.01304123 -0.03482205
v 0.00569673 0.01265526 -0.03497404
v 0.00564084 0.01268604 -0.03482205
v 0.00546343 0.01233286 -0.03497404
v 0.00541647 0.01237606 -0.03482205
v 0.00514027 0.01213618 -0.03482205
v 0.00508962 0.01220972 -0.03468075
v 0.00480451 0.01205466 -0.03468075
v 0.00476178 0.01215773 -0.03455633
v 0.00447304 0.01207218 -0.03455633
v 0.00444959 0.01219884 -0.03445348
v 0.00423276 0.01217719 -0.03445348
v 0.00423050 0.01231710 -0.03437507
v 0.00402948 0.01233125 -0.03437507
v 0.00382991 0.01238114 -0.03437507
v 0.00364126 0.01246580 -0.03437507
v 0.00347216 0.01258106 -0.03437507
v 0.00332916 0.01272016 -0.03437507
v 0.00321597 0.01287494 -0.03437507
v 0.00307351 0.01301236 -0.03440771
v 0.00309661 0.01280189 -0.03445348
v 0.00295710 0.01296409 -0.03448999
v 0.00298673 0.01273464 -0.03455633
v 0.00285109 0.01292013 -0.03459287
v 0.00289156 0.01267639 -0.03468075
v 0.00275995 0.01288233 -0.03471372
v 0.00281540 0.01262978 -0.03482205
v 0.00268728 0.01285220 -0.03484842
v 0.00276098 0.01259648 -0.03497404
v 0.00263536 0.01283067 -0.03499195
v 0.00272916 0.01257702 -0.03513005
v 0.00260490 0.01281804 -0.03513879
v 0.00588489 0.01301386 -0.03513005
v 0.00572948 0.01263741 -0.03513005
v 0.00549088 0.01230762 -0.03513005
v 0.00517646 0.01208364 -0.03497404
v 0.00483872 0.01197218 -0.03482205
v 0.00449334 0.01196247 -0.03468075
v 0.00423484 0.01204837 -0.03455633
v 0.00400764 0.01219303 -0.03445348
v 0.00519762 0.01205293 -0.03513005
v 0.00487745 0.01187878 -0.03513005
v 0.00452800 0.01177525 -0.03513005
v 0.00423971 0.01174644 -0.03513005
v 0.00394041 0.01176751 -0.03513005
v 0.00364327 0.01184178 -0.03513005
v 0.00336238 0.01196784 -0.03513005
v 0.00311061 0.01213945 -0.03513005
v 0.00289770 0.01234656 -0.03513005
v 0.00442412 0.01233644 -0.03437507
v 0.00465883 0.01240598 -0.03437507
v 0.00487387 0.01252294 -0.03437507
v 0.00507083 0.01269401 -0.03437507
v 0.00523032 0.01291414 -0.03437507
v 0.00533546 0.01316834 -0.03437507
v 0.00537806 0.01343656 -0.03437507
v 0.00584730 0.01341735 -0.03482205
v 0.00575808 0.01342101 -0.03468075
v 0.00564660 0.01342557 -0.03455633
v 0.00551788 0.01343084 -0.03445348
v 0.00570160 0.01306540 -0.03468075
v 0.00559419 0.01309559 -0.03455633
v 0.00547017 0.01313048 -0.03445348
v 0.00556271 0.01272928 -0.03468075
v 0.00546515 0.01278343 -0.03455633
v 0.00535257 0.01284606 -0.03445348
v 0.00535075 0.01243652 -0.03468075
v 0.00526863 0.01251206 -0.03455633
v 0.00517382 0.01259927 -0.03445348
v 0.00502632 0.01230162 -0.03455633
v 0.00495325 0.01240770 -0.03445348
v 0.00486316 0.01191325 -0.03497404
v 0.00450960 0.01187465 -0.03482205
v 0.00423664 0.01193682 -0.03468075
v 0.00398753 0.01206579 -0.03455633
v 0.00378415 0.01224890 -0.03445348
v 0.00471243 0.01227673 -0.03445348
v 0.00452121 0.01181192 -0.03497404
v 0.00423808 0.01184753 -0.03482205
v 0.00397012 0.01195558 -0.03468075
v 0.00374202 0.01212715 -0.03455633
v 0.00357288 0.01234371 -0.03445348
v 0.00423911 0.01178374 -0.03497404
v 0.00395618 0.01186738 -0.03482205
v 0.00370553 0.01202171 -0.03468075
v 0.00350993 0.01223131 -0.03455633
v 0.00338351 0.01247279 -0.03445348
v 0.00394623 0.01180435 -0.03497404
v 0.00367633 0.01193733 -0.03482205
v 0.00345541 0.01213396 -0.03468075
v 0.00330190 0.01237310 -0.03455633
v 0.00322338 0.01262856 -0.03445348
v 0.00365547 0.01187704 -0.03497404
v 0.00341178 0.01205604 -0.03482205
v 0.00323122 0.01228676 -0.03468075
v 0.00312599 0.01254422 -0.03455633
v 0.00338061 0.01200037 -0.03497404
v 0.00317466 0.01221768 -0.03482205
v 0.00304164 0.01247119 -0.03468075
v 0.00313424 0.01216831 -0.03497404
v 0.00297413 0.01241273 -0.03482205
v 0.00292590 0.01237097 -0.03497404
v 0.00335250 0.01427465 -0.03437507
v 0.00354946 0.01444571 -0.03437507
v 0.00324951 0.01436938 -0.03445348
v 0.00347008 0.01456094 -0.03445348
v 0.00315470 0.01445659 -0.03455633
v 0.00339701 0.01466704 -0.03455633
v 0.00307258 0.01453214 -0.03468075
v 0.00333371 0.01475894 -0.03468075
v 0.00300686 0.01459259 -0.03482205
v 0.00328306 0.01483247 -0.03482205
v 0.00295990 0.01463578 -0.03497404
v 0.00324687 0.01488501 -0.03497404
v 0.00293245 0.01466104 -0.03513005
v 0.00322571 0.01491573 -0.03513005
v 0.00307724 0.01481684 -0.03528380
v 0.00332749 0.01499454 -0.03528380
v 0.00319301 0.01405451 -0.03437507
v 0.00307076 0.01412260 -0.03445348
v 0.00295817 0.01418521 -0.03455633
v 0.00286062 0.01423938 -0.03468075
v 0.00278249 0.01428262 -0.03482205
v 0.00272660 0.01431339 -0.03497404
v 0.00269385 0.01433124 -0.03513005
v 0.00285879 0.01459438 -0.03528380
v 0.00268327 0.01433668 -0.03528380
v 0.00255787 0.01405657 -0.03528380
v 0.00253844 0.01395479 -0.03513005
v 0.00248482 0.01376805 -0.03528380
v 0.00247501 0.01355544 -0.03513005
v 0.00250258 0.01316800 -0.03513005
v 0.00308787 0.01380030 -0.03437507
v 0.00304527 0.01353209 -0.03437507
v 0.00306378 0.01327187 -0.03437507
v 0.00292619 0.01324639 -0.03445348
v 0.00279951 0.01322295 -0.03455633
v 0.00268980 0.01320264 -0.03468075
v 0.00260200 0.01318640 -0.03482205
v 0.00253926 0.01317478 -0.03497404
v 0.00354588 0.01508988 -0.03513005
v 0.00359618 0.01512252 -0.03528380
v 0.00389533 0.01519341 -0.03513005
v 0.00386992 0.01520064 -0.03528380
v 0.00415270 0.01523333 -0.03528380
v 0.00418362 0.01522221 -0.03513005
v 0.00444992 0.01521803 -0.03528380
v 0.00448292 0.01520114 -0.03513005
v 0.00474914 0.01514975 -0.03528380
v 0.00478006 0.01512688 -0.03513005
v 0.00503615 0.01502793 -0.03528380
v 0.00506095 0.01500081 -0.03513005
v 0.00529699 0.01485712 -0.03528380
v 0.00531272 0.01482921 -0.03513005
v 0.00552013 0.01464640 -0.03528380
v 0.00552563 0.01462210 -0.03513005
v 0.00569812 0.01440788 -0.03528380
v 0.00569416 0.01439164 -0.03513005
v 0.00566235 0.01437218 -0.03497404
v 0.00560793 0.01433887 -0.03482205
v 0.00553177 0.01429225 -0.03468075
v 0.00543660 0.01423401 -0.03455633
v 0.00532672 0.01416676 -0.03445348
v 0.00520736 0.01409372 -0.03437507
v 0.00509417 0.01424850 -0.03437507
v 0.00519995 0.01434009 -0.03445348
v 0.00529734 0.01442443 -0.03455633
v 0.00538169 0.01449747 -0.03468075
v 0.00544920 0.01455592 -0.03482205
v 0.00549743 0.01459769 -0.03497404
v 0.00495117 0.01438760 -0.03437507
v 0.00478207 0.01450286 -0.03437507
v 0.00459342 0.01458751 -0.03437507
v 0.00439385 0.01463740 -0.03437507
v 0.00419283 0.01465156 -0.03437507
v 0.00399921 0.01463220 -0.03437507
v 0.00376450 0.01456267 -0.03437507
v 0.00356017 0.01505541 -0.03497404
v 0.00390212 0.01515674 -0.03497404
v 0.00418422 0.01518492 -0.03497404
v 0.00447710 0.01516429 -0.03497404
v 0.00476786 0.01509162 -0.03497404
v 0.00504272 0.01496828 -0.03497404
v 0.00528909 0.01480035 -0.03497404
v 0.00358461 0.01499648 -0.03482205
v 0.00391373 0.01509399 -0.03482205
v 0.00418525 0.01512112 -0.03482205
v 0.00446715 0.01510128 -0.03482205
v 0.00474700 0.01503133 -0.03482205
v 0.00501155 0.01491261 -0.03482205
v 0.00524867 0.01475098 -0.03482205
v 0.00361881 0.01491400 -0.03468075
v 0.00392998 0.01500619 -0.03468075
v 0.00418669 0.01503184 -0.03468075
v 0.00445321 0.01501308 -0.03468075
v 0.00471780 0.01494694 -0.03468075
v 0.00496792 0.01483469 -0.03468075
v 0.00519211 0.01468188 -0.03468075
v 0.00366156 0.01481093 -0.03455633
v 0.00395029 0.01489647 -0.03455633
v 0.00418849 0.01492027 -0.03455633
v 0.00443580 0.01490287 -0.03455633
v 0.00468131 0.01484150 -0.03455633
v 0.00491340 0.01473734 -0.03455633
v 0.00512143 0.01459554 -0.03455633
v 0.00371090 0.01469193 -0.03445348
v 0.00397374 0.01476980 -0.03445348
v 0.00419057 0.01479147 -0.03445348
v 0.00441569 0.01477561 -0.03445348
v 0.00463918 0.01471976 -0.03445348
v 0.00485045 0.01462494 -0.03445348
v 0.00503982 0.01449587 -0.03445348
v 0.00295316 0.01383818 -0.03445348
v 0.00282914 0.01387305 -0.03455633
v 0.00272173 0.01390325 -0.03468075
v 0.00263576 0.01392742 -0.03482205
v 0.00257434 0.01394469 -0.03497404
v 0.00290545 0.01353782 -0.03445348
v 0.00277673 0.01354308 -0.03455633
v 0.00266525 0.01354765 -0.03468075
v 0.00257603 0.01355130 -0.03482205
v 0.00251228 0.01355391 -0.03497404
v 0.00248295 0.01375642 -0.03538167
v 0.00248482 0.01376805 -0.03547955
v 0.00255081 0.01403575 -0.03538167
v 0.00255787 0.01405657 -0.03547955
v 0.00266895 0.01431049 -0.03538167
v 0.00268327 0.01433668 -0.03547955
v 0.00283693 0.01456719 -0.03538167
v 0.00285879 0.01459438 -0.03547955
v 0.00304955 0.01479276 -0.03538167
v 0.00307724 0.01481684 -0.03547955
v 0.00329726 0.01497643 -0.03538167
v 0.00332749 0.01499454 -0.03547955
v 0.00356750 0.01511145 -0.03538167
v 0.00359618 0.01512252 -0.03547955
v 0.00384673 0.01519585 -0.03538167
v 0.00386992 0.01520064 -0.03547955
v 0.00415270 0.01523333 -0.03547955
v 0.00421167 0.01523433 -0.03538167
v 0.00444992 0.01521803 -0.03547955
v 0.00457660 0.01519585 -0.03538167
v 0.00474914 0.01514975 -0.03547955
v 0.00494758 0.01507207 -0.03538167
v 0.00503615 0.01502793 -0.03547955
v 0.00529699 0.01485712 -0.03538167
v 0.00529699 0.01485712 -0.03547955
v 0.00552013 0.01464640 -0.03547955
v 0.00558640 0.01456719 -0.03538167
v 0.00569812 0.01440788 -0.03547955
v 0.00579941 0.01422024 -0.03538167
v 0.00582819 0.01415466 -0.03547955
v 0.00592319 0.01384926 -0.03538167
v 0.00592797 0.01382608 -0.03547955
v -0.00890729 -0.01380316 -0.03482956
v -0.00988872 -0.01373380 -0.03482956
v -0.00972017 -0.01414024 -0.03482956
v -0.00907584 -0.01339672 -0.03482956
v -0.00878834 -0.01351567 -0.03482956
v -0.00866939 -0.01322819 -0.03482956
v -0.00850085 -0.01363462 -0.03482956
v -0.00768797 -0.01329754 -0.03482956
v -0.00785651 -0.01289109 -0.03482956
v -0.00941292 -0.01258385 -0.03482956
v -0.00900648 -0.01241530 -0.03482956
v -0.00816377 -0.01444750 -0.03482956
v -0.00857021 -0.01461604 -0.03482956
v -0.00931373 -0.01397171 -0.03451103
v -0.00972017 -0.01414024 -0.03435549
v -0.00890729 -0.01380316 -0.03419250
v -0.00962665 -0.01410147 -0.03432170
v -0.00912092 -0.01419615 -0.03425685
v -0.00953873 -0.01421053 -0.03432170
v -0.00860899 -0.01452252 -0.03432170
v -0.00889263 -0.01453304 -0.03432170
v -0.00874828 -0.01453758 -0.03432170
v -0.00903785 -0.01450747 -0.03432170
v -0.00917934 -0.01446068 -0.03432170
v -0.00931252 -0.01439381 -0.03432170
v -0.00943336 -0.01430931 -0.03432170
v -0.00873875 -0.01420961 -0.03451103
v -0.00857021 -0.01461604 -0.03435549
v -0.00836699 -0.01453177 -0.03458831
v -0.00846706 -0.01457327 -0.03434905
v -0.00816377 -0.01444750 -0.03435549
v -0.00826692 -0.01449027 -0.03434905
v -0.00836699 -0.01453177 -0.03434706
v -0.00833231 -0.01404106 -0.03451103
v -0.00850085 -0.01363462 -0.03419250
v -0.00820255 -0.01435397 -0.03432170
v -0.00810336 -0.01384454 -0.03425735
v -0.00799471 -0.01416069 -0.03432170
v -0.00809348 -0.01426605 -0.03432170
v -0.00778150 -0.01333632 -0.03432170
v -0.00776643 -0.01347561 -0.03432170
v -0.00777098 -0.01361995 -0.03432170
v -0.00779655 -0.01376518 -0.03432170
v -0.00784334 -0.01390667 -0.03432170
v -0.00791020 -0.01403985 -0.03432170
v -0.00809441 -0.01346608 -0.03451103
v -0.00768797 -0.01329754 -0.03435549
v -0.00980444 -0.01393702 -0.03458831
v -0.00988872 -0.01373380 -0.03435549
v -0.00980444 -0.01393702 -0.03434706
v -0.00777224 -0.01309431 -0.03458831
v -0.00777224 -0.01309431 -0.03434706
v -0.00785651 -0.01289109 -0.03435549
v -0.00826295 -0.01305964 -0.03451103
v -0.00866939 -0.01322819 -0.03419250
v -0.00795004 -0.01292988 -0.03432170
v -0.00845576 -0.01283518 -0.03425685
v -0.00803796 -0.01282080 -0.03432170
v -0.00896769 -0.01250883 -0.03432170
v -0.00868406 -0.01249831 -0.03432170
v -0.00882841 -0.01249377 -0.03432170
v -0.00853883 -0.01252388 -0.03432170
v -0.00839735 -0.01257067 -0.03432170
v -0.00826417 -0.01263752 -0.03432170
v -0.00814333 -0.01272204 -0.03432170
v -0.00883794 -0.01282174 -0.03451103
v -0.00900648 -0.01241530 -0.03435549
v -0.00920970 -0.01249956 -0.03458831
v -0.00910963 -0.01245808 -0.03434905
v -0.00941292 -0.01258385 -0.03435549
v -0.00930977 -0.01254106 -0.03434905
v -0.00920970 -0.01249956 -0.03434706
v -0.00924437 -0.01299027 -0.03451103
v -0.00907584 -0.01339672 -0.03419250
v -0.00937413 -0.01267736 -0.03432170
v -0.00947333 -0.01318681 -0.03425735
v -0.00948321 -0.01276528 -0.03432170
v -0.00979519 -0.01369502 -0.03432170
v -0.00980571 -0.01341138 -0.03432170
v -0.00981025 -0.01355573 -0.03432170
v -0.00978014 -0.01326615 -0.03432170
v -0.00973335 -0.01312467 -0.03432170
v -0.00966649 -0.01299148 -0.03432170
v -0.00958198 -0.01287065 -0.03432170
v -0.00948227 -0.01356527 -0.03451103
v -0.00764046 -0.01330321 -0.03437507
v -0.00765019 -0.01304371 -0.03440771
v -0.00750287 -0.01327775 -0.03445351
v -0.00753377 -0.01299543 -0.03448999
v -0.00737619 -0.01325429 -0.03455633
v -0.00742776 -0.01295147 -0.03459287
v -0.00726648 -0.01323400 -0.03468075
v -0.00733663 -0.01291368 -0.03471372
v -0.00717867 -0.01321774 -0.03482205
v -0.00726396 -0.01288354 -0.03484842
v -0.00711594 -0.01320613 -0.03497404
v -0.00721204 -0.01286201 -0.03499195
v -0.00707926 -0.01319934 -0.03513005
v -0.00718158 -0.01284938 -0.03513879
v -0.00707204 -0.01317393 -0.03528380
v -0.00717182 -0.01284533 -0.03528380
v -0.00705169 -0.01358678 -0.03513005
v -0.00708895 -0.01358526 -0.03497404
v -0.00715102 -0.01397605 -0.03497404
v -0.00721244 -0.01395878 -0.03482205
v -0.00730328 -0.01434475 -0.03497404
v -0.00735917 -0.01431396 -0.03482205
v -0.00753658 -0.01466713 -0.03497404
v -0.00758354 -0.01462393 -0.03482205
v -0.00785974 -0.01486381 -0.03482205
v -0.00791039 -0.01479028 -0.03468075
v -0.00819550 -0.01494534 -0.03468075
v -0.00823823 -0.01484227 -0.03455633
v -0.00852697 -0.01492783 -0.03455633
v -0.00855041 -0.01480115 -0.03445351
v -0.00876725 -0.01482280 -0.03445351
v -0.00876951 -0.01468290 -0.03437507
v -0.00897053 -0.01466874 -0.03437507
v -0.00917010 -0.01461887 -0.03437507
v -0.00935875 -0.01453420 -0.03437507
v -0.00952785 -0.01441894 -0.03437507
v -0.00967085 -0.01427984 -0.03437507
v -0.00978404 -0.01412506 -0.03437507
v -0.00992650 -0.01398764 -0.03440771
v -0.00990340 -0.01419810 -0.03445351
v -0.01004291 -0.01403592 -0.03448999
v -0.01001328 -0.01426535 -0.03455633
v -0.01014892 -0.01407988 -0.03459287
v -0.01010845 -0.01432360 -0.03468075
v -0.01024006 -0.01411767 -0.03471372
v -0.01018461 -0.01437021 -0.03482205
v -0.01031272 -0.01414780 -0.03484842
v -0.01023903 -0.01440352 -0.03497404
v -0.01036465 -0.01416933 -0.03499195
v -0.01027084 -0.01442299 -0.03513005
v -0.01039510 -0.01418195 -0.03513879
v -0.00711512 -0.01398613 -0.03513005
v -0.00727052 -0.01436258 -0.03513005
v -0.00750913 -0.01469237 -0.03513005
v -0.00782355 -0.01491635 -0.03497404
v -0.00816129 -0.01502781 -0.03482205
v -0.00850667 -0.01503753 -0.03468075
v -0.00876517 -0.01495162 -0.03455633
v -0.00899237 -0.01480696 -0.03445351
v -0.00780239 -0.01494708 -0.03513005
v -0.00812256 -0.01512122 -0.03513005
v -0.00847201 -0.01522475 -0.03513005
v -0.00876030 -0.01525355 -0.03513005
v -0.00905960 -0.01523248 -0.03513005
v -0.00935674 -0.01515821 -0.03513005
v -0.00963763 -0.01503217 -0.03513005
v -0.00988940 -0.01486055 -0.03513005
v -0.01010230 -0.01465345 -0.03513005
v -0.00857588 -0.01466356 -0.03437507
v -0.00834118 -0.01459401 -0.03437507
v -0.00812614 -0.01447705 -0.03437507
v -0.00792918 -0.01430599 -0.03437507
v -0.00776969 -0.01408585 -0.03437507
v -0.00766454 -0.01383165 -0.03437507
v -0.00762194 -0.01356343 -0.03437507
v -0.00715270 -0.01358264 -0.03482205
v -0.00724192 -0.01357899 -0.03468075
v -0.00735341 -0.01357443 -0.03455633
v -0.00748213 -0.01356915 -0.03445351
v -0.00729840 -0.01393461 -0.03468075
v -0.00740582 -0.01390440 -0.03455633
v -0.00752983 -0.01386953 -0.03445351
v -0.00743730 -0.01427072 -0.03468075
v -0.00753485 -0.01421657 -0.03455633
v -0.00764744 -0.01415395 -0.03445351
v -0.00764926 -0.01456348 -0.03468075
v -0.00773138 -0.01448795 -0.03455633
v -0.00782619 -0.01440073 -0.03445351
v -0.00797369 -0.01469839 -0.03455633
v -0.00804676 -0.01459230 -0.03445351
v -0.00813685 -0.01508676 -0.03497404
v -0.00849041 -0.01512534 -0.03482205
v -0.00876337 -0.01506319 -0.03468075
v -0.00901248 -0.01493421 -0.03455633
v -0.00921586 -0.01475110 -0.03445351
v -0.00828758 -0.01472326 -0.03445351
v -0.00847880 -0.01518808 -0.03497404
v -0.00876193 -0.01515246 -0.03482205
v -0.00902989 -0.01504441 -0.03468075
v -0.00925799 -0.01487284 -0.03455633
v -0.00942712 -0.01465630 -0.03445351
v -0.00876090 -0.01521625 -0.03497404
v -0.00904382 -0.01513261 -0.03482205
v -0.00929448 -0.01497828 -0.03468075
v -0.00949007 -0.01476868 -0.03455633
v -0.00961649 -0.01452721 -0.03445351
v -0.00905378 -0.01519565 -0.03497404
v -0.00932368 -0.01506267 -0.03482205
v -0.00954460 -0.01486605 -0.03468075
v -0.00969810 -0.01462690 -0.03455633
v -0.00977663 -0.01437145 -0.03445351
v -0.00934454 -0.01512297 -0.03497404
v -0.00958823 -0.01494395 -0.03482205
v -0.00976879 -0.01471324 -0.03468075
v -0.00987402 -0.01445577 -0.03455633
v -0.00961940 -0.01499962 -0.03497404
v -0.00982535 -0.01478232 -0.03482205
v -0.00995837 -0.01452882 -0.03468075
v -0.00986577 -0.01483169 -0.03497404
v -0.01002587 -0.01458726 -0.03482205
v -0.01007411 -0.01462903 -0.03497404
v -0.00964751 -0.01272535 -0.03437507
v -0.00945055 -0.01255430 -0.03437507
v -0.00975050 -0.01263062 -0.03445351
v -0.00952992 -0.01243905 -0.03445351
v -0.00984531 -0.01254340 -0.03455633
v -0.00960300 -0.01233295 -0.03455633
v -0.00992743 -0.01246787 -0.03468075
v -0.00966630 -0.01224106 -0.03468075
v -0.00999315 -0.01240742 -0.03482205
v -0.00971695 -0.01216752 -0.03482205
v -0.01004011 -0.01236422 -0.03497404
v -0.00975314 -0.01211498 -0.03497404
v -0.01006756 -0.01233896 -0.03513005
v -0.00977430 -0.01208427 -0.03513005
v -0.00992276 -0.01218315 -0.03528380
v -0.00967252 -0.01200546 -0.03528380
v -0.00980700 -0.01294550 -0.03437507
v -0.00992925 -0.01287740 -0.03445351
v -0.01004183 -0.01281478 -0.03455633
v -0.01013939 -0.01276063 -0.03468075
v -0.01021752 -0.01271739 -0.03482205
v -0.01027340 -0.01268660 -0.03497404
v -0.01030616 -0.01266877 -0.03513005
v -0.01014122 -0.01240561 -0.03528380
v -0.01031673 -0.01266331 -0.03528380
v -0.01044214 -0.01294344 -0.03528380
v -0.01046157 -0.01304520 -0.03513005
v -0.01051519 -0.01323194 -0.03528380
v -0.01052500 -0.01344457 -0.03513005
v -0.01049742 -0.01383200 -0.03513005
v -0.00991214 -0.01319970 -0.03437507
v -0.00995474 -0.01346792 -0.03437507
v -0.00993622 -0.01372814 -0.03437507
v -0.01007382 -0.01375360 -0.03445351
v -0.01020049 -0.01377704 -0.03455633
v -0.01031021 -0.01379735 -0.03468075
v -0.01039801 -0.01381361 -0.03482205
v -0.01046075 -0.01382522 -0.03497404
v -0.00945412 -0.01191013 -0.03513005
v -0.00940383 -0.01187749 -0.03528380
v -0.00910468 -0.01180659 -0.03513005
v -0.00913009 -0.01179936 -0.03528380
v -0.00884731 -0.01176667 -0.03528380
v -0.00881639 -0.01177778 -0.03513005
v -0.00855009 -0.01178197 -0.03528380
v -0.00851708 -0.01179885 -0.03513005
v -0.00825086 -0.01185025 -0.03528380
v -0.00821995 -0.01187312 -0.03513005
v -0.00796386 -0.01197206 -0.03528380
v -0.00793906 -0.01199918 -0.03513005
v -0.00770302 -0.01214288 -0.03528380
v -0.00768729 -0.01217079 -0.03513005
v -0.00747988 -0.01235359 -0.03528380
v -0.00747438 -0.01237790 -0.03513005
v -0.00730189 -0.01259212 -0.03528380
v -0.00730584 -0.01260836 -0.03513005
v -0.00733766 -0.01262783 -0.03497404
v -0.00739208 -0.01266114 -0.03482205
v -0.00746824 -0.01270775 -0.03468075
v -0.00756341 -0.01276600 -0.03455633
v -0.00767329 -0.01283325 -0.03445351
v -0.00779264 -0.01290629 -0.03437507
v -0.00790584 -0.01275150 -0.03437507
v -0.00780005 -0.01265990 -0.03445351
v -0.00770267 -0.01257558 -0.03455633
v -0.00761832 -0.01250253 -0.03468075
v -0.00755081 -0.01244407 -0.03482205
v -0.00750258 -0.01240230 -0.03497404
v -0.00804884 -0.01261240 -0.03437507
v -0.00821793 -0.01249714 -0.03437507
v -0.00840659 -0.01241248 -0.03437507
v -0.00860616 -0.01236259 -0.03437507
v -0.00880718 -0.01234845 -0.03437507
v -0.00900080 -0.01236779 -0.03437507
v -0.00923551 -0.01243734 -0.03437507
v -0.00943984 -0.01194459 -0.03497404
v -0.00909789 -0.01184326 -0.03497404
v -0.00881579 -0.01181508 -0.03497404
v -0.00852291 -0.01183570 -0.03497404
v -0.00823214 -0.01190838 -0.03497404
v -0.00795728 -0.01203173 -0.03497404
v -0.00771092 -0.01219965 -0.03497404
v -0.00941540 -0.01200352 -0.03482205
v -0.00908628 -0.01190601 -0.03482205
v -0.00881476 -0.01187887 -0.03482205
v -0.00853286 -0.01189872 -0.03482205
v -0.00825301 -0.01196867 -0.03482205
v -0.00798846 -0.01208740 -0.03482205
v -0.00775133 -0.01224902 -0.03482205
v -0.00938119 -0.01208600 -0.03468075
v -0.00907002 -0.01199380 -0.03468075
v -0.00881332 -0.01196816 -0.03468075
v -0.00854680 -0.01198692 -0.03468075
v -0.00828221 -0.01205305 -0.03468075
v -0.00803209 -0.01216530 -0.03468075
v -0.00780790 -0.01231811 -0.03468075
v -0.00933845 -0.01218907 -0.03455633
v -0.00904972 -0.01210352 -0.03455633
v -0.00881151 -0.01207972 -0.03455633
v -0.00856421 -0.01209713 -0.03455633
v -0.00831870 -0.01215849 -0.03455633
v -0.00808661 -0.01226265 -0.03455633
v -0.00787858 -0.01240445 -0.03455633
v -0.00928911 -0.01230807 -0.03445351
v -0.00902627 -0.01223020 -0.03445351
v -0.00880944 -0.01220853 -0.03445351
v -0.00858432 -0.01222438 -0.03445351
v -0.00836083 -0.01228023 -0.03445351
v -0.00814956 -0.01237505 -0.03445351
v -0.00796019 -0.01250412 -0.03445351
v -0.01004685 -0.01316182 -0.03445351
v -0.01017087 -0.01312695 -0.03455633
v -0.01027828 -0.01309674 -0.03468075
v -0.01036424 -0.01307257 -0.03482205
v -0.01042566 -0.01305530 -0.03497404
v -0.01009456 -0.01346218 -0.03445351
v -0.01022328 -0.01345692 -0.03455633
v -0.01033476 -0.01345234 -0.03468075
v -0.01042398 -0.01344869 -0.03482205
v -0.01048773 -0.01344609 -0.03497404
v -0.01051706 -0.01324358 -0.03538167
v -0.01051519 -0.01323194 -0.03547958
v -0.01044919 -0.01296424 -0.03538167
v -0.01044214 -0.01294344 -0.03547958
v -0.01033106 -0.01268951 -0.03538167
v -0.01031673 -0.01266331 -0.03547958
v -0.01016308 -0.01243281 -0.03538167
v -0.01014122 -0.01240561 -0.03547958
v -0.00995046 -0.01220723 -0.03538167
v -0.00992276 -0.01218315 -0.03547958
v -0.00970275 -0.01202358 -0.03538167
v -0.00967252 -0.01200546 -0.03547958
v -0.00943251 -0.01188854 -0.03538167
v -0.00940383 -0.01187749 -0.03547958
v -0.00915328 -0.01180414 -0.03538167
v -0.00913009 -0.01179936 -0.03547958
v -0.00884731 -0.01176667 -0.03547958
v -0.00878834 -0.01176567 -0.03538167
v -0.00855009 -0.01178197 -0.03547958
v -0.00842341 -0.01180414 -0.03538167
v -0.00825086 -0.01185025 -0.03547958
v -0.00805243 -0.01192793 -0.03538167
v -0.00796386 -0.01197206 -0.03547958
v -0.00770302 -0.01214288 -0.03538167
v -0.00770302 -0.01214288 -0.03547958
v -0.00747988 -0.01235359 -0.03547958
v -0.00741361 -0.01243281 -0.03538167
v -0.00730189 -0.01259212 -0.03547958
v -0.00720060 -0.01277977 -0.03538167
v -0.00717182 -0.01284533 -0.03547958
v -0.00707682 -0.01315073 -0.03538167
v -0.00707204 -0.01317393 -0.03547958
v 0.02159272 0.01069683 -0.03482956
v 0.02061129 0.01076618 -0.03482956
v 0.02077984 0.01035974 -0.03482956
v 0.02142417 0.01110328 -0.03482956
v 0.02171167 0.01098432 -0.03482956
v 0.02183061 0.01127181 -0.03482956
v 0.02199916 0.01086537 -0.03482956
v 0.02281204 0.01120246 -0.03482956
v 0.02264350 0.01160889 -0.03482956
v 0.02108709 0.01191615 -0.03482956
v 0.02149353 0.01208470 -0.03482956
v 0.02233624 0.01005249 -0.03482956
v 0.02192980 0.00988395 -0.03482956
v 0.02118628 0.01052829 -0.03451103
v 0.02077984 0.01035974 -0.03435546
v 0.02159272 0.01069683 -0.03419250
v 0.02087336 0.01039853 -0.03432170
v 0.02137909 0.01030383 -0.03425685
v 0.02096128 0.01028947 -0.03432170
v 0.02189102 0.00997748 -0.03432170
v 0.02160738 0.00996696 -0.03432170
v 0.02175173 0.00996242 -0.03432170
v 0.02146216 0.00999253 -0.03432170
v 0.02132067 0.01003932 -0.03432170
v 0.02118749 0.01010618 -0.03432170
v 0.02106665 0.01019069 -0.03432170
v 0.02176126 0.01029039 -0.03451103
v 0.02192980 0.00988395 -0.03435546
v 0.02213302 0.00996821 -0.03458831
v 0.02203295 0.00992673 -0.03434905
v 0.02233624 0.01005249 -0.03435546
v 0.02223309 0.01000971 -0.03434905
v 0.02213302 0.00996821 -0.03434706
v 0.02216770 0.01045894 -0.03451103
v 0.02199916 0.01086537 -0.03419250
v 0.02229746 0.01014601 -0.03432170
v 0.02239665 0.01065545 -0.03425735
v 0.02250530 0.01033931 -0.03432170
v 0.02240653 0.01023395 -0.03432170
v 0.02271851 0.01116367 -0.03432170
v 0.02273358 0.01102439 -0.03432170
v 0.02272903 0.01088003 -0.03432170
v 0.02270346 0.01073482 -0.03432170
v 0.02265667 0.01059333 -0.03432170
v 0.02258981 0.01046014 -0.03432170
v 0.02240560 0.01103391 -0.03451103
v 0.02281204 0.01120246 -0.03435546
v 0.02069556 0.01056296 -0.03458831
v 0.02061129 0.01076618 -0.03435546
v 0.02069556 0.01056296 -0.03434706
v 0.02272777 0.01140567 -0.03458831
v 0.02272777 0.01140567 -0.03434706
v 0.02264350 0.01160889 -0.03435546
v 0.02223706 0.01144036 -0.03451103
v 0.02183061 0.01127181 -0.03419250
v 0.02254997 0.01157012 -0.03432170
v 0.02204424 0.01166480 -0.03425685
v 0.02246205 0.01167918 -0.03432170
v 0.02153232 0.01199116 -0.03432170
v 0.02181595 0.01200168 -0.03432170
v 0.02167160 0.01200623 -0.03432170
v 0.02196117 0.01197611 -0.03432170
v 0.02210266 0.01192932 -0.03432170
v 0.02223584 0.01186246 -0.03432170
v 0.02235668 0.01177796 -0.03432170
v 0.02166207 0.01167826 -0.03451103
v 0.02149353 0.01208470 -0.03435546
v 0.02129031 0.01200042 -0.03458831
v 0.02139038 0.01204192 -0.03434905
v 0.02108709 0.01191615 -0.03435546
v 0.02119024 0.01195893 -0.03434905
v 0.02129031 0.01200042 -0.03434706
v 0.02125563 0.01150971 -0.03451103
v 0.02142417 0.01110326 -0.03419250
v 0.02112588 0.01182263 -0.03432170
v 0.02102668 0.01131319 -0.03425735
v 0.02101680 0.01173470 -0.03432170
v 0.02070482 0.01080497 -0.03432170
v 0.02069430 0.01108860 -0.03432170
v 0.02068976 0.01094425 -0.03432170
v 0.02071987 0.01123383 -0.03432170
v 0.02076666 0.01137531 -0.03432170
v 0.02083352 0.01150850 -0.03432170
v 0.02091803 0.01162933 -0.03432170
v 0.02101773 0.01093473 -0.03451103
v 0.02285955 0.01119678 -0.03437507
v 0.02284982 0.01145629 -0.03440771
v 0.02299714 0.01122225 -0.03445348
v 0.02296624 0.01150457 -0.03448999
v 0.02312382 0.01124569 -0.03455633
v 0.02307225 0.01154853 -0.03459287
v 0.02323353 0.01126600 -0.03468075
v 0.02316338 0.01158631 -0.03471372
v 0.02332133 0.01128226 -0.03482205
v 0.02323605 0.01161645 -0.03484842
v 0.02338407 0.01129386 -0.03497404
v 0.02328797 0.01163798 -0.03499195
v 0.02342075 0.01130066 -0.03513005
v 0.02331843 0.01165061 -0.03513879
v 0.02342797 0.01132607 -0.03528380
v 0.02332819 0.01165465 -0.03528380
v 0.02344832 0.01091321 -0.03513005
v 0.02341105 0.01091473 -0.03497404
v 0.02334899 0.01052395 -0.03497404
v 0.02328757 0.01054122 -0.03482205
v 0.02319673 0.01015525 -0.03497404
v 0.02314084 0.01018604 -0.03482205
v 0.02296343 0.00983287 -0.03497404
v 0.02291647 0.00987606 -0.03482205
v 0.02264027 0.00963617 -0.03482205
v 0.02258962 0.00970972 -0.03468075
v 0.02230452 0.00955466 -0.03468075
v 0.02226178 0.00965772 -0.03455633
v 0.02197304 0.00957217 -0.03455633
v 0.02194959 0.00969884 -0.03445348
v 0.02173276 0.00967718 -0.03445348
v 0.02173050 0.00981710 -0.03437507
v 0.02152948 0.00983126 -0.03437507
v 0.02132991 0.00988113 -0.03437507
v 0.02114126 0.00996580 -0.03437507
v 0.02097216 0.01008106 -0.03437507
v 0.02082916 0.01022015 -0.03437507
v 0.02071597 0.01037494 -0.03437507
v 0.02057351 0.01051236 -0.03440771
v 0.02059661 0.01030189 -0.03445348
v 0.02045710 0.01046408 -0.03448999
v 0.02048673 0.01023465 -0.03455633
v 0.02035109 0.01042012 -0.03459287
v 0.02039156 0.01017640 -0.03468075
v 0.02025995 0.01038233 -0.03471372
v 0.02031540 0.01012979 -0.03482205
v 0.02018729 0.01035220 -0.03484842
v 0.02026098 0.01009648 -0.03497404
v 0.02013536 0.01033067 -0.03499195
v 0.02022916 0.01007701 -0.03513005
v 0.02010491 0.01031803 -0.03513879
v 0.02338489 0.01051386 -0.03513005
v 0.02322948 0.01013742 -0.03513005
v 0.02299088 0.00980761 -0.03513005
v 0.02267646 0.00958363 -0.03497404
v 0.02233872 0.00947217 -0.03482205
v 0.02199334 0.00946245 -0.03468075
v 0.02173484 0.00954837 -0.03455633
v 0.02150764 0.00969303 -0.03445348
v 0.02269762 0.00955292 -0.03513005
v 0.02237745 0.00937878 -0.03513005
v 0.02202800 0.00927523 -0.03513005
v 0.02173971 0.00924643 -0.03513005
v 0.02144041 0.00926752 -0.03513005
v 0.02114327 0.00934178 -0.03513005
v 0.02086238 0.00946783 -0.03513005
v 0.02061061 0.00963945 -0.03513005
v 0.02039771 0.00984654 -0.03513005
v 0.02192413 0.00983644 -0.03437507
v 0.02215883 0.00990599 -0.03437507
v 0.02237387 0.01002294 -0.03437507
v 0.02257083 0.01019401 -0.03437507
v 0.02273032 0.01041414 -0.03437507
v 0.02283546 0.01066834 -0.03437507
v 0.02287807 0.01093656 -0.03437507
v 0.02334730 0.01091734 -0.03482205
v 0.02325808 0.01092101 -0.03468075
v 0.02314660 0.01092557 -0.03455633
v 0.02301788 0.01093084 -0.03445348
v 0.02320160 0.01056539 -0.03468075
v 0.02309419 0.01059560 -0.03455633
v 0.02297017 0.01063047 -0.03445348
v 0.02306271 0.01022928 -0.03468075
v 0.02296516 0.01028343 -0.03455633
v 0.02285257 0.01034605 -0.03445348
v 0.02285075 0.00993652 -0.03468075
v 0.02276863 0.01001205 -0.03455633
v 0.02267382 0.01009927 -0.03445348
v 0.02252632 0.00980160 -0.03455633
v 0.02245324 0.00990770 -0.03445348
v 0.02236316 0.00941323 -0.03497404
v 0.02200960 0.00937465 -0.03482205
v 0.02173664 0.00943681 -0.03468075
v 0.02148753 0.00956578 -0.03455633
v 0.02128415 0.00974888 -0.03445348
v 0.02221243 0.00977672 -0.03445348
v 0.02202121 0.00931192 -0.03497404
v 0.02173808 0.00934752 -0.03482205
v 0.02147012 0.00945557 -0.03468075
v 0.02124202 0.00962714 -0.03455633
v 0.02107288 0.00984370 -0.03445348
v 0.02173911 0.00928373 -0.03497404
v 0.02145619 0.00936737 -0.03482205
v 0.02120553 0.00952170 -0.03468075
v 0.02100994 0.00973130 -0.03455633
v 0.02088351 0.00997277 -0.03445348
v 0.02144623 0.00930435 -0.03497404
v 0.02117633 0.00943731 -0.03482205
v 0.02095542 0.00963395 -0.03468075
v 0.02080191 0.00987310 -0.03455633
v 0.02072338 0.01012855 -0.03445348
v 0.02115547 0.00937702 -0.03497404
v 0.02091178 0.00955605 -0.03482205
v 0.02073122 0.00978676 -0.03468075
v 0.02062599 0.01004422 -0.03455633
v 0.02088061 0.00950038 -0.03497404
v 0.02067466 0.00971766 -0.03482205
v 0.02054164 0.00997118 -0.03468075
v 0.02063424 0.00966830 -0.03497404
v 0.02047413 0.00991272 -0.03482205
v 0.02042590 0.00987095 -0.03497404
v 0.02085250 0.01177464 -0.03437507
v 0.02104946 0.01194570 -0.03437507
v 0.02074951 0.01186938 -0.03445348
v 0.02097008 0.01206095 -0.03445348
v 0.02065470 0.01195659 -0.03455633
v 0.02089701 0.01216704 -0.03455633
v 0.02057258 0.01203213 -0.03468075
v 0.02083371 0.01225892 -0.03468075
v 0.02050686 0.01209258 -0.03482205
v 0.02078306 0.01233246 -0.03482205
v 0.02045990 0.01213578 -0.03497404
v 0.02074687 0.01238502 -0.03497404
v 0.02043245 0.01216102 -0.03513005
v 0.02072571 0.01241573 -0.03513005
v 0.02057724 0.01231683 -0.03528380
v 0.02082749 0.01249453 -0.03528380
v 0.02069301 0.01155450 -0.03437507
v 0.02057076 0.01162260 -0.03445348
v 0.02045817 0.01168521 -0.03455633
v 0.02036062 0.01173936 -0.03468075
v 0.02028249 0.01178261 -0.03482205
v 0.02022660 0.01181339 -0.03497404
v 0.02019385 0.01183123 -0.03513005
v 0.02035879 0.01209437 -0.03528380
v 0.02018327 0.01183668 -0.03528380
v 0.02005787 0.01155656 -0.03528380
v 0.02003844 0.01145478 -0.03513005
v 0.01998482 0.01126804 -0.03528380
v 0.01997501 0.01105543 -0.03513005
v 0.02000258 0.01066799 -0.03513005
v 0.02058787 0.01130030 -0.03437507
v 0.02054527 0.01103208 -0.03437507
v 0.02056378 0.01077186 -0.03437507
v 0.02042619 0.01074640 -0.03445348
v 0.02029951 0.01072294 -0.03455633
v 0.02018980 0.01070265 -0.03468075
v 0.02010200 0.01068639 -0.03482205
v 0.02003926 0.01067478 -0.03497404
v 0.02104588 0.01258986 -0.03513005
v 0.02109618 0.01262251 -0.03528380
v 0.02139533 0.01269340 -0.03513005
v 0.02136992 0.01270062 -0.03528380
v 0.02165270 0.01273333 -0.03528380
v 0.02168362 0.01272220 -0.03513005
v 0.02194992 0.01271803 -0.03528380
v 0.02198293 0.01270113 -0.03513005
v 0.02224914 0.01264974 -0.03528380
v 0.02228006 0.01262686 -0.03513005
v 0.02253615 0.01252793 -0.03528380
v 0.02256095 0.01250081 -0.03513005
v 0.02279699 0.01235712 -0.03528380
v 0.02281272 0.01232920 -0.03513005
v 0.02302013 0.01214639 -0.03528380
v 0.02302563 0.01212210 -0.03513005
v 0.02319812 0.01190787 -0.03528380
v 0.02319416 0.01189164 -0.03513005
v 0.02316235 0.01187216 -0.03497404
v 0.02310793 0.01183886 -0.03482205
v 0.02303177 0.01179225 -0.03468075
v 0.02293660 0.01173400 -0.03455633
v 0.02282672 0.01166675 -0.03445348
v 0.02270737 0.01159371 -0.03437507
v 0.02259417 0.01174850 -0.03437507
v 0.02269995 0.01184010 -0.03445348
v 0.02279734 0.01192442 -0.03455633
v 0.02288169 0.01199747 -0.03468075
v 0.02294920 0.01205591 -0.03482205
v 0.02299743 0.01209768 -0.03497404
v 0.02245117 0.01188759 -0.03437507
v 0.02228208 0.01200285 -0.03437507
v 0.02209342 0.01208752 -0.03437507
v 0.02189385 0.01213739 -0.03437507
v 0.02169283 0.01215155 -0.03437507
v 0.02149921 0.01213220 -0.03437507
v 0.02126450 0.01206266 -0.03437507
v 0.02106017 0.01255541 -0.03497404
v 0.02140212 0.01265673 -0.03497404
v 0.02168422 0.01268492 -0.03497404
v 0.02197710 0.01266429 -0.03497404
v 0.02226786 0.01259162 -0.03497404
v 0.02254272 0.01246827 -0.03497404
v 0.02278909 0.01230035 -0.03497404
v 0.02108461 0.01249648 -0.03482205
v 0.02141373 0.01259399 -0.03482205
v 0.02168525 0.01262111 -0.03482205
v 0.02196715 0.01260128 -0.03482205
v 0.02224700 0.01253132 -0.03482205
v 0.02251155 0.01241260 -0.03482205
v 0.02274868 0.01225098 -0.03482205
v 0.02111882 0.01241399 -0.03468075
v 0.02142999 0.01250619 -0.03468075
v 0.02168669 0.01253184 -0.03468075
v 0.02195321 0.01251308 -0.03468075
v 0.02221780 0.01244693 -0.03468075
v 0.02246791 0.01233470 -0.03468075
v 0.02269211 0.01218188 -0.03468075
v 0.02116156 0.01231091 -0.03455633
v 0.02145029 0.01239648 -0.03455633
v 0.02168849 0.01242027 -0.03455633
v 0.02193580 0.01240285 -0.03455633
v 0.02218131 0.01234149 -0.03455633
v 0.02241340 0.01223735 -0.03455633
v 0.02262143 0.01209555 -0.03455633
v 0.02121090 0.01219193 -0.03445348
v 0.02147374 0.01226980 -0.03445348
v 0.02169057 0.01229147 -0.03445348
v 0.02191569 0.01227561 -0.03445348
v 0.02213918 0.01221975 -0.03445348
v 0.02235045 0.01212495 -0.03445348
v 0.02253982 0.01199586 -0.03445348
v 0.02045316 0.01133818 -0.03445348
v 0.02032914 0.01137305 -0.03455633
v 0.02022173 0.01140325 -0.03468075
v 0.02013577 0.01142742 -0.03482205
v 0.02007434 0.01144469 -0.03497404
v 0.02040545 0.01103780 -0.03445348
v 0.02027673 0.01104308 -0.03455633
v 0.02016525 0.01104764 -0.03468075
v 0.02007603 0.01105130 -0.03482205
v 0.02001228 0.01105391 -0.03497404
v 0.01998295 0.01125642 -0.03538167
v 0.01998482 0.01126804 -0.03547955
v 0.02005082 0.01153576 -0.03538167
v 0.02005787 0.01155656 -0.03547955
v 0.02016895 0.01181049 -0.03538167
v 0.02018327 0.01183668 -0.03547955
v 0.02033693 0.01206719 -0.03538167
v 0.02035879 0.01209437 -0.03547955
v 0.02054955 0.01229275 -0.03538167
v 0.02057724 0.01231683 -0.03547955
v 0.02079726 0.01247642 -0.03538167
v 0.02082749 0.01249453 -0.03547955
v 0.02106750 0.01261146 -0.03538167
v 0.02109618 0.01262251 -0.03547955
v 0.02134673 0.01269586 -0.03538167
v 0.02136992 0.01270062 -0.03547955
v 0.02165270 0.01273333 -0.03547955
v 0.02171167 0.01273432 -0.03538167
v 0.02194992 0.01271803 -0.03547955
v 0.02207660 0.01269584 -0.03538167
v 0.02224914 0.01264974 -0.03547955
v 0.02244757 0.01257207 -0.03538167
v 0.02253615 0.01252793 -0.03547955
v 0.02279699 0.01235712 -0.03538167
v 0.02279699 0.01235712 -0.03547955
v 0.02302013 0.01214639 -0.03547955
v 0.02308640 0.01206719 -0.03538167
v 0.02319812 0.01190787 -0.03547955
v 0.02329941 0.01172023 -0.03538167
v 0.02332819 0.01165465 -0.03547955
v 0.02342319 0.01134925 -0.03538167
v 0.02342797 0.01132607 -0.03547955
v 0.02159271 -0.01130316 -0.03482956
v 0.02061129 -0.01123381 -0.03482956
v 0.02077983 -0.01164026 -0.03482956
v 0.02142417 -0.01089674 -0.03482956
v 0.02171166 -0.01101568 -0.03482956
v 0.02183061 -0.01072819 -0.03482956
v 0.02199915 -0.01113463 -0.03482956
v 0.02281203 -0.01079755 -0.03482956
v 0.02264349 -0.01039111 -0.03482956
v 0.02108708 -0.01008385 -0.03482956
v 0.02149352 -0.00991532 -0.03482956
v 0.02233623 -0.01194751 -0.03482956
v 0.02192979 -0.01211605 -0.03482956
v 0.02118627 -0.01147171 -0.03451103
v 0.02077983 -0.01164026 -0.03435549
v 0.02159271 -0.01130318 -0.03419250
v 0.02087335 -0.01160147 -0.03432170
v 0.02137908 -0.01169617 -0.03425685
v 0.02096128 -0.01171055 -0.03432170
v 0.02189101 -0.01202253 -0.03432170
v 0.02160737 -0.01203304 -0.03432170
v 0.02175172 -0.01203760 -0.03432170
v 0.02146215 -0.01200747 -0.03432170
v 0.02132066 -0.01196068 -0.03432170
v 0.02118748 -0.01189383 -0.03432170
v 0.02106664 -0.01180931 -0.03432170
v 0.02176125 -0.01170961 -0.03451103
v 0.02192979 -0.01211605 -0.03435549
v 0.02213301 -0.01203179 -0.03458831
v 0.02203294 -0.01207327 -0.03434905
v 0.02233623 -0.01194751 -0.03435549
v 0.02223308 -0.01199029 -0.03434905
v 0.02213301 -0.01203179 -0.03434706
v 0.02216769 -0.01154108 -0.03451103
v 0.02199915 -0.01113463 -0.03419250
v 0.02229745 -0.01185399 -0.03432170
v 0.02239664 -0.01134455 -0.03425735
v 0.02250529 -0.01166070 -0.03432170
v 0.02240652 -0.01176607 -0.03432170
v 0.02271850 -0.01083633 -0.03432170
v 0.02273357 -0.01097562 -0.03432170
v 0.02272902 -0.01111997 -0.03432170
v 0.02270345 -0.01126518 -0.03432170
v 0.02265666 -0.01140668 -0.03432170
v 0.02258981 -0.01153986 -0.03432170
v 0.02240559 -0.01096609 -0.03451103
v 0.02281203 -0.01079755 -0.03435549
v 0.02069556 -0.01143704 -0.03458831
v 0.02061129 -0.01123381 -0.03435549
v 0.02069556 -0.01143704 -0.03434706
v 0.02272776 -0.01059433 -0.03458831
v 0.02272776 -0.01059433 -0.03434706
v 0.02264349 -0.01039111 -0.03435549
v 0.02223705 -0.01055964 -0.03451103
v 0.02183061 -0.01072819 -0.03419250
v 0.02254996 -0.01042988 -0.03432170
v 0.02204424 -0.01033520 -0.03425685
v 0.02246204 -0.01032082 -0.03432170
v 0.02153231 -0.01000884 -0.03432170
v 0.02181594 -0.00999832 -0.03432170
v 0.02167159 -0.00999377 -0.03432170
v 0.02196117 -0.01002389 -0.03432170
v 0.02210265 -0.01007068 -0.03432170
v 0.02223584 -0.01013754 -0.03432170
v 0.02235668 -0.01022204 -0.03432170
v 0.02166207 -0.01032174 -0.03451103
v 0.02149352 -0.00991532 -0.03435549
v 0.02129030 -0.00999958 -0.03458831
v 0.02139037 -0.00995808 -0.03434905
v 0.02108708 -0.01008385 -0.03435549
v 0.02119024 -0.01004108 -0.03434905
v 0.02129030 -0.00999958 -0.03434706
v 0.02125563 -0.01049029 -0.03451103
v 0.02142417 -0.01089674 -0.03419250
v 0.02112587 -0.01017737 -0.03432170
v 0.02102667 -0.01068681 -0.03425735
v 0.02101680 -0.01026530 -0.03432170
v 0.02070481 -0.01119503 -0.03432170
v 0.02069429 -0.01091140 -0.03432170
v 0.02068975 -0.01105575 -0.03432170
v 0.02071987 -0.01076617 -0.03432170
v 0.02076666 -0.01062469 -0.03432170
v 0.02083351 -0.01049150 -0.03432170
v 0.02091802 -0.01037067 -0.03432170
v 0.02101773 -0.01106527 -0.03451103
v 0.02285954 -0.01080322 -0.03437507
v 0.02284981 -0.01054371 -0.03440771
v 0.02299713 -0.01077775 -0.03445348
v 0.02296623 -0.01049543 -0.03448999
v 0.02312381 -0.01075431 -0.03455633
v 0.02307224 -0.01045147 -0.03459287
v 0.02323352 -0.01073400 -0.03468075
v 0.02316338 -0.01041368 -0.03471372
v 0.02332133 -0.01071774 -0.03482205
v 0.02323605 -0.01038355 -0.03484842
v 0.02338406 -0.01070614 -0.03497404
v 0.02328797 -0.01036202 -0.03499195
v 0.02342074 -0.01069936 -0.03513005
v 0.02331842 -0.01034939 -0.03513879
v 0.02342796 -0.01067393 -0.03528380
v 0.02332819 -0.01034535 -0.03528380
v 0.02344831 -0.01108679 -0.03513005
v 0.02341105 -0.01108527 -0.03497404
v 0.02334898 -0.01147605 -0.03497404
v 0.02328756 -0.01145878 -0.03482205
v 0.02319672 -0.01184475 -0.03497404
v 0.02314083 -0.01181396 -0.03482205
v 0.02296342 -0.01216713 -0.03497404
v 0.02291646 -0.01212394 -0.03482205
v 0.02264026 -0.01236383 -0.03482205
v 0.02258961 -0.01229029 -0.03468075
v 0.02230451 -0.01244535 -0.03468075
v 0.02226177 -0.01234228 -0.03455633
v 0.02197303 -0.01242783 -0.03455633
v 0.02194959 -0.01230116 -0.03445348
v 0.02173275 -0.01232282 -0.03445348
v 0.02173049 -0.01218290 -0.03437507
v 0.02152947 -0.01216876 -0.03437507
v 0.02132990 -0.01211887 -0.03437507
v 0.02114125 -0.01203422 -0.03437507
v 0.02097215 -0.01191896 -0.03437507
v 0.02082916 -0.01177985 -0.03437507
v 0.02071596 -0.01162506 -0.03437507
v 0.02057350 -0.01148764 -0.03440771
v 0.02059660 -0.01169811 -0.03445348
v 0.02045709 -0.01153592 -0.03448999
v 0.02048672 -0.01176535 -0.03455633
v 0.02035108 -0.01157988 -0.03459287
v 0.02039155 -0.01182360 -0.03468075
v 0.02025994 -0.01161767 -0.03471372
v 0.02031539 -0.01187021 -0.03482205
v 0.02018727 -0.01164781 -0.03484842
v 0.02026097 -0.01190352 -0.03497404
v 0.02013535 -0.01166933 -0.03499195
v 0.02022916 -0.01192299 -0.03513005
v 0.02010490 -0.01168197 -0.03513879
v 0.02338488 -0.01148614 -0.03513005
v 0.02322948 -0.01186258 -0.03513005
v 0.02299087 -0.01219239 -0.03513005
v 0.02267646 -0.01241637 -0.03497404
v 0.02233871 -0.01252783 -0.03482205
v 0.02199334 -0.01253755 -0.03468075
v 0.02173483 -0.01245163 -0.03455633
v 0.02150763 -0.01230697 -0.03445348
v 0.02269761 -0.01244708 -0.03513005
v 0.02237744 -0.01262122 -0.03513005
v 0.02202799 -0.01272477 -0.03513005
v 0.02173970 -0.01275357 -0.03513005
v 0.02144040 -0.01273250 -0.03513005
v 0.02114326 -0.01265823 -0.03513005
v 0.02086238 -0.01253217 -0.03513005
v 0.02061060 -0.01236057 -0.03513005
v 0.02039770 -0.01215346 -0.03513005
v 0.02192412 -0.01216356 -0.03437507
v 0.02215882 -0.01209401 -0.03437507
v 0.02237386 -0.01197707 -0.03437507
v 0.02257082 -0.01180600 -0.03437507
v 0.02273032 -0.01158585 -0.03437507
v 0.02283546 -0.01133166 -0.03437507
v 0.02287806 -0.01106344 -0.03437507
v 0.02334730 -0.01108266 -0.03482205
v 0.02325808 -0.01107901 -0.03468075
v 0.02314659 -0.01107443 -0.03455633
v 0.02301787 -0.01106917 -0.03445348
v 0.02320160 -0.01143461 -0.03468075
v 0.02309418 -0.01140440 -0.03455633
v 0.02297017 -0.01136953 -0.03445348
v 0.02306271 -0.01177072 -0.03468075
v 0.02296515 -0.01171657 -0.03455633
v 0.02285256 -0.01165395 -0.03445348
v 0.02285074 -0.01206348 -0.03468075
v 0.02276862 -0.01198795 -0.03455633
v 0.02267381 -0.01190073 -0.03445348
v 0.02252632 -0.01219840 -0.03455633
v 0.02245324 -0.01209230 -0.03445348
v 0.02236315 -0.01258677 -0.03497404
v 0.02200959 -0.01262535 -0.03482205
v 0.02173663 -0.01256319 -0.03468075
v 0.02148753 -0.01243422 -0.03455633
v 0.02128414 -0.01225112 -0.03445348
v 0.02221242 -0.01222328 -0.03445348
v 0.02202120 -0.01268809 -0.03497404
v 0.02173807 -0.01265248 -0.03482205
v 0.02147011 -0.01254443 -0.03468075
v 0.02124202 -0.01237286 -0.03455633
v 0.02107288 -0.01215630 -0.03445348
v 0.02173910 -0.01271627 -0.03497404
v 0.02145618 -0.01263263 -0.03482205
v 0.02120553 -0.01247830 -0.03468075
v 0.02100993 -0.01226870 -0.03455633
v 0.02088351 -0.01202723 -0.03445348
v 0.02144622 -0.01269565 -0.03497404
v 0.02117633 -0.01256269 -0.03482205
v 0.02095541 -0.01236605 -0.03468075
v 0.02080190 -0.01212690 -0.03455633
v 0.02072337 -0.01187145 -0.03445348
v 0.02115546 -0.01262298 -0.03497404
v 0.02091178 -0.01244397 -0.03482205
v 0.02073122 -0.01221324 -0.03468075
v 0.02062598 -0.01195578 -0.03455633
v 0.02088060 -0.01249962 -0.03497404
v 0.02067465 -0.01228234 -0.03482205
v 0.02054163 -0.01202882 -0.03468075
v 0.02063423 -0.01233170 -0.03497404
v 0.02047413 -0.01208728 -0.03482205
v 0.02042589 -0.01212905 -0.03497404
v 0.02085249 -0.01022536 -0.03437507
v 0.02104946 -0.01005430 -0.03437507
v 0.02074951 -0.01013062 -0.03445348
v 0.02097008 -0.00993905 -0.03445348
v 0.02065469 -0.01004341 -0.03455633
v 0.02089700 -0.00983296 -0.03455633
v 0.02057257 -0.00996787 -0.03468075
v 0.02083371 -0.00974108 -0.03468075
v 0.02050685 -0.00990742 -0.03482205
v 0.02078305 -0.00966754 -0.03482205
v 0.02045989 -0.00986422 -0.03497404
v 0.02074686 -0.00961500 -0.03497404
v 0.02043244 -0.00983898 -0.03513005
v 0.02072570 -0.00958427 -0.03513005
v 0.02057724 -0.00968317 -0.03528380
v 0.02082748 -0.00950547 -0.03528380
v 0.02069300 -0.01044550 -0.03437507
v 0.02057075 -0.01037740 -0.03445348
v 0.02045817 -0.01031479 -0.03455633
v 0.02036061 -0.01026064 -0.03468075
v 0.02028248 -0.01021739 -0.03482205
v 0.02022660 -0.01018661 -0.03497404
v 0.02019384 -0.01016877 -0.03513005
v 0.02035878 -0.00990563 -0.03528380
v 0.02018327 -0.01016332 -0.03528380
v 0.02005786 -0.01044344 -0.03528380
v 0.02003843 -0.01054522 -0.03513005
v 0.01998481 -0.01073196 -0.03528380
v 0.01997500 -0.01094457 -0.03513005
v 0.02000258 -0.01133201 -0.03513005
v 0.02058786 -0.01069970 -0.03437507
v 0.02054526 -0.01096792 -0.03437507
v 0.02056378 -0.01122814 -0.03437507
v 0.02042618 -0.01125360 -0.03445348
v 0.02029951 -0.01127706 -0.03455633
v 0.02018979 -0.01129737 -0.03468075
v 0.02010199 -0.01131361 -0.03482205
v 0.02003925 -0.01132522 -0.03497404
v 0.02104588 -0.00941014 -0.03513005
v 0.02109617 -0.00937749 -0.03528380
v 0.02139533 -0.00930660 -0.03513005
v 0.02136991 -0.00929938 -0.03528380
v 0.02165270 -0.00926667 -0.03528380
v 0.02168361 -0.00927780 -0.03513005
v 0.02194992 -0.00928197 -0.03528380
v 0.02198292 -0.00929887 -0.03513005
v 0.02224914 -0.00935026 -0.03528380
v 0.02228005 -0.00937314 -0.03513005
v 0.02253615 -0.00947208 -0.03528380
v 0.02256094 -0.00949919 -0.03513005
v 0.02279698 -0.00964288 -0.03528380
v 0.02281271 -0.00967080 -0.03513005
v 0.02302013 -0.00985361 -0.03528380
v 0.02302562 -0.00987790 -0.03513005
v 0.02319812 -0.01009213 -0.03528380
v 0.02319416 -0.01010836 -0.03513005
v 0.02316235 -0.01012784 -0.03497404
v 0.02310793 -0.01016114 -0.03482205
v 0.02303176 -0.01020775 -0.03468075
v 0.02293659 -0.01026600 -0.03455633
v 0.02282671 -0.01033325 -0.03445348
v 0.02270736 -0.01040629 -0.03437507
v 0.02259416 -0.01025152 -0.03437507
v 0.02269995 -0.01015990 -0.03445348
v 0.02279733 -0.01007558 -0.03455633
v 0.02288169 -0.01000253 -0.03468075
v 0.02294919 -0.00994409 -0.03482205
v 0.02299742 -0.00990232 -0.03497404
v 0.02245117 -0.01011241 -0.03437507
v 0.02228207 -0.00999715 -0.03437507
v 0.02209341 -0.00991248 -0.03437507
v 0.02189385 -0.00986261 -0.03437507
v 0.02169282 -0.00984845 -0.03437507
v 0.02149920 -0.00986780 -0.03437507
v 0.02126450 -0.00993734 -0.03437507
v 0.02106017 -0.00944459 -0.03497404
v 0.02140212 -0.00934327 -0.03497404
v 0.02168422 -0.00931510 -0.03497404
v 0.02197710 -0.00933571 -0.03497404
v 0.02226786 -0.00940838 -0.03497404
v 0.02254272 -0.00953173 -0.03497404
v 0.02278909 -0.00969967 -0.03497404
v 0.02108460 -0.00950352 -0.03482205
v 0.02141373 -0.00940601 -0.03482205
v 0.02168525 -0.00937889 -0.03482205
v 0.02196714 -0.00939874 -0.03482205
v 0.02224699 -0.00946868 -0.03482205
v 0.02251154 -0.00958740 -0.03482205
v 0.02274867 -0.00974903 -0.03482205
v 0.02111881 -0.00958601 -0.03468075
v 0.02142998 -0.00949382 -0.03468075
v 0.02168669 -0.00946816 -0.03468075
v 0.02195320 -0.00948694 -0.03468075
v 0.02221779 -0.00955307 -0.03468075
v 0.02246791 -0.00966530 -0.03468075
v 0.02269210 -0.00981812 -0.03468075
v 0.02116155 -0.00968909 -0.03455633
v 0.02145028 -0.00960352 -0.03455633
v 0.02168849 -0.00957973 -0.03455633
v 0.02193579 -0.00959715 -0.03455633
v 0.02218130 -0.00965851 -0.03455633
v 0.02241339 -0.00976267 -0.03455633
v 0.02262142 -0.00990445 -0.03455633
v 0.02121089 -0.00980809 -0.03445348
v 0.02147373 -0.00973020 -0.03445348
v 0.02169056 -0.00970855 -0.03445348
v 0.02191569 -0.00972439 -0.03445348
v 0.02213917 -0.00978025 -0.03445348
v 0.02235044 -0.00987505 -0.03445348
v 0.02253981 -0.01000414 -0.03445348
v 0.02045315 -0.01066182 -0.03445348
v 0.02032913 -0.01062695 -0.03455633
v 0.02022172 -0.01059675 -0.03468075
v 0.02013576 -0.01057258 -0.03482205
v 0.02007434 -0.01055531 -0.03497404
v 0.02040544 -0.01096220 -0.03445348
v 0.02027673 -0.01095692 -0.03455633
v 0.02016524 -0.01095236 -0.03468075
v 0.02007602 -0.01094871 -0.03482205
v 0.02001227 -0.01094609 -0.03497404
v 0.01998294 -0.01074358 -0.03538167
v 0.01998481 -0.01073196 -0.03547955
v 0.02005081 -0.01046424 -0.03538167
v 0.02005786 -0.01044344 -0.03547955
v 0.02016895 -0.01018953 -0.03538167
v 0.02018327 -0.01016332 -0.03547955
v 0.02033692 -0.00993281 -0.03538167
v 0.02035878 -0.00990563 -0.03547955
v 0.02054955 -0.00970725 -0.03538167
v 0.02057724 -0.00968317 -0.03547955
v 0.02079725 -0.00952358 -0.03538167
v 0.02082748 -0.00950547 -0.03547955
v 0.02106749 -0.00938854 -0.03538167
v 0.02109617 -0.00937749 -0.03547955
v 0.02134672 -0.00930416 -0.03538167
v 0.02136991 -0.00929938 -0.03547955
v 0.02165270 -0.00926667 -0.03547955
v 0.02171166 -0.00926568 -0.03538167
v 0.02194992 -0.00928197 -0.03547955
v 0.02207660 -0.00930416 -0.03538167
v 0.02224914 -0.00935026 -0.03547955
v 0.02244757 -0.00942793 -0.03538167
v 0.02253615 -0.00947208 -0.03547955
v 0.02279698 -0.00964288 -0.03538167
v 0.02279698 -0.00964288 -0.03547955
v 0.02302013 -0.00985361 -0.03547955
v 0.02308640 -0.00993281 -0.03538167
v 0.02319812 -0.01009213 -0.03547955
v 0.02329941 -0.01027977 -0.03538167
v 0.02332818 -0.01034535 -0.03547955
v 0.02342318 -0.01065075 -0.03538167
v 0.02342796 -0.01067393 -0.03547955
v -0.01482081 0.01367540 -0.03512955
v -0.01523565 0.01396487 -0.03465456
v -0.01476461 0.01387083 -0.03512955
v -0.01466718 0.01405891 -0.03512955
v -0.01498632 0.01442797 -0.03465456
v -0.01453080 0.01422680 -0.03512955
v -0.01458517 0.01478460 -0.03465456
v -0.01436291 0.01436318 -0.03512955
v -0.01417484 0.01446061 -0.03512955
v -0.01410635 0.01497581 -0.03465456
v -0.01397940 0.01451681 -0.03512955
v -0.01378833 0.01500934 -0.03465456
v -0.01378834 0.01453433 -0.03512955
v -0.01359727 0.01451681 -0.03512955
v -0.01347032 0.01497581 -0.03465456
v -0.01340184 0.01446061 -0.03512955
v -0.01314704 0.01486794 -0.03465456
v -0.01321376 0.01436318 -0.03512955
v -0.01284470 0.01468231 -0.03465456
v -0.01304587 0.01422680 -0.03512955
v -0.01259035 0.01442797 -0.03465456
v -0.01290949 0.01405889 -0.03512955
v -0.01240473 0.01412562 -0.03465456
v -0.01281206 0.01387083 -0.03512955
v -0.01229686 0.01380236 -0.03465456
v -0.01275587 0.01367540 -0.03512955
v -0.01182499 0.01386548 -0.03417957
v -0.01575168 0.01386548 -0.03417957
v -0.01563829 0.01424438 -0.03417957
v -0.01544959 0.01459799 -0.03417957
v -0.01519608 0.01490498 -0.03417957
v -0.01489541 0.01514999 -0.03417957
v -0.01456098 0.01532905 -0.03417957
v -0.01418624 0.01544434 -0.03417957
v -0.01378833 0.01548434 -0.03417957
v -0.01339043 0.01544434 -0.03417957
v -0.01301569 0.01532905 -0.03417957
v -0.01268126 0.01514999 -0.03417957
v -0.01238059 0.01490498 -0.03417957
v -0.01212708 0.01459799 -0.03417957
v -0.01193838 0.01424438 -0.03417957
v -0.01576401 0.01379529 -0.03407955
v -0.01575495 0.01384825 -0.03397956
v -0.01568645 0.01411454 -0.03407955
v -0.01564791 0.01422053 -0.03397956
v -0.01555144 0.01442852 -0.03407955
v -0.01546233 0.01457875 -0.03397956
v -0.01535946 0.01472189 -0.03407955
v -0.01520255 0.01489855 -0.03397956
v -0.01511646 0.01497968 -0.03407955
v -0.01488275 0.01515832 -0.03397956
v -0.01483337 0.01518959 -0.03407955
v -0.01452453 0.01534391 -0.03397956
v -0.01452453 0.01534391 -0.03407955
v -0.01420540 0.01544037 -0.03407955
v -0.01378833 0.01548432 -0.03407955
v -0.01337126 0.01544037 -0.03407955
v -0.01294729 0.01529889 -0.03407955
v -0.01255077 0.01505545 -0.03407955
v -0.01221721 0.01472189 -0.03407955
v -0.01197377 0.01432537 -0.03407955
v -0.01183231 0.01390140 -0.03407955
v -0.01182172 0.01384825 -0.03397956
v -0.01415226 0.01545095 -0.03397956
v -0.01378833 0.01548432 -0.03397956
v -0.01342441 0.01545095 -0.03397956
v -0.01305215 0.01534391 -0.03397956
v -0.01269391 0.01515832 -0.03397956
v -0.01237412 0.01489855 -0.03397956
v -0.01211435 0.01457875 -0.03397956
v -0.01192876 0.01422051 -0.03397956
v -0.01076402 -0.01320470 -0.03472957
v -0.01075495 -0.01315174 -0.03547958
v -0.01075495 -0.01315174 -0.03397956
v -0.01068646 -0.01288546 -0.03472957
v -0.01064792 -0.01277948 -0.03397956
v -0.01055144 -0.01257149 -0.03472957
v -0.01046233 -0.01242126 -0.03397956
v -0.01035947 -0.01227810 -0.03472957
v -0.01020255 -0.01210146 -0.03397956
v -0.01011647 -0.01202031 -0.03472957
v -0.00988276 -0.01184168 -0.03397956
v -0.00983338 -0.01181042 -0.03472957
v -0.00952453 -0.01165610 -0.03397956
v -0.00952453 -0.01165610 -0.03472957
v -0.00920541 -0.01155964 -0.03472957
v -0.00952453 -0.01165610 -0.03547958
v -0.00915227 -0.01154906 -0.03547958
v -0.00878834 -0.01151567 -0.03472957
v -0.00878834 -0.01151567 -0.03547958
v -0.00842442 -0.01154906 -0.03547958
v -0.00837127 -0.01155964 -0.03472957
v -0.00805215 -0.01165610 -0.03547958
v -0.00794730 -0.01170110 -0.03472957
v -0.00769392 -0.01184168 -0.03547958
v -0.00755078 -0.01194454 -0.03472957
v -0.00737413 -0.01210146 -0.03547958
v -0.00721721 -0.01227810 -0.03472957
v -0.00711435 -0.01242126 -0.03547958
v -0.00697378 -0.01267464 -0.03472957
v -0.00692877 -0.01277948 -0.03547958
v -0.00683231 -0.01309861 -0.03472957
v -0.00682173 -0.01315174 -0.03547958
v -0.00682173 -0.01315174 -0.03397956
v -0.00915227 -0.01154906 -0.03397956
v -0.00878834 -0.01151567 -0.03397956
v -0.00842442 -0.01154906 -0.03397956
v -0.00805215 -0.01165610 -0.03397956
v -0.00769392 -0.01184168 -0.03397956
v -0.00737413 -0.01210146 -0.03397956
v -0.00711435 -0.01242126 -0.03397956
v -0.00692877 -0.01277948 -0.03397956
v -0.00988276 -0.01184168 -0.03547958
v -0.01020255 -0.01210145 -0.03547958
v -0.01046233 -0.01242124 -0.03547958
v -0.01064792 -0.01277948 -0.03547958
v 0.00223599 0.01379529 -0.03472957
v 0.00224505 0.01384825 -0.03547955
v 0.00225544 0.01390048 -0.03397956
v 0.00231355 0.01411454 -0.03472957
v 0.00238879 0.01430721 -0.03397956
v 0.00244857 0.01442850 -0.03472957
v 0.00260563 0.01467623 -0.03397956
v 0.00264054 0.01472189 -0.03472957
v 0.00288879 0.01498433 -0.03397956
v 0.00288354 0.01497968 -0.03472957
v 0.00316211 0.01518681 -0.03438452
v 0.00316663 0.01518958 -0.03472957
v 0.00348180 0.01534640 -0.03470370
v 0.00347547 0.01534391 -0.03472957
v 0.00365588 0.01540556 -0.03482202
v 0.00347547 0.01534391 -0.03547955
v 0.00384774 0.01545093 -0.03547955
v 0.00383705 0.01544893 -0.03490877
v 0.00402310 0.01547541 -0.03496173
v 0.00421167 0.01548432 -0.03547955
v 0.00421167 0.01548432 -0.03497955
v 0.00440023 0.01547541 -0.03496173
v 0.00457559 0.01545093 -0.03547955
v 0.00458628 0.01544893 -0.03490877
v 0.00476745 0.01540556 -0.03482202
v 0.00494786 0.01534391 -0.03547955
v 0.00494153 0.01534640 -0.03470370
v 0.00505271 0.01529889 -0.03472957
v 0.00526122 0.01518681 -0.03438452
v 0.00544923 0.01505545 -0.03472957
v 0.00553454 0.01498433 -0.03397956
v 0.00578279 0.01472189 -0.03472957
v 0.00581770 0.01467623 -0.03397956
v 0.00602623 0.01432537 -0.03472957
v 0.00603454 0.01430721 -0.03397956
v 0.00616779 0.01390094 -0.03472957
v 0.00616789 0.01390048 -0.03397956
v 0.00617828 0.01384825 -0.03547955
v 0.00607124 0.01422051 -0.03547955
v 0.00588566 0.01457875 -0.03547955
v 0.00562588 0.01489855 -0.03547955
v 0.00530608 0.01515832 -0.03547955
v 0.00311725 0.01515832 -0.03547955
v 0.00279745 0.01489855 -0.03547955
v 0.00253767 0.01457875 -0.03547955
v 0.00235209 0.01422051 -0.03547955
v 0.01973598 -0.01070472 -0.03472957
v 0.01974505 -0.01065176 -0.03547955
v 0.01974505 -0.01065176 -0.03397956
v 0.01981355 -0.01038548 -0.03472957
v 0.01985208 -0.01027949 -0.03397956
v 0.01994856 -0.01007149 -0.03472957
v 0.02003767 -0.00992126 -0.03397956
v 0.02014053 -0.00977812 -0.03472957
v 0.02029745 -0.00960147 -0.03397956
v 0.02038353 -0.00952033 -0.03472957
v 0.02061724 -0.00934170 -0.03397956
v 0.02066663 -0.00931042 -0.03472957
v 0.02097547 -0.00915610 -0.03397956
v 0.02097547 -0.00915610 -0.03472957
v 0.02129459 -0.00905965 -0.03472957
v 0.02097547 -0.00915610 -0.03547955
v 0.02134773 -0.00904907 -0.03547955
v 0.02171166 -0.00901567 -0.03472957
v 0.02171166 -0.00901567 -0.03547955
v 0.02207559 -0.00904907 -0.03547955
v 0.02212873 -0.00905965 -0.03472957
v 0.02244785 -0.00915610 -0.03547955
v 0.02255270 -0.00920112 -0.03472957
v 0.02280608 -0.00934170 -0.03547955
v 0.02294922 -0.00944456 -0.03472957
v 0.02312587 -0.00960147 -0.03547955
v 0.02328279 -0.00977812 -0.03472957
v 0.02338565 -0.00992126 -0.03547955
v 0.02352623 -0.01017464 -0.03472957
v 0.02357124 -0.01027949 -0.03547955
v 0.02366769 -0.01059861 -0.03472957
v 0.02367827 -0.01065176 -0.03547955
v 0.02367827 -0.01065176 -0.03397956
v 0.02134773 -0.00904907 -0.03397956
v 0.02171166 -0.00901569 -0.03397956
v 0.02207559 -0.00904907 -0.03397956
v 0.02244785 -0.00915610 -0.03397956
v 0.02280608 -0.00934170 -0.03397956
v 0.02312587 -0.00960147 -0.03397956
v 0.02338565 -0.00992126 -0.03397956
v 0.02357124 -0.01027949 -0.03397956
v 0.02061724 -0.00934170 -0.03547955
v 0.02029745 -0.00960147 -0.03547955
v 0.02003767 -0.00992126 -0.03547955
v 0.01985208 -0.01027949 -0.03547955
v 0.01973599 0.01129528 -0.03472957
v 0.01974506 0.01134825 -0.03547955
v 0.01974476 0.01134663 -0.03397956
v 0.01981355 0.01161452 -0.03472957
v 0.01985076 0.01171713 -0.03397956
v 0.01994857 0.01192851 -0.03472957
v 0.02003446 0.01207381 -0.03397956
v 0.02014054 0.01222188 -0.03472957
v 0.02029161 0.01239266 -0.03397956
v 0.02038354 0.01247967 -0.03472957
v 0.02060832 0.01265245 -0.03397956
v 0.02066663 0.01268958 -0.03472957
v 0.02096347 0.01283910 -0.03397956
v 0.02097548 0.01284390 -0.03472957
v 0.02129460 0.01294035 -0.03472957
v 0.02097548 0.01284390 -0.03547955
v 0.02134774 0.01295093 -0.03547955
v 0.02171167 0.01298433 -0.03472957
v 0.02171167 0.01298433 -0.03547955
v 0.02207559 0.01295093 -0.03547955
v 0.02212874 0.01294035 -0.03472957
v 0.02244785 0.01284390 -0.03547955
v 0.02231649 0.01289057 -0.03445968
v 0.02255271 0.01279888 -0.03472957
v 0.02249352 0.01282517 -0.03453943
v 0.02267106 0.01273898 -0.03458959
v 0.02133308 0.01294816 -0.03397956
v 0.02169510 0.01298425 -0.03397956
v 0.02191835 0.01297354 -0.03418639
v 0.02215036 0.01293562 -0.03436106
v 0.02280609 0.01265830 -0.03547955
v 0.02283834 0.01263677 -0.03460661
v 0.02294923 0.01255546 -0.03472957
v 0.02299459 0.01251838 -0.03458959
v 0.02313967 0.01238460 -0.03453943
v 0.02328279 0.01222188 -0.03472957
v 0.02326522 0.01224371 -0.03445968
v 0.02312588 0.01239853 -0.03547955
v 0.02336784 0.01210552 -0.03436106
v 0.02352623 0.01182536 -0.03472957
v 0.02338566 0.01207874 -0.03547955
v 0.02357124 0.01172051 -0.03547955
v 0.02366770 0.01140139 -0.03472957
v 0.02367828 0.01134825 -0.03547955
v 0.02367833 0.01134796 -0.03397956
v 0.02348791 0.01190340 -0.03418639
v 0.02357943 0.01169947 -0.03397956
v 0.02061725 0.01265832 -0.03547955
v 0.02029745 0.01239853 -0.03547955
v 0.02003768 0.01207874 -0.03547955
v 0.01985209 0.01172051 -0.03547955
v -0.01482557 -0.01335242 -0.03587955
v -0.01482081 -0.01332461 -0.03777957
v -0.01482081 -0.01332461 -0.03397956
v -0.01478485 -0.01318481 -0.03587955
v -0.01476462 -0.01312917 -0.03397956
v -0.01471397 -0.01301997 -0.03587955
v -0.01466719 -0.01294110 -0.03397956
v -0.01461319 -0.01286595 -0.03587955
v -0.01453080 -0.01277321 -0.03397956
v -0.01448561 -0.01273061 -0.03587955
v -0.01436291 -0.01263682 -0.03397956
v -0.01433699 -0.01262041 -0.03587955
v -0.01417484 -0.01253940 -0.03397956
v -0.01417484 -0.01253940 -0.03587955
v -0.01400731 -0.01248875 -0.03587955
v -0.01417484 -0.01253940 -0.03777957
v -0.01397940 -0.01248320 -0.03777957
v -0.01378834 -0.01246566 -0.03587955
v -0.01378834 -0.01246566 -0.03777957
v -0.01359728 -0.01248320 -0.03777957
v -0.01356938 -0.01248875 -0.03587955
v -0.01340185 -0.01253940 -0.03777957
v -0.01334680 -0.01256303 -0.03587955
v -0.01321377 -0.01263682 -0.03777957
v -0.01313862 -0.01269082 -0.03587955
v -0.01304588 -0.01277321 -0.03777957
v -0.01296350 -0.01286595 -0.03587955
v -0.01290950 -0.01294110 -0.03777957
v -0.01283570 -0.01307412 -0.03587955
v -0.01281207 -0.01312917 -0.03777957
v -0.01276143 -0.01329670 -0.03587955
v -0.01275587 -0.01332461 -0.03777957
v -0.01275587 -0.01332461 -0.03397956
v -0.01397940 -0.01248320 -0.03397956
v -0.01378834 -0.01246566 -0.03397956
v -0.01359728 -0.01248320 -0.03397956
v -0.01340185 -0.01253940 -0.03397956
v -0.01321377 -0.01263682 -0.03397956
v -0.01304588 -0.01277321 -0.03397956
v -0.01290950 -0.01294110 -0.03397956
v -0.01281207 -0.01312917 -0.03397956
v -0.01436291 -0.01263682 -0.03777957
v -0.01453080 -0.01277321 -0.03777957
v -0.01466719 -0.01294110 -0.03777957
v -0.01476462 -0.01312917 -0.03777957
v 0.01217443 0.01364758 -0.03587955
v 0.01217920 0.01367538 -0.03777957
v 0.01217920 0.01367538 -0.03397956
v 0.01221516 0.01381519 -0.03587955
v 0.01223539 0.01387083 -0.03397956
v 0.01228604 0.01398002 -0.03587955
v 0.01233282 0.01405889 -0.03397956
v 0.01238682 0.01413404 -0.03587955
v 0.01246920 0.01422679 -0.03397956
v 0.01251440 0.01426939 -0.03587955
v 0.01263710 0.01436318 -0.03397956
v 0.01266302 0.01437958 -0.03587955
v 0.01282517 0.01446060 -0.03397956
v 0.01282517 0.01446060 -0.03587955
v 0.01299270 0.01451123 -0.03587955
v 0.01282517 0.01446060 -0.03777957
v 0.01302060 0.01451679 -0.03777957
v 0.01321167 0.01453433 -0.03587955
v 0.01321167 0.01453433 -0.03777957
v 0.01340273 0.01451679 -0.03777957
v 0.01343063 0.01451123 -0.03587955
v 0.01359817 0.01446060 -0.03777957
v 0.01365321 0.01443697 -0.03587955
v 0.01378624 0.01436318 -0.03777957
v 0.01386139 0.01430917 -0.03587955
v 0.01395413 0.01422679 -0.03777957
v 0.01403651 0.01413404 -0.03587955
v 0.01409051 0.01405889 -0.03777957
v 0.01416431 0.01392587 -0.03587955
v 0.01418794 0.01387083 -0.03777957
v 0.01423858 0.01370328 -0.03587955
v 0.01424414 0.01367538 -0.03777957
v 0.01424414 0.01367538 -0.03397956
v 0.01302060 0.01451679 -0.03397956
v 0.01321167 0.01453433 -0.03397956
v 0.01340273 0.01451679 -0.03397956
v 0.01359817 0.01446060 -0.03397956
v 0.01378624 0.01436318 -0.03397956
v 0.01395413 0.01422679 -0.03397956
v 0.01409051 0.01405889 -0.03397956
v 0.01418794 0.01387083 -0.03397956
v 0.01263710 0.01436318 -0.03777957
v 0.01246920 0.01422679 -0.03777957
v 0.01233282 0.01405889 -0.03777957
v 0.01223539 0.01387083 -0.03777957
v 0.01217443 -0.01335242 -0.03587955
v 0.01217919 -0.01332461 -0.03777957
v 0.01217919 -0.01332461 -0.03397956
v 0.01221515 -0.01318482 -0.03587955
v 0.01223538 -0.01312918 -0.03397956
v 0.01228603 -0.01301999 -0.03587955
v 0.01233281 -0.01294110 -0.03397956
v 0.01238682 -0.01286595 -0.03587955
v 0.01246919 -0.01277321 -0.03397956
v 0.01251439 -0.01273062 -0.03587955
v 0.01263709 -0.01263683 -0.03397956
v 0.01266301 -0.01262041 -0.03587955
v 0.01282516 -0.01253940 -0.03397956
v 0.01282516 -0.01253940 -0.03587955
v 0.01299269 -0.01248876 -0.03587955
v 0.01282516 -0.01253940 -0.03777957
v 0.01302060 -0.01248320 -0.03777957
v 0.01321166 -0.01246568 -0.03587955
v 0.01321166 -0.01246568 -0.03777957
v 0.01340272 -0.01248320 -0.03777957
v 0.01343062 -0.01248876 -0.03587955
v 0.01359816 -0.01253940 -0.03777957
v 0.01365320 -0.01256303 -0.03587955
v 0.01378623 -0.01263683 -0.03777957
v 0.01386138 -0.01269084 -0.03587955
v 0.01395412 -0.01277321 -0.03777957
v 0.01403650 -0.01286595 -0.03587955
v 0.01409050 -0.01294110 -0.03777957
v 0.01416430 -0.01307414 -0.03587955
v 0.01418794 -0.01312918 -0.03777957
v 0.01423857 -0.01329672 -0.03587955
v 0.01424413 -0.01332461 -0.03777957
v 0.01424413 -0.01332461 -0.03397956
v 0.01302060 -0.01248320 -0.03397956
v 0.01321166 -0.01246568 -0.03397956
v 0.01340272 -0.01248320 -0.03397956
v 0.01359816 -0.01253940 -0.03397956
v 0.01378623 -0.01263683 -0.03397956
v 0.01395412 -0.01277321 -0.03397956
v 0.01409050 -0.01294112 -0.03397956
v 0.01418794 -0.01312918 -0.03397956
v 0.01263709 -0.01263683 -0.03777957
v 0.01246919 -0.01277321 -0.03777957
v 0.01233281 -0.01294110 -0.03777957
v 0.01223538 -0.01312918 -0.03777957
v 0.01302626 0.00017091 -0.03897956
v 0.01303170 0.00020268 -0.04397956
v 0.01303170 0.00020268 -0.03397956
v 0.01307279 0.00036245 -0.03897956
v 0.01309592 0.00042603 -0.03397956
v 0.01315380 0.00055083 -0.03897956
v 0.01320727 0.00064098 -0.03397956
v 0.01326898 0.00072685 -0.03897956
v 0.01336313 0.00083285 -0.03397956
v 0.01341479 0.00088153 -0.03897956
v 0.01355501 0.00098871 -0.03397956
v 0.01358464 0.00100747 -0.03897956
v 0.01376995 0.00110007 -0.03397956
v 0.01376995 0.00110007 -0.03897956
v 0.01396142 0.00115795 -0.03897956
v 0.01376995 0.00110007 -0.04397956
v 0.01399331 0.00116429 -0.04397956
v 0.01421166 0.00118432 -0.03897956
v 0.01421166 0.00118432 -0.04397956
v 0.01443002 0.00116429 -0.04397956
v 0.01446190 0.00115795 -0.03897956
v 0.01465338 0.00110007 -0.04397956
v 0.01471629 0.00107307 -0.03897956
v 0.01486831 0.00098871 -0.04397956
v 0.01495420 0.00092699 -0.03897956
v 0.01506019 0.00083285 -0.04397956
v 0.01515434 0.00072685 -0.03897956
v 0.01521606 0.00064098 -0.04397956
v 0.01530040 0.00048894 -0.03897956
v 0.01532741 0.00042603 -0.04397956
v 0.01538528 0.00023457 -0.03897956
v 0.01539163 0.00020268 -0.04397956
v 0.01539163 0.00020268 -0.03397956
v 0.01399331 0.00116429 -0.03397956
v 0.01421166 0.00118432 -0.03397956
v 0.01443002 0.00116429 -0.03397956
v 0.01465338 0.00110007 -0.03397956
v 0.01486831 0.00098871 -0.03397956
v 0.01506019 0.00083285 -0.03397956
v 0.01521606 0.00064098 -0.03397956
v 0.01532741 0.00042603 -0.03397956
v 0.01355501 0.00098871 -0.04397956
v 0.01336313 0.00083285 -0.04397956
v 0.01320727 0.00064098 -0.04397956
v 0.01309592 0.00042605 -0.04397956
v 0.01154450 0.00040413 -0.03422958
v 0.01155674 0.00047562 -0.03397956
v 0.01155674 0.00047562 -0.03447956
v 0.01164921 0.00083510 -0.03422958
v 0.01170123 0.00097818 -0.03447956
v 0.01183148 0.00125898 -0.03422958
v 0.01195177 0.00146180 -0.03447956
v 0.01209064 0.00165503 -0.03422958
v 0.01230247 0.00189351 -0.03447956
v 0.01241869 0.00200305 -0.03422958
v 0.01273420 0.00224421 -0.03447956
v 0.01280086 0.00228643 -0.03422958
v 0.01321781 0.00249474 -0.03447956
v 0.01321781 0.00249474 -0.03422958
v 0.01364862 0.00262496 -0.03422958
v 0.01321781 0.00249474 -0.03397956
v 0.01372036 0.00263924 -0.03397956
v 0.01421166 0.00268432 -0.03422958
v 0.01421166 0.00268432 -0.03397956
v 0.01470296 0.00263924 -0.03397956
v 0.01477471 0.00262496 -0.03422958
v 0.01520552 0.00249474 -0.03397956
v 0.01534707 0.00243399 -0.03422958
v 0.01568913 0.00224421 -0.03397956
v 0.01588237 0.00210535 -0.03422958
v 0.01612085 0.00189351 -0.03397956
v 0.01633268 0.00165503 -0.03422958
v 0.01647155 0.00146178 -0.03397956
v 0.01666133 0.00111972 -0.03422958
v 0.01672209 0.00097818 -0.03397956
v 0.01685230 0.00054737 -0.03422958
v 0.01686659 0.00047562 -0.03397956
v 0.01686659 0.00047562 -0.03447956
v 0.01372036 0.00263924 -0.03447956
v 0.01421166 0.00268432 -0.03447956
v 0.01470296 0.00263924 -0.03447956
v 0.01520552 0.00249474 -0.03447956
v 0.01568913 0.00224421 -0.03447956
v 0.01612085 0.00189351 -0.03447956
v 0.01647155 0.00146178 -0.03447956
v 0.01672209 0.00097818 -0.03447956
v 0.01273420 0.00224421 -0.03397956
v 0.01230247 0.00189351 -0.03397956
v 0.01195177 0.00146180 -0.03397956
v 0.01170123 0.00097818 -0.03397956
v 0.01001335 0.00064512 -0.03422958
v 0.01003261 0.00075767 -0.03447956
v 0.01003261 0.00075767 -0.03397956
v 0.01017817 0.00132351 -0.03422958
v 0.01026006 0.00154873 -0.03397956
v 0.01046508 0.00199071 -0.03422958
v 0.01065443 0.00230997 -0.03397956
v 0.01087302 0.00261415 -0.03422958
v 0.01120646 0.00298952 -0.03397956
v 0.01138939 0.00316194 -0.03422958
v 0.01188602 0.00354155 -0.03397956
v 0.01199096 0.00360799 -0.03422958
v 0.01264726 0.00393592 -0.03397956
v 0.01264726 0.00393592 -0.03422958
v 0.01332539 0.00414089 -0.03422958
v 0.01264726 0.00393592 -0.03447956
v 0.01343832 0.00416338 -0.03447956
v 0.01421166 0.00423432 -0.03422958
v 0.01421166 0.00423432 -0.03447956
v 0.01498501 0.00416338 -0.03447956
v 0.01509794 0.00414089 -0.03422958
v 0.01577607 0.00393592 -0.03447956
v 0.01599887 0.00384027 -0.03422958
v 0.01653730 0.00354155 -0.03447956
v 0.01684148 0.00332296 -0.03422958
v 0.01721687 0.00298952 -0.03447956
v 0.01755031 0.00261413 -0.03422958
v 0.01776889 0.00230997 -0.03447956
v 0.01806762 0.00177153 -0.03422958
v 0.01816326 0.00154873 -0.03447956
v 0.01836823 0.00087059 -0.03422958
v 0.01839071 0.00075767 -0.03447956
v 0.01839071 0.00075767 -0.03397956
v 0.01343832 0.00416338 -0.03397956
v 0.01421166 0.00423432 -0.03397956
v 0.01498501 0.00416338 -0.03397956
v 0.01577607 0.00393592 -0.03397956
v 0.01653730 0.00354155 -0.03397956
v 0.01721687 0.00298952 -0.03397956
v 0.01776889 0.00230997 -0.03397956
v 0.01816326 0.00154873 -0.03397956
v 0.01188602 0.00354155 -0.03447956
v 0.01120646 0.00298952 -0.03447956
v 0.01065443 0.00230997 -0.03447956
v 0.01026006 0.00154873 -0.03447956
v 0.01121167 0.01498432 -0.03397956
v 0.01160375 0.01539864 -0.03480819
v 0.01209363 0.01572039 -0.03545171
v -0.00028834 0.01556767 -0.03514624
v -0.01218041 0.01539864 -0.03480819
v -0.01178833 0.01498433 -0.03397956
v -0.01267030 0.01572040 -0.03545171
v -0.01294108 0.01583638 -0.03568366
v -0.01322164 0.01591926 -0.03584939
v -0.01350599 0.01596834 -0.03594756
v 0.01292933 0.01596833 -0.03594756
v 0.01264497 0.01591924 -0.03584939
v -0.01378833 0.01598433 -0.03597957
v 0.01321167 0.01598432 -0.03597957
v 0.01236441 0.01583638 -0.03568366
v -0.01478835 -0.01601567 -0.03597957
v -0.01454840 -0.01589733 -0.03574288
v -0.01478835 -0.01580695 -0.03556216
v -0.01429912 -0.01596294 -0.03587410
v -0.01404441 -0.01600253 -0.03595328
v -0.01378834 -0.01601567 -0.03597957
v -0.01178834 -0.01501567 -0.03397956
v -0.01218043 -0.01542998 -0.03480819
v -0.01267031 -0.01575174 -0.03545171
v -0.00028835 -0.01559901 -0.03514624
v 0.01121166 -0.01501568 -0.03397956
v 0.01160374 -0.01543000 -0.03480819
v 0.01209362 -0.01575174 -0.03545171
v 0.01236440 -0.01586773 -0.03568366
v 0.01264496 -0.01595060 -0.03584942
v 0.01292932 -0.01599968 -0.03594756
v -0.01350600 -0.01599967 -0.03594756
v 0.01321166 -0.01601567 -0.03597957
v -0.01322165 -0.01595060 -0.03584942
v -0.01294109 -0.01586772 -0.03568366
v 0.01421167 0.01598432 -0.03597957
v 0.01397172 0.01586599 -0.03574288
v 0.01421167 0.01577561 -0.03556213
v 0.01372244 0.01593158 -0.03587410
v 0.01346773 0.01597117 -0.03595325
v 0.02617493 0.01016385 -0.05027956
v 0.02621167 0.00978229 -0.06457958
v 0.02617493 0.01016385 -0.06457958
v 0.02621166 0.00978228 -0.03597957
v 0.02617493 0.01016385 -0.03597957
v 0.02606331 0.01053821 -0.05027956
v 0.02606331 0.01053821 -0.03597957
v 0.02588104 0.01088373 -0.05027956
v 0.02588104 0.01088373 -0.03597957
v 0.02564024 0.01118199 -0.03597957
v 0.02564024 0.01118199 -0.06457955
v 0.02588104 0.01088374 -0.06457958
v 0.02606331 0.01053821 -0.06457958
v 0.02449316 0.01224364 -0.05027956
v 0.02449316 0.01224365 -0.06457955
v 0.02449316 0.01224364 -0.03597957
v 0.02322863 0.01320153 -0.05027956
v 0.02322863 0.01320153 -0.03597957
v 0.02186139 0.01403714 -0.05027956
v 0.02186139 0.01403714 -0.03597957
v 0.02040995 0.01473496 -0.05027956
v 0.02040995 0.01473496 -0.03597957
v 0.01889570 0.01528334 -0.05027956
v 0.01889570 0.01528334 -0.03597957
v 0.01734197 0.01567512 -0.05027956
v 0.01734197 0.01567512 -0.03597957
v 0.01577278 0.01590798 -0.05027956
v 0.01577278 0.01590798 -0.03597957
v 0.01421167 0.01598433 -0.06457955
v 0.01577278 0.01590799 -0.06457955
v 0.01734197 0.01567513 -0.06457955
v 0.01889570 0.01528334 -0.06457955
v 0.02040995 0.01473496 -0.06457955
v 0.02186140 0.01403714 -0.06457955
v 0.02322863 0.01320153 -0.06457955
v -0.01016701 0.01598433 -0.04000089
v -0.01478834 0.01598433 -0.03597957
v -0.00870966 0.01598433 -0.04000089
v -0.00816701 0.01598433 -0.04000089
v -0.00816701 0.01598433 -0.04825824
v -0.00870966 0.01598433 -0.04825824
v -0.01378833 0.01598433 -0.06457958
v -0.01016701 0.01598433 -0.04825824
v -0.01478833 0.01598433 -0.06457958
v -0.00028833 0.01598433 -0.05027956
v 0.01321167 0.01598433 -0.06457955
v -0.00616701 0.01598433 -0.04825824
v -0.00670966 0.01598433 -0.04825824
v -0.00670966 0.01598433 -0.04000089
v -0.00616701 0.01598433 -0.04000089
v -0.00470966 0.01598433 -0.04000089
v -0.00416701 0.01598433 -0.04000089
v -0.00416701 0.01598433 -0.04825824
v -0.00470966 0.01598433 -0.04825824
v -0.00070966 0.01598433 -0.04000089
v -0.00070966 0.01598433 -0.04825824
v -0.00216701 0.01598433 -0.04825824
v -0.00270966 0.01598433 -0.04825824
v -0.00270966 0.01598433 -0.04000089
v -0.00216701 0.01598433 -0.04000089
v -0.01515226 0.01595095 -0.05027956
v -0.01515226 0.01595095 -0.06457958
v -0.01515226 0.01595094 -0.03597957
v -0.01552452 0.01584390 -0.05027956
v -0.01552452 0.01584390 -0.03597957
v -0.01588275 0.01565832 -0.05027956
v -0.01588275 0.01565832 -0.03597957
v -0.01620255 0.01539855 -0.05027956
v -0.01620255 0.01539855 -0.03597957
v -0.01646232 0.01507876 -0.05027956
v -0.01646232 0.01507876 -0.03597957
v -0.01664791 0.01472052 -0.05027956
v -0.01664791 0.01472052 -0.03597957
v -0.01675495 0.01434826 -0.05027956
v -0.01675495 0.01434826 -0.03597957
v -0.01678834 0.01398433 -0.03597957
v -0.01678833 0.01398434 -0.06457958
v -0.01675495 0.01434826 -0.06457958
v -0.01664791 0.01472054 -0.06457958
v -0.01646232 0.01507876 -0.06457958
v -0.01620255 0.01539855 -0.06457958
v -0.01588275 0.01565832 -0.06457958
v -0.01552452 0.01584392 -0.06457958
v -0.01678834 -0.00023700 -0.04000089
v -0.01678834 -0.01401567 -0.03597957
v -0.01678834 0.00030566 -0.04000089
v -0.01678834 0.00176301 -0.04000089
v -0.01678834 -0.00369435 -0.04825824
v -0.01678834 -0.01401567 -0.06457958
v -0.01678834 -0.00369435 -0.04000089
v -0.01678834 -0.00223699 -0.04000089
v -0.01678834 -0.00001567 -0.05027956
v -0.01678834 0.00576302 -0.04825824
v -0.01678834 0.00630566 -0.04825824
v -0.01678834 0.00576302 -0.04000089
v -0.01678834 0.00630566 -0.04000089
v -0.01678834 0.00776300 -0.04000089
v -0.01678834 0.00830566 -0.04000089
v -0.01678834 0.00830566 -0.04825824
v -0.01678834 0.00776302 -0.04825824
v -0.01678834 0.00976301 -0.04825824
v -0.01678834 0.00976301 -0.04000089
v -0.01678834 0.00430565 -0.04825824
v -0.01678834 0.00376301 -0.04825824
v -0.01678834 0.00230566 -0.04825824
v -0.01678834 0.00376301 -0.04000089
v -0.01678834 0.00430565 -0.04000089
v -0.01678834 0.00230566 -0.04000089
v -0.01678834 0.00176301 -0.04825824
v -0.01678834 0.00030566 -0.04825824
v -0.01678834 -0.00001567 -0.04825824
v -0.01678834 -0.00223699 -0.04825824
v -0.01678834 -0.00169435 -0.04825824
v -0.01678834 -0.00169435 -0.04000089
v -0.01678834 -0.00023698 -0.04825824
v -0.01675496 -0.01437958 -0.05027956
v -0.01675495 -0.01437958 -0.06457958
v -0.01675496 -0.01437960 -0.03597957
v -0.01664792 -0.01475186 -0.05027956
v -0.01664792 -0.01475186 -0.03597957
v -0.01646234 -0.01511008 -0.05027956
v -0.01646234 -0.01511008 -0.03597957
v -0.01620256 -0.01542988 -0.05027956
v -0.01620256 -0.01542988 -0.03597957
v -0.01588277 -0.01568967 -0.05027956
v -0.01588277 -0.01568967 -0.03597957
v -0.01552453 -0.01587524 -0.05027956
v -0.01552453 -0.01587524 -0.03597957
v -0.01515227 -0.01598228 -0.05027956
v -0.01515227 -0.01598228 -0.03597957
v -0.01478834 -0.01601567 -0.06457958
v -0.01515227 -0.01598228 -0.06457958
v -0.01552453 -0.01587524 -0.06457958
v -0.01588276 -0.01568965 -0.06457958
v -0.01620256 -0.01542988 -0.06457958
v -0.01646233 -0.01511008 -0.06457958
v -0.01664792 -0.01475186 -0.06457958
v 0.01421166 -0.01601567 -0.03597957
v 0.01421166 -0.01601567 -0.06457958
v 0.01321166 -0.01601567 -0.06457958
v -0.00028834 -0.01601567 -0.05027956
v -0.01378834 -0.01601567 -0.06457958
v 0.01577277 -0.01593933 -0.05027956
v 0.01577277 -0.01593933 -0.06457958
v 0.01577277 -0.01593933 -0.03597957
v 0.01734196 -0.01570647 -0.05027956
v 0.01734196 -0.01570647 -0.03597957
v 0.01889569 -0.01531469 -0.05027956
v 0.01889569 -0.01531469 -0.03597957
v 0.02040994 -0.01476631 -0.05027956
v 0.02040994 -0.01476631 -0.03597957
v 0.02186139 -0.01406849 -0.05027956
v 0.02186139 -0.01406849 -0.03597957
v 0.02322862 -0.01323288 -0.05027956
v 0.02322862 -0.01323288 -0.03597957
v 0.02449315 -0.01227500 -0.05027956
v 0.02449315 -0.01227500 -0.03597957
v 0.02564023 -0.01121336 -0.03597957
v 0.02564023 -0.01121334 -0.06457958
v 0.02449315 -0.01227499 -0.06457958
v 0.02322862 -0.01323288 -0.06457958
v 0.02186139 -0.01406849 -0.06457958
v 0.02040994 -0.01476631 -0.06457958
v 0.01889569 -0.01531469 -0.06457958
v 0.01734196 -0.01570647 -0.06457958
v 0.02588103 -0.01091509 -0.05027956
v 0.02588104 -0.01091508 -0.06457958
v 0.02588103 -0.01091509 -0.03597957
v 0.02606330 -0.01056957 -0.05027956
v 0.02606330 -0.01056957 -0.03597957
v 0.02617493 -0.01019520 -0.05027956
v 0.02617493 -0.01019520 -0.03597957
v 0.02621166 -0.00981364 -0.03597957
v 0.02621166 -0.00981363 -0.06457958
v 0.02617493 -0.01019520 -0.06457958
v 0.02606330 -0.01056957 -0.06457958
v 0.02621166 -0.00001568 -0.05027956
v -0.01209468 -0.01535455 -0.03397956
v -0.01248091 -0.01564654 -0.03397956
v -0.01293517 -0.01586559 -0.03397956
v -0.01343479 -0.01599055 -0.03397956
v -0.01394942 -0.01601047 -0.03397956
v -0.01444684 -0.01592738 -0.03397956
v -0.01489938 -0.01575523 -0.03397956
v -0.01528835 -0.01551566 -0.03397956
v -0.01562723 -0.01520934 -0.03397956
v -0.01591922 -0.01482310 -0.03397956
v -0.01613826 -0.01436884 -0.03397956
v -0.01626322 -0.01386922 -0.03397956
v -0.01628315 -0.01335459 -0.03397956
v -0.01620006 -0.01285718 -0.03397956
v -0.01602790 -0.01240464 -0.03397956
v -0.01578834 -0.01201566 -0.03397956
v -0.01578834 0.01198433 -0.03397956
v -0.01602789 0.01237330 -0.03397956
v -0.01620005 0.01282584 -0.03397956
v -0.01628314 0.01332325 -0.03397956
v -0.01626321 0.01383788 -0.03397956
v -0.01613825 0.01433752 -0.03397956
v -0.01591921 0.01479176 -0.03397956
v -0.01562722 0.01517800 -0.03397956
v -0.01528833 0.01548434 -0.03397956
v -0.01489937 0.01572389 -0.03397956
v -0.01444683 0.01589606 -0.03397956
v -0.01394941 0.01597913 -0.03397956
v -0.01343478 0.01595921 -0.03397956
v -0.01293516 0.01583425 -0.03397956
v -0.01248090 0.01561520 -0.03397956
v -0.01209467 0.01532321 -0.03397956
v 0.00396166 -0.00001567 -0.03397956
v 0.01857828 0.01433469 -0.03397956
v 0.01691995 0.01473781 -0.03397956
v 0.01160775 0.01540200 -0.03397956
v 0.01210340 0.01572525 -0.03397956
v 0.01266113 0.01592295 -0.03397956
v 0.01323348 0.01598423 -0.03397956
v 0.01380466 0.01591297 -0.03397956
v 0.01435886 0.01570556 -0.03397956
v 0.01484879 0.01537371 -0.03397956
v 0.01523753 0.01494921 -0.03397956
v 0.02018008 0.01374579 -0.03397956
v 0.02521167 0.00978228 -0.03397956
v 0.02519330 0.00997306 -0.03397956
v 0.02513748 0.01016024 -0.03397956
v 0.02504635 0.01033301 -0.03397956
v 0.02492595 0.01048214 -0.03397956
v 0.02521166 -0.00981364 -0.03397956
v 0.02519329 -0.01000442 -0.03397956
v 0.02513748 -0.01019161 -0.03397956
v 0.02504635 -0.01036436 -0.03397956
v 0.02492594 -0.01051349 -0.03397956
v 0.01857827 -0.01436604 -0.03397956
v 0.01691994 -0.01476916 -0.03397956
v 0.02018007 -0.01377715 -0.03397956
v 0.01523752 -0.01498056 -0.03397956
v 0.01484878 -0.01540507 -0.03397956
v 0.01435885 -0.01573693 -0.03397956
v 0.01380465 -0.01594433 -0.03397956
v 0.01323347 -0.01601558 -0.03397956
v 0.01266112 -0.01595431 -0.03397956
v 0.01210339 -0.01575660 -0.03397956
v 0.01160774 -0.01543335 -0.03397956
v 0.00396166 -0.01145414 -0.03397956
v 0.01346772 -0.01600253 -0.03595328
v 0.01372243 -0.01596295 -0.03587410
v 0.01397171 -0.01589734 -0.03574288
v 0.01421166 -0.01580697 -0.03556216
v 0.02162233 -0.01362934 -0.03497958
v 0.02294432 -0.01282156 -0.03497955
v 0.02417186 -0.01189189 -0.03497955
v 0.02528309 -0.01086342 -0.03497955
v 0.02021624 -0.01430536 -0.03497958
v 0.01874931 -0.01483660 -0.03497958
v 0.01724414 -0.01521614 -0.03497958
v 0.01572398 -0.01544172 -0.03497958
v 0.01501258 -0.01524966 -0.03448960
v 0.01466970 -0.01554554 -0.03505272
v 0.01513100 -0.01511759 -0.03423932
v -0.01644868 -0.01432292 -0.03535664
v -0.01623783 -0.01401567 -0.03487855
v -0.01617724 -0.01425193 -0.03479803
v -0.01608789 -0.01449653 -0.03475088
v -0.01635832 -0.01463721 -0.03535664
v -0.01597147 -0.01473331 -0.03474811
v -0.01620164 -0.01493964 -0.03535664
v -0.01583745 -0.01494785 -0.03478640
v -0.01598232 -0.01520964 -0.03535664
v -0.01560600 -0.01523181 -0.03491110
v -0.01571232 -0.01542895 -0.03535664
v -0.01534444 -0.01547235 -0.03509799
v -0.01540988 -0.01558564 -0.03535664
v -0.01509560 -0.01567602 -0.03535664
v 0.02546369 -0.01063972 -0.03497955
v 0.02560039 -0.01038059 -0.03497955
v 0.02568411 -0.01009982 -0.03497955
v 0.02571166 -0.00981364 -0.03497955
v -0.01627639 0.01372849 -0.03495565
v -0.01623783 0.01398433 -0.03487855
v -0.01628827 0.01346565 -0.03497943
v -0.01628834 -0.00001567 -0.03497958
v -0.01627212 0.01320004 -0.03494713
v -0.01622749 0.01293615 -0.03485787
v -0.01615492 0.01267854 -0.03471273
v -0.01605586 0.01243155 -0.03451461
v -0.01605587 -0.01246289 -0.03451461
v -0.01615492 -0.01270988 -0.03471273
v -0.01622750 -0.01296748 -0.03485787
v -0.01627213 -0.01323136 -0.03494713
v -0.01628827 -0.01349699 -0.03497943
v -0.01627639 -0.01375982 -0.03495568
v 0.02571166 -0.00001568 -0.03497955
v 0.02571166 0.00978228 -0.03497955
v -0.01478834 0.01577563 -0.03556213
v -0.01509558 0.01564468 -0.03535664
v -0.01534443 0.01544101 -0.03509799
v -0.01540987 0.01555432 -0.03535664
v -0.01560599 0.01520047 -0.03491110
v -0.01571231 0.01539763 -0.03535664
v -0.01598231 0.01517830 -0.03535664
v -0.01620163 0.01490832 -0.03535664
v -0.01635831 0.01460587 -0.03535664
v -0.01644868 0.01429158 -0.03535664
v -0.01617723 0.01422059 -0.03479803
v -0.01583744 0.01491653 -0.03478640
v -0.01597146 0.01470197 -0.03474811
v -0.01608788 0.01446519 -0.03475088
v 0.02568411 0.01006845 -0.03497955
v 0.02560040 0.01034922 -0.03497955
v 0.02546370 0.01060837 -0.03497955
v 0.02528309 0.01083206 -0.03497955
v -0.01404440 0.01597119 -0.03595328
v -0.01429911 0.01593160 -0.03587410
v -0.01454839 0.01586599 -0.03574288
v 0.02417186 0.01186054 -0.03497955
v 0.02294433 0.01279021 -0.03497955
v 0.02162234 0.01359799 -0.03497955
v 0.02021625 0.01427401 -0.03497955
v 0.01874932 0.01480525 -0.03497955
v 0.01724415 0.01518478 -0.03497955
v 0.01572399 0.01541037 -0.03497955
v 0.01513101 0.01508624 -0.03423932
v 0.01501258 0.01521831 -0.03448960
v 0.01466971 0.01551417 -0.03505272
v 0.01450731 0.01562238 -0.03497955
v 0.01404711 0.01584060 -0.03497955
v 0.01355913 0.01596006 -0.03497955
v 0.01290745 0.01596574 -0.03497955
v 0.01257942 0.01590306 -0.03497955
v 0.01225841 0.01579545 -0.03497955
v 0.01195352 0.01564466 -0.03497955
v 0.01420509 -0.01580983 -0.03497958
v 0.01450730 -0.01565374 -0.03497958
v 0.01388600 -0.01592302 -0.03497958
v 0.01355912 -0.01599141 -0.03497958
v 0.01290744 -0.01599711 -0.03497958
v 0.01241745 -0.01588618 -0.03497958
v 0.01195351 -0.01567602 -0.03497958
v -0.01528835 -0.01551566 -0.03497958
v -0.01483830 -0.01578450 -0.03497958
v -0.01430823 -0.01596102 -0.03497958
v -0.01372913 -0.01601497 -0.03497958
v -0.01314539 -0.01593157 -0.03497958
v -0.01260456 -0.01571763 -0.03497958
v -0.01236287 0.01553813 -0.03497955
v -0.01273337 0.01575083 -0.03497955
v -0.01314538 0.01590023 -0.03497955
v -0.01358172 0.01597578 -0.03497955
v -0.01402224 0.01597336 -0.03497955
v -0.01444683 0.01589606 -0.03497955
v -0.01483829 0.01575317 -0.03497955
v -0.01528833 0.01548434 -0.03497955
v 0.01421166 -0.00001567 -0.04397956
v -0.01482557 0.01364759 -0.03645456
v -0.01482081 0.01367540 -0.03777957
v -0.01478485 0.01381519 -0.03645456
v -0.01471396 0.01398002 -0.03645456
v -0.01461318 0.01413406 -0.03645456
v -0.01448561 0.01426939 -0.03645456
v -0.01433698 0.01437960 -0.03645456
v -0.01417484 0.01446061 -0.03645456
v -0.01400730 0.01451125 -0.03645456
v -0.01417484 0.01446061 -0.03777957
v -0.01397940 0.01451681 -0.03777957
v -0.01378834 0.01453433 -0.03645456
v -0.01378834 0.01453433 -0.03777957
v -0.01359727 0.01451681 -0.03777957
v -0.01356937 0.01451125 -0.03645456
v -0.01340184 0.01446061 -0.03777957
v -0.01334679 0.01443698 -0.03645456
v -0.01321376 0.01436318 -0.03777957
v -0.01313862 0.01430917 -0.03645456
v -0.01304587 0.01422680 -0.03777957
v -0.01296349 0.01413406 -0.03645456
v -0.01290949 0.01405889 -0.03777957
v -0.01283569 0.01392589 -0.03645456
v -0.01281206 0.01387083 -0.03777957
v -0.01276142 0.01370329 -0.03645456
v -0.01275587 0.01367540 -0.03777957
v -0.01436291 0.01436318 -0.03777957
v -0.01453080 0.01422680 -0.03777957
v -0.01466718 0.01405891 -0.03777957
v -0.01476461 0.01387083 -0.03777957
v -0.01593834 -0.00096566 -0.04009023
v -0.01508834 -0.00041566 -0.04017955
v -0.01508834 -0.00151567 -0.04017955
v -0.01593834 -0.00032633 -0.04412955
v -0.01508834 -0.00041566 -0.04807955
v -0.01593834 -0.00096566 -0.04816890
v -0.01508834 -0.00151567 -0.04807955
v -0.01593834 -0.00160500 -0.04412955
v -0.01593834 -0.00296567 -0.04009023
v -0.01508834 -0.00241567 -0.04017955
v -0.01508834 -0.00351567 -0.04017958
v -0.01593834 -0.00232633 -0.04412955
v -0.01508834 -0.00241567 -0.04807955
v -0.01593834 -0.00296567 -0.04816890
v -0.01508834 -0.00351567 -0.04807958
v -0.01593834 -0.00360500 -0.04412958
v -0.01593834 0.00903433 -0.04009023
v -0.01508834 0.00958433 -0.04017955
v -0.01508834 0.00848434 -0.04017955
v -0.01593834 0.00967368 -0.04412955
v -0.01508834 0.00958433 -0.04807955
v -0.01593834 0.00903434 -0.04816890
v -0.01508834 0.00848434 -0.04807955
v -0.01593834 0.00839499 -0.04412955
v -0.00207767 0.01513433 -0.04412955
v -0.00198833 0.01428433 -0.04017955
v -0.00198833 0.01428433 -0.04807955
v -0.00143833 0.01513433 -0.04009023
v -0.00088833 0.01428433 -0.04017955
v -0.00079900 0.01513433 -0.04412955
v -0.00088833 0.01428433 -0.04807955
v -0.00143833 0.01513433 -0.04816890
v -0.00407767 0.01513433 -0.04412955
v -0.00398833 0.01428433 -0.04017955
v -0.00398833 0.01428433 -0.04807955
v -0.00343833 0.01513433 -0.04009023
v -0.00288834 0.01428433 -0.04017955
v -0.00279900 0.01513433 -0.04412955
v -0.00288834 0.01428433 -0.04807955
v -0.00343833 0.01513433 -0.04816890
v -0.00607767 0.01513433 -0.04412955
v -0.00598834 0.01428433 -0.04017955
v -0.00598834 0.01428433 -0.04807955
v -0.00543833 0.01513433 -0.04009023
v -0.00488834 0.01428433 -0.04017955
v -0.00479900 0.01513433 -0.04412955
v -0.00488834 0.01428433 -0.04807955
v -0.00543833 0.01513433 -0.04816890
v -0.00807767 0.01513433 -0.04412955
v -0.00798834 0.01428433 -0.04017955
v -0.00798834 0.01428433 -0.04807955
v -0.00743833 0.01513433 -0.04009023
v -0.00688834 0.01428433 -0.04017955
v -0.00679899 0.01513433 -0.04412955
v -0.00688834 0.01428433 -0.04807955
v -0.00743833 0.01513433 -0.04816890
v -0.01007767 0.01513433 -0.04412955
v -0.00998834 0.01428433 -0.04017955
v -0.00998834 0.01428433 -0.04807955
v -0.00943833 0.01513433 -0.04009023
v -0.00888833 0.01428433 -0.04017955
v -0.00879899 0.01513433 -0.04412955
v -0.00888833 0.01428433 -0.04807955
v -0.00943833 0.01513433 -0.04816890
v -0.01508834 -0.00296567 -0.04412955
v -0.01508834 -0.00096566 -0.04412955
v -0.01508834 0.00903434 -0.04412955
v -0.01508834 0.00103434 -0.04412955
v -0.01508834 0.00048434 -0.04017955
v -0.01508834 0.00158433 -0.04017955
v -0.01508834 0.00048434 -0.04807955
v -0.01508834 0.00158433 -0.04807955
v -0.01593834 0.00039499 -0.04412955
v -0.01593834 0.00103434 -0.04816890
v -0.01593834 0.00167367 -0.04412955
v -0.01593834 0.00103433 -0.04009023
v -0.01508834 0.00303433 -0.04412955
v -0.01508834 0.00248433 -0.04017955
v -0.01508834 0.00358433 -0.04017955
v -0.01508834 0.00248433 -0.04807955
v -0.01508834 0.00358433 -0.04807955
v -0.01593834 0.00239500 -0.04412955
v -0.01593834 0.00303433 -0.04816890
v -0.01593834 0.00367368 -0.04412955
v -0.01593834 0.00303433 -0.04009023
v -0.01508834 0.00503433 -0.04412955
v -0.01508834 0.00448433 -0.04017955
v -0.01508834 0.00558434 -0.04017955
v -0.01508834 0.00448433 -0.04807955
v -0.01508834 0.00558434 -0.04807955
v -0.01593834 0.00439500 -0.04412955
v -0.01593834 0.00503433 -0.04816890
v -0.01593834 0.00567367 -0.04412955
v -0.01593834 0.00503433 -0.04009023
v -0.01508834 0.00703434 -0.04412955
v -0.01508834 0.00648434 -0.04017955
v -0.01508834 0.00758434 -0.04017955
v -0.01508834 0.00648434 -0.04807955
v -0.01508834 0.00758434 -0.04807955
v -0.01593834 0.00639499 -0.04412955
v -0.01593834 0.00703434 -0.04816890
v -0.01593834 0.00767367 -0.04412955
v -0.01593834 0.00703434 -0.04009023
v -0.00943834 0.01428433 -0.04412955
v -0.00743834 0.01428433 -0.04412955
v -0.00543834 0.01428433 -0.04412955
v -0.00343834 0.01428433 -0.04412955
v -0.00143833 0.01428433 -0.04412955
v -0.01482080 0.01367540 -0.05857956
v -0.01275586 0.01367540 -0.05857956
v -0.01295252 0.01363901 -0.05857956
v -0.01281206 0.01387084 -0.05857956
v -0.01299801 0.01379722 -0.05857956
v -0.01290949 0.01405891 -0.05857956
v -0.01307689 0.01394946 -0.05857956
v -0.01304587 0.01422680 -0.05857956
v -0.01318729 0.01408537 -0.05857956
v -0.01321376 0.01436318 -0.05857956
v -0.01332320 0.01419578 -0.05857956
v -0.01340184 0.01446061 -0.05857956
v -0.01347545 0.01427466 -0.05857956
v -0.01359727 0.01451681 -0.05857956
v -0.01363367 0.01432014 -0.05857956
v -0.01378833 0.01453433 -0.05857956
v -0.01378833 0.01433434 -0.05857956
v -0.01394300 0.01432014 -0.05857956
v -0.01397939 0.01451681 -0.05857956
v -0.01410121 0.01427466 -0.05857956
v -0.01417483 0.01446061 -0.05857956
v -0.01425346 0.01419578 -0.05857956
v -0.01436291 0.01436318 -0.05857956
v -0.01438938 0.01408537 -0.05857956
v -0.01453079 0.01422680 -0.05857956
v -0.01449978 0.01394946 -0.05857956
v -0.01466718 0.01405891 -0.05857956
v -0.01457866 0.01379722 -0.05857956
v -0.01476461 0.01387084 -0.05857956
v -0.01462414 0.01363901 -0.05857956
v -0.01462414 0.01363899 -0.03777957
v -0.01457866 0.01379722 -0.03777957
v -0.01449978 0.01394946 -0.03777957
v -0.01438938 0.01408537 -0.03777957
v -0.01425346 0.01419578 -0.03777957
v -0.01410122 0.01427465 -0.03777957
v -0.01394301 0.01432014 -0.03777957
v -0.01378834 0.01433433 -0.03777957
v -0.01363367 0.01432014 -0.03777957
v -0.01347546 0.01427465 -0.03777957
v -0.01332321 0.01419578 -0.03777957
v -0.01318730 0.01408537 -0.03777957
v -0.01307689 0.01394946 -0.03777957
v -0.01299802 0.01379722 -0.03777957
v -0.01295253 0.01363899 -0.03777957
v -0.01294867 0.01361649 -0.04817957
v -0.01298164 0.01375217 -0.04817957
v -0.01303902 0.01388561 -0.04817957
v -0.01312061 0.01401030 -0.04817957
v -0.01322388 0.01411986 -0.04817957
v -0.01334420 0.01420907 -0.04817957
v -0.01347546 0.01427465 -0.04817957
v -0.01361108 0.01431564 -0.04817957
v -0.01378834 0.01433433 -0.04817957
v -0.01396559 0.01431564 -0.04817957
v -0.01414578 0.01425553 -0.04817957
v -0.01431430 0.01415207 -0.04817957
v -0.01445607 0.01401030 -0.04817957
v -0.01455953 0.01384178 -0.04817957
v -0.01461965 0.01366158 -0.04817957
v -0.01275587 -0.01332460 -0.05857956
v -0.01295253 -0.01336100 -0.05857956
v -0.01281206 -0.01312917 -0.05857956
v -0.01299802 -0.01320278 -0.05857956
v -0.01290950 -0.01294110 -0.05857956
v -0.01307689 -0.01305053 -0.05857956
v -0.01304588 -0.01277321 -0.05857956
v -0.01318730 -0.01291462 -0.05857956
v -0.01321377 -0.01263682 -0.05857956
v -0.01332321 -0.01280422 -0.05857956
v -0.01340184 -0.01253938 -0.05857956
v -0.01347546 -0.01272535 -0.05857956
v -0.01359728 -0.01248319 -0.05857956
v -0.01363367 -0.01267985 -0.05857956
v -0.01378834 -0.01246566 -0.05857956
v -0.01378834 -0.01266567 -0.05857956
v -0.01394301 -0.01267985 -0.05857956
v -0.01397940 -0.01248319 -0.05857956
v -0.01410122 -0.01272535 -0.05857956
v -0.01417484 -0.01253938 -0.05857956
v -0.01425347 -0.01280422 -0.05857956
v -0.01436291 -0.01263682 -0.05857956
v -0.01438938 -0.01291462 -0.05857956
v -0.01453080 -0.01277321 -0.05857956
v -0.01449979 -0.01305053 -0.05857956
v -0.01466719 -0.01294109 -0.05857956
v -0.01457866 -0.01320278 -0.05857956
v -0.01476462 -0.01312917 -0.05857956
v -0.01462415 -0.01336100 -0.05857956
v -0.01482081 -0.01332460 -0.05857956
v -0.01462415 -0.01336100 -0.03777957
v -0.01457866 -0.01320279 -0.03777957
v -0.01449979 -0.01305053 -0.03777957
v -0.01438938 -0.01291462 -0.03777957
v -0.01425347 -0.01280422 -0.03777957
v -0.01410122 -0.01272535 -0.03777957
v -0.01394301 -0.01267985 -0.03777957
v -0.01378834 -0.01266567 -0.03777957
v -0.01363368 -0.01267985 -0.03777957
v -0.01347546 -0.01272535 -0.03777957
v -0.01332321 -0.01280422 -0.03777957
v -0.01318730 -0.01291462 -0.03777957
v -0.01307690 -0.01305053 -0.03777957
v -0.01299802 -0.01320279 -0.03777957
v -0.01295253 -0.01336100 -0.03777957
v -0.01294868 -0.01338352 -0.04817957
v -0.01298164 -0.01324783 -0.04817957
v -0.01303903 -0.01311439 -0.04817957
v -0.01312061 -0.01298971 -0.04817957
v -0.01322389 -0.01288014 -0.04817957
v -0.01334420 -0.01279093 -0.04817957
v -0.01347546 -0.01272535 -0.04817957
v -0.01361109 -0.01268435 -0.04817957
v -0.01378834 -0.01266567 -0.04817957
v -0.01396560 -0.01268435 -0.04817957
v -0.01414578 -0.01274448 -0.04817957
v -0.01431431 -0.01284794 -0.04817957
v -0.01445607 -0.01298971 -0.04817957
v -0.01455953 -0.01315823 -0.04817957
v -0.01461966 -0.01333841 -0.04817957
v 0.01424414 0.01367538 -0.05857956
v 0.01404748 0.01363899 -0.05857956
v 0.01418795 0.01387083 -0.05857956
v 0.01400199 0.01379722 -0.05857956
v 0.01409051 0.01405889 -0.05857956
v 0.01392311 0.01394946 -0.05857956
v 0.01395413 0.01422679 -0.05857956
v 0.01381271 0.01408537 -0.05857956
v 0.01378624 0.01436318 -0.05857956
v 0.01367680 0.01419578 -0.05857956
v 0.01359817 0.01446060 -0.05857956
v 0.01352455 0.01427465 -0.05857956
v 0.01340273 0.01451679 -0.05857956
v 0.01336634 0.01432014 -0.05857956
v 0.01321167 0.01453433 -0.05857956
v 0.01321167 0.01433433 -0.05857956
v 0.01305700 0.01432014 -0.05857956
v 0.01302061 0.01451679 -0.05857956
v 0.01289879 0.01427465 -0.05857956
v 0.01282517 0.01446060 -0.05857956
v 0.01274654 0.01419578 -0.05857956
v 0.01263710 0.01436318 -0.05857956
v 0.01261063 0.01408537 -0.05857956
v 0.01246921 0.01422679 -0.05857956
v 0.01250022 0.01394946 -0.05857956
v 0.01233282 0.01405889 -0.05857956
v 0.01242135 0.01379722 -0.05857956
v 0.01223539 0.01387083 -0.05857956
v 0.01237586 0.01363899 -0.05857956
v 0.01217920 0.01367540 -0.05857956
v 0.01237586 0.01363899 -0.03777957
v 0.01242135 0.01379720 -0.03777957
v 0.01250022 0.01394946 -0.03777957
v 0.01261063 0.01408536 -0.03777957
v 0.01274654 0.01419578 -0.03777957
v 0.01289879 0.01427465 -0.03777957
v 0.01305700 0.01432014 -0.03777957
v 0.01321167 0.01433433 -0.03777957
v 0.01336633 0.01432014 -0.03777957
v 0.01352455 0.01427465 -0.03777957
v 0.01367679 0.01419578 -0.03777957
v 0.01381271 0.01408536 -0.03777957
v 0.01392311 0.01394946 -0.03777957
v 0.01400199 0.01379720 -0.03777957
v 0.01404748 0.01363899 -0.03777957
v 0.01405133 0.01361648 -0.04817957
v 0.01401837 0.01375217 -0.04817957
v 0.01396098 0.01388561 -0.04817957
v 0.01387940 0.01401029 -0.04817957
v 0.01377612 0.01411986 -0.04817957
v 0.01365581 0.01420905 -0.04817957
v 0.01352455 0.01427465 -0.04817957
v 0.01338892 0.01431564 -0.04817957
v 0.01321167 0.01433433 -0.04817957
v 0.01303441 0.01431564 -0.04817957
v 0.01285422 0.01425552 -0.04817957
v 0.01268570 0.01415206 -0.04817957
v 0.01254394 0.01401029 -0.04817957
v 0.01244048 0.01384177 -0.04817957
v 0.01238035 0.01366158 -0.04817957
v 0.01217919 -0.01332461 -0.05857956
v 0.01424413 -0.01332461 -0.05857956
v 0.01404747 -0.01336100 -0.05857956
v 0.01418794 -0.01312917 -0.05857956
v 0.01400198 -0.01320279 -0.05857956
v 0.01409050 -0.01294110 -0.05857956
v 0.01392310 -0.01305055 -0.05857956
v 0.01395412 -0.01277321 -0.05857956
v 0.01381270 -0.01291464 -0.05857956
v 0.01378623 -0.01263683 -0.05857956
v 0.01367679 -0.01280423 -0.05857956
v 0.01359816 -0.01253940 -0.05857956
v 0.01352454 -0.01272535 -0.05857956
v 0.01340272 -0.01248320 -0.05857956
v 0.01336633 -0.01267987 -0.05857956
v 0.01321166 -0.01246568 -0.05857956
v 0.01321166 -0.01266567 -0.05857956
v 0.01305699 -0.01267987 -0.05857956
v 0.01302060 -0.01248320 -0.05857956
v 0.01289878 -0.01272535 -0.05857956
v 0.01282516 -0.01253940 -0.05857956
v 0.01274653 -0.01280423 -0.05857956
v 0.01263709 -0.01263683 -0.05857956
v 0.01261062 -0.01291464 -0.05857956
v 0.01246920 -0.01277321 -0.05857956
v 0.01250021 -0.01305055 -0.05857956
v 0.01233281 -0.01294110 -0.05857956
v 0.01242134 -0.01320279 -0.05857956
v 0.01223538 -0.01312917 -0.05857956
v 0.01237585 -0.01336100 -0.05857956
v 0.01237585 -0.01336100 -0.03777957
v 0.01242134 -0.01320279 -0.03777957
v 0.01250021 -0.01305055 -0.03777957
v 0.01261062 -0.01291464 -0.03777957
v 0.01274653 -0.01280423 -0.03777957
v 0.01289878 -0.01272536 -0.03777957
v 0.01305699 -0.01267987 -0.03777957
v 0.01321166 -0.01266568 -0.03777957
v 0.01336633 -0.01267987 -0.03777957
v 0.01352454 -0.01272536 -0.03777957
v 0.01367679 -0.01280423 -0.03777957
v 0.01381270 -0.01291464 -0.03777957
v 0.01392310 -0.01305055 -0.03777957
v 0.01400198 -0.01320279 -0.03777957
v 0.01404747 -0.01336102 -0.03777957
v 0.01405132 -0.01338352 -0.04817957
v 0.01401836 -0.01324784 -0.04817957
v 0.01396098 -0.01311440 -0.04817957
v 0.01387939 -0.01298971 -0.04817957
v 0.01377611 -0.01288015 -0.04817957
v 0.01365580 -0.01279094 -0.04817957
v 0.01352454 -0.01272536 -0.04817957
v 0.01338891 -0.01268437 -0.04817957
v 0.01321166 -0.01266568 -0.04817957
v 0.01303440 -0.01268437 -0.04817957
v 0.01285422 -0.01274448 -0.04817957
v 0.01268570 -0.01284795 -0.04817957
v 0.01254393 -0.01298971 -0.04817957
v 0.01244047 -0.01315824 -0.04817957
v 0.01238034 -0.01333843 -0.04817957
v 0.01717518 0.00045077 -0.06807956
v 0.01715489 0.00056102 -0.06957954
v 0.01715669 0.00055603 -0.06657955
v 0.01705884 0.00092964 -0.06807956
v 0.01698659 0.00112440 -0.06657955
v 0.01685631 0.00140060 -0.06807956
v 0.01670355 0.00165481 -0.06657955
v 0.01656836 0.00184067 -0.06807956
v 0.01632328 0.00211530 -0.06657955
v 0.01620386 0.00222736 -0.06807956
v 0.01587228 0.00248281 -0.06657955
v 0.01577922 0.00254222 -0.06807956
v 0.01537063 0.00275142 -0.06657955
v 0.01531595 0.00277369 -0.06807956
v 0.01480852 0.00292436 -0.06657955
v 0.01483727 0.00291837 -0.06807956
v 0.01421166 0.00298432 -0.06807956
v 0.01478836 0.00292755 -0.06957957
v 0.01358606 0.00291837 -0.06807956
v 0.01295010 0.00270618 -0.06807956
v 0.01235532 0.00234102 -0.06807956
v 0.01185497 0.00184067 -0.06807956
v 0.01148981 0.00124589 -0.06807956
v 0.01127762 0.00060994 -0.06807956
v 0.01126664 0.00055604 -0.06657955
v 0.01421167 0.00298432 -0.06657955
v 0.01361481 0.00292436 -0.06657955
v 0.01305270 0.00275142 -0.06657955
v 0.01255105 0.00248281 -0.06657955
v 0.01210005 0.00211532 -0.06657955
v 0.01171978 0.00165481 -0.06657955
v 0.01143674 0.00112440 -0.06657955
v 0.01535971 0.00275596 -0.06957957
v 0.01588506 0.00247329 -0.06957957
v 0.01633299 0.00210564 -0.06957957
v 0.01670062 0.00165772 -0.06957957
v 0.01698330 0.00113238 -0.06957957
v -0.01578834 -0.01201566 -0.06657958
v -0.01453080 -0.01277319 -0.06657958
v -0.01602790 -0.01240463 -0.06657958
v -0.01436291 -0.01263682 -0.06657958
v -0.01417484 -0.01253938 -0.06657958
v -0.01466719 -0.01294109 -0.06657958
v -0.01620006 -0.01285718 -0.06657958
v -0.01476462 -0.01312917 -0.06657958
v -0.01482081 -0.01332460 -0.06657958
v -0.01628315 -0.01335459 -0.06657958
v -0.01626322 -0.01386922 -0.06657958
v -0.01613825 -0.01436884 -0.06657958
v -0.01591921 -0.01482310 -0.06657958
v -0.01562723 -0.01520933 -0.06657958
v -0.01528834 -0.01551566 -0.06657958
v -0.01489937 -0.01575522 -0.06657958
v -0.01444684 -0.01592738 -0.06657958
v -0.01394942 -0.01601047 -0.06657958
v -0.01343479 -0.01599053 -0.06657958
v -0.01293517 -0.01586557 -0.06657958
v -0.01248091 -0.01564654 -0.06657958
v -0.01209468 -0.01535455 -0.06657958
v -0.01178834 -0.01501567 -0.06657958
v -0.01275587 -0.01332460 -0.06657958
v -0.01281206 -0.01312917 -0.06657958
v 0.00396166 -0.01456567 -0.06657958
v -0.01290950 -0.01294109 -0.06657958
v -0.01304588 -0.01277321 -0.06657958
v 0.00396166 -0.00001567 -0.06657958
v -0.01321377 -0.01263682 -0.06657958
v -0.01340184 -0.01253938 -0.06657958
v -0.01359728 -0.01248319 -0.06657958
v -0.01378834 -0.01246566 -0.06657958
v -0.01397940 -0.01248319 -0.06657958
v 0.01121166 -0.01501567 -0.06657958
v 0.01217919 -0.01332461 -0.06657958
v 0.01223538 -0.01312917 -0.06657958
v 0.01160774 -0.01543333 -0.06657958
v 0.01210339 -0.01575660 -0.06657958
v 0.01266113 -0.01595430 -0.06657958
v 0.01323347 -0.01601558 -0.06657958
v 0.01380465 -0.01594433 -0.06657958
v 0.01435886 -0.01573692 -0.06657958
v 0.01484879 -0.01540507 -0.06657958
v 0.01523753 -0.01498055 -0.06657958
v 0.01790411 -0.01455411 -0.06657958
v 0.01424413 -0.01332461 -0.06657958
v 0.01418794 -0.01312917 -0.06657958
v 0.01409050 -0.01294110 -0.06657958
v 0.02049230 -0.01363748 -0.06657958
v 0.01395412 -0.01277321 -0.06657958
v 0.01378623 -0.01263683 -0.06657958
v 0.02287005 -0.01226444 -0.06657958
v 0.02521166 -0.00981363 -0.06657958
v 0.02521167 0.00978229 -0.06657955
v 0.02287006 0.01223308 -0.06657955
v 0.02049231 0.01360614 -0.06657955
v 0.01790412 0.01452275 -0.06657955
v 0.01523753 0.01494921 -0.06657955
v 0.01424414 0.01367540 -0.06657955
v 0.01418795 0.01387083 -0.06657955
v 0.01409051 0.01405889 -0.06657955
v 0.01395413 0.01422679 -0.06657955
v 0.01378624 0.01436318 -0.06657955
v 0.01484880 0.01537373 -0.06657955
v 0.01359817 0.01446060 -0.06657955
v 0.01435887 0.01570558 -0.06657955
v 0.01340273 0.01451681 -0.06657955
v 0.01380466 0.01591299 -0.06657955
v 0.01321167 0.01453433 -0.06657955
v 0.01323348 0.01598423 -0.06657955
v 0.01266113 0.01592295 -0.06657955
v 0.02492595 -0.01051349 -0.06657958
v 0.02519329 -0.01000442 -0.06657958
v 0.02513748 -0.01019160 -0.06657958
v 0.02504635 -0.01036436 -0.06657958
v 0.02492595 0.01048214 -0.06657955
v 0.02519330 0.00997307 -0.06657955
v 0.02513749 0.01016024 -0.06657955
v 0.02504636 0.01033301 -0.06657955
v 0.01302061 0.01451681 -0.06657955
v 0.01210340 0.01572526 -0.06657955
v 0.01282517 0.01446060 -0.06657955
v 0.01160775 0.01540200 -0.06657955
v 0.01263710 0.01436318 -0.06657955
v 0.01121167 0.01498433 -0.06657955
v 0.01246921 0.01422679 -0.06657955
v 0.01233282 0.01405889 -0.06657955
v 0.01223539 0.01387083 -0.06657955
v 0.01217920 0.01367540 -0.06657955
v 0.00396167 0.01241811 -0.06657955
v 0.00396167 0.01102484 -0.06657955
v 0.00396167 0.01496387 -0.06657955
v -0.01178833 0.01498433 -0.06657955
v -0.01182172 0.01384827 -0.06657955
v -0.01192876 0.01422053 -0.06657955
v -0.01211434 0.01457875 -0.06657955
v -0.01237412 0.01489855 -0.06657955
v -0.01209467 0.01532323 -0.06657955
v -0.01269391 0.01515833 -0.06657955
v -0.01248090 0.01561522 -0.06657955
v -0.01305214 0.01534391 -0.06657955
v -0.01293516 0.01583425 -0.06657955
v -0.01342441 0.01545095 -0.06657955
v -0.01343478 0.01595921 -0.06657955
v -0.01378833 0.01548434 -0.06657955
v -0.01394941 0.01597915 -0.06657955
v -0.01415226 0.01545095 -0.06657955
v -0.01444682 0.01589606 -0.06657955
v -0.01452452 0.01534391 -0.06657955
v -0.01489936 0.01572389 -0.06657955
v -0.01488275 0.01515833 -0.06657955
v -0.01528833 0.01548434 -0.06657955
v -0.01562722 0.01517800 -0.06657955
v -0.01520254 0.01489855 -0.06657955
v -0.01591921 0.01479178 -0.06657955
v -0.01546233 0.01457877 -0.06657955
v -0.01613825 0.01433752 -0.06657955
v -0.01564791 0.01422053 -0.06657955
v -0.01575495 0.01384827 -0.06657955
v -0.01626321 0.01383790 -0.06657955
v -0.01628314 0.01332327 -0.06657955
v -0.01620005 0.01282585 -0.06657955
v -0.01602789 0.01237330 -0.06657955
v -0.01578833 0.01198434 -0.06657955
v 0.01359816 -0.01253940 -0.06657958
v 0.01340272 -0.01248320 -0.06657958
v 0.01321166 -0.01246568 -0.06657958
v 0.01302060 -0.01248320 -0.06657958
v 0.01282516 -0.01253940 -0.06657958
v 0.01263709 -0.01263683 -0.06657958
v 0.01246920 -0.01277321 -0.06657958
v 0.01233281 -0.01294110 -0.06657958
v -0.01330780 0.01203703 -0.06590456
v -0.01284469 0.01228636 -0.06590456
v -0.01248807 0.01268750 -0.06590456
v -0.01229686 0.01316631 -0.06590456
v -0.01226333 0.01348434 -0.06590456
v -0.01275586 0.01367540 -0.06542957
v -0.01229686 0.01380236 -0.06590456
v -0.01281206 0.01387084 -0.06542957
v -0.01240472 0.01412564 -0.06590456
v -0.01290949 0.01405891 -0.06542957
v -0.01259035 0.01442798 -0.06590456
v -0.01304587 0.01422680 -0.06542957
v -0.01284469 0.01468233 -0.06590456
v -0.01321376 0.01436318 -0.06542957
v -0.01314704 0.01486794 -0.06590456
v -0.01340184 0.01446061 -0.06542957
v -0.01347032 0.01497581 -0.06590456
v -0.01359727 0.01451681 -0.06542957
v -0.01342441 0.01545095 -0.06637958
v -0.01182172 0.01384827 -0.06637958
v -0.01192876 0.01422053 -0.06637958
v -0.01211434 0.01457875 -0.06637958
v -0.01237412 0.01489855 -0.06637958
v -0.01269391 0.01515833 -0.06637958
v -0.01305214 0.01534391 -0.06637958
v -0.01181266 0.01379529 -0.06647956
v -0.01189022 0.01411455 -0.06647956
v -0.01202524 0.01442852 -0.06647956
v -0.01221721 0.01472189 -0.06647956
v -0.01246020 0.01497968 -0.06647956
v -0.01274330 0.01518959 -0.06647956
v -0.01305214 0.01534391 -0.06647956
v -0.01337126 0.01544037 -0.06647956
v -0.01378833 0.01548434 -0.06647956
v -0.01420540 0.01544037 -0.06647956
v -0.01462937 0.01529891 -0.06647956
v -0.01502589 0.01505547 -0.06647956
v -0.01535946 0.01472191 -0.06647956
v -0.01560290 0.01432539 -0.06647956
v -0.01574436 0.01390140 -0.06647956
v -0.01482557 -0.01335242 -0.06257957
v -0.01478485 -0.01318481 -0.06257957
v -0.01471397 -0.01301997 -0.06257957
v -0.01461318 -0.01286594 -0.06257957
v -0.01448561 -0.01273061 -0.06257957
v -0.01433698 -0.01262040 -0.06257957
v -0.01417484 -0.01253938 -0.06257957
v -0.01400730 -0.01248875 -0.06257957
v -0.01378834 -0.01246566 -0.06257957
v -0.01356938 -0.01248875 -0.06257957
v -0.01334679 -0.01256301 -0.06257957
v -0.01313862 -0.01269082 -0.06257957
v -0.01296350 -0.01286594 -0.06257957
v -0.01283569 -0.01307412 -0.06257957
v -0.01276143 -0.01329670 -0.06257957
v 0.01217443 -0.01335242 -0.06257957
v 0.01221515 -0.01318481 -0.06257957
v 0.01228603 -0.01301997 -0.06257957
v 0.01238682 -0.01286595 -0.06257957
v 0.01251439 -0.01273062 -0.06257957
v 0.01266302 -0.01262041 -0.06257957
v 0.01282516 -0.01253940 -0.06257957
v 0.01299270 -0.01248876 -0.06257957
v 0.01321166 -0.01246568 -0.06257957
v 0.01343062 -0.01248876 -0.06257957
v 0.01365321 -0.01256303 -0.06257957
v 0.01386138 -0.01269084 -0.06257957
v 0.01403650 -0.01286595 -0.06257957
v 0.01416431 -0.01307412 -0.06257957
v 0.01423858 -0.01329672 -0.06257957
v 0.01217444 0.01364758 -0.06257957
v 0.01221516 0.01381519 -0.06257957
v 0.01228604 0.01398002 -0.06257957
v 0.01238682 0.01413406 -0.06257957
v 0.01251440 0.01426939 -0.06257957
v 0.01266303 0.01437960 -0.06257957
v 0.01282517 0.01446060 -0.06257957
v 0.01299271 0.01451125 -0.06257957
v 0.01321167 0.01453433 -0.06257957
v 0.01343063 0.01451125 -0.06257957
v 0.01365322 0.01443698 -0.06257957
v 0.01386139 0.01430917 -0.06257957
v 0.01403651 0.01413404 -0.06257957
v 0.01416432 0.01392587 -0.06257957
v 0.01423858 0.01370329 -0.06257957
v 0.01501258 -0.01524965 -0.06606951
v 0.01513100 -0.01511759 -0.06631982
v 0.01466971 -0.01554553 -0.06550640
v 0.01450730 -0.01565374 -0.06557956
v 0.01421166 -0.01580697 -0.06499699
v 0.01404710 -0.01587195 -0.06557956
v 0.01397171 -0.01589734 -0.06481624
v 0.01372243 -0.01596294 -0.06468505
v 0.01355912 -0.01599141 -0.06557956
v 0.01346773 -0.01600253 -0.06460586
v 0.01290744 -0.01599709 -0.06557956
v 0.01292932 -0.01599968 -0.06461155
v 0.01264496 -0.01595060 -0.06470972
v 0.01257941 -0.01593440 -0.06557956
v 0.01236440 -0.01586773 -0.06487545
v 0.01225840 -0.01582680 -0.06557956
v 0.01209362 -0.01575174 -0.06510743
v 0.01195351 -0.01567602 -0.06557956
v 0.01160374 -0.01542998 -0.06575096
v -0.01605587 -0.01246289 -0.06604451
v -0.01615492 -0.01270988 -0.06584641
v -0.01622750 -0.01296748 -0.06570125
v -0.01627212 -0.01323136 -0.06561202
v -0.01628827 -0.01349697 -0.06557971
v -0.01627639 -0.01375982 -0.06560346
v -0.01623783 -0.01401567 -0.06568059
v -0.01617724 -0.01425191 -0.06576109
v -0.01608789 -0.01449653 -0.06580827
v -0.01597147 -0.01473329 -0.06581104
v -0.01583745 -0.01494785 -0.06577271
v -0.01560600 -0.01523181 -0.06564802
v -0.01534444 -0.01547233 -0.06546116
v -0.01528834 -0.01551566 -0.06557956
v -0.01478834 -0.01580695 -0.06499699
v -0.01483830 -0.01578450 -0.06557956
v -0.01444684 -0.01592738 -0.06557956
v -0.01402225 -0.01600469 -0.06557956
v -0.01358173 -0.01600710 -0.06557956
v -0.01314539 -0.01593157 -0.06557956
v -0.01273338 -0.01578217 -0.06557956
v -0.01236288 -0.01556946 -0.06557956
v -0.01218042 -0.01542998 -0.06575096
v -0.01454839 -0.01589733 -0.06481624
v -0.01429912 -0.01596292 -0.06468505
v -0.01404441 -0.01600252 -0.06460586
v -0.01350600 -0.01599967 -0.06461155
v -0.01322165 -0.01595058 -0.06470972
v -0.01294109 -0.01586772 -0.06487545
v -0.01267031 -0.01575173 -0.06510743
v -0.01623783 0.01398434 -0.06568059
v -0.01627638 0.01372849 -0.06560346
v -0.01617723 0.01422059 -0.06576109
v -0.01608788 0.01446520 -0.06580824
v -0.01597146 0.01470197 -0.06581101
v -0.01583743 0.01491653 -0.06577271
v -0.01560599 0.01520047 -0.06564802
v -0.01528833 0.01548434 -0.06557956
v -0.01483828 0.01575317 -0.06557956
v -0.01430822 0.01592969 -0.06557956
v -0.01372912 0.01598363 -0.06557956
v -0.01314537 0.01590024 -0.06557956
v -0.01260455 0.01568631 -0.06557956
v -0.01218041 0.01539866 -0.06575093
v -0.01628826 0.01346565 -0.06557971
v -0.01627212 0.01320004 -0.06561199
v -0.01622749 0.01293615 -0.06570125
v -0.01615492 0.01267854 -0.06584641
v -0.01605586 0.01243157 -0.06604451
v -0.01267030 0.01572040 -0.06510743
v -0.01294108 0.01583639 -0.06487545
v -0.01322163 0.01591926 -0.06470972
v -0.01350599 0.01596834 -0.06461155
v -0.01404440 0.01597119 -0.06460586
v -0.01429911 0.01593160 -0.06468505
v -0.01454838 0.01586600 -0.06481624
v -0.01478833 0.01577563 -0.06499699
v -0.01534443 0.01544101 -0.06546116
v 0.01421167 0.01577561 -0.06499699
v 0.01420510 0.01577847 -0.06557956
v 0.01397172 0.01586599 -0.06481624
v 0.01450731 0.01562238 -0.06557956
v 0.01466971 0.01551419 -0.06550640
v 0.01501259 0.01521831 -0.06606951
v 0.01513101 0.01508626 -0.06631982
v 0.01388601 0.01589166 -0.06557956
v 0.01372244 0.01593160 -0.06468502
v 0.01355913 0.01596007 -0.06557956
v 0.01346773 0.01597117 -0.06460586
v 0.01290745 0.01596575 -0.06557956
v 0.01292933 0.01596833 -0.06461155
v 0.01264497 0.01591924 -0.06470972
v 0.01241747 0.01585483 -0.06557956
v 0.01236441 0.01583638 -0.06487545
v 0.01209364 0.01572040 -0.06510743
v 0.01195352 0.01564468 -0.06557956
v 0.01160375 0.01539864 -0.06575093
v 0.02571167 0.00978229 -0.06557956
v 0.02568412 0.01006847 -0.06557956
v 0.02560040 0.01034924 -0.06557956
v 0.02546370 0.01060837 -0.06557956
v 0.02528310 0.01083206 -0.06557956
v 0.01572399 0.01541037 -0.06557956
v 0.01724415 0.01518480 -0.06557956
v 0.01874933 0.01480525 -0.06557956
v 0.02021625 0.01427401 -0.06557956
v 0.02162234 0.01359800 -0.06557956
v 0.02417187 0.01186054 -0.06557956
v 0.02294685 0.01278850 -0.06557956
v 0.02571166 -0.00001567 -0.06557956
v 0.02571166 -0.00981363 -0.06557956
v 0.02546369 -0.01063972 -0.06557956
v 0.02528309 -0.01086342 -0.06557956
v 0.02560039 -0.01038059 -0.06557956
v 0.02568411 -0.01009981 -0.06557956
v -0.01644867 0.01429159 -0.06520250
v -0.01635831 0.01460587 -0.06520250
v -0.01620163 0.01490832 -0.06520250
v -0.01598230 0.01517831 -0.06520250
v -0.01571231 0.01539763 -0.06520250
v -0.01540987 0.01555432 -0.06520250
v -0.01509558 0.01564468 -0.06520250
v 0.01572398 -0.01544172 -0.06557956
v 0.01724414 -0.01521614 -0.06557956
v 0.01874932 -0.01483659 -0.06557956
v 0.02021624 -0.01430536 -0.06557956
v 0.02162233 -0.01362934 -0.06557956
v 0.02294684 -0.01281983 -0.06557956
v 0.02417186 -0.01189189 -0.06557956
v -0.01628834 -0.00001565 -0.06557956
v -0.01509559 -0.01567600 -0.06520250
v -0.01540988 -0.01558564 -0.06520250
v -0.01571232 -0.01542895 -0.06520250
v -0.01598231 -0.01520964 -0.06520250
v -0.01620164 -0.01493964 -0.06520250
v -0.01635832 -0.01463720 -0.06520250
v -0.01644868 -0.01432292 -0.06520250
v -0.00028833 0.01548434 -0.06557956
v -0.00028834 -0.01551566 -0.06557956
v -0.01482556 0.01364759 -0.06200457
v -0.01478484 0.01381520 -0.06200457
v -0.01471396 0.01398004 -0.06200457
v -0.01461318 0.01413406 -0.06200457
v -0.01448560 0.01426940 -0.06200457
v -0.01433698 0.01437960 -0.06200457
v -0.01417483 0.01446061 -0.06200457
v -0.01400730 0.01451125 -0.06200457
v -0.01378833 0.01453433 -0.06200457
v -0.01356937 0.01451125 -0.06200457
v -0.01334679 0.01443698 -0.06200457
v -0.01313861 0.01430917 -0.06200457
v -0.01296349 0.01413406 -0.06200457
v -0.01283569 0.01392589 -0.06200457
v -0.01276142 0.01370329 -0.06200457
v 0.01507819 0.00259422 -0.06982958
v 0.01591331 0.00214461 -0.06982958
v 0.01655639 0.00142123 -0.06982955
v 0.01690120 0.00055779 -0.06982955
v 0.01696166 -0.00001568 -0.06982955
v 0.01690120 -0.00058916 -0.06982955
v 0.01670669 -0.00117210 -0.06982955
v 0.01637196 -0.00171732 -0.06982955
v 0.01591330 -0.00217598 -0.06982955
v 0.01536809 -0.00251071 -0.06982955
v 0.01478513 -0.00270523 -0.06982955
v 0.01464393 -0.00247801 -0.07007957
v 0.01472178 0.00243173 -0.07007957
v 0.01522081 0.00227160 -0.07007957
v 0.01567549 0.00201095 -0.07007957
v 0.01605822 0.00166962 -0.07007957
v 0.01636325 0.00125738 -0.07007957
v 0.01658138 0.00078083 -0.07007957
v 0.01669536 0.00026928 -0.07007957
v 0.01670125 -0.00024351 -0.07007957
v 0.01662436 -0.00067055 -0.07007957
v 0.01646489 -0.00109869 -0.07007957
v 0.01622023 -0.00150418 -0.07007957
v 0.01589695 -0.00186224 -0.07007957
v 0.01551092 -0.00215153 -0.07007957
v 0.01508483 -0.00235822 -0.07007957
v 0.01297686 0.00017869 -0.06557956
v 0.01298253 0.00021178 -0.07007957
v 0.01298253 0.00021178 -0.06107956
v 0.01302534 0.00037821 -0.06557956
v 0.01304943 0.00044445 -0.06107956
v 0.01310972 0.00057445 -0.06557956
v 0.01316542 0.00066834 -0.06107956
v 0.01322971 0.00075780 -0.06557956
v 0.01332778 0.00086821 -0.06107956
v 0.01338158 0.00091893 -0.06557956
v 0.01352765 0.00103057 -0.06107956
v 0.01355852 0.00105012 -0.06557956
v 0.01375154 0.00114656 -0.06107956
v 0.01375154 0.00114656 -0.06557956
v 0.01395099 0.00120685 -0.06557956
v 0.01375154 0.00114656 -0.07007957
v 0.01398421 0.00121347 -0.07007957
v 0.01421166 0.00123433 -0.06557956
v 0.01421166 0.00123433 -0.07007957
v 0.01443912 0.00121347 -0.07007957
v 0.01447233 0.00120685 -0.06557956
v 0.01467178 0.00114656 -0.07007957
v 0.01473731 0.00111843 -0.06557956
v 0.01489567 0.00103057 -0.07007957
v 0.01498514 0.00096629 -0.06557956
v 0.01509555 0.00086821 -0.07007957
v 0.01519362 0.00075780 -0.06557956
v 0.01525791 0.00066834 -0.07007957
v 0.01534577 0.00050998 -0.06557956
v 0.01537390 0.00044445 -0.07007957
v 0.01543418 0.00024500 -0.06557956
v 0.01544079 0.00021178 -0.07007957
v 0.01544079 0.00021178 -0.06107956
v 0.01398421 0.00121347 -0.06107956
v 0.01421166 0.00123433 -0.06107956
v 0.01443912 0.00121347 -0.06107956
v 0.01467178 0.00114656 -0.06107956
v 0.01489567 0.00103057 -0.06107956
v 0.01509554 0.00086821 -0.06107956
v 0.01525791 0.00066834 -0.06107956
v 0.01537390 0.00044445 -0.06107956
v 0.01352765 0.00103057 -0.07007957
v 0.01332778 0.00086821 -0.07007957
v 0.01316542 0.00066834 -0.07007957
v 0.01304943 0.00044445 -0.07007957
v 0.01421166 -0.00001567 -0.06107956
f 1 2 3
f 4 2 1
f 5 4 1
f 6 4 5
f 7 6 5
f 8 6 7
f 9 8 7
f 10 8 9
f 11 10 9
f 12 10 11
f 13 12 11
f 14 12 13
f 15 14 13
f 16 14 15
f 17 16 15
f 18 16 17
f 19 16 18
f 20 19 18
f 21 19 20
f 22 21 20
f 23 21 22
f 24 23 22
f 4 25 2
f 26 25 4
f 6 26 4
f 27 26 6
f 8 27 6
f 28 27 8
f 10 28 8
f 29 28 10
f 12 29 10
f 30 29 12
f 14 30 12
f 31 30 14
f 16 31 14
f 32 31 16
f 33 32 16
f 19 33 16
f 23 33 19
f 21 23 19
f 34 24 22
f 35 24 34
f 36 35 34
f 37 35 36
f 38 37 36
f 39 37 38
f 40 39 38
f 41 39 40
f 42 41 40
f 43 41 42
f 44 43 42
f 42 45 44
f 40 45 42
f 40 46 45
f 38 46 40
f 38 47 46
f 36 47 38
f 36 48 47
f 34 48 36
f 34 49 48
f 22 49 34
f 22 20 49
f 50 51 52
f 53 51 50
f 54 53 50
f 55 53 54
f 56 55 54
f 57 55 56
f 58 57 56
f 59 57 58
f 60 59 58
f 61 59 60
f 62 61 60
f 63 61 62
f 64 63 62
f 65 63 64
f 66 65 64
f 67 65 66
f 68 65 67
f 69 68 67
f 70 68 69
f 71 70 69
f 72 70 71
f 73 70 72
f 74 73 72
f 75 73 74
f 76 75 74
f 77 75 76
f 78 75 77
f 79 75 78
f 80 79 78
f 53 81 51
f 82 81 53
f 55 82 53
f 83 82 55
f 57 83 55
f 84 83 57
f 59 84 57
f 85 84 59
f 61 85 59
f 86 85 61
f 63 86 61
f 87 86 63
f 65 87 63
f 88 87 65
f 89 88 65
f 68 89 65
f 90 89 68
f 91 90 68
f 70 91 68
f 92 91 70
f 93 92 70
f 73 93 70
f 94 93 73
f 95 94 73
f 75 95 73
f 96 95 75
f 79 96 75
f 97 98 99
f 100 98 97
f 101 100 97
f 102 100 101
f 103 102 101
f 104 102 103
f 105 104 103
f 106 104 105
f 107 106 105
f 108 106 107
f 109 108 107
f 110 108 109
f 111 110 109
f 112 110 111
f 113 112 111
f 114 112 113
f 115 112 114
f 116 115 114
f 117 115 116
f 118 117 116
f 119 117 118
f 120 119 118
f 100 121 98
f 122 121 100
f 102 122 100
f 123 122 102
f 104 123 102
f 124 123 104
f 106 124 104
f 125 124 106
f 108 125 106
f 126 125 108
f 110 126 108
f 127 126 110
f 112 127 110
f 128 127 112
f 129 128 112
f 115 129 112
f 119 129 115
f 117 119 115
f 130 120 118
f 131 120 130
f 132 131 130
f 133 131 132
f 134 133 132
f 135 133 134
f 136 135 134
f 137 135 136
f 138 137 136
f 139 137 138
f 140 139 138
f 138 141 140
f 136 141 138
f 136 142 141
f 134 142 136
f 134 143 142
f 132 143 134
f 132 144 143
f 130 144 132
f 130 145 144
f 118 145 130
f 118 116 145
f 146 147 148
f 149 147 146
f 150 149 146
f 151 149 150
f 152 151 150
f 153 151 152
f 154 153 152
f 155 153 154
f 156 155 154
f 157 155 156
f 158 157 156
f 159 157 158
f 160 159 158
f 161 159 160
f 162 161 160
f 163 161 162
f 164 161 163
f 165 164 163
f 166 164 165
f 167 166 165
f 168 166 167
f 169 168 167
f 149 170 147
f 171 170 149
f 151 171 149
f 172 171 151
f 153 172 151
f 173 172 153
f 155 173 153
f 174 173 155
f 157 174 155
f 175 174 157
f 159 175 157
f 176 175 159
f 161 176 159
f 177 176 161
f 178 177 161
f 164 178 161
f 168 178 164
f 166 168 164
f 179 169 167
f 180 169 179
f 181 180 179
f 182 180 181
f 183 182 181
f 184 182 183
f 185 184 183
f 186 184 185
f 187 186 185
f 188 186 187
f 189 188 187
f 187 190 189
f 185 190 187
f 185 191 190
f 183 191 185
f 183 192 191
f 181 192 183
f 181 193 192
f 179 193 181
f 179 194 193
f 167 194 179
f 167 165 194
f 195 196 197
f 198 196 195
f 199 198 195
f 200 198 199
f 201 200 199
f 202 200 201
f 203 202 201
f 204 202 203
f 205 204 203
f 206 204 205
f 207 206 205
f 208 206 207
f 209 208 207
f 210 208 209
f 211 210 209
f 212 210 211
f 213 210 212
f 214 213 212
f 215 213 214
f 216 215 214
f 217 215 216
f 218 217 216
f 198 219 196
f 220 219 198
f 200 220 198
f 221 220 200
f 202 221 200
f 222 221 202
f 204 222 202
f 223 222 204
f 206 223 204
f 224 223 206
f 208 224 206
f 225 224 208
f 210 225 208
f 226 225 210
f 227 226 210
f 213 227 210
f 217 227 213
f 215 217 213
f 228 218 216
f 229 218 228
f 230 229 228
f 231 229 230
f 232 231 230
f 233 231 232
f 234 233 232
f 235 233 234
f 236 235 234
f 237 235 236
f 238 237 236
f 236 239 238
f 234 239 236
f 234 240 239
f 232 240 234
f 232 241 240
f 230 241 232
f 230 242 241
f 228 242 230
f 228 243 242
f 216 243 228
f 216 214 243
f 244 245 246
f 247 245 244
f 248 247 244
f 249 247 248
f 250 249 248
f 251 249 250
f 252 251 250
f 253 251 252
f 254 253 252
f 255 253 254
f 256 255 254
f 257 255 256
f 258 257 256
f 259 257 258
f 260 259 258
f 261 259 260
f 262 259 261
f 263 262 261
f 264 262 263
f 265 264 263
f 266 264 265
f 267 266 265
f 247 268 245
f 269 268 247
f 249 269 247
f 270 269 249
f 251 270 249
f 271 270 251
f 253 271 251
f 272 271 253
f 255 272 253
f 273 272 255
f 257 273 255
f 274 273 257
f 259 274 257
f 275 274 259
f 276 275 259
f 262 276 259
f 266 276 262
f 264 266 262
f 277 267 265
f 278 267 277
f 279 278 277
f 280 278 279
f 281 280 279
f 282 280 281
f 283 282 281
f 284 282 283
f 285 284 283
f 286 284 285
f 287 286 285
f 285 288 287
f 283 288 285
f 283 289 288
f 281 289 283
f 281 290 289
f 279 290 281
f 279 291 290
f 277 291 279
f 277 292 291
f 265 292 277
f 265 263 292
f 293 294 295
f 296 294 293
f 297 296 293
f 298 296 297
f 299 298 297
f 300 298 299
f 301 300 299
f 302 300 301
f 303 302 301
f 304 302 303
f 305 304 303
f 306 304 305
f 307 306 305
f 308 306 307
f 309 308 307
f 310 308 309
f 311 308 310
f 312 311 310
f 313 311 312
f 314 313 312
f 315 313 314
f 316 315 314
f 296 317 294
f 318 317 296
f 298 318 296
f 319 318 298
f 300 319 298
f 320 319 300
f 302 320 300
f 321 320 302
f 304 321 302
f 322 321 304
f 306 322 304
f 323 322 306
f 308 323 306
f 324 323 308
f 325 324 308
f 311 325 308
f 315 325 311
f 313 315 311
f 326 316 314
f 327 316 326
f 328 327 326
f 329 327 328
f 330 329 328
f 331 329 330
f 332 331 330
f 333 331 332
f 334 333 332
f 335 333 334
f 336 335 334
f 334 337 336
f 332 337 334
f 332 338 337
f 330 338 332
f 330 339 338
f 328 339 330
f 328 340 339
f 326 340 328
f 326 341 340
f 314 341 326
f 314 312 341
f 325 128 324
f 342 128 325
f 315 342 325
f 343 342 315
f 316 343 315
f 344 343 316
f 327 344 316
f 345 344 327
f 329 345 327
f 346 345 329
f 331 346 329
f 347 346 331
f 333 347 331
f 348 347 333
f 335 348 333
f 349 348 335
f 350 348 349
f 351 350 349
f 352 350 351
f 353 352 351
f 354 352 353
f 355 352 354
f 356 355 354
f 357 355 356
f 358 357 356
f 359 357 358
f 360 357 359
f 361 357 360
f 362 361 360
f 342 127 128
f 126 127 342
f 343 126 342
f 125 126 343
f 344 125 343
f 124 125 344
f 345 124 344
f 123 124 345
f 346 123 345
f 122 123 346
f 347 122 346
f 121 122 347
f 348 121 347
f 98 121 348
f 363 98 348
f 350 363 348
f 364 363 350
f 352 364 350
f 365 364 352
f 366 365 352
f 355 366 352
f 367 366 355
f 357 367 355
f 368 367 357
f 361 368 357
f 369 370 371
f 372 370 369
f 373 372 369
f 374 372 373
f 375 374 373
f 376 374 375
f 377 376 375
f 378 376 377
f 379 378 377
f 380 378 379
f 381 380 379
f 382 380 381
f 383 382 381
f 384 382 383
f 385 384 383
f 386 384 385
f 387 384 386
f 388 387 386
f 389 387 388
f 390 389 388
f 96 389 390
f 95 96 390
f 372 391 370
f 392 391 372
f 374 392 372
f 393 392 374
f 376 393 374
f 394 393 376
f 378 394 376
f 395 394 378
f 380 395 378
f 396 395 380
f 382 396 380
f 397 396 382
f 384 397 382
f 80 397 384
f 79 80 384
f 387 79 384
f 96 79 387
f 389 96 387
f 390 94 95
f 398 94 390
f 399 398 390
f 400 398 399
f 401 398 400
f 402 401 400
f 403 401 402
f 404 403 402
f 405 403 404
f 406 405 404
f 407 405 406
f 408 407 406
f 89 407 408
f 88 89 408
f 398 93 94
f 401 93 398
f 401 92 93
f 403 92 401
f 403 91 92
f 405 91 403
f 405 90 91
f 407 90 405
f 407 89 90
f 390 388 399
f 409 410 411
f 412 410 409
f 413 412 409
f 414 412 413
f 415 414 413
f 416 414 415
f 417 416 415
f 418 416 417
f 419 418 417
f 420 418 419
f 421 420 419
f 422 420 421
f 423 422 421
f 424 422 423
f 425 424 423
f 426 424 425
f 427 424 426
f 428 427 426
f 429 427 428
f 430 429 428
f 431 429 430
f 432 431 430
f 412 433 410
f 434 433 412
f 414 434 412
f 435 434 414
f 416 435 414
f 436 435 416
f 418 436 416
f 437 436 418
f 420 437 418
f 438 437 420
f 422 438 420
f 439 438 422
f 424 439 422
f 440 439 424
f 441 440 424
f 427 441 424
f 431 441 427
f 429 431 427
f 442 432 430
f 443 432 442
f 444 443 442
f 445 443 444
f 446 445 444
f 447 445 446
f 448 447 446
f 449 447 448
f 450 449 448
f 451 449 450
f 452 451 450
f 450 453 452
f 448 453 450
f 448 454 453
f 446 454 448
f 446 455 454
f 444 455 446
f 444 456 455
f 442 456 444
f 442 457 456
f 430 457 442
f 430 428 457
f 458 459 460
f 461 459 458
f 462 461 458
f 463 461 462
f 464 463 462
f 465 463 464
f 466 465 464
f 467 465 466
f 468 467 466
f 469 467 468
f 470 469 468
f 471 469 470
f 472 471 470
f 473 471 472
f 474 473 472
f 475 473 474
f 476 473 475
f 477 476 475
f 478 476 477
f 479 478 477
f 480 478 479
f 481 480 479
f 461 482 459
f 483 482 461
f 463 483 461
f 484 483 463
f 465 484 463
f 485 484 465
f 467 485 465
f 486 485 467
f 469 486 467
f 487 486 469
f 471 487 469
f 488 487 471
f 473 488 471
f 489 488 473
f 490 489 473
f 476 490 473
f 480 490 476
f 478 480 476
f 491 481 479
f 492 481 491
f 493 492 491
f 494 492 493
f 495 494 493
f 496 494 495
f 497 496 495
f 498 496 497
f 499 498 497
f 500 498 499
f 501 500 499
f 499 502 501
f 497 502 499
f 497 503 502
f 495 503 497
f 495 504 503
f 493 504 495
f 493 505 504
f 491 505 493
f 491 506 505
f 479 506 491
f 479 477 506
f 507 508 509
f 510 508 507
f 511 510 507
f 512 510 511
f 513 512 511
f 514 512 513
f 515 514 513
f 516 514 515
f 517 516 515
f 518 516 517
f 519 518 517
f 520 518 519
f 521 520 519
f 522 520 521
f 523 522 521
f 524 522 523
f 525 522 524
f 526 525 524
f 527 525 526
f 528 527 526
f 529 527 528
f 530 529 528
f 510 531 508
f 532 531 510
f 512 532 510
f 533 532 512
f 514 533 512
f 534 533 514
f 516 534 514
f 535 534 516
f 518 535 516
f 536 535 518
f 520 536 518
f 537 536 520
f 522 537 520
f 538 537 522
f 539 538 522
f 525 539 522
f 529 539 525
f 527 529 525
f 540 530 528
f 541 530 540
f 542 541 540
f 543 541 542
f 544 543 542
f 545 543 544
f 546 545 544
f 547 545 546
f 548 547 546
f 549 547 548
f 550 549 548
f 548 551 550
f 546 551 548
f 546 552 551
f 544 552 546
f 544 553 552
f 542 553 544
f 542 554 553
f 540 554 542
f 540 555 554
f 528 555 540
f 528 526 555
f 556 557 558
f 559 557 556
f 560 559 556
f 561 559 560
f 562 561 560
f 563 561 562
f 564 563 562
f 565 563 564
f 566 565 564
f 567 565 566
f 568 567 566
f 569 567 568
f 570 569 568
f 571 569 570
f 572 571 570
f 573 571 572
f 574 571 573
f 575 574 573
f 576 574 575
f 577 576 575
f 578 576 577
f 579 578 577
f 559 580 557
f 581 580 559
f 561 581 559
f 582 581 561
f 563 582 561
f 583 582 563
f 565 583 563
f 584 583 565
f 567 584 565
f 585 584 567
f 569 585 567
f 586 585 569
f 571 586 569
f 587 586 571
f 588 587 571
f 574 588 571
f 578 588 574
f 576 578 574
f 589 579 577
f 590 579 589
f 591 590 589
f 592 590 591
f 593 592 591
f 594 592 593
f 595 594 593
f 596 594 595
f 597 596 595
f 598 596 597
f 599 598 597
f 597 600 599
f 595 600 597
f 595 601 600
f 593 601 595
f 593 602 601
f 591 602 593
f 591 603 602
f 589 603 591
f 589 604 603
f 577 604 589
f 577 575 604
f 605 606 607
f 608 606 605
f 609 608 605
f 610 608 609
f 611 610 609
f 612 610 611
f 613 612 611
f 614 612 613
f 615 614 613
f 616 614 615
f 617 616 615
f 618 616 617
f 619 618 617
f 620 618 619
f 621 620 619
f 622 620 621
f 623 620 622
f 624 623 622
f 625 623 624
f 626 625 624
f 627 625 626
f 628 627 626
f 608 629 606
f 630 629 608
f 610 630 608
f 631 630 610
f 612 631 610
f 632 631 612
f 614 632 612
f 633 632 614
f 616 633 614
f 634 633 616
f 618 634 616
f 635 634 618
f 620 635 618
f 636 635 620
f 637 636 620
f 623 637 620
f 627 637 623
f 625 627 623
f 638 628 626
f 639 628 638
f 640 639 638
f 641 639 640
f 642 641 640
f 643 641 642
f 644 643 642
f 645 643 644
f 646 645 644
f 647 645 646
f 648 647 646
f 646 649 648
f 644 649 646
f 644 650 649
f 642 650 644
f 642 651 650
f 640 651 642
f 640 652 651
f 638 652 640
f 638 653 652
f 626 653 638
f 626 624 653
f 654 655 656
f 657 655 654
f 658 657 654
f 659 657 658
f 660 659 658
f 661 659 660
f 662 661 660
f 663 661 662
f 664 663 662
f 665 663 664
f 666 665 664
f 667 665 666
f 668 667 666
f 669 667 668
f 670 669 668
f 671 669 670
f 672 669 671
f 673 672 671
f 674 672 673
f 675 674 673
f 676 674 675
f 677 676 675
f 657 678 655
f 679 678 657
f 659 679 657
f 680 679 659
f 661 680 659
f 681 680 661
f 663 681 661
f 682 681 663
f 665 682 663
f 683 682 665
f 667 683 665
f 684 683 667
f 669 684 667
f 685 684 669
f 686 685 669
f 672 686 669
f 676 686 672
f 674 676 672
f 687 677 675
f 688 677 687
f 689 688 687
f 690 688 689
f 691 690 689
f 692 690 691
f 693 692 691
f 694 692 693
f 695 694 693
f 696 694 695
f 697 696 695
f 695 698 697
f 693 698 695
f 693 699 698
f 691 699 693
f 691 700 699
f 689 700 691
f 689 701 700
f 687 701 689
f 687 702 701
f 675 702 687
f 675 673 702
f 703 704 705
f 706 704 703
f 707 706 703
f 708 706 707
f 709 708 707
f 710 708 709
f 711 710 709
f 712 710 711
f 713 712 711
f 714 712 713
f 715 714 713
f 716 714 715
f 717 716 715
f 718 716 717
f 719 718 717
f 720 718 719
f 721 718 720
f 722 721 720
f 723 721 722
f 724 723 722
f 725 723 724
f 726 725 724
f 706 727 704
f 728 727 706
f 708 728 706
f 729 728 708
f 710 729 708
f 730 729 710
f 712 730 710
f 731 730 712
f 714 731 712
f 732 731 714
f 716 732 714
f 733 732 716
f 718 733 716
f 734 733 718
f 735 734 718
f 721 735 718
f 725 735 721
f 723 725 721
f 736 726 724
f 737 726 736
f 738 737 736
f 739 737 738
f 740 739 738
f 741 739 740
f 742 741 740
f 743 741 742
f 744 743 742
f 745 743 744
f 746 745 744
f 744 747 746
f 742 747 744
f 742 748 747
f 740 748 742
f 740 749 748
f 738 749 740
f 738 750 749
f 736 750 738
f 736 751 750
f 724 751 736
f 724 722 751
f 752 753 754
f 755 753 752
f 756 755 752
f 757 755 756
f 758 757 756
f 759 757 758
f 760 759 758
f 761 759 760
f 762 761 760
f 763 761 762
f 764 763 762
f 765 763 764
f 766 765 764
f 767 765 766
f 768 767 766
f 769 767 768
f 770 767 769
f 771 770 769
f 772 770 771
f 773 772 771
f 774 772 773
f 775 774 773
f 755 776 753
f 777 776 755
f 757 777 755
f 778 777 757
f 759 778 757
f 779 778 759
f 761 779 759
f 780 779 761
f 763 780 761
f 781 780 763
f 765 781 763
f 782 781 765
f 767 782 765
f 783 782 767
f 784 783 767
f 770 784 767
f 774 784 770
f 772 774 770
f 785 775 773
f 786 775 785
f 787 786 785
f 788 786 787
f 789 788 787
f 790 788 789
f 791 790 789
f 792 790 791
f 793 792 791
f 794 792 793
f 795 794 793
f 793 796 795
f 791 796 793
f 791 797 796
f 789 797 791
f 789 798 797
f 787 798 789
f 787 799 798
f 785 799 787
f 785 800 799
f 773 800 785
f 773 771 800
f 801 802 803
f 804 802 801
f 805 804 801
f 806 804 805
f 807 806 805
f 808 806 807
f 809 808 807
f 810 808 809
f 811 810 809
f 812 810 811
f 813 812 811
f 814 812 813
f 815 814 813
f 816 814 815
f 817 816 815
f 818 816 817
f 819 816 818
f 820 819 818
f 821 819 820
f 822 821 820
f 823 821 822
f 824 823 822
f 804 825 802
f 826 825 804
f 806 826 804
f 827 826 806
f 808 827 806
f 828 827 808
f 810 828 808
f 829 828 810
f 812 829 810
f 830 829 812
f 814 830 812
f 831 830 814
f 816 831 814
f 832 831 816
f 833 832 816
f 819 833 816
f 823 833 819
f 821 823 819
f 834 824 822
f 835 824 834
f 836 835 834
f 837 835 836
f 838 837 836
f 839 837 838
f 840 839 838
f 841 839 840
f 842 841 840
f 843 841 842
f 844 843 842
f 842 845 844
f 840 845 842
f 840 846 845
f 838 846 840
f 838 847 846
f 836 847 838
f 836 848 847
f 834 848 836
f 834 849 848
f 822 849 834
f 822 820 849
f 850 851 852
f 853 851 850
f 854 853 850
f 855 853 854
f 856 855 854
f 857 855 856
f 858 857 856
f 859 857 858
f 860 859 858
f 861 859 860
f 862 861 860
f 863 861 862
f 864 863 862
f 865 863 864
f 866 865 864
f 867 865 866
f 868 865 867
f 869 868 867
f 870 868 869
f 871 870 869
f 872 870 871
f 873 872 871
f 853 874 851
f 875 874 853
f 855 875 853
f 876 875 855
f 857 876 855
f 877 876 857
f 859 877 857
f 878 877 859
f 861 878 859
f 879 878 861
f 863 879 861
f 880 879 863
f 865 880 863
f 881 880 865
f 882 881 865
f 868 882 865
f 872 882 868
f 870 872 868
f 883 873 871
f 884 873 883
f 885 884 883
f 886 884 885
f 887 886 885
f 888 886 887
f 889 888 887
f 890 888 889
f 891 890 889
f 892 890 891
f 893 892 891
f 891 894 893
f 889 894 891
f 889 895 894
f 887 895 889
f 887 896 895
f 885 896 887
f 885 897 896
f 883 897 885
f 883 898 897
f 871 898 883
f 871 869 898
f 899 900 901
f 902 900 899
f 903 902 899
f 904 902 903
f 905 904 903
f 906 904 905
f 907 906 905
f 908 906 907
f 909 908 907
f 910 908 909
f 911 910 909
f 912 910 911
f 913 912 911
f 914 912 913
f 915 914 913
f 916 914 915
f 917 914 916
f 918 917 916
f 919 917 918
f 920 919 918
f 921 919 920
f 922 921 920
f 902 923 900
f 924 923 902
f 904 924 902
f 925 924 904
f 906 925 904
f 926 925 906
f 908 926 906
f 927 926 908
f 910 927 908
f 928 927 910
f 912 928 910
f 929 928 912
f 914 929 912
f 930 929 914
f 931 930 914
f 917 931 914
f 921 931 917
f 919 921 917
f 932 922 920
f 933 922 932
f 934 933 932
f 935 933 934
f 936 935 934
f 937 935 936
f 938 937 936
f 939 937 938
f 940 939 938
f 941 939 940
f 942 941 940
f 940 943 942
f 938 943 940
f 938 944 943
f 936 944 938
f 936 945 944
f 934 945 936
f 934 946 945
f 932 946 934
f 932 947 946
f 920 947 932
f 920 918 947
f 948 949 950
f 951 949 948
f 952 951 948
f 953 951 952
f 954 953 952
f 955 953 954
f 956 955 954
f 957 955 956
f 958 957 956
f 959 957 958
f 960 959 958
f 961 959 960
f 962 961 960
f 963 961 962
f 964 963 962
f 965 963 964
f 966 963 965
f 967 966 965
f 968 966 967
f 969 968 967
f 970 968 969
f 971 970 969
f 951 972 949
f 973 972 951
f 953 973 951
f 974 973 953
f 955 974 953
f 975 974 955
f 957 975 955
f 976 975 957
f 959 976 957
f 977 976 959
f 961 977 959
f 978 977 961
f 963 978 961
f 979 978 963
f 980 979 963
f 966 980 963
f 970 980 966
f 968 970 966
f 981 971 969
f 982 971 981
f 983 982 981
f 984 982 983
f 985 984 983
f 986 984 985
f 987 986 985
f 988 986 987
f 989 988 987
f 990 988 989
f 991 990 989
f 989 992 991
f 987 992 989
f 987 993 992
f 985 993 987
f 985 994 993
f 983 994 985
f 983 995 994
f 981 995 983
f 981 996 995
f 969 996 981
f 969 967 996
f 997 998 999
f 1000 998 997
f 1001 1000 997
f 1002 1000 1001
f 1003 1002 1001
f 1004 1002 1003
f 1005 1004 1003
f 1006 1004 1005
f 1007 1006 1005
f 1008 1006 1007
f 1009 1008 1007
f 1010 1008 1009
f 1011 1010 1009
f 1012 1010 1011
f 1013 1012 1011
f 1014 1012 1013
f 1015 1012 1014
f 1016 1015 1014
f 1017 1015 1016
f 1018 1015 1017
f 1019 1018 1017
f 1020 1018 1019
f 1021 1018 1020
f 1022 1021 1020
f 1023 1021 1022
f 1024 1023 1022
f 1025 1023 1024
f 1026 1023 1025
f 1027 1026 1025
f 1028 1026 1027
f 1029 1026 1028
f 1030 1029 1028
f 1031 1029 1030
f 1032 1031 1030
f 1033 1031 1032
f 1034 1031 1033
f 1035 1034 1033
f 1036 1034 1035
f 1037 1034 1036
f 1031 1034 1037
f 1038 1031 1037
f 1029 1031 1038
f 1039 1029 1038
f 1026 1029 1039
f 1040 1026 1039
f 1023 1026 1040
f 1041 1023 1040
f 1021 1023 1041
f 1042 1021 1041
f 1018 1021 1042
f 1015 1018 1042
f 1000 1043 998
f 1044 1043 1000
f 1002 1044 1000
f 1045 1044 1002
f 1004 1045 1002
f 1046 1045 1004
f 1006 1046 1004
f 1047 1046 1006
f 1008 1047 1006
f 1048 1047 1008
f 1010 1048 1008
f 1049 1048 1010
f 1012 1049 1010
f 1050 1049 1012
f 1051 1050 1012
f 1015 1051 1012
f 1042 1051 1015
f 1052 1053 1054
f 1055 1053 1052
f 1056 1055 1052
f 1057 1055 1056
f 1058 1057 1056
f 1059 1057 1058
f 1060 1059 1058
f 1061 1059 1060
f 1062 1061 1060
f 1063 1061 1062
f 1064 1063 1062
f 1065 1063 1064
f 1066 1065 1064
f 1067 1065 1066
f 1068 1067 1066
f 1069 1067 1068
f 1070 1067 1069
f 1071 1070 1069
f 1072 1070 1071
f 1073 1072 1071
f 1074 1072 1073
f 1075 1074 1073
f 1055 1076 1053
f 1077 1076 1055
f 1057 1077 1055
f 1078 1077 1057
f 1059 1078 1057
f 1079 1078 1059
f 1061 1079 1059
f 1080 1079 1061
f 1063 1080 1061
f 1081 1080 1063
f 1065 1081 1063
f 1082 1081 1065
f 1067 1082 1065
f 1083 1082 1067
f 1084 1083 1067
f 1070 1084 1067
f 1074 1084 1070
f 1072 1074 1070
f 1085 1075 1073
f 1086 1075 1085
f 1087 1086 1085
f 1088 1086 1087
f 1089 1088 1087
f 1090 1088 1089
f 1091 1090 1089
f 1092 1090 1091
f 1093 1092 1091
f 1094 1092 1093
f 1095 1094 1093
f 1093 1096 1095
f 1091 1096 1093
f 1091 1097 1096
f 1089 1097 1091
f 1089 1098 1097
f 1087 1098 1089
f 1087 1099 1098
f 1085 1099 1087
f 1085 1100 1099
f 1073 1100 1085
f 1073 1071 1100
f 1101 1102 1103
f 1104 1102 1101
f 1105 1104 1101
f 1106 1104 1105
f 1107 1106 1105
f 1108 1106 1107
f 1109 1108 1107
f 1110 1108 1109
f 1111 1110 1109
f 1112 1110 1111
f 1113 1112 1111
f 1114 1112 1113
f 1115 1114 1113
f 1116 1114 1115
f 1117 1116 1115
f 1118 1116 1117
f 1119 1116 1118
f 1120 1119 1118
f 1121 1119 1120
f 1122 1119 1121
f 1123 1122 1121
f 1124 1122 1123
f 1125 1122 1124
f 1126 1125 1124
f 1127 1125 1126
f 1128 1127 1126
f 1129 1127 1128
f 1130 1127 1129
f 1131 1130 1129
f 1132 1130 1131
f 1133 1132 1131
f 1134 1132 1133
f 1135 1134 1133
f 1136 1134 1135
f 1137 1136 1135
f 1138 1136 1137
f 1139 1138 1137
f 1140 1138 1139
f 1141 1138 1140
f 1136 1138 1141
f 1142 1136 1141
f 1134 1136 1142
f 1143 1134 1142
f 1132 1134 1143
f 1144 1132 1143
f 1130 1132 1144
f 1145 1130 1144
f 1127 1130 1145
f 1125 1127 1145
f 1104 1146 1102
f 1147 1146 1104
f 1106 1147 1104
f 1148 1147 1106
f 1108 1148 1106
f 1149 1148 1108
f 1110 1149 1108
f 1150 1149 1110
f 1112 1150 1110
f 1114 1150 1112
f 1126 1124 1128
f 1151 1152 1153
f 1154 1152 1151
f 1155 1154 1151
f 1156 1154 1155
f 1157 1156 1155
f 1158 1156 1157
f 1159 1158 1157
f 1160 1158 1159
f 1161 1160 1159
f 1162 1160 1161
f 1163 1162 1161
f 1164 1162 1163
f 1165 1164 1163
f 1166 1164 1165
f 1167 1166 1165
f 1168 1166 1167
f 1169 1166 1168
f 1170 1169 1168
f 1171 1169 1170
f 1172 1171 1170
f 1173 1171 1172
f 1174 1173 1172
f 1154 1175 1152
f 1176 1175 1154
f 1156 1176 1154
f 1177 1176 1156
f 1158 1177 1156
f 1178 1177 1158
f 1160 1178 1158
f 1179 1178 1160
f 1162 1179 1160
f 1180 1179 1162
f 1164 1180 1162
f 1181 1180 1164
f 1166 1181 1164
f 1182 1181 1166
f 1183 1182 1166
f 1169 1183 1166
f 1173 1183 1169
f 1171 1173 1169
f 1184 1174 1172
f 1185 1174 1184
f 1186 1185 1184
f 1187 1185 1186
f 1188 1187 1186
f 1189 1187 1188
f 1190 1189 1188
f 1191 1189 1190
f 1192 1191 1190
f 1193 1191 1192
f 1194 1193 1192
f 1192 1195 1194
f 1190 1195 1192
f 1190 1196 1195
f 1188 1196 1190
f 1188 1197 1196
f 1186 1197 1188
f 1186 1198 1197
f 1184 1198 1186
f 1184 1199 1198
f 1172 1199 1184
f 1172 1170 1199
f 1175 607 1152
f 1200 607 1175
f 1176 1200 1175
f 1201 1200 1176
f 1177 1201 1176
f 1202 1201 1177
f 1178 1202 1177
f 1203 1202 1178
f 1179 1203 1178
f 1204 1203 1179
f 1180 1204 1179
f 1205 1204 1180
f 1181 1205 1180
f 1206 1205 1181
f 1182 1206 1181
f 1183 1206 1182
f 1207 1206 1183
f 1173 1207 1183
f 1208 1207 1173
f 1174 1208 1173
f 1185 1208 1174
f 1209 1208 1185
f 1187 1209 1185
f 1210 1209 1187
f 1189 1210 1187
f 1191 1210 1189
f 1193 1210 1191
f 649 1210 1193
f 648 649 1193
f 1200 605 607
f 609 605 1200
f 1201 609 1200
f 611 609 1201
f 1202 611 1201
f 613 611 1202
f 1203 613 1202
f 615 613 1203
f 1204 615 1203
f 617 615 1204
f 1205 617 1204
f 619 617 1205
f 1206 619 1205
f 621 619 1206
f 622 621 1206
f 1207 622 1206
f 624 622 1207
f 1208 624 1207
f 653 624 1208
f 652 653 1208
f 1209 652 1208
f 651 652 1209
f 1210 651 1209
f 650 651 1210
f 649 650 1210
f 1211 1212 1213
f 1214 1212 1211
f 1215 1214 1211
f 1216 1214 1215
f 1217 1216 1215
f 1218 1216 1217
f 1219 1218 1217
f 1220 1218 1219
f 1221 1220 1219
f 1222 1220 1221
f 1223 1222 1221
f 1224 1222 1223
f 1225 1224 1223
f 1226 1224 1225
f 1227 1226 1225
f 1228 1226 1227
f 1229 1226 1228
f 1230 1229 1228
f 1231 1229 1230
f 1232 1231 1230
f 1233 1231 1232
f 1234 1233 1232
f 1214 1235 1212
f 1236 1235 1214
f 1216 1236 1214
f 1237 1236 1216
f 1218 1237 1216
f 1238 1237 1218
f 1220 1238 1218
f 1239 1238 1220
f 1240 1239 1220
f 1222 1240 1220
f 1241 1240 1222
f 1224 1241 1222
f 1242 1241 1224
f 1226 1242 1224
f 1243 1242 1226
f 1229 1243 1226
f 1244 1243 1229
f 1245 1244 1229
f 1231 1245 1229
f 1233 1245 1231
f 1246 1234 1232
f 1247 1234 1246
f 1248 1247 1246
f 1249 1247 1248
f 1250 1249 1248
f 1251 1249 1250
f 1252 1251 1250
f 1253 1251 1252
f 1254 1253 1252
f 1255 1253 1254
f 1256 1255 1254
f 1254 1257 1256
f 1252 1257 1254
f 1252 1258 1257
f 1250 1258 1252
f 1250 1259 1258
f 1248 1259 1250
f 1248 1260 1259
f 1246 1260 1248
f 1246 1261 1260
f 1232 1261 1246
f 1232 1230 1261
f 1262 1263 1264
f 1265 1263 1262
f 1266 1265 1262
f 1267 1265 1266
f 1268 1267 1266
f 1269 1267 1268
f 1270 1269 1268
f 1271 1269 1270
f 1272 1271 1270
f 1273 1271 1272
f 1274 1273 1272
f 1275 1273 1274
f 1276 1275 1274
f 1277 1275 1276
f 1278 1277 1276
f 1279 1277 1278
f 1280 1277 1279
f 1281 1280 1279
f 1282 1280 1281
f 1283 1282 1281
f 1284 1282 1283
f 1285 1284 1283
f 1265 1286 1263
f 1287 1286 1265
f 1267 1287 1265
f 1288 1287 1267
f 1269 1288 1267
f 1289 1288 1269
f 1271 1289 1269
f 1290 1289 1271
f 1291 1290 1271
f 1273 1291 1271
f 1292 1291 1273
f 1275 1292 1273
f 1293 1292 1275
f 1277 1293 1275
f 1294 1293 1277
f 1280 1294 1277
f 1295 1294 1280
f 1296 1295 1280
f 1282 1296 1280
f 1284 1296 1282
f 1297 1285 1283
f 1298 1285 1297
f 1299 1298 1297
f 1300 1298 1299
f 1301 1300 1299
f 1302 1300 1301
f 1303 1302 1301
f 1304 1302 1303
f 1305 1304 1303
f 1306 1304 1305
f 1307 1306 1305
f 1305 1308 1307
f 1303 1308 1305
f 1303 1309 1308
f 1301 1309 1303
f 1301 1310 1309
f 1299 1310 1301
f 1299 1311 1310
f 1297 1311 1299
f 1297 1312 1311
f 1283 1312 1297
f 1283 1281 1312
f 1313 1314 1315
f 1316 1314 1313
f 1317 1316 1313
f 1318 1316 1317
f 1319 1318 1317
f 1320 1318 1319
f 1321 1320 1319
f 1322 1320 1321
f 1323 1322 1321
f 1324 1322 1323
f 1325 1324 1323
f 1326 1324 1325
f 1327 1326 1325
f 1328 1326 1327
f 1329 1328 1327
f 1330 1328 1329
f 1331 1328 1330
f 1332 1331 1330
f 1333 1331 1332
f 1334 1333 1332
f 1316 1335 1314
f 1336 1335 1316
f 1318 1336 1316
f 1337 1336 1318
f 1320 1337 1318
f 1338 1337 1320
f 1322 1338 1320
f 1339 1338 1322
f 1340 1339 1322
f 1324 1340 1322
f 1341 1340 1324
f 1326 1341 1324
f 1342 1341 1326
f 1328 1342 1326
f 1343 1342 1328
f 1331 1343 1328
f 1344 1343 1331
f 1333 1344 1331
f 1345 1334 1332
f 1346 1334 1345
f 1347 1346 1345
f 1348 1346 1347
f 1349 1348 1347
f 1350 1348 1349
f 1351 1350 1349
f 1352 1350 1351
f 1353 1352 1351
f 1354 1352 1353
f 1355 1354 1353
f 1356 1354 1355
f 1357 1356 1355
f 1355 1358 1357
f 1353 1358 1355
f 1353 1359 1358
f 1351 1359 1353
f 1351 1360 1359
f 1349 1360 1351
f 1349 1361 1360
f 1347 1361 1349
f 1347 1362 1361
f 1345 1362 1347
f 1345 1363 1362
f 1332 1363 1345
f 1332 1330 1363
f 1364 1365 1366
f 1367 1365 1364
f 1368 1367 1364
f 1369 1367 1368
f 1370 1369 1368
f 1371 1369 1370
f 1372 1371 1370
f 1373 1371 1372
f 1374 1373 1372
f 1375 1373 1374
f 1376 1375 1374
f 1377 1375 1376
f 1378 1377 1376
f 1379 1377 1378
f 1380 1379 1378
f 1381 1379 1380
f 1382 1379 1381
f 1383 1382 1381
f 1384 1382 1383
f 1385 1384 1383
f 1367 1386 1365
f 1387 1386 1367
f 1369 1387 1367
f 1388 1387 1369
f 1371 1388 1369
f 1389 1388 1371
f 1373 1389 1371
f 1390 1389 1373
f 1391 1390 1373
f 1375 1391 1373
f 1392 1391 1375
f 1377 1392 1375
f 1393 1392 1377
f 1379 1393 1377
f 1394 1393 1379
f 1382 1394 1379
f 1395 1394 1382
f 1384 1395 1382
f 1396 1385 1383
f 1397 1385 1396
f 1398 1397 1396
f 1399 1397 1398
f 1400 1399 1398
f 1401 1399 1400
f 1402 1401 1400
f 1403 1401 1402
f 1404 1403 1402
f 1405 1403 1404
f 1406 1405 1404
f 1407 1405 1406
f 1408 1407 1406
f 1406 1409 1408
f 1404 1409 1406
f 1404 1410 1409
f 1402 1410 1404
f 1402 1411 1410
f 1400 1411 1402
f 1400 1412 1411
f 1398 1412 1400
f 1398 1413 1412
f 1396 1413 1398
f 1396 1414 1413
f 1383 1414 1396
f 1383 1381 1414
f 1415 1416 1417
f 1418 1416 1415
f 1419 1418 1415
f 1415 1417 1419
f 1420 1417 1421
f 1419 1417 1420
f 1422 1419 1420
f 1420 1421 1422
f 1423 1421 1424
f 1422 1421 1423
f 1425 1422 1423
f 1423 1424 1425
f 1426 1424 1427
f 1425 1424 1426
f 1428 1425 1426
f 1426 1427 1428
f 1429 1427 1430
f 1428 1427 1429
f 1431 1428 1429
f 1429 1430 1431
f 1432 1430 1433
f 1431 1430 1432
f 1434 1431 1432
f 1432 1433 1434
f 1435 1433 1436
f 1434 1433 1435
f 1437 1434 1435
f 1435 1436 1437
f 1438 1436 1439
f 1437 1436 1438
f 1440 1437 1438
f 1438 1439 1440
f 1441 1439 1442
f 1440 1439 1441
f 1443 1440 1441
f 1441 1442 1443
f 1444 1442 1416
f 1443 1442 1444
f 1418 1443 1444
f 1444 1416 1418
f 1445 1446 1447
f 1448 1446 1445
f 1449 1448 1445
f 1445 1447 1449
f 1450 1448 1449
f 1451 1448 1450
f 1452 1451 1450
f 1450 1449 1452
f 1453 1451 1452
f 1454 1451 1453
f 1455 1454 1453
f 1453 1452 1455
f 1456 1454 1455
f 1446 1454 1456
f 1447 1446 1456
f 1456 1455 1447
f 1457 1458 1459
f 1460 1458 1457
f 1461 1460 1457
f 1457 1459 1461
f 1462 1460 1461
f 1463 1460 1462
f 1464 1463 1462
f 1462 1461 1464
f 1465 1463 1464
f 1466 1463 1465
f 1467 1466 1465
f 1465 1464 1467
f 1468 1466 1467
f 1458 1466 1468
f 1459 1458 1468
f 1468 1467 1459
f 1469 1470 1471
f 1472 1470 1469
f 1473 1472 1469
f 1469 1471 1473
f 1474 1472 1473
f 1475 1472 1474
f 1476 1475 1474
f 1474 1473 1476
f 1477 1475 1476
f 1478 1475 1477
f 1479 1478 1477
f 1477 1476 1479
f 1480 1478 1479
f 1470 1478 1480
f 1471 1470 1480
f 1480 1479 1471
f 1481 1482 1483
f 1484 1482 1481
f 1485 1484 1481
f 1481 1483 1485
f 1486 1484 1485
f 1487 1484 1486
f 1488 1487 1486
f 1486 1485 1488
f 1489 1487 1488
f 1490 1487 1489
f 1491 1490 1489
f 1489 1488 1491
f 1492 1490 1491
f 1482 1490 1492
f 1483 1482 1492
f 1492 1491 1483
f 1493 1494 1495
f 1496 1494 1493
f 1497 1496 1493
f 1493 1495 1497
f 1498 1496 1497
f 1499 1496 1498
f 1500 1499 1498
f 1498 1497 1500
f 1501 1499 1500
f 1502 1499 1501
f 1503 1502 1501
f 1501 1500 1503
f 1504 1502 1503
f 1494 1502 1504
f 1495 1494 1504
f 1504 1503 1495
f 1505 1506 1507
f 1508 1506 1505
f 1509 1508 1505
f 1505 1507 1509
f 1510 1508 1509
f 1511 1508 1510
f 1512 1511 1510
f 1510 1509 1512
f 1513 1511 1512
f 1514 1511 1513
f 1515 1514 1513
f 1513 1512 1515
f 1516 1514 1515
f 1506 1514 1516
f 1507 1506 1516
f 1516 1515 1507
f 1517 1490 1482
f 1487 1490 1517
f 1484 1487 1517
f 1517 1482 1484
f 1518 1454 1446
f 1451 1454 1518
f 1448 1451 1518
f 1518 1446 1448
f 1519 1466 1458
f 1463 1466 1519
f 1460 1463 1519
f 1519 1458 1460
f 1520 1478 1470
f 1475 1478 1520
f 1472 1475 1520
f 1520 1470 1472
f 1521 1514 1506
f 1511 1514 1521
f 1508 1511 1521
f 1521 1506 1508
f 1522 1502 1494
f 1499 1502 1522
f 1496 1499 1522
f 1522 1494 1496
f 1418 1512 1443
f 1515 1512 1418
f 1422 1515 1418
f 1507 1515 1422
f 1503 1507 1422
f 1523 1507 1503
f 1500 1523 1503
f 1524 1523 1500
f 1497 1524 1500
f 1479 1524 1497
f 1491 1479 1497
f 1471 1479 1491
f 1488 1471 1491
f 1428 1471 1488
f 1425 1428 1488
f 1443 1434 1440
f 1455 1434 1443
f 1447 1455 1443
f 1434 1437 1440
f 1452 1434 1455
f 1431 1434 1452
f 1449 1431 1452
f 1525 1431 1449
f 1447 1525 1449
f 1467 1525 1447
f 1524 1467 1447
f 1459 1467 1524
f 1479 1459 1524
f 1476 1459 1479
f 1461 1459 1476
f 1428 1461 1476
f 1431 1461 1428
f 1464 1461 1431
f 1525 1464 1431
f 1467 1464 1525
f 1425 1503 1422
f 1495 1503 1425
f 1483 1495 1425
f 1491 1495 1483
f 1497 1495 1491
f 1418 1419 1422
f 1425 1485 1483
f 1488 1485 1425
f 1523 1509 1507
f 1524 1509 1523
f 1509 1443 1512
f 1447 1443 1509
f 1524 1447 1509
f 1428 1473 1471
f 1476 1473 1428
f 1526 1527 1528
f 1529 1527 1526
f 1530 1529 1526
f 1531 1529 1530
f 1532 1531 1530
f 1533 1531 1532
f 1534 1531 1533
f 1531 1535 1529
f 1536 1535 1531
f 1526 1532 1530
f 1537 1532 1526
f 1538 1537 1526
f 1539 1528 1540
f 1526 1528 1539
f 1541 1526 1539
f 1539 1542 1541
f 1540 1542 1539
f 1543 1542 1544
f 1541 1542 1543
f 1545 1541 1543
f 1545 1546 1547
f 1543 1546 1545
f 1543 1548 1546
f 1549 1548 1543
f 1550 1549 1543
f 1543 1551 1550
f 1544 1551 1543
f 1552 1541 1545
f 1526 1541 1552
f 1538 1526 1552
f 1552 1553 1538
f 1545 1553 1552
f 1554 1553 1555
f 1538 1553 1554
f 1537 1538 1554
f 1554 1556 1537
f 1557 1556 1554
f 1558 1557 1554
f 1554 1555 1558
f 1559 1537 1556
f 1532 1537 1559
f 1560 1532 1559
f 1559 1561 1560
f 1556 1561 1559
f 1561 1562 1560
f 1563 1562 1561
f 1564 1563 1561
f 1562 1565 1560
f 1566 1565 1562
f 1567 1566 1562
f 1562 1568 1567
f 1569 1568 1562
f 1570 1569 1562
f 1562 1563 1570
f 1571 1560 1565
f 1532 1560 1571
f 1533 1532 1571
f 1571 1572 1533
f 1565 1572 1571
f 1573 1574 1575
f 1527 1574 1573
f 1528 1527 1573
f 1573 1540 1528
f 1575 1540 1573
f 1576 1572 1577
f 1533 1572 1576
f 1534 1533 1576
f 1576 1578 1534
f 1577 1578 1576
f 1579 1534 1578
f 1531 1534 1579
f 1580 1531 1579
f 1579 1581 1580
f 1578 1581 1579
f 1582 1581 1583
f 1580 1581 1582
f 1584 1580 1582
f 1584 1585 1586
f 1582 1585 1584
f 1582 1587 1585
f 1588 1587 1582
f 1589 1588 1582
f 1582 1590 1589
f 1583 1590 1582
f 1591 1580 1584
f 1531 1580 1591
f 1536 1531 1591
f 1591 1592 1536
f 1584 1592 1591
f 1593 1592 1594
f 1536 1592 1593
f 1535 1536 1593
f 1593 1595 1535
f 1596 1595 1593
f 1597 1596 1593
f 1593 1594 1597
f 1598 1535 1595
f 1529 1535 1598
f 1599 1529 1598
f 1598 1600 1599
f 1595 1600 1598
f 1601 1600 1602
f 1599 1600 1601
f 1603 1599 1601
f 1603 1604 1605
f 1601 1604 1603
f 1601 1606 1604
f 1607 1606 1601
f 1608 1607 1601
f 1601 1609 1608
f 1602 1609 1601
f 1610 1599 1603
f 1529 1599 1610
f 1527 1529 1610
f 1610 1574 1527
f 1603 1574 1610
f 1611 1577 1572
f 1612 1577 1611
f 1613 1612 1611
f 1614 1612 1613
f 1615 1614 1613
f 1616 1614 1615
f 1617 1616 1615
f 1618 1616 1617
f 1619 1618 1617
f 1620 1618 1619
f 1621 1620 1619
f 1622 1620 1621
f 1623 1622 1621
f 1624 1622 1623
f 1625 1624 1623
f 1626 1624 1625
f 1623 1407 1625
f 1627 1407 1623
f 1628 1627 1623
f 1629 1627 1628
f 1630 1629 1628
f 1631 1629 1630
f 1632 1631 1630
f 1633 1631 1632
f 1634 1633 1632
f 1635 1633 1634
f 1636 1635 1634
f 1637 1635 1636
f 1638 1637 1636
f 1639 1637 1638
f 1640 1639 1638
f 1641 1639 1640
f 1642 1641 1640
f 1643 1641 1642
f 1546 1643 1642
f 1548 1643 1546
f 1644 1643 1548
f 1549 1644 1548
f 1645 1644 1549
f 1550 1645 1549
f 1646 1645 1550
f 1551 1646 1550
f 1544 1646 1551
f 1647 1646 1544
f 1540 1647 1544
f 1648 1647 1540
f 1575 1648 1540
f 1649 1648 1575
f 1650 1648 1649
f 1651 1650 1649
f 1652 1650 1651
f 1653 1652 1651
f 1654 1652 1653
f 1655 1654 1653
f 1656 1654 1655
f 1657 1656 1655
f 1658 1656 1657
f 1659 1658 1657
f 1660 1658 1659
f 1661 1660 1659
f 1388 1660 1661
f 1387 1388 1661
f 1627 1405 1407
f 1662 1405 1627
f 1629 1662 1627
f 1663 1662 1629
f 1631 1663 1629
f 1664 1663 1631
f 1633 1664 1631
f 1665 1664 1633
f 1635 1665 1633
f 1666 1665 1635
f 1637 1666 1635
f 1667 1666 1637
f 1639 1667 1637
f 1668 1667 1639
f 1641 1668 1639
f 1669 1668 1641
f 1643 1669 1641
f 1644 1669 1643
f 1662 1403 1405
f 1663 1403 1662
f 1663 1401 1403
f 1399 1401 1663
f 1664 1399 1663
f 1397 1399 1664
f 1670 1397 1664
f 1385 1397 1670
f 1671 1385 1670
f 1384 1385 1671
f 1672 1384 1671
f 1395 1384 1672
f 1394 1395 1672
f 1673 1394 1672
f 1393 1394 1673
f 1674 1393 1673
f 1392 1393 1674
f 1675 1392 1674
f 1391 1392 1675
f 1676 1391 1675
f 1390 1391 1676
f 1677 1390 1676
f 1389 1390 1677
f 1678 1389 1677
f 1388 1389 1678
f 1660 1388 1678
f 1544 1542 1540
f 1642 1547 1546
f 1553 1547 1642
f 1679 1553 1642
f 1555 1553 1679
f 1680 1555 1679
f 1558 1555 1680
f 1557 1558 1680
f 1553 1545 1547
f 1681 1557 1680
f 1556 1557 1681
f 1682 1556 1681
f 1564 1556 1682
f 1563 1564 1682
f 1564 1561 1556
f 1683 1563 1682
f 1570 1563 1683
f 1569 1570 1683
f 1684 1569 1683
f 1568 1569 1684
f 1567 1568 1684
f 1685 1567 1684
f 1566 1567 1685
f 1572 1566 1685
f 1565 1566 1572
f 1611 1572 1685
f 1621 1628 1623
f 1686 1628 1621
f 1619 1686 1621
f 1687 1686 1619
f 1617 1687 1619
f 1688 1687 1617
f 1615 1688 1617
f 1689 1688 1615
f 1613 1689 1615
f 1685 1689 1613
f 1611 1685 1613
f 1686 1630 1628
f 1690 1630 1686
f 1687 1690 1686
f 1691 1690 1687
f 1688 1691 1687
f 1692 1691 1688
f 1689 1692 1688
f 1684 1692 1689
f 1685 1684 1689
f 1690 1632 1630
f 1693 1632 1690
f 1691 1693 1690
f 1694 1693 1691
f 1692 1694 1691
f 1695 1694 1692
f 1684 1695 1692
f 1683 1695 1684
f 1693 1634 1632
f 1696 1634 1693
f 1694 1696 1693
f 1697 1696 1694
f 1695 1697 1694
f 1698 1697 1695
f 1683 1698 1695
f 1682 1698 1683
f 1696 1636 1634
f 1699 1636 1696
f 1697 1699 1696
f 1700 1699 1697
f 1698 1700 1697
f 1681 1700 1698
f 1682 1681 1698
f 1665 1670 1664
f 1701 1670 1665
f 1666 1701 1665
f 1702 1701 1666
f 1667 1702 1666
f 1703 1702 1667
f 1668 1703 1667
f 1704 1703 1668
f 1669 1704 1668
f 1705 1704 1669
f 1644 1705 1669
f 1645 1705 1644
f 1699 1638 1636
f 1706 1638 1699
f 1700 1706 1699
f 1680 1706 1700
f 1681 1680 1700
f 1701 1671 1670
f 1707 1671 1701
f 1702 1707 1701
f 1708 1707 1702
f 1703 1708 1702
f 1709 1708 1703
f 1704 1709 1703
f 1710 1709 1704
f 1705 1710 1704
f 1711 1710 1705
f 1645 1711 1705
f 1646 1711 1645
f 1706 1680 1679
f 1640 1706 1679
f 1638 1706 1640
f 1707 1672 1671
f 1712 1672 1707
f 1708 1712 1707
f 1713 1712 1708
f 1709 1713 1708
f 1714 1713 1709
f 1710 1714 1709
f 1715 1714 1710
f 1711 1715 1710
f 1716 1715 1711
f 1646 1716 1711
f 1647 1716 1646
f 1640 1679 1642
f 1712 1673 1672
f 1717 1673 1712
f 1713 1717 1712
f 1718 1717 1713
f 1714 1718 1713
f 1719 1718 1714
f 1715 1719 1714
f 1720 1719 1715
f 1716 1720 1715
f 1721 1720 1716
f 1647 1721 1716
f 1648 1721 1647
f 1717 1674 1673
f 1722 1674 1717
f 1718 1722 1717
f 1723 1722 1718
f 1719 1723 1718
f 1724 1723 1719
f 1720 1724 1719
f 1725 1724 1720
f 1721 1725 1720
f 1650 1725 1721
f 1648 1650 1721
f 1722 1675 1674
f 1726 1675 1722
f 1723 1726 1722
f 1727 1726 1723
f 1724 1727 1723
f 1728 1727 1724
f 1725 1728 1724
f 1652 1728 1725
f 1650 1652 1725
f 1726 1676 1675
f 1729 1676 1726
f 1727 1729 1726
f 1730 1729 1727
f 1728 1730 1727
f 1654 1730 1728
f 1652 1654 1728
f 1729 1677 1676
f 1731 1677 1729
f 1730 1731 1729
f 1656 1731 1730
f 1654 1656 1730
f 1731 1678 1677
f 1658 1678 1731
f 1656 1658 1731
f 1678 1658 1660
f 1595 1602 1600
f 1732 1602 1595
f 1733 1732 1595
f 1734 1732 1733
f 1735 1734 1733
f 1736 1734 1735
f 1737 1736 1735
f 1738 1736 1737
f 1739 1738 1737
f 1740 1738 1739
f 1741 1740 1739
f 1742 1740 1741
f 1743 1742 1741
f 1744 1742 1743
f 1745 1744 1743
f 1746 1744 1745
f 1747 1746 1745
f 1732 1609 1602
f 1748 1609 1732
f 1734 1748 1732
f 1749 1748 1734
f 1736 1749 1734
f 1750 1749 1736
f 1738 1750 1736
f 1751 1750 1738
f 1740 1751 1738
f 1752 1751 1740
f 1742 1752 1740
f 1753 1752 1742
f 1744 1753 1742
f 1754 1753 1744
f 1755 1754 1744
f 1756 1754 1755
f 1757 1754 1756
f 1758 1754 1757
f 1759 1758 1757
f 1760 1758 1759
f 1365 1760 1759
f 1761 1760 1365
f 1386 1761 1365
f 1661 1761 1386
f 1387 1661 1386
f 1748 1608 1609
f 1607 1608 1748
f 1762 1607 1748
f 1606 1607 1762
f 1604 1606 1762
f 1763 1604 1762
f 1605 1604 1763
f 1574 1605 1763
f 1603 1605 1574
f 1764 1574 1763
f 1575 1574 1764
f 1649 1575 1764
f 1765 1649 1764
f 1651 1649 1765
f 1766 1651 1765
f 1653 1651 1766
f 1767 1653 1766
f 1655 1653 1767
f 1768 1655 1767
f 1657 1655 1768
f 1769 1657 1768
f 1659 1657 1769
f 1761 1659 1769
f 1661 1659 1761
f 1744 1746 1755
f 1770 1747 1745
f 1771 1747 1770
f 1772 1771 1770
f 1773 1771 1772
f 1774 1773 1772
f 1775 1774 1772
f 1776 1774 1775
f 1777 1776 1775
f 1778 1776 1777
f 1779 1778 1777
f 1780 1778 1779
f 1781 1780 1779
f 1782 1780 1781
f 1783 1782 1781
f 1784 1782 1783
f 1785 1784 1783
f 1786 1784 1785
f 1787 1786 1785
f 1624 1786 1787
f 1622 1624 1787
f 1624 1626 1786
f 1788 1622 1787
f 1620 1622 1788
f 1789 1620 1788
f 1618 1620 1789
f 1790 1618 1789
f 1616 1618 1790
f 1791 1616 1790
f 1614 1616 1791
f 1792 1614 1791
f 1612 1614 1792
f 1793 1612 1792
f 1577 1612 1793
f 1578 1577 1793
f 1578 1583 1581
f 1794 1583 1578
f 1793 1794 1578
f 1795 1794 1793
f 1792 1795 1793
f 1796 1795 1792
f 1791 1796 1792
f 1797 1796 1791
f 1790 1797 1791
f 1798 1797 1790
f 1789 1798 1790
f 1799 1798 1789
f 1788 1799 1789
f 1785 1799 1788
f 1787 1785 1788
f 1800 1583 1794
f 1590 1583 1800
f 1589 1590 1800
f 1801 1589 1800
f 1588 1589 1801
f 1802 1588 1801
f 1587 1588 1802
f 1803 1587 1802
f 1585 1587 1803
f 1804 1585 1803
f 1586 1585 1804
f 1592 1586 1804
f 1584 1586 1592
f 1805 1592 1804
f 1594 1592 1805
f 1806 1594 1805
f 1597 1594 1806
f 1596 1597 1806
f 1733 1596 1806
f 1595 1596 1733
f 1807 1745 1743
f 1770 1745 1807
f 1808 1770 1807
f 1772 1770 1808
f 1809 1772 1808
f 1775 1772 1809
f 1810 1775 1809
f 1777 1775 1810
f 1811 1777 1810
f 1779 1777 1811
f 1812 1779 1811
f 1781 1779 1812
f 1813 1781 1812
f 1783 1781 1813
f 1799 1783 1813
f 1785 1783 1799
f 1814 1743 1741
f 1807 1743 1814
f 1815 1807 1814
f 1808 1807 1815
f 1816 1808 1815
f 1809 1808 1816
f 1817 1809 1816
f 1810 1809 1817
f 1818 1810 1817
f 1811 1810 1818
f 1819 1811 1818
f 1812 1811 1819
f 1820 1812 1819
f 1813 1812 1820
f 1798 1813 1820
f 1799 1813 1798
f 1821 1741 1739
f 1814 1741 1821
f 1822 1814 1821
f 1815 1814 1822
f 1823 1815 1822
f 1816 1815 1823
f 1824 1816 1823
f 1817 1816 1824
f 1825 1817 1824
f 1818 1817 1825
f 1826 1818 1825
f 1819 1818 1826
f 1827 1819 1826
f 1820 1819 1827
f 1797 1820 1827
f 1798 1820 1797
f 1828 1739 1737
f 1821 1739 1828
f 1829 1821 1828
f 1822 1821 1829
f 1830 1822 1829
f 1823 1822 1830
f 1831 1823 1830
f 1824 1823 1831
f 1832 1824 1831
f 1825 1824 1832
f 1833 1825 1832
f 1826 1825 1833
f 1834 1826 1833
f 1827 1826 1834
f 1796 1827 1834
f 1797 1827 1796
f 1735 1733 1806
f 1835 1737 1735
f 1828 1737 1835
f 1836 1828 1835
f 1829 1828 1836
f 1837 1829 1836
f 1830 1829 1837
f 1838 1830 1837
f 1831 1830 1838
f 1839 1831 1838
f 1832 1831 1839
f 1840 1832 1839
f 1833 1832 1840
f 1841 1833 1840
f 1834 1833 1841
f 1795 1834 1841
f 1796 1834 1795
f 1749 1762 1748
f 1842 1762 1749
f 1750 1842 1749
f 1843 1842 1750
f 1751 1843 1750
f 1844 1843 1751
f 1752 1844 1751
f 1845 1844 1752
f 1753 1845 1752
f 1846 1845 1753
f 1754 1846 1753
f 1758 1846 1754
f 1847 1762 1842
f 1763 1762 1847
f 1765 1763 1847
f 1764 1763 1765
f 1848 1842 1843
f 1847 1842 1848
f 1766 1847 1848
f 1765 1847 1766
f 1849 1843 1844
f 1848 1843 1849
f 1767 1848 1849
f 1766 1848 1767
f 1850 1844 1845
f 1849 1844 1850
f 1768 1849 1850
f 1767 1849 1768
f 1846 1758 1760
f 1851 1845 1846
f 1850 1845 1851
f 1769 1850 1851
f 1768 1850 1769
f 1851 1760 1761
f 1846 1760 1851
f 1769 1851 1761
f 1835 1806 1805
f 1735 1806 1835
f 1836 1835 1805
f 1836 1805 1804
f 1837 1836 1804
f 1837 1804 1803
f 1838 1837 1803
f 1838 1803 1802
f 1839 1838 1802
f 1839 1802 1801
f 1840 1839 1801
f 1840 1801 1800
f 1841 1840 1800
f 1841 1800 1794
f 1795 1841 1794
f 1852 1365 1759
f 1366 1365 1852
f 1853 1366 1852
f 1854 1853 1852
f 1855 1853 1854
f 1856 1855 1854
f 1857 1855 1856
f 1858 1857 1856
f 1859 1857 1858
f 1860 1859 1858
f 1861 1859 1860
f 1862 1861 1860
f 1863 1861 1862
f 1864 1863 1862
f 1865 1863 1864
f 1866 1865 1864
f 1867 1865 1866
f 1868 1867 1866
f 1869 1868 1866
f 1870 1868 1869
f 1871 1870 1869
f 1872 1870 1871
f 1873 1872 1871
f 1874 1872 1873
f 1875 1874 1873
f 1876 1874 1875
f 1877 1876 1875
f 1878 1877 1875
f 1879 1877 1878
f 1880 1879 1878
f 1881 1879 1880
f 1882 1881 1880
f 1883 1881 1882
f 1407 1883 1882
f 1408 1883 1407
f 1882 1625 1407
f 1626 1625 1882
f 1880 1626 1882
f 1786 1626 1880
f 1878 1786 1880
f 1784 1786 1878
f 1875 1784 1878
f 1782 1784 1875
f 1780 1782 1875
f 1873 1780 1875
f 1778 1780 1873
f 1871 1778 1873
f 1776 1778 1871
f 1869 1776 1871
f 1774 1776 1869
f 1866 1774 1869
f 1773 1774 1866
f 1771 1773 1866
f 1864 1771 1866
f 1747 1771 1864
f 1862 1747 1864
f 1746 1747 1862
f 1860 1746 1862
f 1755 1746 1860
f 1858 1755 1860
f 1756 1755 1858
f 1856 1756 1858
f 1757 1756 1856
f 1854 1757 1856
f 1759 1757 1854
f 1852 1759 1854
f 1884 1885 1886
f 1887 1885 1884
f 1888 1887 1884
f 1889 1887 1888
f 1890 1889 1888
f 1891 1889 1890
f 1892 1889 1891
f 1889 1893 1887
f 1894 1893 1889
f 1884 1890 1888
f 1895 1890 1884
f 1896 1895 1884
f 1897 1886 1898
f 1884 1886 1897
f 1899 1884 1897
f 1897 1900 1899
f 1898 1900 1897
f 1901 1900 1902
f 1899 1900 1901
f 1903 1899 1901
f 1903 1904 1905
f 1901 1904 1903
f 1901 1906 1904
f 1907 1906 1901
f 1908 1907 1901
f 1901 1909 1908
f 1902 1909 1901
f 1910 1899 1903
f 1884 1899 1910
f 1896 1884 1910
f 1910 1911 1896
f 1903 1911 1910
f 1912 1911 1913
f 1896 1911 1912
f 1895 1896 1912
f 1912 1914 1895
f 1915 1914 1912
f 1916 1915 1912
f 1912 1913 1916
f 1917 1895 1914
f 1890 1895 1917
f 1918 1890 1917
f 1917 1919 1918
f 1914 1919 1917
f 1919 1920 1918
f 1921 1920 1919
f 1922 1921 1919
f 1920 1923 1918
f 1924 1923 1920
f 1925 1924 1920
f 1920 1926 1925
f 1927 1926 1920
f 1928 1927 1920
f 1920 1921 1928
f 1929 1918 1923
f 1890 1918 1929
f 1891 1890 1929
f 1929 1930 1891
f 1923 1930 1929
f 1931 1932 1933
f 1885 1932 1931
f 1886 1885 1931
f 1931 1898 1886
f 1933 1898 1931
f 1934 1930 1935
f 1891 1930 1934
f 1892 1891 1934
f 1934 1936 1892
f 1935 1936 1934
f 1937 1892 1936
f 1889 1892 1937
f 1938 1889 1937
f 1937 1939 1938
f 1936 1939 1937
f 1940 1939 1941
f 1938 1939 1940
f 1942 1938 1940
f 1942 1943 1944
f 1940 1943 1942
f 1940 1945 1943
f 1946 1945 1940
f 1947 1946 1940
f 1940 1948 1947
f 1941 1948 1940
f 1949 1938 1942
f 1889 1938 1949
f 1894 1889 1949
f 1949 1950 1894
f 1942 1950 1949
f 1951 1950 1952
f 1894 1950 1951
f 1893 1894 1951
f 1951 1953 1893
f 1954 1953 1951
f 1955 1954 1951
f 1951 1952 1955
f 1956 1893 1953
f 1887 1893 1956
f 1957 1887 1956
f 1956 1958 1957
f 1953 1958 1956
f 1959 1958 1960
f 1957 1958 1959
f 1961 1957 1959
f 1961 1962 1963
f 1959 1962 1961
f 1959 1964 1962
f 1965 1964 1959
f 1966 1965 1959
f 1959 1967 1966
f 1960 1967 1959
f 1968 1957 1961
f 1887 1957 1968
f 1885 1887 1968
f 1968 1932 1885
f 1961 1932 1968
f 1969 1935 1930
f 1970 1935 1969
f 1971 1970 1969
f 1972 1970 1971
f 1973 1972 1971
f 1974 1972 1973
f 1975 1974 1973
f 1976 1974 1975
f 1977 1976 1975
f 1978 1976 1977
f 1979 1978 1977
f 1980 1978 1979
f 1981 1980 1979
f 1982 1980 1981
f 1983 1982 1981
f 1984 1982 1983
f 1981 1356 1983
f 1985 1356 1981
f 1986 1985 1981
f 1987 1985 1986
f 1988 1987 1986
f 1989 1987 1988
f 1990 1989 1988
f 1991 1989 1990
f 1992 1991 1990
f 1993 1991 1992
f 1994 1993 1992
f 1995 1993 1994
f 1996 1995 1994
f 1997 1995 1996
f 1998 1997 1996
f 1999 1997 1998
f 2000 1999 1998
f 2001 1999 2000
f 1904 2001 2000
f 1906 2001 1904
f 2002 2001 1906
f 1907 2002 1906
f 2003 2002 1907
f 1908 2003 1907
f 2004 2003 1908
f 1909 2004 1908
f 1902 2004 1909
f 2005 2004 1902
f 1898 2005 1902
f 2006 2005 1898
f 1933 2006 1898
f 2007 2006 1933
f 2008 2006 2007
f 2009 2008 2007
f 2010 2008 2009
f 2011 2010 2009
f 2012 2010 2011
f 2013 2012 2011
f 2014 2012 2013
f 2015 2014 2013
f 2016 2014 2015
f 2017 2016 2015
f 2018 2016 2017
f 2019 2018 2017
f 1337 2018 2019
f 1336 1337 2019
f 1985 1354 1356
f 2020 1354 1985
f 1987 2020 1985
f 2021 2020 1987
f 1989 2021 1987
f 2022 2021 1989
f 1991 2022 1989
f 2023 2022 1991
f 1993 2023 1991
f 2024 2023 1993
f 1995 2024 1993
f 2025 2024 1995
f 1997 2025 1995
f 2026 2025 1997
f 1999 2026 1997
f 2027 2026 1999
f 2001 2027 1999
f 2002 2027 2001
f 2020 1352 1354
f 2021 1352 2020
f 2021 1350 1352
f 1348 1350 2021
f 2022 1348 2021
f 1346 1348 2022
f 2028 1346 2022
f 1334 1346 2028
f 2029 1334 2028
f 1333 1334 2029
f 2030 1333 2029
f 1344 1333 2030
f 1343 1344 2030
f 2031 1343 2030
f 1342 1343 2031
f 2032 1342 2031
f 1341 1342 2032
f 2033 1341 2032
f 1340 1341 2033
f 2034 1340 2033
f 1339 1340 2034
f 2035 1339 2034
f 1338 1339 2035
f 2036 1338 2035
f 1337 1338 2036
f 2018 1337 2036
f 1902 1900 1898
f 2000 1905 1904
f 1911 1905 2000
f 2037 1911 2000
f 1913 1911 2037
f 2038 1913 2037
f 1916 1913 2038
f 1915 1916 2038
f 1911 1903 1905
f 2039 1915 2038
f 1914 1915 2039
f 2040 1914 2039
f 1922 1914 2040
f 1921 1922 2040
f 1922 1919 1914
f 2041 1921 2040
f 1928 1921 2041
f 1927 1928 2041
f 2042 1927 2041
f 1926 1927 2042
f 1925 1926 2042
f 2043 1925 2042
f 1924 1925 2043
f 1930 1924 2043
f 1923 1924 1930
f 1969 1930 2043
f 1979 1986 1981
f 2044 1986 1979
f 1977 2044 1979
f 2045 2044 1977
f 1975 2045 1977
f 2046 2045 1975
f 1973 2046 1975
f 2047 2046 1973
f 1971 2047 1973
f 2043 2047 1971
f 1969 2043 1971
f 2044 1988 1986
f 2048 1988 2044
f 2045 2048 2044
f 2049 2048 2045
f 2046 2049 2045
f 2050 2049 2046
f 2047 2050 2046
f 2042 2050 2047
f 2043 2042 2047
f 2048 1990 1988
f 2051 1990 2048
f 2049 2051 2048
f 2052 2051 2049
f 2050 2052 2049
f 2053 2052 2050
f 2042 2053 2050
f 2041 2053 2042
f 2051 1992 1990
f 2054 1992 2051
f 2052 2054 2051
f 2055 2054 2052
f 2053 2055 2052
f 2056 2055 2053
f 2041 2056 2053
f 2040 2056 2041
f 2054 1994 1992
f 2057 1994 2054
f 2055 2057 2054
f 2058 2057 2055
f 2056 2058 2055
f 2039 2058 2056
f 2040 2039 2056
f 2023 2028 2022
f 2059 2028 2023
f 2024 2059 2023
f 2060 2059 2024
f 2025 2060 2024
f 2061 2060 2025
f 2026 2061 2025
f 2062 2061 2026
f 2027 2062 2026
f 2063 2062 2027
f 2002 2063 2027
f 2003 2063 2002
f 2057 1996 1994
f 2064 1996 2057
f 2058 2064 2057
f 2038 2064 2058
f 2039 2038 2058
f 2059 2029 2028
f 2065 2029 2059
f 2060 2065 2059
f 2066 2065 2060
f 2061 2066 2060
f 2067 2066 2061
f 2062 2067 2061
f 2068 2067 2062
f 2063 2068 2062
f 2069 2068 2063
f 2003 2069 2063
f 2004 2069 2003
f 2064 2038 2037
f 1998 2064 2037
f 1996 2064 1998
f 2065 2030 2029
f 2070 2030 2065
f 2066 2070 2065
f 2071 2070 2066
f 2067 2071 2066
f 2072 2071 2067
f 2068 2072 2067
f 2073 2072 2068
f 2069 2073 2068
f 2074 2073 2069
f 2004 2074 2069
f 2005 2074 2004
f 1998 2037 2000
f 2070 2031 2030
f 2075 2031 2070
f 2071 2075 2070
f 2076 2075 2071
f 2072 2076 2071
f 2077 2076 2072
f 2073 2077 2072
f 2078 2077 2073
f 2074 2078 2073
f 2079 2078 2074
f 2005 2079 2074
f 2006 2079 2005
f 2075 2032 2031
f 2080 2032 2075
f 2076 2080 2075
f 2081 2080 2076
f 2077 2081 2076
f 2082 2081 2077
f 2078 2082 2077
f 2083 2082 2078
f 2079 2083 2078
f 2008 2083 2079
f 2006 2008 2079
f 2080 2033 2032
f 2084 2033 2080
f 2081 2084 2080
f 2085 2084 2081
f 2082 2085 2081
f 2086 2085 2082
f 2083 2086 2082
f 2010 2086 2083
f 2008 2010 2083
f 2084 2034 2033
f 2087 2034 2084
f 2085 2087 2084
f 2088 2087 2085
f 2086 2088 2085
f 2012 2088 2086
f 2010 2012 2086
f 2087 2035 2034
f 2089 2035 2087
f 2088 2089 2087
f 2014 2089 2088
f 2012 2014 2088
f 2089 2036 2035
f 2016 2036 2089
f 2014 2016 2089
f 2036 2016 2018
f 1953 1960 1958
f 2090 1960 1953
f 2091 2090 1953
f 2092 2090 2091
f 2093 2092 2091
f 2094 2092 2093
f 2095 2094 2093
f 2096 2094 2095
f 2097 2096 2095
f 2098 2096 2097
f 2099 2098 2097
f 2100 2098 2099
f 2101 2100 2099
f 2102 2100 2101
f 2103 2102 2101
f 2104 2102 2103
f 2105 2104 2103
f 2090 1967 1960
f 2106 1967 2090
f 2092 2106 2090
f 2107 2106 2092
f 2094 2107 2092
f 2108 2107 2094
f 2096 2108 2094
f 2109 2108 2096
f 2098 2109 2096
f 2110 2109 2098
f 2100 2110 2098
f 2111 2110 2100
f 2102 2111 2100
f 2112 2111 2102
f 2113 2112 2102
f 2114 2112 2113
f 2115 2112 2114
f 2116 2112 2115
f 2117 2116 2115
f 2118 2116 2117
f 1314 2118 2117
f 2119 2118 1314
f 1335 2119 1314
f 2019 2119 1335
f 1336 2019 1335
f 2106 1966 1967
f 1965 1966 2106
f 2120 1965 2106
f 1964 1965 2120
f 1962 1964 2120
f 2121 1962 2120
f 1963 1962 2121
f 1932 1963 2121
f 1961 1963 1932
f 2122 1932 2121
f 1933 1932 2122
f 2007 1933 2122
f 2123 2007 2122
f 2009 2007 2123
f 2124 2009 2123
f 2011 2009 2124
f 2125 2011 2124
f 2013 2011 2125
f 2126 2013 2125
f 2015 2013 2126
f 2127 2015 2126
f 2017 2015 2127
f 2119 2017 2127
f 2019 2017 2119
f 2102 2104 2113
f 2128 2105 2103
f 2129 2105 2128
f 2130 2129 2128
f 2131 2129 2130
f 2132 2131 2130
f 2133 2132 2130
f 2134 2132 2133
f 2135 2134 2133
f 2136 2134 2135
f 2137 2136 2135
f 2138 2136 2137
f 2139 2138 2137
f 2140 2138 2139
f 2141 2140 2139
f 2142 2140 2141
f 2143 2142 2141
f 2144 2142 2143
f 2145 2144 2143
f 1982 2144 2145
f 1980 1982 2145
f 1982 1984 2144
f 2146 1980 2145
f 1978 1980 2146
f 2147 1978 2146
f 1976 1978 2147
f 2148 1976 2147
f 1974 1976 2148
f 2149 1974 2148
f 1972 1974 2149
f 2150 1972 2149
f 1970 1972 2150
f 2151 1970 2150
f 1935 1970 2151
f 1936 1935 2151
f 1936 1941 1939
f 2152 1941 1936
f 2151 2152 1936
f 2153 2152 2151
f 2150 2153 2151
f 2154 2153 2150
f 2149 2154 2150
f 2155 2154 2149
f 2148 2155 2149
f 2156 2155 2148
f 2147 2156 2148
f 2157 2156 2147
f 2146 2157 2147
f 2143 2157 2146
f 2145 2143 2146
f 2158 1941 2152
f 1948 1941 2158
f 1947 1948 2158
f 2159 1947 2158
f 1946 1947 2159
f 2160 1946 2159
f 1945 1946 2160
f 2161 1945 2160
f 1943 1945 2161
f 2162 1943 2161
f 1944 1943 2162
f 1950 1944 2162
f 1942 1944 1950
f 2163 1950 2162
f 1952 1950 2163
f 2164 1952 2163
f 1955 1952 2164
f 1954 1955 2164
f 2091 1954 2164
f 1953 1954 2091
f 2165 2103 2101
f 2128 2103 2165
f 2166 2128 2165
f 2130 2128 2166
f 2167 2130 2166
f 2133 2130 2167
f 2168 2133 2167
f 2135 2133 2168
f 2169 2135 2168
f 2137 2135 2169
f 2170 2137 2169
f 2139 2137 2170
f 2171 2139 2170
f 2141 2139 2171
f 2157 2141 2171
f 2143 2141 2157
f 2172 2101 2099
f 2165 2101 2172
f 2173 2165 2172
f 2166 2165 2173
f 2174 2166 2173
f 2167 2166 2174
f 2175 2167 2174
f 2168 2167 2175
f 2176 2168 2175
f 2169 2168 2176
f 2177 2169 2176
f 2170 2169 2177
f 2178 2170 2177
f 2171 2170 2178
f 2156 2171 2178
f 2157 2171 2156
f 2179 2099 2097
f 2172 2099 2179
f 2180 2172 2179
f 2173 2172 2180
f 2181 2173 2180
f 2174 2173 2181
f 2182 2174 2181
f 2175 2174 2182
f 2183 2175 2182
f 2176 2175 2183
f 2184 2176 2183
f 2177 2176 2184
f 2185 2177 2184
f 2178 2177 2185
f 2155 2178 2185
f 2156 2178 2155
f 2186 2097 2095
f 2179 2097 2186
f 2187 2179 2186
f 2180 2179 2187
f 2188 2180 2187
f 2181 2180 2188
f 2189 2181 2188
f 2182 2181 2189
f 2190 2182 2189
f 2183 2182 2190
f 2191 2183 2190
f 2184 2183 2191
f 2192 2184 2191
f 2185 2184 2192
f 2154 2185 2192
f 2155 2185 2154
f 2093 2091 2164
f 2193 2095 2093
f 2186 2095 2193
f 2194 2186 2193
f 2187 2186 2194
f 2195 2187 2194
f 2188 2187 2195
f 2196 2188 2195
f 2189 2188 2196
f 2197 2189 2196
f 2190 2189 2197
f 2198 2190 2197
f 2191 2190 2198
f 2199 2191 2198
f 2192 2191 2199
f 2153 2192 2199
f 2154 2192 2153
f 2107 2120 2106
f 2200 2120 2107
f 2108 2200 2107
f 2201 2200 2108
f 2109 2201 2108
f 2202 2201 2109
f 2110 2202 2109
f 2203 2202 2110
f 2111 2203 2110
f 2204 2203 2111
f 2112 2204 2111
f 2116 2204 2112
f 2205 2120 2200
f 2121 2120 2205
f 2123 2121 2205
f 2122 2121 2123
f 2206 2200 2201
f 2205 2200 2206
f 2124 2205 2206
f 2123 2205 2124
f 2207 2201 2202
f 2206 2201 2207
f 2125 2206 2207
f 2124 2206 2125
f 2208 2202 2203
f 2207 2202 2208
f 2126 2207 2208
f 2125 2207 2126
f 2204 2116 2118
f 2209 2203 2204
f 2208 2203 2209
f 2127 2208 2209
f 2126 2208 2127
f 2209 2118 2119
f 2204 2118 2209
f 2127 2209 2119
f 2193 2164 2163
f 2093 2164 2193
f 2194 2193 2163
f 2194 2163 2162
f 2195 2194 2162
f 2195 2162 2161
f 2196 2195 2161
f 2196 2161 2160
f 2197 2196 2160
f 2197 2160 2159
f 2198 2197 2159
f 2198 2159 2158
f 2199 2198 2158
f 2199 2158 2152
f 2153 2199 2152
f 2210 1314 2117
f 1315 1314 2210
f 2211 1315 2210
f 2212 2211 2210
f 2213 2211 2212
f 2214 2213 2212
f 2215 2213 2214
f 2216 2215 2214
f 2217 2215 2216
f 2218 2217 2216
f 2219 2217 2218
f 2220 2219 2218
f 2221 2219 2220
f 2222 2221 2220
f 2223 2221 2222
f 2224 2223 2222
f 2225 2223 2224
f 2226 2225 2224
f 2227 2226 2224
f 2228 2226 2227
f 2229 2228 2227
f 2230 2228 2229
f 2231 2230 2229
f 2232 2230 2231
f 2233 2232 2231
f 2234 2232 2233
f 2235 2234 2233
f 2236 2235 2233
f 2237 2235 2236
f 2238 2237 2236
f 2239 2237 2238
f 2240 2239 2238
f 2241 2239 2240
f 1356 2241 2240
f 1357 2241 1356
f 2240 1983 1356
f 1984 1983 2240
f 2238 1984 2240
f 2144 1984 2238
f 2236 2144 2238
f 2142 2144 2236
f 2233 2142 2236
f 2140 2142 2233
f 2138 2140 2233
f 2231 2138 2233
f 2136 2138 2231
f 2229 2136 2231
f 2134 2136 2229
f 2227 2134 2229
f 2132 2134 2227
f 2224 2132 2227
f 2131 2132 2224
f 2129 2131 2224
f 2222 2129 2224
f 2105 2129 2222
f 2220 2105 2222
f 2104 2105 2220
f 2218 2104 2220
f 2113 2104 2218
f 2216 2113 2218
f 2114 2113 2216
f 2214 2114 2216
f 2115 2114 2214
f 2212 2115 2214
f 2117 2115 2212
f 2210 2117 2212
f 2242 2243 2244
f 2245 2243 2242
f 2246 2245 2242
f 2247 2245 2246
f 2248 2247 2246
f 2249 2247 2248
f 2250 2247 2249
f 2247 2251 2245
f 2252 2251 2247
f 2242 2248 2246
f 2253 2248 2242
f 2254 2253 2242
f 2255 2244 2256
f 2242 2244 2255
f 2257 2242 2255
f 2255 2258 2257
f 2256 2258 2255
f 2259 2258 2260
f 2257 2258 2259
f 2261 2257 2259
f 2261 2262 2263
f 2259 2262 2261
f 2259 2264 2262
f 2265 2264 2259
f 2266 2265 2259
f 2259 2267 2266
f 2260 2267 2259
f 2268 2257 2261
f 2242 2257 2268
f 2254 2242 2268
f 2268 2269 2254
f 2261 2269 2268
f 2270 2269 2271
f 2254 2269 2270
f 2253 2254 2270
f 2270 2272 2253
f 2273 2272 2270
f 2274 2273 2270
f 2270 2271 2274
f 2275 2253 2272
f 2248 2253 2275
f 2276 2248 2275
f 2275 2277 2276
f 2272 2277 2275
f 2277 2278 2276
f 2279 2278 2277
f 2280 2279 2277
f 2278 2281 2276
f 2282 2281 2278
f 2283 2282 2278
f 2278 2284 2283
f 2285 2284 2278
f 2286 2285 2278
f 2278 2279 2286
f 2287 2276 2281
f 2248 2276 2287
f 2249 2248 2287
f 2287 2288 2249
f 2281 2288 2287
f 2289 2290 2291
f 2243 2290 2289
f 2244 2243 2289
f 2289 2256 2244
f 2291 2256 2289
f 2292 2288 2293
f 2249 2288 2292
f 2250 2249 2292
f 2292 2294 2250
f 2293 2294 2292
f 2295 2250 2294
f 2247 2250 2295
f 2296 2247 2295
f 2295 2297 2296
f 2294 2297 2295
f 2298 2297 2299
f 2296 2297 2298
f 2300 2296 2298
f 2300 2301 2302
f 2298 2301 2300
f 2298 2303 2301
f 2304 2303 2298
f 2305 2304 2298
f 2298 2306 2305
f 2299 2306 2298
f 2307 2296 2300
f 2247 2296 2307
f 2252 2247 2307
f 2307 2308 2252
f 2300 2308 2307
f 2309 2308 2310
f 2252 2308 2309
f 2251 2252 2309
f 2309 2311 2251
f 2312 2311 2309
f 2313 2312 2309
f 2309 2310 2313
f 2314 2251 2311
f 2245 2251 2314
f 2315 2245 2314
f 2314 2316 2315
f 2311 2316 2314
f 2317 2316 2318
f 2315 2316 2317
f 2319 2315 2317
f 2319 2320 2321
f 2317 2320 2319
f 2317 2322 2320
f 2323 2322 2317
f 2324 2323 2317
f 2317 2325 2324
f 2318 2325 2317
f 2326 2315 2319
f 2245 2315 2326
f 2243 2245 2326
f 2326 2290 2243
f 2319 2290 2326
f 2327 2293 2288
f 2328 2293 2327
f 2329 2328 2327
f 2330 2328 2329
f 2331 2330 2329
f 2332 2330 2331
f 2333 2332 2331
f 2334 2332 2333
f 2335 2334 2333
f 2336 2334 2335
f 2337 2336 2335
f 2338 2336 2337
f 2339 2338 2337
f 2340 2338 2339
f 2341 2340 2339
f 2342 2340 2341
f 2339 1306 2341
f 2343 1306 2339
f 2344 2343 2339
f 2345 2343 2344
f 2346 2345 2344
f 2347 2345 2346
f 2348 2347 2346
f 2349 2347 2348
f 2350 2349 2348
f 2351 2349 2350
f 2352 2351 2350
f 2353 2351 2352
f 2354 2353 2352
f 2355 2353 2354
f 2356 2355 2354
f 2357 2355 2356
f 2358 2357 2356
f 2359 2357 2358
f 2262 2359 2358
f 2264 2359 2262
f 2360 2359 2264
f 2265 2360 2264
f 2361 2360 2265
f 2266 2361 2265
f 2362 2361 2266
f 2267 2362 2266
f 2260 2362 2267
f 2363 2362 2260
f 2256 2363 2260
f 2364 2363 2256
f 2291 2364 2256
f 2365 2364 2291
f 2366 2364 2365
f 2367 2366 2365
f 2368 2366 2367
f 2369 2368 2367
f 2370 2368 2369
f 2371 2370 2369
f 2372 2370 2371
f 2373 2372 2371
f 2374 2372 2373
f 2375 2374 2373
f 2376 2374 2375
f 2377 2376 2375
f 1288 2376 2377
f 1287 1288 2377
f 2343 1304 1306
f 2378 1304 2343
f 2345 2378 2343
f 2379 2378 2345
f 2347 2379 2345
f 2380 2379 2347
f 2349 2380 2347
f 2381 2380 2349
f 2351 2381 2349
f 2382 2381 2351
f 2353 2382 2351
f 2383 2382 2353
f 2355 2383 2353
f 2384 2383 2355
f 2357 2384 2355
f 2385 2384 2357
f 2359 2385 2357
f 2360 2385 2359
f 2378 1302 1304
f 2379 1302 2378
f 2379 1300 1302
f 1298 1300 2379
f 2380 1298 2379
f 1285 1298 2380
f 2386 1285 2380
f 1284 1285 2386
f 2387 1284 2386
f 1296 1284 2387
f 2388 1296 2387
f 1295 1296 2388
f 1294 1295 2388
f 2389 1294 2388
f 1293 1294 2389
f 2390 1293 2389
f 1292 1293 2390
f 2391 1292 2390
f 1291 1292 2391
f 2392 1291 2391
f 1290 1291 2392
f 2393 1290 2392
f 1289 1290 2393
f 2394 1289 2393
f 1288 1289 2394
f 2376 1288 2394
f 2260 2258 2256
f 2358 2263 2262
f 2269 2263 2358
f 2395 2269 2358
f 2271 2269 2395
f 2396 2271 2395
f 2274 2271 2396
f 2273 2274 2396
f 2269 2261 2263
f 2397 2273 2396
f 2272 2273 2397
f 2398 2272 2397
f 2280 2272 2398
f 2279 2280 2398
f 2280 2277 2272
f 2399 2279 2398
f 2286 2279 2399
f 2285 2286 2399
f 2400 2285 2399
f 2284 2285 2400
f 2283 2284 2400
f 2401 2283 2400
f 2282 2283 2401
f 2288 2282 2401
f 2281 2282 2288
f 2327 2288 2401
f 2337 2344 2339
f 2402 2344 2337
f 2335 2402 2337
f 2403 2402 2335
f 2333 2403 2335
f 2404 2403 2333
f 2331 2404 2333
f 2405 2404 2331
f 2329 2405 2331
f 2401 2405 2329
f 2327 2401 2329
f 2402 2346 2344
f 2406 2346 2402
f 2403 2406 2402
f 2407 2406 2403
f 2404 2407 2403
f 2408 2407 2404
f 2405 2408 2404
f 2400 2408 2405
f 2401 2400 2405
f 2406 2348 2346
f 2409 2348 2406
f 2407 2409 2406
f 2410 2409 2407
f 2408 2410 2407
f 2411 2410 2408
f 2400 2411 2408
f 2399 2411 2400
f 2409 2350 2348
f 2412 2350 2409
f 2410 2412 2409
f 2413 2412 2410
f 2411 2413 2410
f 2414 2413 2411
f 2399 2414 2411
f 2398 2414 2399
f 2412 2352 2350
f 2415 2352 2412
f 2413 2415 2412
f 2416 2415 2413
f 2414 2416 2413
f 2397 2416 2414
f 2398 2397 2414
f 2381 2386 2380
f 2417 2386 2381
f 2382 2417 2381
f 2418 2417 2382
f 2383 2418 2382
f 2419 2418 2383
f 2384 2419 2383
f 2420 2419 2384
f 2385 2420 2384
f 2421 2420 2385
f 2360 2421 2385
f 2361 2421 2360
f 2415 2354 2352
f 2422 2354 2415
f 2416 2422 2415
f 2396 2422 2416
f 2397 2396 2416
f 2417 2387 2386
f 2423 2387 2417
f 2418 2423 2417
f 2424 2423 2418
f 2419 2424 2418
f 2425 2424 2419
f 2420 2425 2419
f 2426 2425 2420
f 2421 2426 2420
f 2427 2426 2421
f 2361 2427 2421
f 2362 2427 2361
f 2422 2396 2395
f 2356 2422 2395
f 2354 2422 2356
f 2423 2388 2387
f 2428 2388 2423
f 2424 2428 2423
f 2429 2428 2424
f 2425 2429 2424
f 2430 2429 2425
f 2426 2430 2425
f 2431 2430 2426
f 2427 2431 2426
f 2432 2431 2427
f 2362 2432 2427
f 2363 2432 2362
f 2356 2395 2358
f 2428 2389 2388
f 2433 2389 2428
f 2429 2433 2428
f 2434 2433 2429
f 2430 2434 2429
f 2435 2434 2430
f 2431 2435 2430
f 2436 2435 2431
f 2432 2436 2431
f 2437 2436 2432
f 2363 2437 2432
f 2364 2437 2363
f 2433 2390 2389
f 2438 2390 2433
f 2434 2438 2433
f 2439 2438 2434
f 2435 2439 2434
f 2440 2439 2435
f 2436 2440 2435
f 2441 2440 2436
f 2437 2441 2436
f 2366 2441 2437
f 2364 2366 2437
f 2438 2391 2390
f 2442 2391 2438
f 2439 2442 2438
f 2443 2442 2439
f 2440 2443 2439
f 2444 2443 2440
f 2441 2444 2440
f 2368 2444 2441
f 2366 2368 2441
f 2442 2392 2391
f 2445 2392 2442
f 2443 2445 2442
f 2446 2445 2443
f 2444 2446 2443
f 2370 2446 2444
f 2368 2370 2444
f 2445 2393 2392
f 2447 2393 2445
f 2446 2447 2445
f 2372 2447 2446
f 2370 2372 2446
f 2447 2394 2393
f 2374 2394 2447
f 2372 2374 2447
f 2394 2374 2376
f 2311 2318 2316
f 2448 2318 2311
f 2449 2448 2311
f 2450 2448 2449
f 2451 2450 2449
f 2452 2450 2451
f 2453 2452 2451
f 2454 2452 2453
f 2455 2454 2453
f 2456 2454 2455
f 2457 2456 2455
f 2458 2456 2457
f 2459 2458 2457
f 2460 2458 2459
f 2461 2460 2459
f 2462 2460 2461
f 2463 2462 2461
f 2448 2325 2318
f 2464 2325 2448
f 2450 2464 2448
f 2465 2464 2450
f 2452 2465 2450
f 2466 2465 2452
f 2454 2466 2452
f 2467 2466 2454
f 2456 2467 2454
f 2468 2467 2456
f 2458 2468 2456
f 2469 2468 2458
f 2460 2469 2458
f 2470 2469 2460
f 2471 2470 2460
f 2472 2470 2471
f 2473 2470 2472
f 2474 2470 2473
f 2475 2474 2473
f 2476 2474 2475
f 1263 2476 2475
f 2477 2476 1263
f 1286 2477 1263
f 2377 2477 1286
f 1287 2377 1286
f 2464 2324 2325
f 2323 2324 2464
f 2478 2323 2464
f 2322 2323 2478
f 2320 2322 2478
f 2479 2320 2478
f 2321 2320 2479
f 2290 2321 2479
f 2319 2321 2290
f 2480 2290 2479
f 2291 2290 2480
f 2365 2291 2480
f 2481 2365 2480
f 2367 2365 2481
f 2482 2367 2481
f 2369 2367 2482
f 2483 2369 2482
f 2371 2369 2483
f 2484 2371 2483
f 2373 2371 2484
f 2485 2373 2484
f 2375 2373 2485
f 2477 2375 2485
f 2377 2375 2477
f 2460 2462 2471
f 2486 2463 2461
f 2487 2463 2486
f 2488 2487 2486
f 2489 2487 2488
f 2490 2489 2488
f 2491 2490 2488
f 2492 2490 2491
f 2493 2492 2491
f 2494 2492 2493
f 2495 2494 2493
f 2496 2494 2495
f 2497 2496 2495
f 2498 2496 2497
f 2499 2498 2497
f 2500 2498 2499
f 2501 2500 2499
f 2502 2500 2501
f 2503 2502 2501
f 2340 2502 2503
f 2338 2340 2503
f 2340 2342 2502
f 2504 2338 2503
f 2336 2338 2504
f 2505 2336 2504
f 2334 2336 2505
f 2506 2334 2505
f 2332 2334 2506
f 2507 2332 2506
f 2330 2332 2507
f 2508 2330 2507
f 2328 2330 2508
f 2509 2328 2508
f 2293 2328 2509
f 2294 2293 2509
f 2294 2299 2297
f 2510 2299 2294
f 2509 2510 2294
f 2511 2510 2509
f 2508 2511 2509
f 2512 2511 2508
f 2507 2512 2508
f 2513 2512 2507
f 2506 2513 2507
f 2514 2513 2506
f 2505 2514 2506
f 2515 2514 2505
f 2504 2515 2505
f 2501 2515 2504
f 2503 2501 2504
f 2516 2299 2510
f 2306 2299 2516
f 2305 2306 2516
f 2517 2305 2516
f 2304 2305 2517
f 2518 2304 2517
f 2303 2304 2518
f 2519 2303 2518
f 2301 2303 2519
f 2520 2301 2519
f 2302 2301 2520
f 2308 2302 2520
f 2300 2302 2308
f 2521 2308 2520
f 2310 2308 2521
f 2522 2310 2521
f 2313 2310 2522
f 2312 2313 2522
f 2449 2312 2522
f 2311 2312 2449
f 2523 2461 2459
f 2486 2461 2523
f 2524 2486 2523
f 2488 2486 2524
f 2525 2488 2524
f 2491 2488 2525
f 2526 2491 2525
f 2493 2491 2526
f 2527 2493 2526
f 2495 2493 2527
f 2528 2495 2527
f 2497 2495 2528
f 2529 2497 2528
f 2499 2497 2529
f 2515 2499 2529
f 2501 2499 2515
f 2530 2459 2457
f 2523 2459 2530
f 2531 2523 2530
f 2524 2523 2531
f 2532 2524 2531
f 2525 2524 2532
f 2533 2525 2532
f 2526 2525 2533
f 2534 2526 2533
f 2527 2526 2534
f 2535 2527 2534
f 2528 2527 2535
f 2536 2528 2535
f 2529 2528 2536
f 2514 2529 2536
f 2515 2529 2514
f 2537 2457 2455
f 2530 2457 2537
f 2538 2530 2537
f 2531 2530 2538
f 2539 2531 2538
f 2532 2531 2539
f 2540 2532 2539
f 2533 2532 2540
f 2541 2533 2540
f 2534 2533 2541
f 2542 2534 2541
f 2535 2534 2542
f 2543 2535 2542
f 2536 2535 2543
f 2513 2536 2543
f 2514 2536 2513
f 2544 2455 2453
f 2537 2455 2544
f 2545 2537 2544
f 2538 2537 2545
f 2546 2538 2545
f 2539 2538 2546
f 2547 2539 2546
f 2540 2539 2547
f 2548 2540 2547
f 2541 2540 2548
f 2549 2541 2548
f 2542 2541 2549
f 2550 2542 2549
f 2543 2542 2550
f 2512 2543 2550
f 2513 2543 2512
f 2451 2449 2522
f 2551 2453 2451
f 2544 2453 2551
f 2552 2544 2551
f 2545 2544 2552
f 2553 2545 2552
f 2546 2545 2553
f 2554 2546 2553
f 2547 2546 2554
f 2555 2547 2554
f 2548 2547 2555
f 2556 2548 2555
f 2549 2548 2556
f 2557 2549 2556
f 2550 2549 2557
f 2511 2550 2557
f 2512 2550 2511
f 2465 2478 2464
f 2558 2478 2465
f 2466 2558 2465
f 2559 2558 2466
f 2467 2559 2466
f 2560 2559 2467
f 2468 2560 2467
f 2561 2560 2468
f 2469 2561 2468
f 2562 2561 2469
f 2470 2562 2469
f 2474 2562 2470
f 2563 2478 2558
f 2479 2478 2563
f 2481 2479 2563
f 2480 2479 2481
f 2564 2558 2559
f 2563 2558 2564
f 2482 2563 2564
f 2481 2563 2482
f 2565 2559 2560
f 2564 2559 2565
f 2483 2564 2565
f 2482 2564 2483
f 2566 2560 2561
f 2565 2560 2566
f 2484 2565 2566
f 2483 2565 2484
f 2562 2474 2476
f 2567 2561 2562
f 2566 2561 2567
f 2485 2566 2567
f 2484 2566 2485
f 2567 2476 2477
f 2562 2476 2567
f 2485 2567 2477
f 2551 2522 2521
f 2451 2522 2551
f 2552 2551 2521
f 2552 2521 2520
f 2553 2552 2520
f 2553 2520 2519
f 2554 2553 2519
f 2554 2519 2518
f 2555 2554 2518
f 2555 2518 2517
f 2556 2555 2517
f 2556 2517 2516
f 2557 2556 2516
f 2557 2516 2510
f 2511 2557 2510
f 2568 1263 2475
f 1264 1263 2568
f 2569 1264 2568
f 2570 2569 2568
f 2571 2569 2570
f 2572 2571 2570
f 2573 2571 2572
f 2574 2573 2572
f 2575 2573 2574
f 2576 2575 2574
f 2577 2575 2576
f 2578 2577 2576
f 2579 2577 2578
f 2580 2579 2578
f 2581 2579 2580
f 2582 2581 2580
f 2583 2581 2582
f 2584 2583 2582
f 2585 2584 2582
f 2586 2584 2585
f 2587 2586 2585
f 2588 2586 2587
f 2589 2588 2587
f 2590 2588 2589
f 2591 2590 2589
f 2592 2590 2591
f 2593 2592 2591
f 2594 2593 2591
f 2595 2593 2594
f 2596 2595 2594
f 2597 2595 2596
f 2598 2597 2596
f 2599 2597 2598
f 1306 2599 2598
f 1307 2599 1306
f 2598 2341 1306
f 2342 2341 2598
f 2596 2342 2598
f 2502 2342 2596
f 2594 2502 2596
f 2500 2502 2594
f 2591 2500 2594
f 2498 2500 2591
f 2496 2498 2591
f 2589 2496 2591
f 2494 2496 2589
f 2587 2494 2589
f 2492 2494 2587
f 2585 2492 2587
f 2490 2492 2585
f 2582 2490 2585
f 2489 2490 2582
f 2487 2489 2582
f 2580 2487 2582
f 2463 2487 2580
f 2578 2463 2580
f 2462 2463 2578
f 2576 2462 2578
f 2471 2462 2576
f 2574 2471 2576
f 2472 2471 2574
f 2572 2472 2574
f 2473 2472 2572
f 2570 2473 2572
f 2475 2473 2570
f 2568 2475 2570
f 2600 2601 2602
f 2603 2601 2600
f 2604 2603 2600
f 2605 2603 2604
f 2606 2605 2604
f 2607 2605 2606
f 2608 2605 2607
f 2605 2609 2603
f 2610 2609 2605
f 2600 2606 2604
f 2611 2606 2600
f 2612 2611 2600
f 2613 2602 2614
f 2600 2602 2613
f 2615 2600 2613
f 2613 2616 2615
f 2614 2616 2613
f 2617 2616 2618
f 2615 2616 2617
f 2619 2615 2617
f 2619 2620 2621
f 2617 2620 2619
f 2617 2622 2620
f 2623 2622 2617
f 2624 2623 2617
f 2617 2625 2624
f 2618 2625 2617
f 2626 2615 2619
f 2600 2615 2626
f 2612 2600 2626
f 2626 2627 2612
f 2619 2627 2626
f 2628 2627 2629
f 2612 2627 2628
f 2611 2612 2628
f 2628 2630 2611
f 2631 2630 2628
f 2632 2631 2628
f 2628 2629 2632
f 2633 2611 2630
f 2606 2611 2633
f 2634 2606 2633
f 2633 2635 2634
f 2630 2635 2633
f 2635 2636 2634
f 2637 2636 2635
f 2638 2637 2635
f 2636 2639 2634
f 2640 2639 2636
f 2641 2640 2636
f 2636 2642 2641
f 2643 2642 2636
f 2644 2643 2636
f 2636 2637 2644
f 2645 2634 2639
f 2606 2634 2645
f 2607 2606 2645
f 2645 2646 2607
f 2639 2646 2645
f 2647 2648 2649
f 2601 2648 2647
f 2602 2601 2647
f 2647 2614 2602
f 2649 2614 2647
f 2650 2646 2651
f 2607 2646 2650
f 2608 2607 2650
f 2650 2652 2608
f 2651 2652 2650
f 2653 2608 2652
f 2605 2608 2653
f 2654 2605 2653
f 2653 2655 2654
f 2652 2655 2653
f 2656 2655 2657
f 2654 2655 2656
f 2658 2654 2656
f 2658 2659 2660
f 2656 2659 2658
f 2656 2661 2659
f 2662 2661 2656
f 2663 2662 2656
f 2656 2664 2663
f 2657 2664 2656
f 2665 2654 2658
f 2605 2654 2665
f 2610 2605 2665
f 2665 2666 2610
f 2658 2666 2665
f 2667 2666 2668
f 2610 2666 2667
f 2609 2610 2667
f 2667 2669 2609
f 2670 2669 2667
f 2671 2670 2667
f 2667 2668 2671
f 2672 2609 2669
f 2603 2609 2672
f 2673 2603 2672
f 2672 2674 2673
f 2669 2674 2672
f 2675 2674 2676
f 2673 2674 2675
f 2677 2673 2675
f 2677 2678 2679
f 2675 2678 2677
f 2675 2680 2678
f 2681 2680 2675
f 2682 2681 2675
f 2675 2683 2682
f 2676 2683 2675
f 2684 2673 2677
f 2603 2673 2684
f 2601 2603 2684
f 2684 2648 2601
f 2677 2648 2684
f 2685 2651 2646
f 2686 2651 2685
f 2687 2686 2685
f 2688 2686 2687
f 2689 2688 2687
f 2690 2688 2689
f 2691 2690 2689
f 2692 2690 2691
f 2693 2692 2691
f 2694 2692 2693
f 2695 2694 2693
f 2696 2694 2695
f 2697 2696 2695
f 2698 2696 2697
f 2699 2698 2697
f 2700 2698 2699
f 2697 1255 2699
f 2701 1255 2697
f 2702 2701 2697
f 2703 2701 2702
f 2704 2703 2702
f 2705 2703 2704
f 2706 2705 2704
f 2707 2705 2706
f 2708 2707 2706
f 2709 2707 2708
f 2710 2709 2708
f 2711 2709 2710
f 2712 2711 2710
f 2713 2711 2712
f 2714 2713 2712
f 2715 2713 2714
f 2716 2715 2714
f 2717 2715 2716
f 2620 2717 2716
f 2622 2717 2620
f 2718 2717 2622
f 2623 2718 2622
f 2719 2718 2623
f 2624 2719 2623
f 2720 2719 2624
f 2625 2720 2624
f 2618 2720 2625
f 2721 2720 2618
f 2614 2721 2618
f 2722 2721 2614
f 2649 2722 2614
f 2723 2722 2649
f 2724 2722 2723
f 2725 2724 2723
f 2726 2724 2725
f 2727 2726 2725
f 2728 2726 2727
f 2729 2728 2727
f 2730 2728 2729
f 2731 2730 2729
f 2732 2730 2731
f 2733 2732 2731
f 2734 2732 2733
f 2735 2734 2733
f 1237 2734 2735
f 1236 1237 2735
f 2701 1253 1255
f 2736 1253 2701
f 2703 2736 2701
f 2737 2736 2703
f 2705 2737 2703
f 2738 2737 2705
f 2707 2738 2705
f 2739 2738 2707
f 2709 2739 2707
f 2740 2739 2709
f 2711 2740 2709
f 2741 2740 2711
f 2713 2741 2711
f 2742 2741 2713
f 2715 2742 2713
f 2743 2742 2715
f 2717 2743 2715
f 2718 2743 2717
f 2736 1251 1253
f 2737 1251 2736
f 2737 1249 1251
f 1247 1249 2737
f 2738 1247 2737
f 1234 1247 2738
f 2744 1234 2738
f 1233 1234 2744
f 2745 1233 2744
f 1245 1233 2745
f 2746 1245 2745
f 1244 1245 2746
f 1243 1244 2746
f 2747 1243 2746
f 1242 1243 2747
f 2748 1242 2747
f 1241 1242 2748
f 2749 1241 2748
f 1240 1241 2749
f 2750 1240 2749
f 1239 1240 2750
f 2751 1239 2750
f 1238 1239 2751
f 2752 1238 2751
f 1237 1238 2752
f 2734 1237 2752
f 2618 2616 2614
f 2716 2621 2620
f 2627 2621 2716
f 2753 2627 2716
f 2629 2627 2753
f 2754 2629 2753
f 2632 2629 2754
f 2631 2632 2754
f 2627 2619 2621
f 2755 2631 2754
f 2630 2631 2755
f 2756 2630 2755
f 2638 2630 2756
f 2637 2638 2756
f 2638 2635 2630
f 2757 2637 2756
f 2644 2637 2757
f 2643 2644 2757
f 2758 2643 2757
f 2642 2643 2758
f 2641 2642 2758
f 2759 2641 2758
f 2640 2641 2759
f 2646 2640 2759
f 2639 2640 2646
f 2685 2646 2759
f 2695 2702 2697
f 2760 2702 2695
f 2693 2760 2695
f 2761 2760 2693
f 2691 2761 2693
f 2762 2761 2691
f 2689 2762 2691
f 2763 2762 2689
f 2687 2763 2689
f 2759 2763 2687
f 2685 2759 2687
f 2760 2704 2702
f 2764 2704 2760
f 2761 2764 2760
f 2765 2764 2761
f 2762 2765 2761
f 2766 2765 2762
f 2763 2766 2762
f 2758 2766 2763
f 2759 2758 2763
f 2764 2706 2704
f 2767 2706 2764
f 2765 2767 2764
f 2768 2767 2765
f 2766 2768 2765
f 2769 2768 2766
f 2758 2769 2766
f 2757 2769 2758
f 2767 2708 2706
f 2770 2708 2767
f 2768 2770 2767
f 2771 2770 2768
f 2769 2771 2768
f 2772 2771 2769
f 2757 2772 2769
f 2756 2772 2757
f 2770 2710 2708
f 2773 2710 2770
f 2771 2773 2770
f 2774 2773 2771
f 2772 2774 2771
f 2755 2774 2772
f 2756 2755 2772
f 2739 2744 2738
f 2775 2744 2739
f 2740 2775 2739
f 2776 2775 2740
f 2741 2776 2740
f 2777 2776 2741
f 2742 2777 2741
f 2778 2777 2742
f 2743 2778 2742
f 2779 2778 2743
f 2718 2779 2743
f 2719 2779 2718
f 2773 2712 2710
f 2780 2712 2773
f 2774 2780 2773
f 2754 2780 2774
f 2755 2754 2774
f 2775 2745 2744
f 2781 2745 2775
f 2776 2781 2775
f 2782 2781 2776
f 2777 2782 2776
f 2783 2782 2777
f 2778 2783 2777
f 2784 2783 2778
f 2779 2784 2778
f 2785 2784 2779
f 2719 2785 2779
f 2720 2785 2719
f 2780 2754 2753
f 2714 2780 2753
f 2712 2780 2714
f 2781 2746 2745
f 2786 2746 2781
f 2782 2786 2781
f 2787 2786 2782
f 2783 2787 2782
f 2788 2787 2783
f 2784 2788 2783
f 2789 2788 2784
f 2785 2789 2784
f 2790 2789 2785
f 2720 2790 2785
f 2721 2790 2720
f 2714 2753 2716
f 2786 2747 2746
f 2791 2747 2786
f 2787 2791 2786
f 2792 2791 2787
f 2788 2792 2787
f 2793 2792 2788
f 2789 2793 2788
f 2794 2793 2789
f 2790 2794 2789
f 2795 2794 2790
f 2721 2795 2790
f 2722 2795 2721
f 2791 2748 2747
f 2796 2748 2791
f 2792 2796 2791
f 2797 2796 2792
f 2793 2797 2792
f 2798 2797 2793
f 2794 2798 2793
f 2799 2798 2794
f 2795 2799 2794
f 2724 2799 2795
f 2722 2724 2795
f 2796 2749 2748
f 2800 2749 2796
f 2797 2800 2796
f 2801 2800 2797
f 2798 2801 2797
f 2802 2801 2798
f 2799 2802 2798
f 2726 2802 2799
f 2724 2726 2799
f 2800 2750 2749
f 2803 2750 2800
f 2801 2803 2800
f 2804 2803 2801
f 2802 2804 2801
f 2728 2804 2802
f 2726 2728 2802
f 2803 2751 2750
f 2805 2751 2803
f 2804 2805 2803
f 2730 2805 2804
f 2728 2730 2804
f 2805 2752 2751
f 2732 2752 2805
f 2730 2732 2805
f 2752 2732 2734
f 2669 2676 2674
f 2806 2676 2669
f 2807 2806 2669
f 2808 2806 2807
f 2809 2808 2807
f 2810 2808 2809
f 2811 2810 2809
f 2812 2810 2811
f 2813 2812 2811
f 2814 2812 2813
f 2815 2814 2813
f 2816 2814 2815
f 2817 2816 2815
f 2818 2816 2817
f 2819 2818 2817
f 2820 2818 2819
f 2821 2820 2819
f 2806 2683 2676
f 2822 2683 2806
f 2808 2822 2806
f 2823 2822 2808
f 2810 2823 2808
f 2824 2823 2810
f 2812 2824 2810
f 2825 2824 2812
f 2814 2825 2812
f 2826 2825 2814
f 2816 2826 2814
f 2827 2826 2816
f 2818 2827 2816
f 2828 2827 2818
f 2829 2828 2818
f 2830 2828 2829
f 2831 2828 2830
f 2832 2828 2831
f 2833 2832 2831
f 2834 2832 2833
f 1212 2834 2833
f 2835 2834 1212
f 1235 2835 1212
f 2735 2835 1235
f 1236 2735 1235
f 2822 2682 2683
f 2681 2682 2822
f 2836 2681 2822
f 2680 2681 2836
f 2678 2680 2836
f 2837 2678 2836
f 2679 2678 2837
f 2648 2679 2837
f 2677 2679 2648
f 2838 2648 2837
f 2649 2648 2838
f 2723 2649 2838
f 2839 2723 2838
f 2725 2723 2839
f 2840 2725 2839
f 2727 2725 2840
f 2841 2727 2840
f 2729 2727 2841
f 2842 2729 2841
f 2731 2729 2842
f 2843 2731 2842
f 2733 2731 2843
f 2835 2733 2843
f 2735 2733 2835
f 2818 2820 2829
f 2844 2821 2819
f 2845 2821 2844
f 2846 2845 2844
f 2847 2845 2846
f 2848 2847 2846
f 2849 2848 2846
f 2850 2848 2849
f 2851 2850 2849
f 2852 2850 2851
f 2853 2852 2851
f 2854 2852 2853
f 2855 2854 2853
f 2856 2854 2855
f 2857 2856 2855
f 2858 2856 2857
f 2859 2858 2857
f 2860 2858 2859
f 2861 2860 2859
f 2698 2860 2861
f 2696 2698 2861
f 2698 2700 2860
f 2862 2696 2861
f 2694 2696 2862
f 2863 2694 2862
f 2692 2694 2863
f 2864 2692 2863
f 2690 2692 2864
f 2865 2690 2864
f 2688 2690 2865
f 2866 2688 2865
f 2686 2688 2866
f 2867 2686 2866
f 2651 2686 2867
f 2652 2651 2867
f 2652 2657 2655
f 2868 2657 2652
f 2867 2868 2652
f 2869 2868 2867
f 2866 2869 2867
f 2870 2869 2866
f 2865 2870 2866
f 2871 2870 2865
f 2864 2871 2865
f 2872 2871 2864
f 2863 2872 2864
f 2873 2872 2863
f 2862 2873 2863
f 2859 2873 2862
f 2861 2859 2862
f 2874 2657 2868
f 2664 2657 2874
f 2663 2664 2874
f 2875 2663 2874
f 2662 2663 2875
f 2876 2662 2875
f 2661 2662 2876
f 2877 2661 2876
f 2659 2661 2877
f 2878 2659 2877
f 2660 2659 2878
f 2666 2660 2878
f 2658 2660 2666
f 2879 2666 2878
f 2668 2666 2879
f 2880 2668 2879
f 2671 2668 2880
f 2670 2671 2880
f 2807 2670 2880
f 2669 2670 2807
f 2881 2819 2817
f 2844 2819 2881
f 2882 2844 2881
f 2846 2844 2882
f 2883 2846 2882
f 2849 2846 2883
f 2884 2849 2883
f 2851 2849 2884
f 2885 2851 2884
f 2853 2851 2885
f 2886 2853 2885
f 2855 2853 2886
f 2887 2855 2886
f 2857 2855 2887
f 2873 2857 2887
f 2859 2857 2873
f 2888 2817 2815
f 2881 2817 2888
f 2889 2881 2888
f 2882 2881 2889
f 2890 2882 2889
f 2883 2882 2890
f 2891 2883 2890
f 2884 2883 2891
f 2892 2884 2891
f 2885 2884 2892
f 2893 2885 2892
f 2886 2885 2893
f 2894 2886 2893
f 2887 2886 2894
f 2872 2887 2894
f 2873 2887 2872
f 2895 2815 2813
f 2888 2815 2895
f 2896 2888 2895
f 2889 2888 2896
f 2897 2889 2896
f 2890 2889 2897
f 2898 2890 2897
f 2891 2890 2898
f 2899 2891 2898
f 2892 2891 2899
f 2900 2892 2899
f 2893 2892 2900
f 2901 2893 2900
f 2894 2893 2901
f 2871 2894 2901
f 2872 2894 2871
f 2902 2813 2811
f 2895 2813 2902
f 2903 2895 2902
f 2896 2895 2903
f 2904 2896 2903
f 2897 2896 2904
f 2905 2897 2904
f 2898 2897 2905
f 2906 2898 2905
f 2899 2898 2906
f 2907 2899 2906
f 2900 2899 2907
f 2908 2900 2907
f 2901 2900 2908
f 2870 2901 2908
f 2871 2901 2870
f 2809 2807 2880
f 2909 2811 2809
f 2902 2811 2909
f 2910 2902 2909
f 2903 2902 2910
f 2911 2903 2910
f 2904 2903 2911
f 2912 2904 2911
f 2905 2904 2912
f 2913 2905 2912
f 2906 2905 2913
f 2914 2906 2913
f 2907 2906 2914
f 2915 2907 2914
f 2908 2907 2915
f 2869 2908 2915
f 2870 2908 2869
f 2823 2836 2822
f 2916 2836 2823
f 2824 2916 2823
f 2917 2916 2824
f 2825 2917 2824
f 2918 2917 2825
f 2826 2918 2825
f 2919 2918 2826
f 2827 2919 2826
f 2920 2919 2827
f 2828 2920 2827
f 2832 2920 2828
f 2921 2836 2916
f 2837 2836 2921
f 2839 2837 2921
f 2838 2837 2839
f 2922 2916 2917
f 2921 2916 2922
f 2840 2921 2922
f 2839 2921 2840
f 2923 2917 2918
f 2922 2917 2923
f 2841 2922 2923
f 2840 2922 2841
f 2924 2918 2919
f 2923 2918 2924
f 2842 2923 2924
f 2841 2923 2842
f 2920 2832 2834
f 2925 2919 2920
f 2924 2919 2925
f 2843 2924 2925
f 2842 2924 2843
f 2925 2834 2835
f 2920 2834 2925
f 2843 2925 2835
f 2909 2880 2879
f 2809 2880 2909
f 2910 2909 2879
f 2910 2879 2878
f 2911 2910 2878
f 2911 2878 2877
f 2912 2911 2877
f 2912 2877 2876
f 2913 2912 2876
f 2913 2876 2875
f 2914 2913 2875
f 2914 2875 2874
f 2915 2914 2874
f 2915 2874 2868
f 2869 2915 2868
f 2926 1212 2833
f 1213 1212 2926
f 2927 1213 2926
f 2928 2927 2926
f 2929 2927 2928
f 2930 2929 2928
f 2931 2929 2930
f 2932 2931 2930
f 2933 2931 2932
f 2934 2933 2932
f 2935 2933 2934
f 2936 2935 2934
f 2937 2935 2936
f 2938 2937 2936
f 2939 2937 2938
f 2940 2939 2938
f 2941 2939 2940
f 2942 2941 2940
f 2943 2942 2940
f 2944 2942 2943
f 2945 2944 2943
f 2946 2944 2945
f 2947 2946 2945
f 2948 2946 2947
f 2949 2948 2947
f 2950 2948 2949
f 2951 2950 2949
f 2952 2951 2949
f 2953 2951 2952
f 2954 2953 2952
f 2955 2953 2954
f 2956 2955 2954
f 2957 2955 2956
f 1255 2957 2956
f 1256 2957 1255
f 2956 2699 1255
f 2700 2699 2956
f 2954 2700 2956
f 2860 2700 2954
f 2952 2860 2954
f 2858 2860 2952
f 2949 2858 2952
f 2856 2858 2949
f 2854 2856 2949
f 2947 2854 2949
f 2852 2854 2947
f 2945 2852 2947
f 2850 2852 2945
f 2943 2850 2945
f 2848 2850 2943
f 2940 2848 2943
f 2847 2848 2940
f 2845 2847 2940
f 2938 2845 2940
f 2821 2845 2938
f 2936 2821 2938
f 2820 2821 2936
f 2934 2820 2936
f 2829 2820 2934
f 2932 2829 2934
f 2830 2829 2932
f 2930 2830 2932
f 2831 2830 2930
f 2928 2831 2930
f 2833 2831 2928
f 2926 2833 2928
f 2958 1152 607
f 2959 1152 2958
f 2960 2959 2958
f 2961 2959 2960
f 2962 2959 2961
f 2963 2962 2961
f 2964 2962 2963
f 2965 2964 2963
f 2966 2964 2965
f 2967 2964 2966
f 2968 2967 2966
f 2969 2967 2968
f 2970 2969 2968
f 2971 2969 2970
f 2972 2969 2971
f 2973 2972 2971
f 2974 2972 2973
f 2975 2974 2973
f 2976 2974 2975
f 2977 2976 2975
f 2978 2976 2977
f 2979 2978 2977
f 2980 2978 2979
f 2981 2980 2979
f 2982 2980 2981
f 2983 2982 2981
f 648 2982 2983
f 2984 2982 648
f 1193 2984 648
f 2959 2985 1152
f 2986 2985 2959
f 2987 2986 2959
f 2962 2987 2959
f 2988 2987 2962
f 2964 2988 2962
f 2989 2988 2964
f 2990 2989 2964
f 2967 2990 2964
f 2991 2990 2967
f 2969 2991 2967
f 2992 2991 2969
f 2993 2992 2969
f 2972 2993 2969
f 2994 2993 2972
f 2974 2994 2972
f 2995 2994 2974
f 2976 2995 2974
f 2996 2995 2976
f 2978 2996 2976
f 2997 2996 2978
f 2980 2997 2978
f 2998 2997 2980
f 2982 2998 2980
f 2984 2998 2982
f 2999 1152 2985
f 1153 1152 2999
f 3000 1153 2999
f 3001 3000 2999
f 3002 3000 3001
f 3003 3002 3001
f 3004 3002 3003
f 3005 3004 3003
f 3006 3004 3005
f 3007 3006 3005
f 3008 3006 3007
f 3009 3008 3007
f 3010 3008 3009
f 3011 3010 3009
f 3012 3010 3011
f 2991 3012 3011
f 3013 3012 2991
f 2992 3013 2991
f 2993 3013 2992
f 3014 3013 2993
f 2994 3014 2993
f 3015 3014 2994
f 2995 3015 2994
f 3016 3015 2995
f 2996 3016 2995
f 3017 3016 2996
f 2997 3017 2996
f 3018 3017 2997
f 2998 3018 2997
f 3019 3018 2998
f 2984 3019 2998
f 1193 3019 2984
f 3020 3019 1193
f 1194 3020 1193
f 3012 3021 3010
f 3013 3021 3012
f 3013 3022 3021
f 3023 3022 3013
f 3014 3023 3013
f 3024 3023 3014
f 3015 3024 3014
f 3025 3024 3015
f 3016 3025 3015
f 3026 3025 3016
f 3017 3026 3016
f 3027 3026 3017
f 3018 3027 3017
f 3028 3027 3018
f 3019 3028 3018
f 3020 3028 3019
f 3011 2990 2991
f 3009 2990 3011
f 3009 2989 2990
f 3007 2989 3009
f 3007 2988 2989
f 3005 2988 3007
f 3005 2987 2988
f 3003 2987 3005
f 3003 2986 2987
f 3001 2986 3003
f 3001 2985 2986
f 2999 2985 3001
f 3029 1102 3030
f 1103 1102 3029
f 3031 1103 3029
f 3032 3031 3029
f 3033 3031 3032
f 3034 3033 3032
f 3035 3033 3034
f 3036 3035 3034
f 3037 3035 3036
f 3038 3037 3036
f 3039 3037 3038
f 3040 3039 3038
f 3041 3039 3040
f 3042 3041 3040
f 3043 3041 3042
f 3044 3043 3042
f 3045 3043 3044
f 3046 3043 3045
f 3047 3046 3045
f 3048 3046 3047
f 3049 3046 3048
f 3050 3049 3048
f 3051 3049 3050
f 3052 3051 3050
f 3053 3051 3052
f 3054 3053 3052
f 3055 3053 3054
f 3056 3055 3054
f 3057 3055 3056
f 3058 3057 3056
f 3059 3057 3058
f 3060 3059 3058
f 1140 3059 3060
f 3061 3059 1140
f 1139 3061 1140
f 3043 3062 3041
f 3046 3062 3043
f 3046 3063 3062
f 3064 3063 3046
f 3049 3064 3046
f 3065 3064 3049
f 3051 3065 3049
f 3066 3065 3051
f 3053 3066 3051
f 3067 3066 3053
f 3055 3067 3053
f 3068 3067 3055
f 3057 3068 3055
f 3069 3068 3057
f 3059 3069 3057
f 3061 3069 3059
f 3040 3044 3042
f 3070 3044 3040
f 3038 3070 3040
f 3071 3070 3038
f 3036 3071 3038
f 3072 3071 3036
f 3034 3072 3036
f 3073 3072 3034
f 3032 3073 3034
f 3030 3073 3032
f 3029 3030 3032
f 3074 1053 3075
f 1054 1053 3074
f 3076 1054 3074
f 3077 3076 3074
f 3078 3076 3077
f 3079 3078 3077
f 3080 3078 3079
f 3081 3080 3079
f 3082 3080 3081
f 3083 3082 3081
f 3084 3082 3083
f 3085 3084 3083
f 3086 3084 3085
f 3087 3086 3085
f 3088 3086 3087
f 3089 3088 3087
f 3090 3088 3089
f 3091 3088 3090
f 3092 3091 3090
f 3093 3092 3090
f 3094 3092 3093
f 3095 3094 3093
f 3096 3095 3093
f 3097 3095 3096
f 3098 3097 3096
f 3099 3098 3096
f 3100 3098 3099
f 3101 3100 3099
f 3102 3100 3101
f 3103 3102 3101
f 3104 3102 3103
f 3105 3104 3103
f 3106 3104 3105
f 3107 3106 3105
f 3108 3106 3107
f 3109 3108 3107
f 3110 3108 3109
f 1094 3110 3109
f 1095 3110 1094
f 3109 3111 1094
f 3112 3111 3109
f 3107 3112 3109
f 3113 3112 3107
f 3105 3113 3107
f 3114 3113 3105
f 3103 3114 3105
f 3115 3114 3103
f 3101 3115 3103
f 3099 3115 3101
f 3085 3089 3087
f 3116 3089 3085
f 3083 3116 3085
f 3117 3116 3083
f 3081 3117 3083
f 3118 3117 3081
f 3079 3118 3081
f 3119 3118 3079
f 3077 3119 3079
f 3075 3119 3077
f 3074 3075 3077
f 3120 998 3121
f 999 998 3120
f 3122 999 3120
f 3123 3122 3120
f 3124 3122 3123
f 3125 3124 3123
f 3126 3124 3125
f 3127 3126 3125
f 3128 3126 3127
f 3129 3128 3127
f 3130 3128 3129
f 3131 3130 3129
f 3132 3130 3131
f 3133 3132 3131
f 3134 3132 3133
f 3135 3134 3133
f 3136 3134 3135
f 3137 3134 3136
f 3138 3137 3136
f 3139 3137 3138
f 3140 3137 3139
f 3141 3140 3139
f 3142 3140 3141
f 3143 3142 3141
f 3144 3142 3143
f 3145 3144 3143
f 3146 3144 3145
f 3147 3146 3145
f 3148 3146 3147
f 3149 3148 3147
f 3150 3148 3149
f 3151 3150 3149
f 1036 3150 3151
f 3152 3150 1036
f 1035 3152 1036
f 3134 3153 3132
f 3137 3153 3134
f 3137 3154 3153
f 3155 3154 3137
f 3140 3155 3137
f 3156 3155 3140
f 3142 3156 3140
f 3157 3156 3142
f 3144 3157 3142
f 3158 3157 3144
f 3146 3158 3144
f 3159 3158 3146
f 3148 3159 3146
f 3160 3159 3148
f 3150 3160 3148
f 3152 3160 3150
f 3131 3135 3133
f 3161 3135 3131
f 3129 3161 3131
f 3162 3161 3129
f 3127 3162 3129
f 3163 3162 3127
f 3125 3163 3127
f 3164 3163 3125
f 3123 3164 3125
f 3121 3164 3123
f 3120 3121 3123
f 3165 949 3166
f 950 949 3165
f 3167 950 3165
f 3168 3167 3165
f 3169 3167 3168
f 3170 3169 3168
f 3171 3169 3170
f 3172 3171 3170
f 3173 3171 3172
f 3174 3173 3172
f 3175 3173 3174
f 3176 3175 3174
f 3177 3175 3176
f 3178 3177 3176
f 3179 3177 3178
f 3180 3179 3178
f 3181 3179 3180
f 3182 3179 3181
f 3183 3182 3181
f 3184 3182 3183
f 3185 3182 3184
f 3186 3185 3184
f 3187 3185 3186
f 3188 3187 3186
f 3189 3187 3188
f 3190 3189 3188
f 3179 3191 3177
f 3182 3191 3179
f 3182 3192 3191
f 3193 3192 3182
f 3185 3193 3182
f 3194 3193 3185
f 3187 3194 3185
f 3195 3190 3188
f 3196 3190 3195
f 3197 3196 3195
f 3198 3196 3197
f 3199 3198 3197
f 3199 3200 3201
f 3202 3200 3199
f 3197 3202 3199
f 3195 3202 3197
f 3200 3203 3201
f 3204 3203 3200
f 3205 3204 3200
f 3206 3204 3205
f 3207 3204 3206
f 3208 3207 3206
f 990 3207 3208
f 3209 3207 990
f 991 3209 990
f 3204 3210 3203
f 3211 3210 3204
f 3207 3211 3204
f 3209 3211 3207
f 3200 3202 3205
f 3188 3186 3195
f 3176 3180 3178
f 3212 3180 3176
f 3174 3212 3176
f 3213 3212 3174
f 3172 3213 3174
f 3214 3213 3172
f 3170 3214 3172
f 3215 3214 3170
f 3168 3215 3170
f 3166 3215 3168
f 3165 3166 3168
f 3216 900 3217
f 901 900 3216
f 3218 901 3216
f 3219 3218 3216
f 3220 3218 3219
f 3221 3220 3219
f 3222 3220 3221
f 3223 3222 3221
f 3224 3222 3223
f 3225 3224 3223
f 3226 3224 3225
f 3227 3226 3225
f 3228 3226 3227
f 3229 3228 3227
f 3230 3228 3229
f 3231 3230 3229
f 3232 3230 3231
f 3233 3230 3232
f 3234 3233 3232
f 3235 3233 3234
f 3236 3233 3235
f 3237 3236 3235
f 3238 3236 3237
f 3239 3238 3237
f 3240 3238 3239
f 3241 3240 3239
f 3242 3240 3241
f 3243 3242 3241
f 3244 3242 3243
f 3245 3244 3243
f 3246 3244 3245
f 3247 3246 3245
f 941 3246 3247
f 3248 3246 941
f 942 3248 941
f 3230 3249 3228
f 3233 3249 3230
f 3233 3250 3249
f 3251 3250 3233
f 3236 3251 3233
f 3252 3251 3236
f 3238 3252 3236
f 3253 3252 3238
f 3240 3253 3238
f 3254 3253 3240
f 3242 3254 3240
f 3255 3254 3242
f 3244 3255 3242
f 3256 3255 3244
f 3246 3256 3244
f 3248 3256 3246
f 3227 3231 3229
f 3257 3231 3227
f 3225 3257 3227
f 3258 3257 3225
f 3223 3258 3225
f 3259 3258 3223
f 3221 3259 3223
f 3260 3259 3221
f 3219 3260 3221
f 3217 3260 3219
f 3216 3217 3219
f 3261 851 3262
f 852 851 3261
f 3263 852 3261
f 3264 3263 3261
f 3265 3263 3264
f 3266 3265 3264
f 3267 3265 3266
f 3268 3267 3266
f 3269 3267 3268
f 3270 3269 3268
f 3271 3269 3270
f 3272 3271 3270
f 3273 3271 3272
f 3274 3273 3272
f 3275 3273 3274
f 3276 3275 3274
f 3277 3275 3276
f 3278 3275 3277
f 3279 3278 3277
f 3280 3278 3279
f 3281 3278 3280
f 3282 3281 3280
f 3283 3281 3282
f 3284 3283 3282
f 3285 3283 3284
f 3286 3285 3284
f 3287 3285 3286
f 3288 3287 3286
f 3289 3287 3288
f 3290 3289 3288
f 3291 3289 3290
f 3292 3291 3290
f 892 3291 3292
f 3293 3291 892
f 893 3293 892
f 3275 3294 3273
f 3278 3294 3275
f 3278 3295 3294
f 3296 3295 3278
f 3281 3296 3278
f 3297 3296 3281
f 3283 3297 3281
f 3298 3297 3283
f 3285 3298 3283
f 3299 3298 3285
f 3287 3299 3285
f 3300 3299 3287
f 3289 3300 3287
f 3301 3300 3289
f 3291 3301 3289
f 3293 3301 3291
f 3272 3276 3274
f 3302 3276 3272
f 3270 3302 3272
f 3303 3302 3270
f 3268 3303 3270
f 3304 3303 3268
f 3266 3304 3268
f 3305 3304 3266
f 3264 3305 3266
f 3262 3305 3264
f 3261 3262 3264
f 3306 802 3307
f 803 802 3306
f 3308 803 3306
f 3309 3308 3306
f 3310 3308 3309
f 3311 3310 3309
f 3312 3310 3311
f 3313 3312 3311
f 3314 3312 3313
f 3315 3314 3313
f 3316 3314 3315
f 3317 3316 3315
f 3318 3316 3317
f 3319 3318 3317
f 3320 3318 3319
f 3321 3320 3319
f 3322 3320 3321
f 3323 3320 3322
f 3324 3323 3322
f 3325 3323 3324
f 3326 3323 3325
f 3327 3326 3325
f 3328 3326 3327
f 3329 3328 3327
f 3330 3328 3329
f 3331 3330 3329
f 3332 3330 3331
f 3333 3332 3331
f 3334 3332 3333
f 3335 3334 3333
f 3336 3334 3335
f 3337 3336 3335
f 843 3336 3337
f 3338 3336 843
f 844 3338 843
f 3320 3339 3318
f 3323 3339 3320
f 3323 3340 3339
f 3341 3340 3323
f 3326 3341 3323
f 3342 3341 3326
f 3328 3342 3326
f 3343 3342 3328
f 3330 3343 3328
f 3344 3343 3330
f 3332 3344 3330
f 3345 3344 3332
f 3334 3345 3332
f 3346 3345 3334
f 3336 3346 3334
f 3338 3346 3336
f 3317 3321 3319
f 3347 3321 3317
f 3315 3347 3317
f 3348 3347 3315
f 3313 3348 3315
f 3349 3348 3313
f 3311 3349 3313
f 3350 3349 3311
f 3309 3350 3311
f 3307 3350 3309
f 3306 3307 3309
f 3351 753 3352
f 754 753 3351
f 3353 754 3351
f 3354 3353 3351
f 3355 3353 3354
f 3356 3355 3354
f 3357 3355 3356
f 3358 3357 3356
f 3359 3357 3358
f 3360 3359 3358
f 3361 3359 3360
f 3362 3361 3360
f 3363 3361 3362
f 3364 3363 3362
f 3365 3363 3364
f 3366 3365 3364
f 3367 3365 3366
f 3368 3365 3367
f 3369 3368 3367
f 3370 3368 3369
f 3371 3368 3370
f 3372 3371 3370
f 3373 3371 3372
f 3374 3373 3372
f 3375 3373 3374
f 3376 3375 3374
f 3377 3375 3376
f 3378 3377 3376
f 3379 3377 3378
f 3380 3379 3378
f 3381 3379 3380
f 3382 3381 3380
f 794 3381 3382
f 3383 3381 794
f 795 3383 794
f 3365 3384 3363
f 3368 3384 3365
f 3368 3385 3384
f 3386 3385 3368
f 3371 3386 3368
f 3387 3386 3371
f 3373 3387 3371
f 3388 3387 3373
f 3375 3388 3373
f 3389 3388 3375
f 3377 3389 3375
f 3390 3389 3377
f 3379 3390 3377
f 3391 3390 3379
f 3381 3391 3379
f 3383 3391 3381
f 3362 3366 3364
f 3392 3366 3362
f 3360 3392 3362
f 3393 3392 3360
f 3358 3393 3360
f 3394 3393 3358
f 3356 3394 3358
f 3395 3394 3356
f 3354 3395 3356
f 3352 3395 3354
f 3351 3352 3354
f 3396 704 3397
f 705 704 3396
f 3398 705 3396
f 3399 3398 3396
f 3400 3398 3399
f 3401 3400 3399
f 3402 3400 3401
f 3403 3402 3401
f 3404 3402 3403
f 3405 3404 3403
f 3406 3404 3405
f 3407 3406 3405
f 3408 3406 3407
f 3409 3408 3407
f 3410 3408 3409
f 3411 3410 3409
f 3412 3410 3411
f 3413 3410 3412
f 3414 3413 3412
f 3415 3413 3414
f 3416 3413 3415
f 3417 3416 3415
f 3418 3416 3417
f 3419 3418 3417
f 3420 3418 3419
f 3421 3420 3419
f 3422 3420 3421
f 3423 3422 3421
f 3424 3422 3423
f 3425 3424 3423
f 3426 3424 3425
f 3427 3426 3425
f 745 3426 3427
f 3428 3426 745
f 746 3428 745
f 3410 3429 3408
f 3413 3429 3410
f 3413 3430 3429
f 3431 3430 3413
f 3416 3431 3413
f 3432 3431 3416
f 3418 3432 3416
f 3433 3432 3418
f 3420 3433 3418
f 3434 3433 3420
f 3422 3434 3420
f 3435 3434 3422
f 3424 3435 3422
f 3436 3435 3424
f 3426 3436 3424
f 3428 3436 3426
f 3407 3411 3409
f 3437 3411 3407
f 3405 3437 3407
f 3438 3437 3405
f 3403 3438 3405
f 3439 3438 3403
f 3401 3439 3403
f 3440 3439 3401
f 3399 3440 3401
f 3397 3440 3399
f 3396 3397 3399
f 3441 655 3442
f 656 655 3441
f 3443 656 3441
f 3444 3443 3441
f 3445 3443 3444
f 3446 3445 3444
f 3447 3445 3446
f 3448 3447 3446
f 3449 3447 3448
f 3450 3449 3448
f 3451 3449 3450
f 3452 3451 3450
f 3453 3451 3452
f 3454 3453 3452
f 3455 3453 3454
f 3456 3455 3454
f 3457 3455 3456
f 3458 3455 3457
f 3459 3458 3457
f 3460 3458 3459
f 3461 3458 3460
f 3462 3461 3460
f 3463 3461 3462
f 3464 3463 3462
f 3465 3463 3464
f 3466 3465 3464
f 3467 3465 3466
f 3468 3467 3466
f 3469 3467 3468
f 3470 3469 3468
f 3471 3469 3470
f 3472 3471 3470
f 696 3471 3472
f 3473 3471 696
f 697 3473 696
f 3455 3474 3453
f 3458 3474 3455
f 3458 3475 3474
f 3476 3475 3458
f 3461 3476 3458
f 3477 3476 3461
f 3463 3477 3461
f 3478 3477 3463
f 3465 3478 3463
f 3479 3478 3465
f 3467 3479 3465
f 3480 3479 3467
f 3469 3480 3467
f 3481 3480 3469
f 3471 3481 3469
f 3473 3481 3471
f 3452 3456 3454
f 3482 3456 3452
f 3450 3482 3452
f 3483 3482 3450
f 3448 3483 3450
f 3484 3483 3448
f 3446 3484 3448
f 3485 3484 3446
f 3444 3485 3446
f 3442 3485 3444
f 3441 3442 3444
f 3486 3102 3104
f 3487 3102 3486
f 3100 3102 3487
f 3098 3100 3487
f 3487 3097 3098
f 3095 3097 3487
f 3488 3095 3487
f 3094 3095 3488
f 3489 3094 3488
f 3092 3094 3489
f 3091 3092 3489
f 3489 3088 3091
f 3086 3088 3489
f 3490 3086 3489
f 3084 3086 3490
f 3491 3084 3490
f 3082 3084 3491
f 3489 3492 3490
f 3493 3492 3489
f 3494 3493 3489
f 3489 3495 3494
f 3496 3495 3489
f 3497 3496 3489
f 3496 3498 3495
f 3499 3498 3496
f 3489 3500 3497
f 3488 3500 3489
f 3501 3502 3503
f 3504 3502 3501
f 3505 3504 3501
f 3501 3506 3505
f 3507 1111 1109
f 3508 1111 3507
f 1113 1111 3508
f 1115 1113 3508
f 3508 1117 1115
f 1118 1117 3508
f 3509 1118 3508
f 1120 1118 3509
f 3510 1120 3509
f 1121 1120 3510
f 1123 1121 3510
f 3510 1124 1123
f 1128 1124 3510
f 1129 1128 3510
f 1129 3511 1131
f 3512 3511 1129
f 3510 3512 1129
f 3513 3512 3510
f 3514 3513 3510
f 3510 3515 3514
f 3516 3515 3510
f 3517 3516 3510
f 3518 3516 3517
f 3506 3518 3517
f 3510 3519 3517
f 3520 3519 3510
f 3509 3520 3510
f 3521 3522 3523
f 3524 3522 3521
f 3525 3524 3521
f 3521 3499 3525
f 3526 3527 3528
f 3529 3527 3526
f 3530 3529 3526
f 3531 3530 3526
f 3532 3530 3531
f 3533 3532 3531
f 3534 3532 3533
f 3535 3534 3533
f 3533 3536 3535
f 3537 3536 3533
f 3531 3537 3533
f 3538 3537 3531
f 3526 3538 3531
f 3528 3538 3526
f 3539 3536 3540
f 3535 3536 3539
f 3541 3535 3539
f 3542 3541 3539
f 3543 3541 3542
f 3544 3543 3542
f 3545 3543 3544
f 3546 3545 3544
f 3547 3545 3546
f 3548 3547 3546
f 3549 3547 3548
f 3550 3549 3548
f 3551 3549 3550
f 3552 3551 3550
f 3553 3551 3552
f 3521 3553 3552
f 3552 3554 3521
f 3555 3554 3552
f 3550 3555 3552
f 3556 3555 3550
f 3548 3556 3550
f 3557 3556 3548
f 3546 3557 3548
f 3558 3557 3546
f 3544 3558 3546
f 3559 3558 3544
f 3542 3559 3544
f 3560 3559 3542
f 3539 3560 3542
f 3540 3560 3539
f 3498 3561 3562
f 3563 3561 3498
f 3564 3563 3498
f 3565 3563 3564
f 3566 3563 3565
f 3567 3566 3565
f 3568 3566 3567
f 3569 3568 3567
f 3562 3568 3569
f 3561 3568 3562
f 3567 3570 3571
f 3572 3570 3567
f 3573 3572 3567
f 3574 3572 3573
f 3575 3572 3574
f 3498 3575 3574
f 3576 3575 3498
f 3577 3576 3498
f 3578 3576 3577
f 3579 3576 3578
f 3570 3579 3578
f 3572 3579 3570
f 3570 3554 3571
f 3521 3554 3570
f 3499 3521 3570
f 3499 3580 3498
f 3581 3580 3499
f 3570 3581 3499
f 3582 3581 3570
f 3583 3582 3570
f 3584 3582 3583
f 3585 3582 3584
f 3498 3585 3584
f 3580 3585 3498
f 3567 3565 3573
f 3498 3574 3564
f 3570 3578 3583
f 3498 3584 3577
f 3586 3569 3587
f 3562 3569 3586
f 3588 3562 3586
f 3589 3588 3586
f 3590 3588 3589
f 3591 3590 3589
f 3592 3590 3591
f 3593 3592 3591
f 3594 3592 3593
f 3595 3594 3593
f 3596 3594 3595
f 3597 3596 3595
f 3598 3596 3597
f 3599 3598 3597
f 3600 3598 3599
f 3601 3600 3599
f 3599 3602 3601
f 3603 3602 3599
f 3597 3603 3599
f 3604 3603 3597
f 3595 3604 3597
f 3605 3604 3595
f 3593 3605 3595
f 3606 3605 3593
f 3591 3606 3593
f 3607 3606 3591
f 3589 3607 3591
f 3608 3607 3589
f 3586 3608 3589
f 3587 3608 3586
f 3601 3609 3610
f 3611 3609 3601
f 3612 3611 3601
f 3610 3613 3614
f 3615 3613 3610
f 3616 3615 3610
f 3617 3614 3613
f 3602 3614 3617
f 3618 3602 3617
f 3619 3602 3618
f 3620 3619 3618
f 3621 3619 3620
f 3601 3621 3620
f 3622 3621 3601
f 3623 3622 3601
f 3624 3622 3623
f 3625 3622 3624
f 3602 3625 3624
f 3619 3625 3602
f 3626 3602 3624
f 3601 3602 3626
f 3627 3601 3626
f 3623 3601 3627
f 3617 3628 3618
f 3629 3628 3617
f 3630 3629 3617
f 3631 3628 3629
f 3632 3628 3631
f 3601 3632 3631
f 3620 3632 3601
f 3630 3612 3633
f 3634 3612 3630
f 3617 3634 3630
f 3635 3634 3617
f 3636 3635 3617
f 3611 3635 3636
f 3609 3611 3636
f 3601 3633 3612
f 3631 3633 3601
f 3637 3617 3613
f 3638 3617 3637
f 3616 3638 3637
f 3639 3638 3616
f 3610 3639 3616
f 3609 3639 3610
f 3640 3617 3638
f 3636 3617 3640
f 3609 3636 3640
f 3641 3614 3642
f 3610 3614 3641
f 3643 3610 3641
f 3644 3643 3641
f 3645 3643 3644
f 3646 3645 3644
f 3647 3645 3646
f 3648 3647 3646
f 3649 3647 3648
f 3650 3649 3648
f 3651 3649 3650
f 3652 3651 3650
f 3653 3651 3652
f 3654 3653 3652
f 3655 3653 3654
f 3501 3655 3654
f 3654 3656 3501
f 3657 3656 3654
f 3652 3657 3654
f 3658 3657 3652
f 3650 3658 3652
f 3659 3658 3650
f 3648 3659 3650
f 3660 3659 3648
f 3646 3660 3648
f 3661 3660 3646
f 3644 3661 3646
f 3662 3661 3644
f 3641 3662 3644
f 3642 3662 3641
f 3506 1430 3518
f 1436 1430 3506
f 1439 1436 3506
f 1427 3518 1430
f 3663 3518 1427
f 1424 3663 1427
f 3664 3663 1424
f 3665 3664 1424
f 3666 3665 1424
f 3667 3665 3666
f 3656 3667 3666
f 3666 3501 3656
f 3506 3501 3666
f 1421 3506 3666
f 1417 3506 1421
f 1439 3506 1417
f 1442 1439 1417
f 1442 1417 1416
f 3666 1424 1421
f 1436 1433 1430
f 3668 3664 3669
f 3663 3664 3668
f 3670 3663 3668
f 3671 3670 3668
f 3672 3670 3671
f 3673 3672 3671
f 3674 3672 3673
f 3675 3674 3673
f 3676 3674 3675
f 3677 3676 3675
f 3678 3676 3677
f 3679 3678 3677
f 3680 3678 3679
f 3681 3680 3679
f 3682 3680 3681
f 3683 3682 3681
f 3681 3684 3683
f 3685 3684 3681
f 3679 3685 3681
f 3686 3685 3679
f 3677 3686 3679
f 3687 3686 3677
f 3675 3687 3677
f 3688 3687 3675
f 3673 3688 3675
f 3689 3688 3673
f 3671 3689 3673
f 3690 3689 3671
f 3668 3690 3671
f 3669 3690 3668
f 3691 3684 3692
f 3683 3684 3691
f 3693 3683 3691
f 3694 3693 3691
f 3695 3693 3694
f 3696 3695 3694
f 3697 3695 3696
f 3698 3697 3696
f 3696 3699 3698
f 3700 3699 3696
f 3694 3700 3696
f 3701 3700 3694
f 3691 3701 3694
f 3692 3701 3691
f 3702 3698 3699
f 3529 3698 3702
f 3527 3529 3702
f 3702 3699 3527
f 1103 943 1101
f 942 943 1103
f 3248 942 1103
f 1101 3507 1105
f 944 3507 1101
f 943 944 1101
f 3507 1107 1105
f 1109 1107 3507
f 3507 947 3703
f 946 947 3507
f 945 946 3507
f 918 3703 947
f 3704 3703 918
f 3705 3704 918
f 916 3705 918
f 3706 3705 916
f 915 3706 916
f 3707 3706 915
f 913 3707 915
f 3708 3707 913
f 3709 3708 913
f 911 3709 913
f 3710 3709 911
f 909 3710 911
f 3711 3710 909
f 907 3711 909
f 3712 3711 907
f 905 3712 907
f 3713 3712 905
f 903 3713 905
f 3714 3713 903
f 899 3714 903
f 901 3714 899
f 3715 3714 901
f 3218 3715 901
f 3716 3715 3218
f 3220 3716 3218
f 3222 3716 3220
f 3717 3716 3222
f 3224 3717 3222
f 3718 3717 3224
f 3226 3718 3224
f 3228 3718 3226
f 3249 3718 3228
f 3250 3718 3249
f 3041 3718 3250
f 3251 3041 3250
f 3039 3041 3251
f 3252 3039 3251
f 3037 3039 3252
f 3253 3037 3252
f 3035 3037 3253
f 3254 3035 3253
f 3033 3035 3254
f 3255 3033 3254
f 3256 3033 3255
f 3031 3033 3256
f 3248 3031 3256
f 1103 3031 3248
f 3718 1163 3719
f 1165 1163 3718
f 1167 1165 3718
f 3719 1157 3720
f 1159 1157 3719
f 1161 1159 3719
f 1155 3720 1157
f 3721 3720 1155
f 1151 3721 1155
f 3722 3721 1151
f 1153 3722 1151
f 3723 3722 1153
f 3000 3723 1153
f 3724 3723 3000
f 3002 3724 3000
f 3004 3724 3002
f 3725 3724 3004
f 3006 3725 3004
f 3726 3725 3006
f 3008 3726 3006
f 3727 3726 3008
f 3728 3727 3008
f 3010 3728 3008
f 3729 3728 3010
f 3021 3729 3010
f 3730 3729 3021
f 3022 3730 3021
f 3731 3730 3022
f 3023 3731 3022
f 3732 3731 3023
f 3024 3732 3023
f 3733 3732 3024
f 3025 3733 3024
f 3734 3733 3025
f 3026 3734 3025
f 3491 3734 3026
f 3027 3491 3026
f 3028 3491 3027
f 3020 3491 3028
f 3076 3491 3020
f 1054 3076 3020
f 3491 3080 3082
f 3078 3080 3491
f 3076 3078 3491
f 1054 1195 1052
f 1194 1195 1054
f 3020 1194 1054
f 1196 1052 1195
f 1056 1052 1196
f 1197 1056 1196
f 1058 1056 1197
f 1198 1058 1197
f 1060 1058 1198
f 1199 1060 1198
f 1062 1060 1199
f 3735 1062 1199
f 1064 1062 3735
f 1066 1064 3735
f 3735 1068 1066
f 3447 1068 3735
f 3445 3447 3735
f 3449 1068 3447
f 1069 1068 3449
f 3451 1069 3449
f 1071 1069 3451
f 1100 1071 3451
f 1100 860 1099
f 862 860 1100
f 3453 862 1100
f 864 862 3453
f 3474 864 3453
f 866 864 3474
f 3475 866 3474
f 867 866 3475
f 954 867 3475
f 952 867 954
f 869 867 952
f 948 869 952
f 898 869 948
f 950 898 948
f 897 898 950
f 3167 897 950
f 896 897 3167
f 3169 896 3167
f 895 896 3169
f 3736 895 3169
f 3737 895 3736
f 894 895 3737
f 893 894 3737
f 858 1099 860
f 1098 1099 858
f 856 1098 858
f 1097 1098 856
f 854 1097 856
f 1096 1097 854
f 850 1096 854
f 1095 1096 850
f 852 1095 850
f 3486 1095 852
f 3263 3486 852
f 3265 3486 3263
f 3267 3486 3265
f 3269 3486 3267
f 3271 3486 3269
f 3738 3486 3271
f 3273 3738 3271
f 3739 3738 3273
f 3294 3739 3273
f 3740 3739 3294
f 3295 3740 3294
f 3741 3740 3295
f 3742 3741 3295
f 3486 3110 1095
f 3108 3110 3486
f 3106 3108 3486
f 3486 3104 3106
f 3296 3742 3295
f 3743 3742 3296
f 3297 3743 3296
f 3744 3743 3297
f 3298 3744 3297
f 3745 3744 3298
f 3299 3745 3298
f 3300 3745 3299
f 3301 3745 3300
f 3293 3745 3301
f 3737 3745 3293
f 893 3737 3293
f 3736 3173 3746
f 3171 3173 3736
f 3169 3171 3736
f 3746 3191 3192
f 3177 3191 3746
f 3175 3177 3746
f 3746 3173 3175
f 3476 954 3475
f 956 954 3476
f 3477 956 3476
f 958 956 3477
f 960 958 3477
f 3478 960 3477
f 962 960 3478
f 3479 962 3478
f 964 962 3479
f 3480 964 3479
f 965 964 3480
f 3481 965 3480
f 967 965 3481
f 3747 967 3481
f 996 967 3747
f 995 996 3747
f 3747 994 995
f 993 994 3747
f 3748 993 3747
f 3749 993 3748
f 3750 993 3749
f 3751 993 3750
f 992 993 3751
f 991 992 3751
f 3751 3209 991
f 3211 3209 3751
f 3747 697 3752
f 3473 697 3747
f 3481 3473 3747
f 3752 3160 3753
f 3159 3160 3752
f 3158 3159 3752
f 3160 3754 3753
f 3755 3754 3160
f 3756 3755 3160
f 3756 1033 1032
f 1035 1033 3756
f 3152 1035 3756
f 3756 3160 3152
f 3752 3157 3158
f 3156 3157 3752
f 699 3156 3752
f 3155 3156 699
f 700 3155 699
f 3154 3155 700
f 701 3154 700
f 3153 3154 701
f 702 3153 701
f 3132 3153 702
f 673 3132 702
f 3130 3132 673
f 3128 3130 673
f 671 3128 673
f 3126 3128 671
f 670 3126 671
f 3341 3126 670
f 3340 3341 670
f 3341 3124 3126
f 3342 3124 3341
f 3122 3124 3342
f 3343 3122 3342
f 999 3122 3343
f 3344 999 3343
f 997 999 3344
f 3345 997 3344
f 1001 997 3345
f 3346 1001 3345
f 3757 1001 3346
f 3758 3757 3346
f 3757 1003 1001
f 1005 1003 3757
f 3759 1005 3757
f 1007 1005 3759
f 1009 1007 3759
f 3759 1011 1009
f 1013 1011 3759
f 3758 845 3760
f 844 845 3758
f 3338 844 3758
f 3760 849 3761
f 848 849 3760
f 847 848 3760
f 820 3761 849
f 3762 3761 820
f 818 3762 820
f 3763 3762 818
f 817 3763 818
f 3764 3763 817
f 3765 3764 817
f 815 3765 817
f 3766 3765 815
f 813 3766 815
f 3767 3766 813
f 811 3767 813
f 3511 3767 811
f 809 3511 811
f 807 3511 809
f 805 3511 807
f 801 3511 805
f 803 3511 801
f 3308 3511 803
f 3768 3511 3308
f 3310 3768 3308
f 3312 3768 3310
f 3314 3768 3312
f 3316 3768 3314
f 3318 3768 3316
f 666 3768 3318
f 3339 666 3318
f 668 666 3339
f 3340 668 3339
f 670 668 3340
f 3768 1131 3511
f 1133 1131 3768
f 1135 1133 3768
f 3768 1137 1135
f 1139 1137 3768
f 3061 1139 3768
f 3768 3069 3061
f 3068 3069 3768
f 3067 3068 3768
f 3768 3066 3067
f 3735 3066 3768
f 660 3735 3768
f 658 3735 660
f 654 3735 658
f 656 3735 654
f 3443 3735 656
f 3445 3735 3443
f 3735 3065 3066
f 3064 3065 3735
f 3063 3064 3735
f 3735 3062 3063
f 1168 3062 3735
f 1170 1168 3735
f 3062 3718 3041
f 1167 3718 3062
f 1168 1167 3062
f 3719 1163 1161
f 3735 1199 1170
f 3507 944 945
f 3760 846 847
f 845 846 3760
f 3758 3346 3338
f 3768 662 660
f 664 662 3768
f 666 664 3768
f 3752 698 699
f 697 698 3752
f 1100 3451 3453
f 3663 3769 3518
f 3770 3769 3663
f 3771 3770 3663
f 3663 3772 3771
f 3773 1013 3759
f 1014 1013 3773
f 1016 1014 3773
f 3773 1017 1016
f 1019 1017 3773
f 3774 1019 3773
f 1020 1019 3774
f 1022 1020 3774
f 3774 1024 1022
f 1025 1024 3774
f 1027 1025 3774
f 3774 1028 1027
f 3775 1028 3774
f 3680 3775 3774
f 3682 3775 3680
f 3683 3775 3682
f 3776 3775 3683
f 3756 3775 3776
f 1032 3775 3756
f 1030 3775 1032
f 1028 3775 1030
f 3774 3678 3680
f 3773 3678 3774
f 3777 3678 3773
f 3676 3678 3777
f 3778 3676 3777
f 3674 3676 3778
f 3779 3674 3778
f 3672 3674 3779
f 3780 3672 3779
f 3670 3672 3780
f 3781 3670 3780
f 3663 3670 3781
f 3782 3663 3781
f 3772 3663 3782
f 3780 3783 3781
f 3760 3783 3780
f 3758 3760 3780
f 3779 3758 3780
f 3757 3758 3779
f 3778 3757 3779
f 3777 3757 3778
f 3777 3759 3757
f 3773 3759 3777
f 3784 3785 3610
f 3786 3785 3784
f 3787 3786 3784
f 3788 3787 3784
f 3789 3787 3788
f 3790 3789 3788
f 3791 3789 3790
f 3792 3791 3790
f 3793 3791 3792
f 3794 3793 3792
f 3795 3793 3794
f 3796 3795 3794
f 3797 3795 3796
f 3655 3797 3796
f 3503 3797 3655
f 3501 3503 3655
f 3797 3503 3795
f 3796 3653 3655
f 3794 3653 3796
f 3794 3651 3653
f 3792 3651 3794
f 3792 3649 3651
f 3790 3649 3792
f 3790 3647 3649
f 3788 3647 3790
f 3788 3645 3647
f 3784 3645 3788
f 3784 3643 3645
f 3610 3643 3784
f 3693 3776 3683
f 3798 3776 3693
f 3695 3798 3693
f 3799 3798 3695
f 3800 3799 3695
f 3754 3799 3800
f 3753 3754 3800
f 3798 3756 3776
f 3755 3756 3798
f 3799 3755 3798
f 3754 3755 3799
f 3753 3801 3752
f 3800 3801 3753
f 3800 3698 3801
f 3697 3698 3800
f 3695 3697 3800
f 3601 3802 3803
f 3804 3802 3601
f 3805 3804 3601
f 3806 3804 3805
f 3807 3806 3805
f 3805 3808 3807
f 3809 3808 3805
f 3719 3809 3805
f 3805 3718 3719
f 3810 3718 3805
f 3811 3810 3805
f 3805 3812 3811
f 3813 3812 3805
f 3814 3813 3805
f 3610 3814 3805
f 3815 3814 3610
f 3785 3815 3610
f 3805 3601 3610
f 3816 3698 3529
f 3801 3698 3816
f 3752 3801 3816
f 3816 3747 3752
f 3817 3747 3816
f 3529 3817 3816
f 3818 3819 3820
f 3588 3819 3818
f 3562 3588 3818
f 3821 3820 3819
f 3822 3820 3821
f 3823 3822 3821
f 3824 3822 3823
f 3594 3824 3823
f 3596 3824 3594
f 3825 3824 3596
f 3598 3825 3596
f 3826 3825 3598
f 3600 3826 3598
f 3827 3826 3600
f 3601 3827 3600
f 3828 3827 3601
f 3803 3828 3601
f 3824 3829 3822
f 3825 3829 3824
f 3825 3830 3829
f 3826 3830 3825
f 3826 3831 3830
f 3827 3831 3826
f 3827 3828 3831
f 3823 3592 3594
f 3821 3592 3823
f 3821 3590 3592
f 3819 3590 3821
f 3819 3588 3590
f 3530 3817 3529
f 3832 3817 3530
f 3532 3832 3530
f 3833 3832 3532
f 3534 3833 3532
f 3834 3833 3534
f 3535 3834 3534
f 3835 3834 3535
f 3750 3834 3835
f 3751 3750 3835
f 3832 3747 3817
f 3748 3747 3832
f 3833 3748 3832
f 3749 3748 3833
f 3834 3749 3833
f 3750 3749 3834
f 3562 3836 3498
f 3837 3836 3562
f 3838 3837 3562
f 3562 3818 3838
f 3839 3211 3751
f 3210 3211 3839
f 3203 3210 3839
f 3839 3201 3203
f 3199 3201 3839
f 3840 3199 3839
f 3198 3199 3840
f 3196 3198 3840
f 3840 3190 3196
f 3189 3190 3840
f 3187 3189 3840
f 3840 3194 3187
f 3841 3194 3840
f 3545 3841 3840
f 3547 3841 3545
f 3842 3841 3547
f 3843 3842 3547
f 3736 3842 3843
f 3844 3736 3843
f 3737 3736 3844
f 3845 3737 3844
f 3745 3737 3845
f 3846 3745 3845
f 3841 3193 3194
f 3192 3193 3841
f 3746 3192 3841
f 3842 3746 3841
f 3736 3746 3842
f 3845 3847 3846
f 3848 3847 3845
f 3553 3848 3845
f 3521 3848 3553
f 3523 3848 3521
f 3845 3551 3553
f 3844 3551 3845
f 3844 3549 3551
f 3843 3549 3844
f 3843 3547 3549
f 3840 3543 3545
f 3839 3543 3840
f 3839 3541 3543
f 3835 3541 3839
f 3751 3835 3839
f 3835 3535 3541
f 3847 3745 3846
f 3744 3745 3847
f 3848 3744 3847
f 3849 3744 3848
f 3523 3849 3848
f 3850 3849 3523
f 3522 3850 3523
f 3524 3850 3522
f 3851 3850 3524
f 3525 3851 3524
f 3499 3851 3525
f 3852 3851 3499
f 3496 3852 3499
f 3497 3852 3496
f 3853 3852 3497
f 3500 3853 3497
f 3854 3853 3500
f 3488 3854 3500
f 3855 3854 3488
f 3487 3855 3488
f 3738 3855 3487
f 3486 3738 3487
f 3849 3743 3744
f 3850 3743 3849
f 3850 3742 3743
f 3851 3742 3850
f 3851 3741 3742
f 3852 3741 3851
f 3852 3740 3741
f 3853 3740 3852
f 3854 3740 3853
f 3739 3740 3854
f 3855 3739 3854
f 3738 3739 3855
f 3772 3856 3771
f 3857 3856 3772
f 3782 3857 3772
f 3761 3857 3782
f 3781 3761 3782
f 3760 3761 3781
f 3783 3760 3781
f 3858 3771 3856
f 3770 3771 3858
f 3859 3770 3858
f 3769 3770 3859
f 3518 3769 3859
f 3860 3518 3859
f 3516 3518 3860
f 3515 3516 3860
f 3861 3515 3860
f 3514 3515 3861
f 3513 3514 3861
f 3862 3513 3861
f 3512 3513 3862
f 3767 3512 3862
f 3511 3512 3767
f 3862 3766 3767
f 3861 3766 3862
f 3861 3765 3766
f 3860 3765 3861
f 3860 3764 3765
f 3859 3764 3860
f 3859 3763 3764
f 3858 3763 3859
f 3856 3763 3858
f 3762 3763 3856
f 3857 3762 3856
f 3761 3762 3857
f 3810 3717 3718
f 3811 3717 3810
f 3716 3717 3811
f 3812 3716 3811
f 3715 3716 3812
f 3813 3715 3812
f 3814 3715 3813
f 3714 3715 3814
f 3815 3714 3814
f 3785 3714 3815
f 3713 3714 3785
f 3786 3713 3785
f 3787 3713 3786
f 3712 3713 3787
f 3789 3712 3787
f 3791 3712 3789
f 3711 3712 3791
f 3793 3711 3791
f 3710 3711 3793
f 3863 3710 3793
f 3709 3710 3863
f 3864 3709 3863
f 3708 3709 3864
f 3865 3708 3864
f 3707 3708 3865
f 3866 3707 3865
f 3706 3707 3866
f 3867 3706 3866
f 3705 3706 3867
f 3868 3705 3867
f 3704 3705 3868
f 3508 3704 3868
f 3703 3704 3508
f 3507 3703 3508
f 3868 3509 3508
f 3867 3509 3868
f 3867 3520 3509
f 3519 3520 3867
f 3517 3519 3867
f 3866 3517 3867
f 3506 3517 3866
f 3505 3506 3866
f 3865 3505 3866
f 3504 3505 3865
f 3502 3504 3865
f 3864 3502 3865
f 3503 3502 3864
f 3863 3503 3864
f 3795 3503 3863
f 3793 3795 3863
f 3490 3734 3491
f 3869 3734 3490
f 3492 3869 3490
f 3870 3869 3492
f 3493 3870 3492
f 3871 3870 3493
f 3494 3871 3493
f 3872 3871 3494
f 3495 3872 3494
f 3498 3872 3495
f 3873 3872 3498
f 3836 3873 3498
f 3837 3873 3836
f 3874 3873 3837
f 3838 3874 3837
f 3818 3874 3838
f 3875 3874 3818
f 3876 3875 3818
f 3728 3875 3876
f 3727 3728 3876
f 3869 3733 3734
f 3870 3733 3869
f 3870 3732 3733
f 3871 3732 3870
f 3871 3731 3732
f 3872 3731 3871
f 3872 3730 3731
f 3873 3730 3872
f 3873 3729 3730
f 3874 3729 3873
f 3875 3729 3874
f 3728 3729 3875
f 3727 3822 3726
f 3820 3822 3727
f 3876 3820 3727
f 3818 3820 3876
f 3829 3726 3822
f 3725 3726 3829
f 3830 3725 3829
f 3831 3725 3830
f 3724 3725 3831
f 3828 3724 3831
f 3723 3724 3828
f 3803 3723 3828
f 3802 3723 3803
f 3722 3723 3802
f 3804 3722 3802
f 3806 3722 3804
f 3721 3722 3806
f 3807 3721 3806
f 3808 3721 3807
f 3720 3721 3808
f 3809 3720 3808
f 3719 3720 3809
f 746 696 3472
f 694 696 746
f 747 694 746
f 692 694 747
f 748 692 747
f 690 692 748
f 749 690 748
f 688 690 749
f 750 688 749
f 677 688 750
f 751 677 750
f 676 677 751
f 722 676 751
f 686 676 722
f 720 686 722
f 685 686 720
f 719 685 720
f 717 685 719
f 684 685 717
f 715 684 717
f 683 684 715
f 713 683 715
f 682 683 713
f 711 682 713
f 681 682 711
f 709 681 711
f 680 681 709
f 707 680 709
f 679 680 707
f 703 679 707
f 678 679 703
f 705 678 703
f 655 678 705
f 3442 655 705
f 3398 3442 705
f 3485 3442 3398
f 3400 3485 3398
f 3484 3485 3400
f 3402 3484 3400
f 3483 3484 3402
f 3404 3483 3402
f 3482 3483 3404
f 3406 3482 3404
f 3456 3482 3406
f 3408 3456 3406
f 3457 3456 3408
f 3429 3457 3408
f 3459 3457 3429
f 3430 3459 3429
f 3431 3459 3430
f 3460 3459 3431
f 3432 3460 3431
f 3462 3460 3432
f 3433 3462 3432
f 3464 3462 3433
f 3434 3464 3433
f 3466 3464 3434
f 3435 3466 3434
f 3468 3466 3435
f 3436 3468 3435
f 3470 3468 3436
f 3428 3470 3436
f 3472 3470 3428
f 746 3472 3428
f 3877 794 3382
f 792 794 3877
f 790 792 3877
f 3877 788 790
f 786 788 3877
f 775 786 3877
f 3877 774 775
f 784 774 3877
f 783 784 3877
f 3877 782 783
f 781 782 3877
f 780 781 3877
f 3877 779 780
f 778 779 3877
f 777 778 3877
f 3877 776 777
f 753 776 3877
f 3352 753 3877
f 3877 3395 3352
f 3394 3395 3877
f 3393 3394 3877
f 3877 3392 3393
f 3366 3392 3877
f 3367 3366 3877
f 3877 3369 3367
f 3370 3369 3877
f 3372 3370 3877
f 3877 3374 3372
f 3376 3374 3877
f 3378 3376 3877
f 3877 3380 3378
f 3382 3380 3877
f 754 704 727
f 3397 704 754
f 3353 3397 754
f 3440 3397 3353
f 3355 3440 3353
f 3439 3440 3355
f 3357 3439 3355
f 3438 3439 3357
f 3359 3438 3357
f 3437 3438 3359
f 3361 3437 3359
f 3411 3437 3361
f 3363 3411 3361
f 3412 3411 3363
f 3384 3412 3363
f 3414 3412 3384
f 3385 3414 3384
f 3386 3414 3385
f 3415 3414 3386
f 3387 3415 3386
f 3417 3415 3387
f 3388 3417 3387
f 3419 3417 3388
f 3389 3419 3388
f 3421 3419 3389
f 3390 3421 3389
f 3423 3421 3390
f 3391 3423 3390
f 3425 3423 3391
f 3383 3425 3391
f 3427 3425 3383
f 795 3427 3383
f 745 3427 795
f 743 745 795
f 796 743 795
f 741 743 796
f 797 741 796
f 739 741 797
f 798 739 797
f 737 739 798
f 799 737 798
f 726 737 799
f 800 726 799
f 725 726 800
f 771 725 800
f 735 725 771
f 769 735 771
f 734 735 769
f 768 734 769
f 766 734 768
f 733 734 766
f 764 733 766
f 732 733 764
f 762 732 764
f 731 732 762
f 760 731 762
f 730 731 760
f 758 730 760
f 729 730 758
f 756 729 758
f 728 729 756
f 752 728 756
f 727 728 752
f 754 727 752
f 3878 606 3879
f 607 606 3878
f 2958 607 3878
f 3880 2958 3878
f 2960 2958 3880
f 3881 2960 3880
f 2961 2960 3881
f 3882 2961 3881
f 2963 2961 3882
f 3883 2963 3882
f 2965 2963 3883
f 3884 2965 3883
f 2966 2965 3884
f 3885 2966 3884
f 3886 2966 3885
f 3887 3886 3885
f 3888 3886 3887
f 3889 3886 3888
f 3890 3889 3888
f 3891 3889 3890
f 3892 3889 3891
f 3893 3892 3891
f 3894 3892 3893
f 3895 3894 3893
f 3896 3894 3895
f 3897 3896 3895
f 3898 3896 3897
f 3899 3898 3897
f 3900 3898 3899
f 3901 3900 3899
f 3902 3900 3901
f 3903 3902 3901
f 647 3902 3903
f 2983 3902 647
f 648 2983 647
f 3886 2968 2966
f 3889 2968 3886
f 3889 2970 2968
f 2971 2970 3889
f 3892 2971 3889
f 2973 2971 3892
f 3894 2973 3892
f 2975 2973 3894
f 3896 2975 3894
f 2977 2975 3896
f 3898 2977 3896
f 2979 2977 3898
f 3900 2979 3898
f 2981 2979 3900
f 3902 2981 3900
f 2983 2981 3902
f 3884 3887 3885
f 3904 3887 3884
f 3883 3904 3884
f 3905 3904 3883
f 3882 3905 3883
f 3906 3905 3882
f 3881 3906 3882
f 3907 3906 3881
f 3880 3907 3881
f 3879 3907 3880
f 3878 3879 3880
f 3908 3909 3910
f 3609 3909 3908
f 3639 3609 3908
f 3908 3910 3639
f 3911 3912 3909
f 3640 3912 3911
f 3609 3640 3911
f 3911 3909 3609
f 3913 3914 3912
f 3638 3914 3913
f 3640 3638 3913
f 3913 3912 3640
f 3915 3910 3914
f 3639 3910 3915
f 3638 3639 3915
f 3915 3914 3638
f 3916 3917 3918
f 3616 3917 3916
f 3615 3616 3916
f 3916 3918 3615
f 3919 3920 3917
f 3637 3920 3919
f 3616 3637 3919
f 3919 3917 3616
f 3921 3922 3920
f 3613 3922 3921
f 3637 3613 3921
f 3921 3920 3637
f 3923 3918 3922
f 3615 3918 3923
f 3613 3615 3923
f 3923 3922 3613
f 3924 3925 3926
f 3627 3925 3924
f 3623 3627 3924
f 3924 3926 3623
f 3927 3928 3925
f 3626 3928 3927
f 3627 3626 3927
f 3927 3925 3627
f 3929 3930 3928
f 3624 3930 3929
f 3626 3624 3929
f 3929 3928 3626
f 3931 3926 3930
f 3623 3926 3931
f 3624 3623 3931
f 3931 3930 3624
f 3932 3933 3934
f 3585 3933 3932
f 3582 3585 3932
f 3932 3934 3582
f 3935 3936 3933
f 3580 3936 3935
f 3585 3580 3935
f 3935 3933 3585
f 3937 3938 3936
f 3581 3938 3937
f 3580 3581 3937
f 3937 3936 3580
f 3939 3934 3938
f 3582 3934 3939
f 3581 3582 3939
f 3939 3938 3581
f 3940 3941 3942
f 3577 3941 3940
f 3578 3577 3940
f 3940 3942 3578
f 3943 3944 3941
f 3584 3944 3943
f 3577 3584 3943
f 3943 3941 3577
f 3945 3946 3944
f 3583 3946 3945
f 3584 3583 3945
f 3945 3944 3584
f 3947 3942 3946
f 3578 3942 3947
f 3583 3578 3947
f 3947 3946 3583
f 3948 3949 3950
f 3575 3949 3948
f 3572 3575 3948
f 3948 3950 3572
f 3951 3952 3949
f 3576 3952 3951
f 3575 3576 3951
f 3951 3949 3575
f 3953 3954 3952
f 3579 3954 3953
f 3576 3579 3953
f 3953 3952 3576
f 3955 3950 3954
f 3572 3950 3955
f 3579 3572 3955
f 3955 3954 3579
f 3956 3957 3958
f 3564 3957 3956
f 3565 3564 3956
f 3956 3958 3565
f 3959 3960 3957
f 3574 3960 3959
f 3564 3574 3959
f 3959 3957 3564
f 3961 3962 3960
f 3573 3962 3961
f 3574 3573 3961
f 3961 3960 3574
f 3963 3958 3962
f 3565 3958 3963
f 3573 3565 3963
f 3963 3962 3573
f 3964 3965 3966
f 3561 3965 3964
f 3568 3561 3964
f 3964 3966 3568
f 3967 3968 3965
f 3563 3968 3967
f 3561 3563 3967
f 3967 3965 3561
f 3969 3970 3968
f 3566 3970 3969
f 3563 3566 3969
f 3969 3968 3563
f 3971 3966 3970
f 3568 3966 3971
f 3566 3568 3971
f 3971 3970 3566
f 3972 3918 3917
f 3922 3918 3972
f 3920 3922 3972
f 3972 3917 3920
f 3973 3910 3909
f 3914 3910 3973
f 3912 3914 3973
f 3973 3909 3912
f 3974 3926 3925
f 3930 3926 3974
f 3928 3930 3974
f 3974 3925 3928
f 3975 3976 3977
f 3978 3976 3975
f 3979 3978 3975
f 3975 3977 3979
f 3980 3976 3978
f 3611 3976 3980
f 3635 3611 3980
f 3980 3978 3635
f 3981 3978 3979
f 3635 3978 3981
f 3634 3635 3981
f 3981 3979 3634
f 3982 3979 3977
f 3634 3979 3982
f 3612 3634 3982
f 3982 3977 3612
f 3983 3977 3976
f 3612 3977 3983
f 3611 3612 3983
f 3983 3976 3611
f 3984 3985 3986
f 3987 3985 3984
f 3988 3987 3984
f 3984 3986 3988
f 3989 3985 3987
f 3633 3985 3989
f 3630 3633 3989
f 3989 3987 3630
f 3990 3987 3988
f 3630 3987 3990
f 3629 3630 3990
f 3990 3988 3629
f 3991 3988 3986
f 3629 3988 3991
f 3631 3629 3991
f 3991 3986 3631
f 3992 3986 3985
f 3631 3986 3992
f 3633 3631 3992
f 3992 3985 3633
f 3993 3994 3995
f 3996 3994 3993
f 3997 3996 3993
f 3993 3995 3997
f 3998 3994 3996
f 3632 3994 3998
f 3628 3632 3998
f 3998 3996 3628
f 3999 3996 3997
f 3628 3996 3999
f 3618 3628 3999
f 3999 3997 3618
f 4000 3997 3995
f 3618 3997 4000
f 3620 3618 4000
f 4000 3995 3620
f 4001 3995 3994
f 3620 3995 4001
f 3632 3620 4001
f 4001 3994 3632
f 4002 4003 4004
f 4005 4003 4002
f 4006 4005 4002
f 4002 4004 4006
f 4007 4003 4005
f 3621 4003 4007
f 3619 3621 4007
f 4007 4005 3619
f 4008 4005 4006
f 3619 4005 4008
f 3625 3619 4008
f 4008 4006 3625
f 4009 4006 4004
f 3625 4006 4009
f 3622 3625 4009
f 4009 4004 3622
f 4010 4004 4003
f 3622 4004 4010
f 3621 3622 4010
f 4010 4003 3621
f 4011 3965 3968
f 3966 3965 4011
f 3970 3966 4011
f 4011 3968 3970
f 4012 3957 3960
f 3958 3957 4012
f 3962 3958 4012
f 4012 3960 3962
f 4013 3949 3952
f 3950 3949 4013
f 3954 3950 4013
f 4013 3952 3954
f 4014 3941 3944
f 3942 3941 4014
f 3946 3942 4014
f 4014 3944 3946
f 4015 3933 3936
f 3934 3933 4015
f 3938 3934 4015
f 4015 3936 3938
f 599 99 4016
f 97 99 599
f 600 97 599
f 101 97 600
f 601 101 600
f 103 101 601
f 602 103 601
f 105 103 602
f 603 105 602
f 107 105 603
f 604 107 603
f 109 107 604
f 575 109 604
f 111 109 575
f 573 111 575
f 113 111 573
f 572 113 573
f 570 113 572
f 114 113 570
f 568 114 570
f 116 114 568
f 566 116 568
f 145 116 566
f 564 145 566
f 144 145 564
f 562 144 564
f 143 144 562
f 560 143 562
f 142 143 560
f 556 142 560
f 141 142 556
f 558 141 556
f 140 141 558
f 4017 140 558
f 4018 4017 558
f 4019 4017 4018
f 4020 4019 4018
f 4021 4019 4020
f 4022 4021 4020
f 4023 4021 4022
f 4024 4023 4022
f 4025 4023 4024
f 4026 4025 4024
f 4027 4025 4026
f 4028 4027 4026
f 4029 4027 4028
f 4030 4029 4028
f 4031 4029 4030
f 4032 4031 4030
f 4033 4031 4032
f 4034 4031 4033
f 4035 4034 4033
f 4036 4034 4035
f 4037 4036 4035
f 4038 4036 4037
f 4039 4038 4037
f 4040 4038 4039
f 4041 4040 4039
f 4042 4040 4041
f 4043 4042 4041
f 4044 4042 4043
f 4045 4044 4043
f 4016 4044 4045
f 599 4016 4045
f 557 647 3903
f 645 647 557
f 580 645 557
f 643 645 580
f 581 643 580
f 641 643 581
f 582 641 581
f 639 641 582
f 583 639 582
f 628 639 583
f 584 628 583
f 627 628 584
f 585 627 584
f 637 627 585
f 586 637 585
f 636 637 586
f 587 636 586
f 588 636 587
f 635 636 588
f 578 635 588
f 634 635 578
f 579 634 578
f 633 634 579
f 590 633 579
f 632 633 590
f 592 632 590
f 631 632 592
f 594 631 592
f 630 631 594
f 596 630 594
f 629 630 596
f 598 629 596
f 606 629 598
f 3879 606 598
f 4046 3879 598
f 3907 3879 4046
f 4047 3907 4046
f 3906 3907 4047
f 4048 3906 4047
f 3905 3906 4048
f 4049 3905 4048
f 3904 3905 4049
f 4050 3904 4049
f 3887 3904 4050
f 4051 3887 4050
f 3888 3887 4051
f 4052 3888 4051
f 3890 3888 4052
f 4053 3890 4052
f 4054 3890 4053
f 3891 3890 4054
f 4055 3891 4054
f 3893 3891 4055
f 4056 3893 4055
f 3895 3893 4056
f 4057 3895 4056
f 3897 3895 4057
f 4058 3897 4057
f 3899 3897 4058
f 4059 3899 4058
f 3901 3899 4059
f 4060 3901 4059
f 3903 3901 4060
f 557 3903 4060
f 4061 557 4060
f 558 557 4061
f 4018 558 4061
f 4062 4018 4061
f 4020 4018 4062
f 4063 4020 4062
f 4022 4020 4063
f 4064 4022 4063
f 4024 4022 4064
f 4065 4024 4064
f 4026 4024 4065
f 4066 4026 4065
f 4028 4026 4066
f 4067 4028 4066
f 4068 4028 4067
f 4055 4068 4067
f 4054 4068 4055
f 4069 4068 4054
f 4053 4069 4054
f 4052 4069 4053
f 4070 4069 4052
f 4051 4070 4052
f 4071 4070 4051
f 4050 4071 4051
f 4072 4071 4050
f 4049 4072 4050
f 4073 4072 4049
f 4048 4073 4049
f 4074 4073 4048
f 4047 4074 4048
f 4075 4074 4047
f 4046 4075 4047
f 598 4075 4046
f 4045 4075 598
f 599 4045 598
f 4068 4030 4028
f 4069 4030 4068
f 4069 4032 4030
f 4033 4032 4069
f 4070 4033 4069
f 4035 4033 4070
f 4071 4035 4070
f 4037 4035 4071
f 4072 4037 4071
f 4039 4037 4072
f 4073 4039 4072
f 4041 4039 4073
f 4074 4041 4073
f 4043 4041 4074
f 4075 4043 4074
f 4045 4043 4075
f 4066 4055 4067
f 4056 4055 4066
f 4065 4056 4066
f 4057 4056 4065
f 4064 4057 4065
f 4058 4057 4064
f 4063 4058 4064
f 4059 4058 4063
f 4062 4059 4063
f 4060 4059 4062
f 4061 4060 4062
f 509 287 288
f 4076 287 509
f 4077 4076 509
f 4078 4076 4077
f 4079 4078 4077
f 4080 4078 4079
f 4081 4080 4079
f 4082 4080 4081
f 4083 4082 4081
f 4084 4082 4083
f 4085 4084 4083
f 4086 4084 4085
f 4087 4086 4085
f 4088 4086 4087
f 4089 4088 4087
f 4090 4088 4089
f 4091 4090 4089
f 4092 4090 4091
f 4093 4090 4092
f 4094 4093 4092
f 4095 4093 4094
f 4096 4095 4094
f 4097 4095 4096
f 4098 4097 4096
f 4099 4097 4098
f 4100 4099 4098
f 4101 4099 4100
f 4102 4101 4100
f 4103 4101 4102
f 4104 4103 4102
f 4105 4103 4104
f 550 4105 4104
f 246 4105 550
f 244 246 550
f 551 244 550
f 248 244 551
f 552 248 551
f 250 248 552
f 553 250 552
f 252 250 553
f 554 252 553
f 254 252 554
f 555 254 554
f 256 254 555
f 526 256 555
f 258 256 526
f 524 258 526
f 260 258 524
f 523 260 524
f 521 260 523
f 261 260 521
f 519 261 521
f 263 261 519
f 517 263 519
f 292 263 517
f 515 292 517
f 291 292 515
f 513 291 515
f 290 291 513
f 511 290 513
f 289 290 511
f 507 289 511
f 288 289 507
f 509 288 507
f 549 900 923
f 3217 900 549
f 4106 3217 549
f 3260 3217 4106
f 4107 3260 4106
f 3259 3260 4107
f 4108 3259 4107
f 3258 3259 4108
f 4109 3258 4108
f 3257 3258 4109
f 4110 3257 4109
f 3231 3257 4110
f 4111 3231 4110
f 3232 3231 4111
f 4112 3232 4111
f 3234 3232 4112
f 4113 3234 4112
f 4114 3234 4113
f 3235 3234 4114
f 4115 3235 4114
f 3237 3235 4115
f 4116 3237 4115
f 3239 3237 4116
f 4117 3239 4116
f 3241 3239 4117
f 4118 3241 4117
f 3243 3241 4118
f 4119 3243 4118
f 3245 3243 4119
f 4120 3245 4119
f 3247 3245 4120
f 508 3247 4120
f 941 3247 508
f 939 941 508
f 531 939 508
f 937 939 531
f 532 937 531
f 935 937 532
f 533 935 532
f 933 935 533
f 534 933 533
f 922 933 534
f 535 922 534
f 921 922 535
f 536 921 535
f 931 921 536
f 537 931 536
f 930 931 537
f 538 930 537
f 539 930 538
f 929 930 539
f 529 929 539
f 928 929 529
f 530 928 529
f 927 928 530
f 541 927 530
f 926 927 541
f 543 926 541
f 925 926 543
f 545 925 543
f 924 925 545
f 547 924 545
f 923 924 547
f 549 923 547
f 4121 508 4120
f 509 508 4121
f 4077 509 4121
f 4122 4077 4121
f 4079 4077 4122
f 4123 4079 4122
f 4081 4079 4123
f 4124 4081 4123
f 4083 4081 4124
f 4125 4083 4124
f 4085 4083 4125
f 4126 4085 4125
f 4087 4085 4126
f 4127 4087 4126
f 4128 4087 4127
f 4115 4128 4127
f 4114 4128 4115
f 4129 4128 4114
f 4113 4129 4114
f 4112 4129 4113
f 4130 4129 4112
f 4111 4130 4112
f 4131 4130 4111
f 4110 4131 4111
f 4132 4131 4110
f 4109 4132 4110
f 4133 4132 4109
f 4108 4133 4109
f 4134 4133 4108
f 4107 4134 4108
f 4135 4134 4107
f 4106 4135 4107
f 549 4135 4106
f 4104 4135 549
f 550 4104 549
f 4128 4089 4087
f 4129 4089 4128
f 4129 4091 4089
f 4092 4091 4129
f 4130 4092 4129
f 4094 4092 4130
f 4131 4094 4130
f 4096 4094 4131
f 4132 4096 4131
f 4098 4096 4132
f 4133 4098 4132
f 4100 4098 4133
f 4134 4100 4133
f 4102 4100 4134
f 4135 4102 4134
f 4104 4102 4135
f 4126 4115 4127
f 4116 4115 4126
f 4125 4116 4126
f 4117 4116 4125
f 4124 4117 4125
f 4118 4117 4124
f 4123 4118 4124
f 4119 4118 4123
f 4122 4119 4123
f 4120 4119 4122
f 4121 4120 4122
f 460 189 190
f 4136 189 460
f 4137 4136 460
f 4138 4136 4137
f 4139 4138 4137
f 4140 4138 4139
f 4141 4140 4139
f 4142 4140 4141
f 4143 4142 4141
f 4144 4142 4143
f 4145 4144 4143
f 4146 4144 4145
f 4147 4146 4145
f 4148 4146 4147
f 4149 4148 4147
f 4150 4148 4149
f 4151 4150 4149
f 4152 4150 4151
f 4153 4150 4152
f 4154 4153 4152
f 4155 4153 4154
f 4156 4155 4154
f 4157 4155 4156
f 4158 4157 4156
f 4159 4157 4158
f 4160 4159 4158
f 4161 4159 4160
f 4162 4161 4160
f 4163 4161 4162
f 4164 4163 4162
f 4165 4163 4164
f 501 4165 4164
f 148 4165 501
f 146 148 501
f 502 146 501
f 150 146 502
f 503 150 502
f 152 150 503
f 504 152 503
f 154 152 504
f 505 154 504
f 156 154 505
f 506 156 505
f 158 156 506
f 477 158 506
f 160 158 477
f 475 160 477
f 162 160 475
f 474 162 475
f 472 162 474
f 163 162 472
f 470 163 472
f 165 163 470
f 468 165 470
f 194 165 468
f 466 194 468
f 193 194 466
f 464 193 466
f 192 193 464
f 462 192 464
f 191 192 462
f 458 191 462
f 190 191 458
f 460 190 458
f 459 892 3292
f 890 892 459
f 482 890 459
f 888 890 482
f 483 888 482
f 886 888 483
f 484 886 483
f 884 886 484
f 485 884 484
f 873 884 485
f 486 873 485
f 872 873 486
f 487 872 486
f 882 872 487
f 488 882 487
f 881 882 488
f 489 881 488
f 490 881 489
f 880 881 490
f 480 880 490
f 879 880 480
f 481 879 480
f 878 879 481
f 492 878 481
f 877 878 492
f 494 877 492
f 876 877 494
f 496 876 494
f 875 876 496
f 498 875 496
f 874 875 498
f 500 874 498
f 851 874 500
f 3262 851 500
f 4166 3262 500
f 3305 3262 4166
f 4167 3305 4166
f 3304 3305 4167
f 4168 3304 4167
f 3303 3304 4168
f 4169 3303 4168
f 3302 3303 4169
f 4170 3302 4169
f 3276 3302 4170
f 4171 3276 4170
f 3277 3276 4171
f 4172 3277 4171
f 3279 3277 4172
f 4173 3279 4172
f 4174 3279 4173
f 3280 3279 4174
f 4175 3280 4174
f 3282 3280 4175
f 4176 3282 4175
f 3284 3282 4176
f 4177 3284 4176
f 3286 3284 4177
f 4178 3286 4177
f 3288 3286 4178
f 4179 3288 4178
f 3290 3288 4179
f 4180 3290 4179
f 3292 3290 4180
f 459 3292 4180
f 4181 459 4180
f 460 459 4181
f 4137 460 4181
f 4182 4137 4181
f 4139 4137 4182
f 4183 4139 4182
f 4141 4139 4183
f 4184 4141 4183
f 4143 4141 4184
f 4185 4143 4184
f 4145 4143 4185
f 4186 4145 4185
f 4147 4145 4186
f 4187 4147 4186
f 4188 4147 4187
f 4175 4188 4187
f 4174 4188 4175
f 4189 4188 4174
f 4173 4189 4174
f 4172 4189 4173
f 4190 4189 4172
f 4171 4190 4172
f 4191 4190 4171
f 4170 4191 4171
f 4192 4191 4170
f 4169 4192 4170
f 4193 4192 4169
f 4168 4193 4169
f 4194 4193 4168
f 4167 4194 4168
f 4195 4194 4167
f 4166 4195 4167
f 500 4195 4166
f 4164 4195 500
f 501 4164 500
f 4188 4149 4147
f 4189 4149 4188
f 4189 4151 4149
f 4152 4151 4189
f 4190 4152 4189
f 4154 4152 4190
f 4191 4154 4190
f 4156 4154 4191
f 4192 4156 4191
f 4158 4156 4192
f 4193 4158 4192
f 4160 4158 4193
f 4194 4160 4193
f 4162 4160 4194
f 4195 4162 4194
f 4164 4162 4195
f 4186 4175 4187
f 4176 4175 4186
f 4185 4176 4186
f 4177 4176 4185
f 4184 4177 4185
f 4178 4177 4184
f 4183 4178 4184
f 4179 4178 4183
f 4182 4179 4183
f 4180 4179 4182
f 4181 4180 4182
f 452 197 4196
f 195 197 452
f 453 195 452
f 199 195 453
f 454 199 453
f 201 199 454
f 455 201 454
f 203 201 455
f 456 203 455
f 205 203 456
f 457 205 456
f 207 205 457
f 428 207 457
f 209 207 428
f 426 209 428
f 211 209 426
f 425 211 426
f 423 211 425
f 212 211 423
f 421 212 423
f 214 212 421
f 419 214 421
f 243 214 419
f 417 243 419
f 242 243 417
f 415 242 417
f 241 242 415
f 413 241 415
f 240 241 413
f 409 240 413
f 239 240 409
f 411 239 409
f 238 239 411
f 4197 238 411
f 4198 4197 411
f 4199 4197 4198
f 4200 4199 4198
f 4201 4199 4200
f 4202 4201 4200
f 4203 4201 4202
f 4204 4203 4202
f 4205 4203 4204
f 4206 4205 4204
f 4207 4205 4206
f 4208 4207 4206
f 4209 4207 4208
f 4210 4209 4208
f 4211 4209 4210
f 4212 4211 4210
f 4213 4211 4212
f 4214 4211 4213
f 4215 4214 4213
f 4216 4214 4215
f 4217 4216 4215
f 4218 4216 4217
f 4219 4218 4217
f 4220 4218 4219
f 4221 4220 4219
f 4222 4220 4221
f 4223 4222 4221
f 4224 4222 4223
f 4225 4224 4223
f 4196 4224 4225
f 452 4196 4225
f 451 802 825
f 3307 802 451
f 4226 3307 451
f 3350 3307 4226
f 4227 3350 4226
f 3349 3350 4227
f 4228 3349 4227
f 3348 3349 4228
f 4229 3348 4228
f 3347 3348 4229
f 4230 3347 4229
f 3321 3347 4230
f 4231 3321 4230
f 3322 3321 4231
f 4232 3322 4231
f 3324 3322 4232
f 4233 3324 4232
f 4234 3324 4233
f 3325 3324 4234
f 4235 3325 4234
f 3327 3325 4235
f 4236 3327 4235
f 3329 3327 4236
f 4237 3329 4236
f 3331 3329 4237
f 4238 3331 4237
f 3333 3331 4238
f 4239 3333 4238
f 3335 3333 4239
f 4240 3335 4239
f 3337 3335 4240
f 410 3337 4240
f 843 3337 410
f 841 843 410
f 433 841 410
f 839 841 433
f 434 839 433
f 837 839 434
f 435 837 434
f 835 837 435
f 436 835 435
f 824 835 436
f 437 824 436
f 823 824 437
f 438 823 437
f 833 823 438
f 439 833 438
f 832 833 439
f 440 832 439
f 441 832 440
f 831 832 441
f 431 831 441
f 830 831 431
f 432 830 431
f 829 830 432
f 443 829 432
f 828 829 443
f 445 828 443
f 827 828 445
f 447 827 445
f 826 827 447
f 449 826 447
f 825 826 449
f 451 825 449
f 4241 410 4240
f 411 410 4241
f 4198 411 4241
f 4242 4198 4241
f 4200 4198 4242
f 4243 4200 4242
f 4202 4200 4243
f 4244 4202 4243
f 4204 4202 4244
f 4245 4204 4244
f 4206 4204 4245
f 4246 4206 4245
f 4208 4206 4246
f 4247 4208 4246
f 4248 4208 4247
f 4235 4248 4247
f 4234 4248 4235
f 4249 4248 4234
f 4233 4249 4234
f 4232 4249 4233
f 4250 4249 4232
f 4231 4250 4232
f 4251 4250 4231
f 4230 4251 4231
f 4252 4251 4230
f 4229 4252 4230
f 4253 4252 4229
f 4228 4253 4229
f 4254 4253 4228
f 4227 4254 4228
f 4255 4254 4227
f 4226 4255 4227
f 451 4255 4226
f 4225 4255 451
f 452 4225 451
f 4248 4210 4208
f 4249 4210 4248
f 4249 4212 4210
f 4213 4212 4249
f 4250 4213 4249
f 4215 4213 4250
f 4251 4215 4250
f 4217 4215 4251
f 4252 4217 4251
f 4219 4217 4252
f 4253 4219 4252
f 4221 4219 4253
f 4254 4221 4253
f 4223 4221 4254
f 4255 4223 4254
f 4225 4223 4255
f 4246 4235 4247
f 4236 4235 4246
f 4245 4236 4246
f 4237 4236 4245
f 4244 4237 4245
f 4238 4237 4244
f 4243 4238 4244
f 4239 4238 4243
f 4242 4239 4243
f 4240 4239 4242
f 4241 4240 4242
f 4256 370 4257
f 371 370 4256
f 4258 371 4256
f 4259 4258 4256
f 4260 4258 4259
f 4261 4260 4259
f 4262 4260 4261
f 4263 4262 4261
f 4264 4262 4263
f 4265 4264 4263
f 4266 4264 4265
f 4267 4266 4265
f 4268 4266 4267
f 4269 4268 4267
f 4270 4268 4269
f 4271 4270 4269
f 4272 4270 4271
f 4273 4272 4271
f 51 4272 4273
f 81 4272 51
f 4274 4272 81
f 82 4274 81
f 4275 4274 82
f 83 4275 82
f 4276 4275 83
f 84 4276 83
f 4277 4276 84
f 85 4277 84
f 4278 4277 85
f 86 4278 85
f 4279 4278 86
f 87 4279 86
f 88 4279 87
f 4280 4279 88
f 408 4280 88
f 4272 4281 4270
f 4282 4281 4272
f 4274 4282 4272
f 4283 4282 4274
f 4275 4283 4274
f 4284 4283 4275
f 4276 4284 4275
f 4285 4284 4276
f 4277 4285 4276
f 4286 4285 4277
f 4278 4286 4277
f 4287 4286 4278
f 4279 4287 4278
f 4280 4287 4279
f 4271 4288 4273
f 4269 4288 4271
f 4267 4288 4269
f 4289 4288 4267
f 4265 4289 4267
f 4290 4289 4265
f 4263 4290 4265
f 4291 4290 4263
f 4261 4291 4263
f 4292 4291 4261
f 4259 4292 4261
f 4257 4292 4259
f 4256 4257 4259
f 4293 4294 4295
f 4296 4294 4293
f 4297 4296 4293
f 4298 4295 4294
f 4299 4295 4298
f 4300 4299 4298
f 4301 4299 4300
f 4302 4299 4301
f 245 4302 4301
f 4303 4302 245
f 268 4303 245
f 269 4303 268
f 4304 4303 269
f 270 4304 269
f 4305 4304 270
f 271 4305 270
f 4306 4305 271
f 272 4306 271
f 4307 4306 272
f 273 4307 272
f 4308 4307 273
f 274 4308 273
f 4309 4308 274
f 4310 4309 274
f 275 4310 274
f 4311 4310 275
f 276 4311 275
f 4312 4311 276
f 266 4312 276
f 4313 4312 266
f 4314 4313 266
f 267 4314 266
f 4315 4314 267
f 278 4315 267
f 280 4315 278
f 282 4315 280
f 284 4315 282
f 286 4315 284
f 4316 4315 286
f 4317 4315 4316
f 4318 4315 4317
f 4319 4318 4317
f 4320 4318 4319
f 4321 4318 4320
f 4322 4321 4320
f 4323 4321 4322
f 4324 4321 4323
f 4293 4321 4324
f 4325 4293 4324
f 4326 4293 4325
f 4297 4293 4326
f 4318 4327 4315
f 4328 4327 4318
f 4329 4328 4318
f 4327 223 4330
f 222 223 4327
f 221 222 4327
f 224 4330 223
f 4331 4330 224
f 225 4331 224
f 4332 4331 225
f 226 4332 225
f 4333 4332 226
f 4334 4333 226
f 227 4334 226
f 4335 4334 227
f 217 4335 227
f 4336 4335 217
f 218 4336 217
f 4337 4336 218
f 229 4337 218
f 231 4337 229
f 233 4337 231
f 235 4337 233
f 237 4337 235
f 4338 4337 237
f 4339 4338 237
f 4340 4338 4339
f 4341 4338 4340
f 4342 4338 4341
f 4343 4342 4341
f 4344 4342 4343
f 4345 4342 4344
f 381 4345 4344
f 4346 4345 381
f 379 4346 381
f 377 4346 379
f 375 4346 377
f 373 4346 375
f 369 4346 373
f 371 4346 369
f 4347 4346 371
f 4258 4347 371
f 4260 4347 4258
f 4262 4347 4260
f 4264 4347 4262
f 4266 4347 4264
f 4268 4347 4266
f 4348 4347 4268
f 169 4348 4268
f 4349 4348 169
f 180 4349 169
f 182 4349 180
f 4350 4349 182
f 184 4350 182
f 186 4350 184
f 188 4350 186
f 4351 4350 188
f 4352 4351 188
f 4353 4351 4352
f 4354 4351 4353
f 4355 4351 4354
f 4356 4351 4355
f 4357 4351 4356
f 4358 4357 4356
f 4359 4357 4358
f 4360 4359 4358
f 4361 4359 4360
f 4362 4361 4360
f 4363 4361 4362
f 4364 4363 4362
f 4346 4365 4345
f 4366 4365 4346
f 4367 4365 4366
f 4368 4365 4367
f 4369 4347 4348
f 4370 4347 4369
f 4371 4370 4369
f 4369 4372 4371
f 4373 4364 4362
f 4374 4364 4373
f 4375 4374 4373
f 4376 4374 4375
f 4377 4376 4375
f 4378 4376 4377
f 4379 4378 4377
f 4380 4378 4379
f 4381 4378 4380
f 4382 4378 4381
f 147 4378 4382
f 170 4378 147
f 4383 4378 170
f 171 4383 170
f 172 4383 171
f 4384 4383 172
f 173 4384 172
f 174 4384 173
f 175 4384 174
f 4283 4384 175
f 176 4283 175
f 4282 4283 176
f 177 4282 176
f 4281 4282 177
f 178 4281 177
f 4270 4281 178
f 168 4270 178
f 169 4270 168
f 4268 4270 169
f 4385 4378 4383
f 4386 4378 4385
f 4387 4386 4385
f 4388 4386 4387
f 4389 4386 4388
f 4390 4386 4389
f 4391 4386 4390
f 4392 4391 4390
f 4393 4391 4392
f 4394 4393 4392
f 4395 4393 4394
f 4396 4395 4394
f 4397 4395 4396
f 4398 4397 4396
f 4399 4397 4398
f 4400 4399 4398
f 4401 4399 4400
f 4402 4401 4400
f 4403 4401 4402
f 4404 4403 4402
f 4405 4403 4404
f 4406 4405 4404
f 4407 4406 4404
f 4408 4406 4407
f 4409 4408 4407
f 4410 4408 4409
f 4411 4410 4409
f 4412 4410 4411
f 4413 4410 4412
f 336 4413 4412
f 4414 4413 336
f 337 4414 336
f 4415 4414 337
f 338 4415 337
f 4416 4415 338
f 339 4416 338
f 4417 4416 339
f 340 4417 339
f 341 4417 340
f 312 4417 341
f 4293 4417 312
f 310 4293 312
f 309 4293 310
f 307 4293 309
f 4321 4293 307
f 305 4321 307
f 303 4321 305
f 4384 4321 303
f 301 4384 303
f 299 4384 301
f 297 4384 299
f 293 4384 297
f 4383 4384 293
f 295 4383 293
f 4385 4383 295
f 4387 4385 295
f 4321 408 406
f 4280 408 4321
f 4287 4280 4321
f 4321 4286 4287
f 4285 4286 4321
f 4384 4285 4321
f 4284 4285 4384
f 4283 4284 4384
f 4418 381 4344
f 383 381 4418
f 4419 383 4418
f 385 383 4419
f 4420 385 4419
f 386 385 4420
f 4421 386 4420
f 388 386 4421
f 4422 388 4421
f 399 388 4422
f 4423 399 4422
f 4318 399 4423
f 4424 4318 4423
f 4425 4318 4424
f 4329 4318 4425
f 4318 400 399
f 4321 400 4318
f 4321 402 400
f 404 402 4321
f 406 404 4321
f 4327 196 219
f 4328 196 4327
f 4327 220 221
f 219 220 4327
f 129 324 128
f 4426 324 129
f 119 4426 129
f 120 4426 119
f 4427 4426 120
f 131 4427 120
f 4428 4427 131
f 133 4428 131
f 135 4428 133
f 4429 4428 135
f 137 4429 135
f 4430 4429 137
f 139 4430 137
f 4431 4430 139
f 4432 4430 4431
f 4433 4432 4431
f 4434 4432 4433
f 4435 4434 4433
f 4436 4434 4435
f 4437 4436 4435
f 4438 4436 4437
f 4439 4438 4437
f 4440 4438 4439
f 4441 4440 4439
f 4442 4440 4441
f 4443 4442 4441
f 362 4442 4443
f 4444 4442 362
f 360 4444 362
f 4426 323 324
f 322 323 4426
f 321 322 4426
f 4427 321 4426
f 320 321 4427
f 4428 320 4427
f 319 320 4428
f 318 319 4428
f 4429 318 4428
f 317 318 4429
f 4430 317 4429
f 294 317 4430
f 4445 294 4430
f 4432 4445 4430
f 4446 4445 4432
f 4434 4446 4432
f 4447 4446 4434
f 4436 4447 4434
f 4448 4447 4436
f 4438 4448 4436
f 4449 4448 4438
f 4440 4449 4438
f 4450 4449 4440
f 4442 4450 4440
f 4444 4450 4442
f 4451 294 4445
f 295 294 4451
f 4387 295 4451
f 4452 4387 4451
f 4388 4387 4452
f 4453 4388 4452
f 4389 4388 4453
f 4454 4389 4453
f 4390 4389 4454
f 4455 4390 4454
f 4392 4390 4455
f 4456 4392 4455
f 4394 4392 4456
f 4457 4394 4456
f 4458 4394 4457
f 4450 4458 4457
f 4444 4458 4450
f 4459 4458 4444
f 360 4459 4444
f 359 4459 360
f 4460 4459 359
f 358 4460 359
f 4461 4460 358
f 356 4461 358
f 4462 4461 356
f 354 4462 356
f 4463 4462 354
f 353 4463 354
f 4464 4463 353
f 351 4464 353
f 4465 4464 351
f 349 4465 351
f 335 4465 349
f 4412 4465 335
f 336 4412 335
f 4458 4396 4394
f 4459 4396 4458
f 4459 4398 4396
f 4400 4398 4459
f 4460 4400 4459
f 4402 4400 4460
f 4461 4402 4460
f 4404 4402 4461
f 4462 4404 4461
f 4407 4404 4462
f 4463 4407 4462
f 4409 4407 4463
f 4464 4409 4463
f 4411 4409 4464
f 4465 4411 4464
f 4412 4411 4465
f 4456 4450 4457
f 4449 4450 4456
f 4455 4449 4456
f 4448 4449 4455
f 4454 4448 4455
f 4447 4448 4454
f 4453 4447 4454
f 4446 4447 4453
f 4452 4446 4453
f 4445 4446 4452
f 4451 4445 4452
f 4466 245 4301
f 246 245 4466
f 4105 246 4466
f 4467 4105 4466
f 4103 4105 4467
f 4468 4103 4467
f 4101 4103 4468
f 4469 4101 4468
f 4099 4101 4469
f 4470 4099 4469
f 4097 4099 4470
f 4471 4097 4470
f 4095 4097 4471
f 4472 4095 4471
f 4473 4095 4472
f 4297 4473 4472
f 4326 4473 4297
f 4474 4473 4326
f 4325 4474 4326
f 4324 4474 4325
f 4475 4474 4324
f 4323 4475 4324
f 4476 4475 4323
f 4322 4476 4323
f 4477 4476 4322
f 4320 4477 4322
f 4478 4477 4320
f 4319 4478 4320
f 4479 4478 4319
f 4317 4479 4319
f 4480 4479 4317
f 4316 4480 4317
f 286 4480 4316
f 4076 4480 286
f 287 4076 286
f 4473 4093 4095
f 4474 4093 4473
f 4474 4090 4093
f 4088 4090 4474
f 4475 4088 4474
f 4086 4088 4475
f 4476 4086 4475
f 4084 4086 4476
f 4477 4084 4476
f 4082 4084 4477
f 4478 4082 4477
f 4080 4082 4478
f 4479 4080 4478
f 4078 4080 4479
f 4480 4078 4479
f 4076 4078 4480
f 4471 4297 4472
f 4296 4297 4471
f 4470 4296 4471
f 4294 4296 4470
f 4469 4294 4470
f 4298 4294 4469
f 4468 4298 4469
f 4300 4298 4468
f 4467 4300 4468
f 4301 4300 4467
f 4466 4301 4467
f 4481 196 4328
f 197 196 4481
f 4196 197 4481
f 4482 4196 4481
f 4224 4196 4482
f 4483 4224 4482
f 4222 4224 4483
f 4484 4222 4483
f 4220 4222 4484
f 4485 4220 4484
f 4218 4220 4485
f 4486 4218 4485
f 4216 4218 4486
f 4487 4216 4486
f 4488 4216 4487
f 4422 4488 4487
f 4421 4488 4422
f 4489 4488 4421
f 4420 4489 4421
f 4419 4489 4420
f 4490 4489 4419
f 4418 4490 4419
f 4491 4490 4418
f 4344 4491 4418
f 4492 4491 4344
f 4343 4492 4344
f 4493 4492 4343
f 4341 4493 4343
f 4494 4493 4341
f 4340 4494 4341
f 4495 4494 4340
f 4339 4495 4340
f 237 4495 4339
f 4197 4495 237
f 238 4197 237
f 4488 4214 4216
f 4489 4214 4488
f 4489 4211 4214
f 4209 4211 4489
f 4490 4209 4489
f 4207 4209 4490
f 4491 4207 4490
f 4205 4207 4491
f 4492 4205 4491
f 4203 4205 4492
f 4493 4203 4492
f 4201 4203 4493
f 4494 4201 4493
f 4199 4201 4494
f 4495 4199 4494
f 4197 4199 4495
f 4486 4422 4487
f 4423 4422 4486
f 4485 4423 4486
f 4424 4423 4485
f 4484 4424 4485
f 4425 4424 4484
f 4483 4425 4484
f 4329 4425 4483
f 4482 4329 4483
f 4328 4329 4482
f 4481 4328 4482
f 4496 147 4382
f 148 147 4496
f 4165 148 4496
f 4497 4165 4496
f 4163 4165 4497
f 4498 4163 4497
f 4161 4163 4498
f 4499 4161 4498
f 4159 4161 4499
f 4500 4159 4499
f 4157 4159 4500
f 4501 4157 4500
f 4155 4157 4501
f 4502 4155 4501
f 4503 4155 4502
f 4375 4503 4502
f 4373 4503 4375
f 4504 4503 4373
f 4362 4504 4373
f 4360 4504 4362
f 4505 4504 4360
f 4358 4505 4360
f 4506 4505 4358
f 4356 4506 4358
f 4507 4506 4356
f 4355 4507 4356
f 4508 4507 4355
f 4354 4508 4355
f 4509 4508 4354
f 4353 4509 4354
f 4510 4509 4353
f 4352 4510 4353
f 188 4510 4352
f 4136 4510 188
f 189 4136 188
f 4503 4153 4155
f 4504 4153 4503
f 4504 4150 4153
f 4148 4150 4504
f 4505 4148 4504
f 4146 4148 4505
f 4506 4146 4505
f 4144 4146 4506
f 4507 4144 4506
f 4142 4144 4507
f 4508 4142 4507
f 4140 4142 4508
f 4509 4140 4508
f 4138 4140 4509
f 4510 4138 4509
f 4136 4138 4510
f 4501 4375 4502
f 4377 4375 4501
f 4500 4377 4501
f 4379 4377 4500
f 4499 4379 4500
f 4380 4379 4499
f 4498 4380 4499
f 4381 4380 4498
f 4497 4381 4498
f 4382 4381 4497
f 4496 4382 4497
f 4511 4337 4512
f 4336 4337 4511
f 4513 4336 4511
f 4514 4336 4513
f 4515 4514 4513
f 4516 4514 4515
f 4517 4516 4515
f 4518 4516 4517
f 4519 4516 4518
f 4520 4519 4518
f 3665 4519 4520
f 4521 4519 3665
f 4522 4521 3665
f 4523 4521 4522
f 4524 4521 4523
f 4525 4524 4523
f 4526 4524 4525
f 4527 4526 4525
f 4528 4526 4527
f 4529 4528 4527
f 4330 4528 4529
f 4327 4330 4529
f 4514 4335 4336
f 4516 4335 4514
f 4516 4334 4335
f 4519 4334 4516
f 4519 4333 4334
f 4521 4333 4519
f 4521 4332 4333
f 4524 4332 4521
f 4526 4332 4524
f 4331 4332 4526
f 4528 4331 4526
f 4330 4331 4528
f 4295 4530 4293
f 4531 4530 4295
f 4299 4531 4295
f 4532 4531 4299
f 4533 4532 4299
f 4302 4533 4299
f 4534 4533 4302
f 4535 4534 4302
f 4303 4535 4302
f 4536 4535 4303
f 4537 4536 4303
f 4304 4537 4303
f 4538 4537 4304
f 4305 4538 4304
f 4539 4538 4305
f 4540 4539 4305
f 4306 4540 4305
f 4541 4540 4306
f 4307 4541 4306
f 4542 4541 4307
f 4543 4542 4307
f 4544 4542 4543
f 4545 4544 4543
f 4546 4544 4545
f 4309 4546 4545
f 4547 4546 4309
f 4310 4547 4309
f 4548 4547 4310
f 4311 4548 4310
f 4549 4548 4311
f 4312 4549 4311
f 4550 4549 4312
f 4313 4550 4312
f 4551 4550 4313
f 4314 4551 4313
f 4552 4551 4314
f 4315 4552 4314
f 4546 4553 4544
f 4554 4553 4546
f 4547 4554 4546
f 4555 4554 4547
f 3667 4555 4547
f 4548 3667 4547
f 4556 3667 4548
f 4557 4556 4548
f 4549 4557 4548
f 4558 4557 4549
f 4550 4558 4549
f 4559 4558 4550
f 4551 4559 4550
f 4552 4559 4551
f 4545 4308 4309
f 4543 4308 4545
f 4543 4307 4308
f 4560 4413 4561
f 4410 4413 4560
f 4562 4410 4560
f 4563 4410 4562
f 4408 4410 4563
f 4564 4408 4563
f 4565 4408 4564
f 4406 4408 4565
f 4566 4406 4565
f 4405 4406 4566
f 4567 4405 4566
f 4403 4405 4567
f 4568 4403 4567
f 4401 4403 4568
f 4569 4401 4568
f 4399 4401 4569
f 4570 4399 4569
f 4397 4399 4570
f 4571 4397 4570
f 4395 4397 4571
f 4572 4395 4571
f 4393 4395 4572
f 4573 4393 4572
f 4391 4393 4573
f 4386 4391 4573
f 4413 4574 4561
f 4414 4574 4413
f 4575 4574 4414
f 4576 4575 4414
f 4415 4576 4414
f 4577 4576 4415
f 4416 4577 4415
f 4578 4577 4416
f 4417 4578 4416
f 4572 4579 4573
f 4571 4579 4572
f 4571 4580 4579
f 4581 4580 4571
f 4582 4581 4571
f 4570 4582 4571
f 3567 4582 4570
f 4583 3567 4570
f 4569 4583 4570
f 4584 4583 4569
f 4585 4584 4569
f 4568 4585 4569
f 4586 4585 4568
f 4567 4586 4568
f 4587 4586 4567
f 4566 4587 4567
f 4588 4589 4590
f 4591 4589 4588
f 4592 4591 4588
f 4357 4591 4592
f 4593 4357 4592
f 4351 4357 4593
f 4594 4351 4593
f 4595 4590 4589
f 4596 4590 4595
f 4597 4596 4595
f 4598 4596 4597
f 3571 4598 4597
f 4599 3571 4597
f 4600 3571 4599
f 4601 4600 4599
f 4602 4601 4599
f 4603 4601 4602
f 4604 4603 4602
f 4605 4604 4602
f 4606 4604 4605
f 4376 4606 4605
f 4378 4606 4376
f 4605 4374 4376
f 4602 4374 4605
f 4602 4364 4374
f 4599 4364 4602
f 4599 4363 4364
f 4597 4363 4599
f 4597 4361 4363
f 4595 4361 4597
f 4589 4361 4595
f 4359 4361 4589
f 4591 4359 4589
f 4357 4359 4591
f 4370 4607 4347
f 4608 4607 4370
f 4371 4608 4370
f 4609 4608 4371
f 4372 4609 4371
f 4610 4609 4372
f 4369 4610 4372
f 4611 4610 4369
f 3537 4610 4611
f 3536 3537 4611
f 4608 3527 4607
f 3528 3527 4608
f 4609 3528 4608
f 3538 3528 4609
f 4610 3538 4609
f 3537 3538 4610
f 3554 4592 4588
f 4593 4592 3554
f 3555 4593 3554
f 4612 4593 3555
f 3556 4612 3555
f 4613 4612 3556
f 3557 4613 3556
f 4614 4613 3557
f 3558 4614 3557
f 4615 4614 3558
f 4616 4615 3558
f 4349 4615 4616
f 4348 4349 4616
f 4612 4594 4593
f 4351 4594 4612
f 4613 4351 4612
f 4350 4351 4613
f 4614 4350 4613
f 4349 4350 4614
f 4615 4349 4614
f 4348 4617 4369
f 4618 4617 4348
f 4616 4618 4348
f 3559 4618 4616
f 3558 3559 4616
f 4617 4611 4369
f 3540 4611 4617
f 3560 3540 4617
f 3540 3536 4611
f 4618 3560 4617
f 3559 3560 4618
f 4619 3699 4620
f 3527 3699 4619
f 4607 3527 4619
f 4619 4347 4607
f 4346 4347 4619
f 4620 4346 4619
f 4590 3554 4588
f 4596 3554 4590
f 4598 3554 4596
f 3571 3554 4598
f 4621 4365 4368
f 4622 4365 4621
f 3692 4622 4621
f 3684 4622 3692
f 4623 3692 4621
f 3701 3692 4623
f 4624 3701 4623
f 3700 3701 4624
f 4620 3700 4624
f 3699 3700 4620
f 4624 4346 4620
f 4366 4346 4624
f 4623 4366 4624
f 4367 4366 4623
f 4621 4367 4623
f 4368 4367 4621
f 4625 4560 3602
f 4562 4560 4625
f 4563 4562 4625
f 4626 4563 4625
f 4564 4563 4626
f 4627 4564 4626
f 4565 4564 4627
f 4628 4565 4627
f 4566 4565 4628
f 4629 4566 4628
f 4587 4566 4629
f 4630 4587 4629
f 4631 4587 4630
f 3587 4631 4630
f 4586 4631 3587
f 3569 4586 3587
f 4631 4586 4587
f 4630 3608 3587
f 4629 3608 4630
f 4629 3607 3608
f 4628 3607 4629
f 4628 3606 3607
f 4627 3606 4628
f 4627 3605 3606
f 4626 3605 4627
f 4626 3604 3605
f 4625 3604 4626
f 4625 3603 3604
f 3602 3603 4625
f 4337 4632 4512
f 4633 4632 4337
f 4338 4633 4337
f 4634 4633 4338
f 4342 4634 4338
f 4635 4634 4342
f 4636 4635 4342
f 3688 4635 4636
f 3687 3688 4636
f 4632 4511 4512
f 4513 4511 4632
f 3669 4513 4632
f 3664 4513 3669
f 4515 4513 3664
f 4632 3690 3669
f 4633 3690 4632
f 4633 3689 3690
f 4634 3689 4633
f 4634 3688 3689
f 4635 3688 4634
f 4637 3687 4636
f 3686 3687 4637
f 4638 3686 4637
f 3685 3686 4638
f 4622 3685 4638
f 3684 3685 4622
f 4638 4365 4622
f 4345 4365 4638
f 4637 4345 4638
f 4636 4345 4637
f 4636 4342 4345
f 4639 4293 4530
f 4417 4293 4639
f 4578 4417 4639
f 4639 4577 4578
f 4576 4577 4639
f 4575 4576 4639
f 4639 4574 4575
f 3602 4574 4639
f 3614 3602 4639
f 3602 4561 4574
f 4560 4561 3602
f 3614 4535 4536
f 4534 4535 3614
f 4639 4534 3614
f 4533 4534 4639
f 4532 4533 4639
f 4639 4531 4532
f 4530 4531 4639
f 4553 3656 4544
f 4554 3656 4553
f 4555 3656 4554
f 3667 3656 4555
f 4544 4640 4542
f 3657 4640 4544
f 3656 3657 4544
f 4641 4542 4640
f 4541 4542 4641
f 4642 4541 4641
f 4643 4541 4642
f 3660 4643 4642
f 3661 4643 3660
f 4644 4643 3661
f 3662 4644 3661
f 4645 4644 3662
f 3642 4645 3662
f 4646 4645 3642
f 3614 4646 3642
f 4537 4646 3614
f 4536 4537 3614
f 4643 4540 4541
f 4644 4540 4643
f 4644 4539 4540
f 4645 4539 4644
f 4645 4538 4539
f 4646 4538 4645
f 4646 4537 4538
f 4642 3659 3660
f 4641 3659 4642
f 4641 3658 3659
f 4640 3658 4641
f 4640 3657 3658
f 4647 4386 4573
f 4378 4386 4647
f 4606 4378 4647
f 4647 4604 4606
f 4603 4604 4647
f 4601 4603 4647
f 4581 4601 4647
f 4600 4601 4581
f 4582 4600 4581
f 3567 4600 4582
f 3571 4600 3567
f 4647 4580 4581
f 4579 4580 4647
f 4573 4579 4647
f 4583 3569 3567
f 4584 3569 4583
f 4585 3569 4584
f 4586 3569 4585
f 4648 4327 4529
f 4315 4327 4648
f 4552 4315 4648
f 4648 4559 4552
f 4558 4559 4648
f 4557 4558 4648
f 4523 4557 4648
f 4556 4557 4523
f 4522 4556 4523
f 3667 4556 4522
f 3665 3667 4522
f 4648 4525 4523
f 4527 4525 4648
f 4529 4527 4648
f 4520 3664 3665
f 4518 3664 4520
f 4517 3664 4518
f 4515 3664 4517
f 4649 98 363
f 99 98 4649
f 4016 99 4649
f 4650 4016 4649
f 4044 4016 4650
f 4651 4044 4650
f 4042 4044 4651
f 4652 4042 4651
f 4040 4042 4652
f 4653 4040 4652
f 4038 4040 4653
f 4654 4038 4653
f 4036 4038 4654
f 4655 4036 4654
f 4656 4036 4655
f 368 4656 4655
f 361 4656 368
f 4657 4656 361
f 362 4657 361
f 4443 4657 362
f 4658 4657 4443
f 4441 4658 4443
f 4659 4658 4441
f 4439 4659 4441
f 4660 4659 4439
f 4437 4660 4439
f 4661 4660 4437
f 4435 4661 4437
f 4662 4661 4435
f 4433 4662 4435
f 4663 4662 4433
f 4431 4663 4433
f 139 4663 4431
f 4017 4663 139
f 140 4017 139
f 4656 4034 4036
f 4657 4034 4656
f 4657 4031 4034
f 4029 4031 4657
f 4658 4029 4657
f 4027 4029 4658
f 4659 4027 4658
f 4025 4027 4659
f 4660 4025 4659
f 4023 4025 4660
f 4661 4023 4660
f 4021 4023 4661
f 4662 4021 4661
f 4019 4021 4662
f 4663 4019 4662
f 4017 4019 4663
f 4654 368 4655
f 367 368 4654
f 4653 367 4654
f 366 367 4653
f 4652 366 4653
f 365 366 4652
f 4651 365 4652
f 364 365 4651
f 4650 364 4651
f 363 364 4650
f 4649 363 4650
f 1256 1036 3151
f 1037 1036 1256
f 1257 1037 1256
f 1038 1037 1257
f 1258 1038 1257
f 1039 1038 1258
f 1259 1039 1258
f 1040 1039 1259
f 1260 1040 1259
f 1041 1040 1260
f 1261 1041 1260
f 1042 1041 1261
f 1230 1042 1261
f 1051 1042 1230
f 1228 1051 1230
f 1050 1051 1228
f 1227 1050 1228
f 1225 1050 1227
f 1049 1050 1225
f 1223 1049 1225
f 1048 1049 1223
f 1221 1048 1223
f 1047 1048 1221
f 1219 1047 1221
f 1046 1047 1219
f 1217 1046 1219
f 1045 1046 1217
f 1215 1045 1217
f 1044 1045 1215
f 1211 1044 1215
f 1043 1044 1211
f 1213 1043 1211
f 998 1043 1213
f 2927 998 1213
f 3121 998 2927
f 2929 3121 2927
f 3164 3121 2929
f 2931 3164 2929
f 3163 3164 2931
f 2933 3163 2931
f 3162 3163 2933
f 2935 3162 2933
f 3161 3162 2935
f 2937 3161 2935
f 3135 3161 2937
f 2939 3135 2937
f 3136 3135 2939
f 2941 3136 2939
f 2942 3136 2941
f 3138 3136 2942
f 2944 3138 2942
f 3139 3138 2944
f 2946 3139 2944
f 3141 3139 2946
f 2948 3141 2946
f 3143 3141 2948
f 2950 3143 2948
f 3145 3143 2950
f 2951 3145 2950
f 3147 3145 2951
f 2953 3147 2951
f 3149 3147 2953
f 2955 3149 2953
f 2957 3149 2955
f 3151 3149 2957
f 1256 3151 2957
f 1307 990 3208
f 988 990 1307
f 1308 988 1307
f 986 988 1308
f 1309 986 1308
f 984 986 1309
f 1310 984 1309
f 982 984 1310
f 1311 982 1310
f 971 982 1311
f 1312 971 1311
f 970 971 1312
f 1281 970 1312
f 980 970 1281
f 1279 980 1281
f 979 980 1279
f 1278 979 1279
f 1276 979 1278
f 978 979 1276
f 1274 978 1276
f 977 978 1274
f 1272 977 1274
f 976 977 1272
f 1270 976 1272
f 975 976 1270
f 1268 975 1270
f 974 975 1268
f 1266 974 1268
f 973 974 1266
f 1262 973 1266
f 972 973 1262
f 1264 972 1262
f 949 972 1264
f 2569 949 1264
f 3166 949 2569
f 2571 3166 2569
f 3215 3166 2571
f 2573 3215 2571
f 3214 3215 2573
f 2575 3214 2573
f 3213 3214 2575
f 2577 3213 2575
f 3212 3213 2577
f 2579 3212 2577
f 3180 3212 2579
f 2581 3180 2579
f 3181 3180 2581
f 2583 3181 2581
f 2584 3181 2583
f 3183 3181 2584
f 2586 3183 2584
f 3184 3183 2586
f 2588 3184 2586
f 3186 3184 2588
f 2590 3186 2588
f 3195 3186 2590
f 2592 3195 2590
f 3202 3195 2592
f 2593 3202 2592
f 3205 3202 2593
f 2595 3205 2593
f 3206 3205 2595
f 2597 3206 2595
f 2599 3206 2597
f 3208 3206 2599
f 1307 3208 2599
f 1408 1094 3111
f 1092 1094 1408
f 1409 1092 1408
f 1090 1092 1409
f 1410 1090 1409
f 1088 1090 1410
f 1411 1088 1410
f 1086 1088 1411
f 1412 1086 1411
f 1413 1086 1412
f 1075 1086 1413
f 1414 1075 1413
f 1074 1075 1414
f 1381 1074 1414
f 1084 1074 1381
f 1380 1084 1381
f 1083 1084 1380
f 1082 1083 1380
f 1378 1082 1380
f 1081 1082 1378
f 1376 1081 1378
f 1080 1081 1376
f 1374 1080 1376
f 1079 1080 1374
f 1372 1079 1374
f 1370 1079 1372
f 1078 1079 1370
f 1368 1078 1370
f 1077 1078 1368
f 1364 1077 1368
f 1076 1077 1364
f 1366 1076 1364
f 1053 1076 1366
f 1853 1053 1366
f 3075 1053 1853
f 1855 3075 1853
f 3119 3075 1855
f 1857 3119 1855
f 3118 3119 1857
f 1859 3118 1857
f 3117 3118 1859
f 1861 3117 1859
f 3116 3117 1861
f 1863 3116 1861
f 3089 3116 1863
f 1865 3089 1863
f 3090 3089 1865
f 1867 3090 1865
f 1868 3090 1867
f 3093 3090 1868
f 1870 3093 1868
f 3096 3093 1870
f 1872 3096 1870
f 3099 3096 1872
f 1874 3099 1872
f 3115 3099 1874
f 1876 3115 1874
f 3114 3115 1876
f 1877 3114 1876
f 3113 3114 1877
f 1879 3113 1877
f 3112 3113 1879
f 1881 3112 1879
f 1883 3112 1881
f 3111 3112 1883
f 1408 3111 1883
f 1357 1140 3060
f 1141 1140 1357
f 1358 1141 1357
f 1142 1141 1358
f 1359 1142 1358
f 1143 1142 1359
f 1360 1143 1359
f 1144 1143 1360
f 1361 1144 1360
f 1362 1144 1361
f 1145 1144 1362
f 1363 1145 1362
f 1125 1145 1363
f 1330 1125 1363
f 1122 1125 1330
f 1329 1122 1330
f 1119 1122 1329
f 1116 1119 1329
f 1327 1116 1329
f 1114 1116 1327
f 1325 1114 1327
f 1150 1114 1325
f 1323 1150 1325
f 1149 1150 1323
f 1321 1149 1323
f 1319 1149 1321
f 1148 1149 1319
f 1317 1148 1319
f 1147 1148 1317
f 1313 1147 1317
f 1146 1147 1313
f 1315 1146 1313
f 1102 1146 1315
f 2211 1102 1315
f 3030 1102 2211
f 2213 3030 2211
f 3073 3030 2213
f 2215 3073 2213
f 3072 3073 2215
f 2217 3072 2215
f 3071 3072 2217
f 2219 3071 2217
f 3070 3071 2219
f 2221 3070 2219
f 3044 3070 2221
f 2223 3044 2221
f 3045 3044 2223
f 2225 3045 2223
f 2226 3045 2225
f 3047 3045 2226
f 2228 3047 2226
f 3048 3047 2228
f 2230 3048 2228
f 3050 3048 2230
f 2232 3050 2230
f 3052 3050 2232
f 2234 3052 2232
f 3054 3052 2234
f 2235 3054 2234
f 3056 3054 2235
f 2237 3056 2235
f 3058 3056 2237
f 2239 3058 2237
f 2241 3058 2239
f 3060 3058 2241
f 1357 3060 2241
f 4273 52 51
f 4664 52 4273
f 4288 4664 4273
f 4289 4664 4288
f 4665 4664 4289
f 4290 4665 4289
f 4666 4665 4290
f 4291 4666 4290
f 4292 4666 4291
f 4667 4666 4292
f 4257 4667 4292
f 4668 4667 4257
f 370 4668 4257
f 391 4668 370
f 4669 4668 391
f 392 4669 391
f 4670 4669 392
f 393 4670 392
f 4671 4670 393
f 394 4671 393
f 4672 4671 394
f 395 4672 394
f 4673 4672 395
f 396 4673 395
f 4674 4673 396
f 397 4674 396
f 80 4674 397
f 4675 4674 80
f 78 4675 80
f 4664 4676 52
f 4677 4676 4664
f 4665 4677 4664
f 4678 4677 4665
f 4679 4678 4665
f 4666 4679 4665
f 4680 4679 4666
f 4681 4680 4666
f 4667 4681 4666
f 4682 4681 4667
f 4668 4682 4667
f 4683 4682 4668
f 4669 4683 4668
f 4684 4683 4669
f 4670 4684 4669
f 4685 4684 4670
f 4686 4685 4670
f 4671 4686 4670
f 4687 4686 4671
f 4672 4687 4671
f 4688 4687 4672
f 4673 4688 4672
f 4689 4688 4673
f 4674 4689 4673
f 4675 4689 4674
f 4690 2 4691
f 3 2 4690
f 4692 3 4690
f 4693 4692 4690
f 4694 4692 4693
f 4695 4694 4693
f 4696 4694 4695
f 4697 4696 4695
f 4698 4696 4697
f 4699 4698 4697
f 4700 4698 4699
f 4701 4700 4699
f 4702 4700 4701
f 4703 4702 4701
f 4704 4702 4703
f 4705 4704 4703
f 4706 4704 4705
f 4707 4704 4706
f 4708 4707 4706
f 4709 4707 4708
f 4710 4707 4709
f 4711 4710 4709
f 4712 4710 4711
f 4713 4712 4711
f 4714 4712 4713
f 4715 4714 4713
f 4716 4714 4715
f 4717 4716 4715
f 4718 4716 4717
f 4719 4718 4717
f 4720 4718 4719
f 4721 4720 4719
f 43 4720 4721
f 4722 4720 43
f 44 4722 43
f 4704 4723 4702
f 4707 4723 4704
f 4707 4724 4723
f 4725 4724 4707
f 4710 4725 4707
f 4726 4725 4710
f 4712 4726 4710
f 4727 4726 4712
f 4714 4727 4712
f 4728 4727 4714
f 4716 4728 4714
f 4729 4728 4716
f 4718 4729 4716
f 4730 4729 4718
f 4720 4730 4718
f 4722 4730 4720
f 4701 4705 4703
f 4731 4705 4701
f 4699 4731 4701
f 4732 4731 4699
f 4697 4732 4699
f 4733 4732 4697
f 4695 4733 4697
f 4734 4733 4695
f 4693 4734 4695
f 4691 4734 4693
f 4690 4691 4693
f 4735 3 4692
f 1 3 4735
f 5 1 4735
f 4735 7 5
f 9 7 4735
f 11 9 4735
f 4735 13 11
f 15 13 4735
f 17 15 4735
f 4735 18 17
f 20 18 4735
f 49 20 4735
f 4735 48 49
f 47 48 4735
f 46 47 4735
f 4735 45 46
f 44 45 4735
f 4722 44 4735
f 4735 4730 4722
f 4729 4730 4735
f 4728 4729 4735
f 4735 4727 4728
f 4726 4727 4735
f 4725 4726 4735
f 4735 4724 4725
f 4723 4724 4735
f 4702 4723 4735
f 4735 4700 4702
f 4698 4700 4735
f 4696 4698 4735
f 4735 4694 4696
f 4692 4694 4735
f 4683 43 4682
f 41 43 4683
f 4684 41 4683
f 39 41 4684
f 4685 39 4684
f 37 39 4685
f 4686 37 4685
f 35 37 4686
f 4687 35 4686
f 24 35 4687
f 4688 24 4687
f 23 24 4688
f 4689 23 4688
f 33 23 4689
f 4675 33 4689
f 32 33 4675
f 78 32 4675
f 77 32 78
f 31 32 77
f 76 31 77
f 30 31 76
f 74 30 76
f 29 30 74
f 72 29 74
f 28 29 72
f 71 28 72
f 27 28 71
f 69 27 71
f 26 27 69
f 67 26 69
f 25 26 67
f 66 25 67
f 2 25 66
f 4691 2 66
f 4721 4682 43
f 4681 4682 4721
f 4719 4681 4721
f 4680 4681 4719
f 4717 4680 4719
f 4679 4680 4717
f 4715 4679 4717
f 4678 4679 4715
f 4713 4678 4715
f 4677 4678 4713
f 4711 4677 4713
f 4676 4677 4711
f 4709 4676 4711
f 52 4676 4709
f 4708 52 4709
f 50 52 4708
f 4706 50 4708
f 54 50 4706
f 4705 54 4706
f 56 54 4705
f 4731 56 4705
f 58 56 4731
f 4732 58 4731
f 60 58 4732
f 4733 60 4732
f 62 60 4733
f 4734 62 4733
f 64 62 4734
f 4691 64 4734
f 66 64 4691
f 4736 4737 4738
f 4739 4737 4736
f 4740 4739 4736
f 4741 4739 4740
f 4742 4741 4740
f 4743 4741 4742
f 4744 4743 4742
f 4745 4743 4744
f 4746 4745 4744
f 4747 4745 4746
f 4748 4747 4746
f 4749 4747 4748
f 4750 4749 4748
f 4751 4749 4750
f 4752 4751 4750
f 4753 4751 4752
f 4754 4751 4753
f 4755 4754 4753
f 4756 4754 4755
f 4757 4756 4755
f 4758 4756 4757
f 4759 4758 4757
f 4739 4760 4737
f 4761 4760 4739
f 4741 4761 4739
f 4762 4761 4741
f 4743 4762 4741
f 4763 4762 4743
f 4745 4763 4743
f 4764 4763 4745
f 4747 4764 4745
f 4765 4764 4747
f 4749 4765 4747
f 4766 4765 4749
f 4751 4766 4749
f 4767 4766 4751
f 4768 4767 4751
f 4754 4768 4751
f 4758 4768 4754
f 4756 4758 4754
f 4769 4759 4757
f 4770 4759 4769
f 4771 4770 4769
f 4772 4770 4771
f 4773 4772 4771
f 4774 4772 4773
f 4775 4774 4773
f 4776 4774 4775
f 4777 4776 4775
f 4778 4776 4777
f 4779 4778 4777
f 4777 4780 4779
f 4775 4780 4777
f 4775 4781 4780
f 4773 4781 4775
f 4773 4782 4781
f 4771 4782 4773
f 4771 4783 4782
f 4769 4783 4771
f 4769 4784 4783
f 4757 4784 4769
f 4757 4755 4784
f 4785 4786 4787
f 4788 4786 4785
f 4789 4788 4785
f 4790 4788 4789
f 4791 4790 4789
f 4792 4790 4791
f 4793 4792 4791
f 4794 4792 4793
f 4795 4794 4793
f 4796 4794 4795
f 4797 4796 4795
f 4798 4796 4797
f 4799 4798 4797
f 4800 4798 4799
f 4801 4800 4799
f 4802 4800 4801
f 4803 4800 4802
f 4804 4803 4802
f 4805 4803 4804
f 4806 4805 4804
f 4807 4805 4806
f 4808 4805 4807
f 4809 4808 4807
f 4810 4808 4809
f 4811 4810 4809
f 4812 4810 4811
f 4813 4810 4812
f 4814 4810 4813
f 4815 4814 4813
f 4788 4816 4786
f 4817 4816 4788
f 4790 4817 4788
f 4818 4817 4790
f 4792 4818 4790
f 4819 4818 4792
f 4794 4819 4792
f 4820 4819 4794
f 4796 4820 4794
f 4821 4820 4796
f 4798 4821 4796
f 4822 4821 4798
f 4800 4822 4798
f 4823 4822 4800
f 4824 4823 4800
f 4803 4824 4800
f 4825 4824 4803
f 4826 4825 4803
f 4805 4826 4803
f 4827 4826 4805
f 4828 4827 4805
f 4808 4828 4805
f 4829 4828 4808
f 4830 4829 4808
f 4810 4830 4808
f 4831 4830 4810
f 4814 4831 4810
f 4832 4833 4834
f 4835 4833 4832
f 4836 4835 4832
f 4837 4835 4836
f 4838 4837 4836
f 4839 4837 4838
f 4840 4839 4838
f 4841 4839 4840
f 4842 4841 4840
f 4843 4841 4842
f 4844 4843 4842
f 4845 4843 4844
f 4846 4845 4844
f 4847 4845 4846
f 4848 4847 4846
f 4849 4847 4848
f 4850 4847 4849
f 4851 4850 4849
f 4852 4850 4851
f 4853 4852 4851
f 4854 4852 4853
f 4855 4854 4853
f 4835 4856 4833
f 4857 4856 4835
f 4837 4857 4835
f 4858 4857 4837
f 4839 4858 4837
f 4859 4858 4839
f 4841 4859 4839
f 4860 4859 4841
f 4843 4860 4841
f 4861 4860 4843
f 4845 4861 4843
f 4862 4861 4845
f 4847 4862 4845
f 4863 4862 4847
f 4864 4863 4847
f 4850 4864 4847
f 4854 4864 4850
f 4852 4854 4850
f 4865 4855 4853
f 4866 4855 4865
f 4867 4866 4865
f 4868 4866 4867
f 4869 4868 4867
f 4870 4868 4869
f 4871 4870 4869
f 4872 4870 4871
f 4873 4872 4871
f 4874 4872 4873
f 4875 4874 4873
f 4873 4876 4875
f 4871 4876 4873
f 4871 4877 4876
f 4869 4877 4871
f 4869 4878 4877
f 4867 4878 4869
f 4867 4879 4878
f 4865 4879 4867
f 4865 4880 4879
f 4853 4880 4865
f 4853 4851 4880
f 4881 4882 4883
f 4884 4882 4881
f 4885 4884 4881
f 4886 4884 4885
f 4887 4886 4885
f 4888 4886 4887
f 4889 4888 4887
f 4890 4888 4889
f 4891 4890 4889
f 4892 4890 4891
f 4893 4892 4891
f 4894 4892 4893
f 4895 4894 4893
f 4896 4894 4895
f 4897 4896 4895
f 4898 4896 4897
f 4899 4896 4898
f 4900 4899 4898
f 4901 4899 4900
f 4902 4901 4900
f 4903 4901 4902
f 4904 4903 4902
f 4884 4905 4882
f 4906 4905 4884
f 4886 4906 4884
f 4907 4906 4886
f 4888 4907 4886
f 4908 4907 4888
f 4890 4908 4888
f 4909 4908 4890
f 4892 4909 4890
f 4910 4909 4892
f 4894 4910 4892
f 4911 4910 4894
f 4896 4911 4894
f 4912 4911 4896
f 4913 4912 4896
f 4899 4913 4896
f 4903 4913 4899
f 4901 4903 4899
f 4914 4904 4902
f 4915 4904 4914
f 4916 4915 4914
f 4917 4915 4916
f 4918 4917 4916
f 4919 4917 4918
f 4920 4919 4918
f 4921 4919 4920
f 4922 4921 4920
f 4923 4921 4922
f 4924 4923 4922
f 4922 4925 4924
f 4920 4925 4922
f 4920 4926 4925
f 4918 4926 4920
f 4918 4927 4926
f 4916 4927 4918
f 4916 4928 4927
f 4914 4928 4916
f 4914 4929 4928
f 4902 4929 4914
f 4902 4900 4929
f 4930 4931 4932
f 4933 4931 4930
f 4934 4933 4930
f 4935 4933 4934
f 4936 4935 4934
f 4937 4935 4936
f 4938 4937 4936
f 4939 4937 4938
f 4940 4939 4938
f 4941 4939 4940
f 4942 4941 4940
f 4943 4941 4942
f 4944 4943 4942
f 4945 4943 4944
f 4946 4945 4944
f 4947 4945 4946
f 4948 4945 4947
f 4949 4948 4947
f 4950 4948 4949
f 4951 4950 4949
f 4952 4950 4951
f 4953 4952 4951
f 4933 4954 4931
f 4955 4954 4933
f 4935 4955 4933
f 4956 4955 4935
f 4937 4956 4935
f 4957 4956 4937
f 4939 4957 4937
f 4958 4957 4939
f 4941 4958 4939
f 4959 4958 4941
f 4943 4959 4941
f 4960 4959 4943
f 4945 4960 4943
f 4961 4960 4945
f 4962 4961 4945
f 4948 4962 4945
f 4952 4962 4948
f 4950 4952 4948
f 4963 4953 4951
f 4964 4953 4963
f 4965 4964 4963
f 4966 4964 4965
f 4967 4966 4965
f 4968 4966 4967
f 4969 4968 4967
f 4970 4968 4969
f 4971 4970 4969
f 4972 4970 4971
f 4973 4972 4971
f 4971 4974 4973
f 4969 4974 4971
f 4969 4975 4974
f 4967 4975 4969
f 4967 4976 4975
f 4965 4976 4967
f 4965 4977 4976
f 4963 4977 4965
f 4963 4978 4977
f 4951 4978 4963
f 4951 4949 4978
f 4979 4980 4981
f 4982 4980 4979
f 4983 4982 4979
f 4984 4982 4983
f 4985 4984 4983
f 4986 4984 4985
f 4987 4986 4985
f 4988 4986 4987
f 4989 4988 4987
f 4990 4988 4989
f 4991 4990 4989
f 4992 4990 4991
f 4993 4992 4991
f 4994 4992 4993
f 4995 4994 4993
f 4996 4994 4995
f 4997 4994 4996
f 4998 4997 4996
f 4999 4997 4998
f 5000 4999 4998
f 5001 4999 5000
f 5002 5001 5000
f 4982 5003 4980
f 5004 5003 4982
f 4984 5004 4982
f 5005 5004 4984
f 4986 5005 4984
f 5006 5005 4986
f 4988 5006 4986
f 5007 5006 4988
f 4990 5007 4988
f 5008 5007 4990
f 4992 5008 4990
f 5009 5008 4992
f 4994 5009 4992
f 5010 5009 4994
f 5011 5010 4994
f 4997 5011 4994
f 5001 5011 4997
f 4999 5001 4997
f 5012 5002 5000
f 5013 5002 5012
f 5014 5013 5012
f 5015 5013 5014
f 5016 5015 5014
f 5017 5015 5016
f 5018 5017 5016
f 5019 5017 5018
f 5020 5019 5018
f 5021 5019 5020
f 5022 5021 5020
f 5020 5023 5022
f 5018 5023 5020
f 5018 5024 5023
f 5016 5024 5018
f 5016 5025 5024
f 5014 5025 5016
f 5014 5026 5025
f 5012 5026 5014
f 5012 5027 5026
f 5000 5027 5012
f 5000 4998 5027
f 5028 5029 5030
f 5031 5029 5028
f 5032 5031 5028
f 5033 5031 5032
f 5034 5033 5032
f 5035 5033 5034
f 5036 5035 5034
f 5037 5035 5036
f 5038 5037 5036
f 5039 5037 5038
f 5040 5039 5038
f 5041 5039 5040
f 5042 5041 5040
f 5043 5041 5042
f 5044 5043 5042
f 5045 5043 5044
f 5046 5043 5045
f 5047 5046 5045
f 5048 5046 5047
f 5049 5048 5047
f 5050 5048 5049
f 5051 5050 5049
f 5031 5052 5029
f 5053 5052 5031
f 5033 5053 5031
f 5054 5053 5033
f 5035 5054 5033
f 5055 5054 5035
f 5037 5055 5035
f 5056 5055 5037
f 5039 5056 5037
f 5057 5056 5039
f 5041 5057 5039
f 5058 5057 5041
f 5043 5058 5041
f 5059 5058 5043
f 5060 5059 5043
f 5046 5060 5043
f 5050 5060 5046
f 5048 5050 5046
f 5061 5051 5049
f 5062 5051 5061
f 5063 5062 5061
f 5064 5062 5063
f 5065 5064 5063
f 5066 5064 5065
f 5067 5066 5065
f 5068 5066 5067
f 5069 5068 5067
f 5070 5068 5069
f 5071 5070 5069
f 5069 5072 5071
f 5067 5072 5069
f 5067 5073 5072
f 5065 5073 5067
f 5065 5074 5073
f 5063 5074 5065
f 5063 5075 5074
f 5061 5075 5063
f 5061 5076 5075
f 5049 5076 5061
f 5049 5047 5076
f 5060 4863 5059
f 5077 4863 5060
f 5050 5077 5060
f 5078 5077 5050
f 5051 5078 5050
f 5079 5078 5051
f 5062 5079 5051
f 5080 5079 5062
f 5064 5080 5062
f 5081 5080 5064
f 5066 5081 5064
f 5082 5081 5066
f 5068 5082 5066
f 5083 5082 5068
f 5070 5083 5068
f 5084 5083 5070
f 5085 5083 5084
f 5086 5085 5084
f 5087 5085 5086
f 5088 5087 5086
f 5089 5087 5088
f 5090 5087 5089
f 5091 5090 5089
f 5092 5090 5091
f 5093 5092 5091
f 5094 5092 5093
f 5095 5092 5094
f 5096 5092 5095
f 5097 5096 5095
f 5077 4862 4863
f 4861 4862 5077
f 5078 4861 5077
f 4860 4861 5078
f 5079 4860 5078
f 4859 4860 5079
f 5080 4859 5079
f 4858 4859 5080
f 5081 4858 5080
f 4857 4858 5081
f 5082 4857 5081
f 4856 4857 5082
f 5083 4856 5082
f 4833 4856 5083
f 5098 4833 5083
f 5085 5098 5083
f 5099 5098 5085
f 5087 5099 5085
f 5100 5099 5087
f 5101 5100 5087
f 5090 5101 5087
f 5102 5101 5090
f 5092 5102 5090
f 5103 5102 5092
f 5096 5103 5092
f 5104 5105 5106
f 5107 5105 5104
f 5108 5107 5104
f 5109 5107 5108
f 5110 5109 5108
f 5111 5109 5110
f 5112 5111 5110
f 5113 5111 5112
f 5114 5113 5112
f 5115 5113 5114
f 5116 5115 5114
f 5117 5115 5116
f 5118 5117 5116
f 5119 5117 5118
f 5120 5119 5118
f 5121 5119 5120
f 5122 5119 5121
f 5123 5122 5121
f 5124 5122 5123
f 5125 5124 5123
f 4831 5124 5125
f 4830 4831 5125
f 5107 5126 5105
f 5127 5126 5107
f 5109 5127 5107
f 5128 5127 5109
f 5111 5128 5109
f 5129 5128 5111
f 5113 5129 5111
f 5130 5129 5113
f 5115 5130 5113
f 5131 5130 5115
f 5117 5131 5115
f 5132 5131 5117
f 5119 5132 5117
f 4815 5132 5119
f 4814 4815 5119
f 5122 4814 5119
f 4831 4814 5122
f 5124 4831 5122
f 5125 4829 4830
f 5133 4829 5125
f 5134 5133 5125
f 5135 5133 5134
f 5136 5133 5135
f 5137 5136 5135
f 5138 5136 5137
f 5139 5138 5137
f 5140 5138 5139
f 5141 5140 5139
f 5142 5140 5141
f 5143 5142 5141
f 4824 5142 5143
f 4823 4824 5143
f 5133 4828 4829
f 5136 4828 5133
f 5136 4827 4828
f 5138 4827 5136
f 5138 4826 4827
f 5140 4826 5138
f 5140 4825 4826
f 5142 4825 5140
f 5142 4824 4825
f 5125 5123 5134
f 5144 5145 5146
f 5147 5145 5144
f 5148 5147 5144
f 5149 5147 5148
f 5150 5149 5148
f 5151 5149 5150
f 5152 5151 5150
f 5153 5151 5152
f 5154 5153 5152
f 5155 5153 5154
f 5156 5155 5154
f 5157 5155 5156
f 5158 5157 5156
f 5159 5157 5158
f 5160 5159 5158
f 5161 5159 5160
f 5162 5159 5161
f 5163 5162 5161
f 5164 5162 5163
f 5165 5164 5163
f 5166 5164 5165
f 5167 5166 5165
f 5147 5168 5145
f 5169 5168 5147
f 5149 5169 5147
f 5170 5169 5149
f 5151 5170 5149
f 5171 5170 5151
f 5153 5171 5151
f 5172 5171 5153
f 5155 5172 5153
f 5173 5172 5155
f 5157 5173 5155
f 5174 5173 5157
f 5159 5174 5157
f 5175 5174 5159
f 5176 5175 5159
f 5162 5176 5159
f 5166 5176 5162
f 5164 5166 5162
f 5177 5167 5165
f 5178 5167 5177
f 5179 5178 5177
f 5180 5178 5179
f 5181 5180 5179
f 5182 5180 5181
f 5183 5182 5181
f 5184 5182 5183
f 5185 5184 5183
f 5186 5184 5185
f 5187 5186 5185
f 5185 5188 5187
f 5183 5188 5185
f 5183 5189 5188
f 5181 5189 5183
f 5181 5190 5189
f 5179 5190 5181
f 5179 5191 5190
f 5177 5191 5179
f 5177 5192 5191
f 5165 5192 5177
f 5165 5163 5192
f 5193 5194 5195
f 5196 5194 5193
f 5197 5196 5193
f 5198 5196 5197
f 5199 5198 5197
f 5200 5198 5199
f 5201 5200 5199
f 5202 5200 5201
f 5203 5202 5201
f 5204 5202 5203
f 5205 5204 5203
f 5206 5204 5205
f 5207 5206 5205
f 5208 5206 5207
f 5209 5208 5207
f 5210 5208 5209
f 5211 5208 5210
f 5212 5211 5210
f 5213 5211 5212
f 5214 5213 5212
f 5215 5213 5214
f 5216 5215 5214
f 5196 5217 5194
f 5218 5217 5196
f 5198 5218 5196
f 5219 5218 5198
f 5200 5219 5198
f 5220 5219 5200
f 5202 5220 5200
f 5221 5220 5202
f 5204 5221 5202
f 5222 5221 5204
f 5206 5222 5204
f 5223 5222 5206
f 5208 5223 5206
f 5224 5223 5208
f 5225 5224 5208
f 5211 5225 5208
f 5215 5225 5211
f 5213 5215 5211
f 5226 5216 5214
f 5227 5216 5226
f 5228 5227 5226
f 5229 5227 5228
f 5230 5229 5228
f 5231 5229 5230
f 5232 5231 5230
f 5233 5231 5232
f 5234 5233 5232
f 5235 5233 5234
f 5236 5235 5234
f 5234 5237 5236
f 5232 5237 5234
f 5232 5238 5237
f 5230 5238 5232
f 5230 5239 5238
f 5228 5239 5230
f 5228 5240 5239
f 5226 5240 5228
f 5226 5241 5240
f 5214 5241 5226
f 5214 5212 5241
f 5242 5243 5244
f 5245 5243 5242
f 5246 5245 5242
f 5247 5245 5246
f 5248 5247 5246
f 5249 5247 5248
f 5250 5249 5248
f 5251 5249 5250
f 5252 5251 5250
f 5253 5251 5252
f 5254 5253 5252
f 5255 5253 5254
f 5256 5255 5254
f 5257 5255 5256
f 5258 5257 5256
f 5259 5257 5258
f 5260 5257 5259
f 5261 5260 5259
f 5262 5260 5261
f 5263 5262 5261
f 5264 5262 5263
f 5265 5264 5263
f 5245 5266 5243
f 5267 5266 5245
f 5247 5267 5245
f 5268 5267 5247
f 5249 5268 5247
f 5269 5268 5249
f 5251 5269 5249
f 5270 5269 5251
f 5253 5270 5251
f 5271 5270 5253
f 5255 5271 5253
f 5272 5271 5255
f 5257 5272 5255
f 5273 5272 5257
f 5274 5273 5257
f 5260 5274 5257
f 5264 5274 5260
f 5262 5264 5260
f 5275 5265 5263
f 5276 5265 5275
f 5277 5276 5275
f 5278 5276 5277
f 5279 5278 5277
f 5280 5278 5279
f 5281 5280 5279
f 5282 5280 5281
f 5283 5282 5281
f 5284 5282 5283
f 5285 5284 5283
f 5283 5286 5285
f 5281 5286 5283
f 5281 5287 5286
f 5279 5287 5281
f 5279 5288 5287
f 5277 5288 5279
f 5277 5289 5288
f 5275 5289 5277
f 5275 5290 5289
f 5263 5290 5275
f 5263 5261 5290
f 5291 5292 5293
f 5294 5292 5291
f 5295 5294 5291
f 5296 5294 5295
f 5297 5296 5295
f 5298 5296 5297
f 5299 5298 5297
f 5300 5298 5299
f 5301 5300 5299
f 5302 5300 5301
f 5303 5302 5301
f 5304 5302 5303
f 5305 5304 5303
f 5306 5304 5305
f 5307 5306 5305
f 5308 5306 5307
f 5309 5306 5308
f 5310 5309 5308
f 5311 5309 5310
f 5312 5311 5310
f 5313 5311 5312
f 5314 5313 5312
f 5294 5315 5292
f 5316 5315 5294
f 5296 5316 5294
f 5317 5316 5296
f 5298 5317 5296
f 5318 5317 5298
f 5300 5318 5298
f 5319 5318 5300
f 5302 5319 5300
f 5320 5319 5302
f 5304 5320 5302
f 5321 5320 5304
f 5306 5321 5304
f 5322 5321 5306
f 5323 5322 5306
f 5309 5323 5306
f 5313 5323 5309
f 5311 5313 5309
f 5324 5314 5312
f 5325 5314 5324
f 5326 5325 5324
f 5327 5325 5326
f 5328 5327 5326
f 5329 5327 5328
f 5330 5329 5328
f 5331 5329 5330
f 5332 5331 5330
f 5333 5331 5332
f 5334 5333 5332
f 5332 5335 5334
f 5330 5335 5332
f 5330 5336 5335
f 5328 5336 5330
f 5328 5337 5336
f 5326 5337 5328
f 5326 5338 5337
f 5324 5338 5326
f 5324 5339 5338
f 5312 5339 5324
f 5312 5310 5339
f 5340 5341 5342
f 5343 5341 5340
f 5344 5343 5340
f 5345 5343 5344
f 5346 5345 5344
f 5347 5345 5346
f 5348 5347 5346
f 5349 5347 5348
f 5350 5349 5348
f 5351 5349 5350
f 5352 5351 5350
f 5353 5351 5352
f 5354 5353 5352
f 5355 5353 5354
f 5356 5355 5354
f 5357 5355 5356
f 5358 5355 5357
f 5359 5358 5357
f 5360 5358 5359
f 5361 5360 5359
f 5362 5360 5361
f 5363 5362 5361
f 5343 5364 5341
f 5365 5364 5343
f 5345 5365 5343
f 5366 5365 5345
f 5347 5366 5345
f 5367 5366 5347
f 5349 5367 5347
f 5368 5367 5349
f 5351 5368 5349
f 5369 5368 5351
f 5353 5369 5351
f 5370 5369 5353
f 5355 5370 5353
f 5371 5370 5355
f 5372 5371 5355
f 5358 5372 5355
f 5362 5372 5358
f 5360 5362 5358
f 5373 5363 5361
f 5374 5363 5373
f 5375 5374 5373
f 5376 5374 5375
f 5377 5376 5375
f 5378 5376 5377
f 5379 5378 5377
f 5380 5378 5379
f 5381 5380 5379
f 5382 5380 5381
f 5383 5382 5381
f 5381 5384 5383
f 5379 5384 5381
f 5379 5385 5384
f 5377 5385 5379
f 5377 5386 5385
f 5375 5386 5377
f 5375 5387 5386
f 5373 5387 5375
f 5373 5388 5387
f 5361 5388 5373
f 5361 5359 5388
f 5389 5390 5391
f 5392 5390 5389
f 5393 5392 5389
f 5394 5392 5393
f 5395 5394 5393
f 5396 5394 5395
f 5397 5396 5395
f 5398 5396 5397
f 5399 5398 5397
f 5400 5398 5399
f 5401 5400 5399
f 5402 5400 5401
f 5403 5402 5401
f 5404 5402 5403
f 5405 5404 5403
f 5406 5404 5405
f 5407 5404 5406
f 5408 5407 5406
f 5409 5407 5408
f 5410 5409 5408
f 5411 5409 5410
f 5412 5411 5410
f 5392 5413 5390
f 5414 5413 5392
f 5394 5414 5392
f 5415 5414 5394
f 5396 5415 5394
f 5416 5415 5396
f 5398 5416 5396
f 5417 5416 5398
f 5400 5417 5398
f 5418 5417 5400
f 5402 5418 5400
f 5419 5418 5402
f 5404 5419 5402
f 5420 5419 5404
f 5421 5420 5404
f 5407 5421 5404
f 5411 5421 5407
f 5409 5411 5407
f 5422 5412 5410
f 5423 5412 5422
f 5424 5423 5422
f 5425 5423 5424
f 5426 5425 5424
f 5427 5425 5426
f 5428 5427 5426
f 5429 5427 5428
f 5430 5429 5428
f 5431 5429 5430
f 5432 5431 5430
f 5430 5433 5432
f 5428 5433 5430
f 5428 5434 5433
f 5426 5434 5428
f 5426 5435 5434
f 5424 5435 5426
f 5424 5436 5435
f 5422 5436 5424
f 5422 5437 5436
f 5410 5437 5422
f 5410 5408 5437
f 5438 5439 5440
f 5441 5439 5438
f 5442 5441 5438
f 5443 5441 5442
f 5444 5443 5442
f 5445 5443 5444
f 5446 5445 5444
f 5447 5445 5446
f 5448 5447 5446
f 5449 5447 5448
f 5450 5449 5448
f 5451 5449 5450
f 5452 5451 5450
f 5453 5451 5452
f 5454 5453 5452
f 5455 5453 5454
f 5456 5453 5455
f 5457 5456 5455
f 5458 5456 5457
f 5459 5458 5457
f 5460 5458 5459
f 5461 5460 5459
f 5441 5462 5439
f 5463 5462 5441
f 5443 5463 5441
f 5464 5463 5443
f 5445 5464 5443
f 5465 5464 5445
f 5447 5465 5445
f 5466 5465 5447
f 5449 5466 5447
f 5467 5466 5449
f 5451 5467 5449
f 5468 5467 5451
f 5453 5468 5451
f 5469 5468 5453
f 5470 5469 5453
f 5456 5470 5453
f 5460 5470 5456
f 5458 5460 5456
f 5471 5461 5459
f 5472 5461 5471
f 5473 5472 5471
f 5474 5472 5473
f 5475 5474 5473
f 5476 5474 5475
f 5477 5476 5475
f 5478 5476 5477
f 5479 5478 5477
f 5480 5478 5479
f 5481 5480 5479
f 5479 5482 5481
f 5477 5482 5479
f 5477 5483 5482
f 5475 5483 5477
f 5475 5484 5483
f 5473 5484 5475
f 5473 5485 5484
f 5471 5485 5473
f 5471 5486 5485
f 5459 5486 5471
f 5459 5457 5486
f 5487 5488 5489
f 5490 5488 5487
f 5491 5490 5487
f 5492 5490 5491
f 5493 5492 5491
f 5494 5492 5493
f 5495 5494 5493
f 5496 5494 5495
f 5497 5496 5495
f 5498 5496 5497
f 5499 5498 5497
f 5500 5498 5499
f 5501 5500 5499
f 5502 5500 5501
f 5503 5502 5501
f 5504 5502 5503
f 5505 5502 5504
f 5506 5505 5504
f 5507 5505 5506
f 5508 5507 5506
f 5509 5507 5508
f 5510 5509 5508
f 5490 5511 5488
f 5512 5511 5490
f 5492 5512 5490
f 5513 5512 5492
f 5494 5513 5492
f 5514 5513 5494
f 5496 5514 5494
f 5515 5514 5496
f 5498 5515 5496
f 5516 5515 5498
f 5500 5516 5498
f 5517 5516 5500
f 5502 5517 5500
f 5518 5517 5502
f 5519 5518 5502
f 5505 5519 5502
f 5509 5519 5505
f 5507 5509 5505
f 5520 5510 5508
f 5521 5510 5520
f 5522 5521 5520
f 5523 5521 5522
f 5524 5523 5522
f 5525 5523 5524
f 5526 5525 5524
f 5527 5525 5526
f 5528 5527 5526
f 5529 5527 5528
f 5530 5529 5528
f 5528 5531 5530
f 5526 5531 5528
f 5526 5532 5531
f 5524 5532 5526
f 5524 5533 5532
f 5522 5533 5524
f 5522 5534 5533
f 5520 5534 5522
f 5520 5535 5534
f 5508 5535 5520
f 5508 5506 5535
f 5536 5537 5538
f 5539 5537 5536
f 5540 5539 5536
f 5541 5539 5540
f 5542 5541 5540
f 5543 5541 5542
f 5544 5543 5542
f 5545 5543 5544
f 5546 5545 5544
f 5547 5545 5546
f 5548 5547 5546
f 5549 5547 5548
f 5550 5549 5548
f 5551 5549 5550
f 5552 5551 5550
f 5553 5551 5552
f 5554 5551 5553
f 5555 5554 5553
f 5556 5554 5555
f 5557 5556 5555
f 5558 5556 5557
f 5559 5558 5557
f 5539 5560 5537
f 5561 5560 5539
f 5541 5561 5539
f 5562 5561 5541
f 5543 5562 5541
f 5563 5562 5543
f 5545 5563 5543
f 5564 5563 5545
f 5547 5564 5545
f 5565 5564 5547
f 5549 5565 5547
f 5566 5565 5549
f 5551 5566 5549
f 5567 5566 5551
f 5568 5567 5551
f 5554 5568 5551
f 5558 5568 5554
f 5556 5558 5554
f 5569 5559 5557
f 5570 5559 5569
f 5571 5570 5569
f 5572 5570 5571
f 5573 5572 5571
f 5574 5572 5573
f 5575 5574 5573
f 5576 5574 5575
f 5577 5576 5575
f 5578 5576 5577
f 5579 5578 5577
f 5577 5580 5579
f 5575 5580 5577
f 5575 5581 5580
f 5573 5581 5575
f 5573 5582 5581
f 5571 5582 5573
f 5571 5583 5582
f 5569 5583 5571
f 5569 5584 5583
f 5557 5584 5569
f 5557 5555 5584
f 5585 5586 5587
f 5588 5586 5585
f 5589 5588 5585
f 5590 5588 5589
f 5591 5590 5589
f 5592 5590 5591
f 5593 5592 5591
f 5594 5592 5593
f 5595 5594 5593
f 5596 5594 5595
f 5597 5596 5595
f 5598 5596 5597
f 5599 5598 5597
f 5600 5598 5599
f 5601 5600 5599
f 5602 5600 5601
f 5603 5600 5602
f 5604 5603 5602
f 5605 5603 5604
f 5606 5605 5604
f 5607 5605 5606
f 5608 5607 5606
f 5588 5609 5586
f 5610 5609 5588
f 5590 5610 5588
f 5611 5610 5590
f 5592 5611 5590
f 5612 5611 5592
f 5594 5612 5592
f 5613 5612 5594
f 5596 5613 5594
f 5614 5613 5596
f 5598 5614 5596
f 5615 5614 5598
f 5600 5615 5598
f 5616 5615 5600
f 5617 5616 5600
f 5603 5617 5600
f 5607 5617 5603
f 5605 5607 5603
f 5618 5608 5606
f 5619 5608 5618
f 5620 5619 5618
f 5621 5619 5620
f 5622 5621 5620
f 5623 5621 5622
f 5624 5623 5622
f 5625 5623 5624
f 5626 5625 5624
f 5627 5625 5626
f 5628 5627 5626
f 5626 5629 5628
f 5624 5629 5626
f 5624 5630 5629
f 5622 5630 5624
f 5622 5631 5630
f 5620 5631 5622
f 5620 5632 5631
f 5618 5632 5620
f 5618 5633 5632
f 5606 5633 5618
f 5606 5604 5633
f 5634 5635 5636
f 5637 5635 5634
f 5638 5637 5634
f 5639 5637 5638
f 5640 5639 5638
f 5641 5639 5640
f 5642 5641 5640
f 5643 5641 5642
f 5644 5643 5642
f 5645 5643 5644
f 5646 5645 5644
f 5647 5645 5646
f 5648 5647 5646
f 5649 5647 5648
f 5650 5649 5648
f 5651 5649 5650
f 5652 5649 5651
f 5653 5652 5651
f 5654 5652 5653
f 5655 5654 5653
f 5656 5654 5655
f 5657 5656 5655
f 5637 5658 5635
f 5659 5658 5637
f 5639 5659 5637
f 5660 5659 5639
f 5641 5660 5639
f 5661 5660 5641
f 5643 5661 5641
f 5662 5661 5643
f 5645 5662 5643
f 5663 5662 5645
f 5647 5663 5645
f 5664 5663 5647
f 5649 5664 5647
f 5665 5664 5649
f 5666 5665 5649
f 5652 5666 5649
f 5656 5666 5652
f 5654 5656 5652
f 5667 5657 5655
f 5668 5657 5667
f 5669 5668 5667
f 5670 5668 5669
f 5671 5670 5669
f 5672 5670 5671
f 5673 5672 5671
f 5674 5672 5673
f 5675 5674 5673
f 5676 5674 5675
f 5677 5676 5675
f 5675 5678 5677
f 5673 5678 5675
f 5673 5679 5678
f 5671 5679 5673
f 5671 5680 5679
f 5669 5680 5671
f 5669 5681 5680
f 5667 5681 5669
f 5667 5682 5681
f 5655 5682 5667
f 5655 5653 5682
f 5683 5684 5685
f 5686 5684 5683
f 5687 5686 5683
f 5688 5686 5687
f 5689 5688 5687
f 5690 5688 5689
f 5691 5690 5689
f 5692 5690 5691
f 5693 5692 5691
f 5694 5692 5693
f 5695 5694 5693
f 5696 5694 5695
f 5697 5696 5695
f 5698 5696 5697
f 5699 5698 5697
f 5700 5698 5699
f 5701 5698 5700
f 5702 5701 5700
f 5703 5701 5702
f 5704 5703 5702
f 5705 5703 5704
f 5706 5705 5704
f 5686 5707 5684
f 5708 5707 5686
f 5688 5708 5686
f 5709 5708 5688
f 5690 5709 5688
f 5710 5709 5690
f 5692 5710 5690
f 5711 5710 5692
f 5694 5711 5692
f 5712 5711 5694
f 5696 5712 5694
f 5713 5712 5696
f 5698 5713 5696
f 5714 5713 5698
f 5715 5714 5698
f 5701 5715 5698
f 5705 5715 5701
f 5703 5705 5701
f 5716 5706 5704
f 5717 5706 5716
f 5718 5717 5716
f 5719 5717 5718
f 5720 5719 5718
f 5721 5719 5720
f 5722 5721 5720
f 5723 5721 5722
f 5724 5723 5722
f 5725 5723 5724
f 5726 5725 5724
f 5724 5727 5726
f 5722 5727 5724
f 5722 5728 5727
f 5720 5728 5722
f 5720 5729 5728
f 5718 5729 5720
f 5718 5730 5729
f 5716 5730 5718
f 5716 5731 5730
f 5704 5731 5716
f 5704 5702 5731
f 5732 5733 5734
f 5735 5733 5732
f 5736 5735 5732
f 5737 5735 5736
f 5738 5737 5736
f 5739 5737 5738
f 5740 5739 5738
f 5741 5739 5740
f 5742 5741 5740
f 5743 5741 5742
f 5744 5743 5742
f 5745 5743 5744
f 5746 5745 5744
f 5747 5745 5746
f 5748 5747 5746
f 5749 5747 5748
f 5750 5747 5749
f 5751 5750 5749
f 5752 5750 5751
f 5753 5750 5752
f 5754 5753 5752
f 5755 5753 5754
f 5756 5753 5755
f 5757 5756 5755
f 5758 5756 5757
f 5759 5758 5757
f 5760 5758 5759
f 5761 5758 5760
f 5762 5761 5760
f 5763 5761 5762
f 5764 5761 5763
f 5765 5764 5763
f 5766 5764 5765
f 5767 5766 5765
f 5768 5766 5767
f 5769 5766 5768
f 5770 5769 5768
f 5771 5769 5770
f 5772 5769 5771
f 5766 5769 5772
f 5773 5766 5772
f 5764 5766 5773
f 5774 5764 5773
f 5761 5764 5774
f 5775 5761 5774
f 5758 5761 5775
f 5776 5758 5775
f 5756 5758 5776
f 5777 5756 5776
f 5753 5756 5777
f 5750 5753 5777
f 5735 5778 5733
f 5779 5778 5735
f 5737 5779 5735
f 5780 5779 5737
f 5739 5780 5737
f 5781 5780 5739
f 5741 5781 5739
f 5782 5781 5741
f 5743 5782 5741
f 5783 5782 5743
f 5745 5783 5743
f 5784 5783 5745
f 5747 5784 5745
f 5785 5784 5747
f 5786 5785 5747
f 5750 5786 5747
f 5777 5786 5750
f 5787 5788 5789
f 5790 5788 5787
f 5791 5790 5787
f 5792 5790 5791
f 5793 5792 5791
f 5794 5792 5793
f 5795 5794 5793
f 5796 5794 5795
f 5797 5796 5795
f 5798 5796 5797
f 5799 5798 5797
f 5800 5798 5799
f 5801 5800 5799
f 5802 5800 5801
f 5803 5802 5801
f 5804 5802 5803
f 5805 5802 5804
f 5806 5805 5804
f 5807 5805 5806
f 5808 5807 5806
f 5809 5807 5808
f 5810 5809 5808
f 5790 5811 5788
f 5812 5811 5790
f 5792 5812 5790
f 5813 5812 5792
f 5794 5813 5792
f 5814 5813 5794
f 5796 5814 5794
f 5815 5814 5796
f 5798 5815 5796
f 5816 5815 5798
f 5800 5816 5798
f 5817 5816 5800
f 5802 5817 5800
f 5818 5817 5802
f 5819 5818 5802
f 5805 5819 5802
f 5809 5819 5805
f 5807 5809 5805
f 5820 5810 5808
f 5821 5810 5820
f 5822 5821 5820
f 5823 5821 5822
f 5824 5823 5822
f 5825 5823 5824
f 5826 5825 5824
f 5827 5825 5826
f 5828 5827 5826
f 5829 5827 5828
f 5830 5829 5828
f 5828 5831 5830
f 5826 5831 5828
f 5826 5832 5831
f 5824 5832 5826
f 5824 5833 5832
f 5822 5833 5824
f 5822 5834 5833
f 5820 5834 5822
f 5820 5835 5834
f 5808 5835 5820
f 5808 5806 5835
f 5836 5837 5838
f 5839 5837 5836
f 5840 5839 5836
f 5841 5839 5840
f 5842 5841 5840
f 5843 5841 5842
f 5844 5843 5842
f 5845 5843 5844
f 5846 5845 5844
f 5847 5845 5846
f 5848 5847 5846
f 5849 5847 5848
f 5850 5849 5848
f 5851 5849 5850
f 5852 5851 5850
f 5853 5851 5852
f 5854 5851 5853
f 5855 5854 5853
f 5856 5854 5855
f 5857 5854 5856
f 5858 5857 5856
f 5859 5857 5858
f 5860 5857 5859
f 5861 5860 5859
f 5862 5860 5861
f 5863 5862 5861
f 5864 5862 5863
f 5865 5862 5864
f 5866 5865 5864
f 5867 5865 5866
f 5868 5867 5866
f 5869 5867 5868
f 5870 5869 5868
f 5871 5869 5870
f 5872 5871 5870
f 5873 5871 5872
f 5874 5873 5872
f 5875 5873 5874
f 5876 5873 5875
f 5871 5873 5876
f 5877 5871 5876
f 5869 5871 5877
f 5878 5869 5877
f 5867 5869 5878
f 5879 5867 5878
f 5865 5867 5879
f 5880 5865 5879
f 5862 5865 5880
f 5860 5862 5880
f 5839 5881 5837
f 5882 5881 5839
f 5841 5882 5839
f 5883 5882 5841
f 5843 5883 5841
f 5884 5883 5843
f 5845 5884 5843
f 5885 5884 5845
f 5847 5885 5845
f 5849 5885 5847
f 5861 5859 5863
f 5886 5887 5888
f 5889 5887 5886
f 5890 5889 5886
f 5891 5889 5890
f 5892 5891 5890
f 5893 5891 5892
f 5894 5893 5892
f 5895 5893 5894
f 5896 5895 5894
f 5897 5895 5896
f 5898 5897 5896
f 5899 5897 5898
f 5900 5899 5898
f 5901 5899 5900
f 5902 5901 5900
f 5903 5901 5902
f 5904 5901 5903
f 5905 5904 5903
f 5906 5904 5905
f 5907 5906 5905
f 5908 5906 5907
f 5909 5908 5907
f 5889 5910 5887
f 5911 5910 5889
f 5891 5911 5889
f 5912 5911 5891
f 5893 5912 5891
f 5913 5912 5893
f 5895 5913 5893
f 5914 5913 5895
f 5897 5914 5895
f 5915 5914 5897
f 5899 5915 5897
f 5916 5915 5899
f 5901 5916 5899
f 5917 5916 5901
f 5918 5917 5901
f 5904 5918 5901
f 5908 5918 5904
f 5906 5908 5904
f 5919 5909 5907
f 5920 5909 5919
f 5921 5920 5919
f 5922 5920 5921
f 5923 5922 5921
f 5924 5922 5923
f 5925 5924 5923
f 5926 5924 5925
f 5927 5926 5925
f 5928 5926 5927
f 5929 5928 5927
f 5927 5930 5929
f 5925 5930 5927
f 5925 5931 5930
f 5923 5931 5925
f 5923 5932 5931
f 5921 5932 5923
f 5921 5933 5932
f 5919 5933 5921
f 5919 5934 5933
f 5907 5934 5919
f 5907 5905 5934
f 5910 5342 5887
f 5935 5342 5910
f 5911 5935 5910
f 5936 5935 5911
f 5912 5936 5911
f 5937 5936 5912
f 5913 5937 5912
f 5938 5937 5913
f 5914 5938 5913
f 5939 5938 5914
f 5915 5939 5914
f 5940 5939 5915
f 5916 5940 5915
f 5941 5940 5916
f 5917 5941 5916
f 5918 5941 5917
f 5942 5941 5918
f 5908 5942 5918
f 5943 5942 5908
f 5909 5943 5908
f 5920 5943 5909
f 5944 5943 5920
f 5922 5944 5920
f 5945 5944 5922
f 5924 5945 5922
f 5926 5945 5924
f 5928 5945 5926
f 5384 5945 5928
f 5383 5384 5928
f 5935 5340 5342
f 5344 5340 5935
f 5936 5344 5935
f 5346 5344 5936
f 5937 5346 5936
f 5348 5346 5937
f 5938 5348 5937
f 5350 5348 5938
f 5939 5350 5938
f 5352 5350 5939
f 5940 5352 5939
f 5354 5352 5940
f 5941 5354 5940
f 5356 5354 5941
f 5357 5356 5941
f 5942 5357 5941
f 5359 5357 5942
f 5943 5359 5942
f 5388 5359 5943
f 5387 5388 5943
f 5944 5387 5943
f 5386 5387 5944
f 5945 5386 5944
f 5385 5386 5945
f 5384 5385 5945
f 5946 5947 5948
f 5949 5947 5946
f 5950 5949 5946
f 5951 5949 5950
f 5952 5951 5950
f 5953 5951 5952
f 5954 5953 5952
f 5955 5953 5954
f 5956 5955 5954
f 5957 5955 5956
f 5958 5957 5956
f 5959 5957 5958
f 5960 5959 5958
f 5961 5959 5960
f 5962 5961 5960
f 5963 5961 5962
f 5964 5961 5963
f 5965 5964 5963
f 5966 5964 5965
f 5967 5966 5965
f 5968 5966 5967
f 5969 5968 5967
f 5949 5970 5947
f 5971 5970 5949
f 5951 5971 5949
f 5972 5971 5951
f 5953 5972 5951
f 5973 5972 5953
f 5955 5973 5953
f 5974 5973 5955
f 5975 5974 5955
f 5957 5975 5955
f 5976 5975 5957
f 5959 5976 5957
f 5977 5976 5959
f 5961 5977 5959
f 5978 5977 5961
f 5964 5978 5961
f 5979 5978 5964
f 5980 5979 5964
f 5966 5980 5964
f 5968 5980 5966
f 5981 5969 5967
f 5982 5969 5981
f 5983 5982 5981
f 5984 5982 5983
f 5985 5984 5983
f 5986 5984 5985
f 5987 5986 5985
f 5988 5986 5987
f 5989 5988 5987
f 5990 5988 5989
f 5991 5990 5989
f 5989 5992 5991
f 5987 5992 5989
f 5987 5993 5992
f 5985 5993 5987
f 5985 5994 5993
f 5983 5994 5985
f 5983 5995 5994
f 5981 5995 5983
f 5981 5996 5995
f 5967 5996 5981
f 5967 5965 5996
f 5997 5998 5999
f 6000 5998 5997
f 6001 6000 5997
f 6002 6000 6001
f 6003 6002 6001
f 6004 6002 6003
f 6005 6004 6003
f 6006 6004 6005
f 6007 6006 6005
f 6008 6006 6007
f 6009 6008 6007
f 6010 6008 6009
f 6011 6010 6009
f 6012 6010 6011
f 6013 6012 6011
f 6014 6012 6013
f 6015 6012 6014
f 6016 6015 6014
f 6017 6015 6016
f 6018 6017 6016
f 6019 6017 6018
f 6020 6019 6018
f 6000 6021 5998
f 6022 6021 6000
f 6002 6022 6000
f 6023 6022 6002
f 6004 6023 6002
f 6024 6023 6004
f 6006 6024 6004
f 6025 6024 6006
f 6026 6025 6006
f 6008 6026 6006
f 6027 6026 6008
f 6010 6027 6008
f 6028 6027 6010
f 6012 6028 6010
f 6029 6028 6012
f 6015 6029 6012
f 6030 6029 6015
f 6031 6030 6015
f 6017 6031 6015
f 6019 6031 6017
f 6032 6020 6018
f 6033 6020 6032
f 6034 6033 6032
f 6035 6033 6034
f 6036 6035 6034
f 6037 6035 6036
f 6038 6037 6036
f 6039 6037 6038
f 6040 6039 6038
f 6041 6039 6040
f 6042 6041 6040
f 6040 6043 6042
f 6038 6043 6040
f 6038 6044 6043
f 6036 6044 6038
f 6036 6045 6044
f 6034 6045 6036
f 6034 6046 6045
f 6032 6046 6034
f 6032 6047 6046
f 6018 6047 6032
f 6018 6016 6047
f 6048 6049 6050
f 6051 6049 6048
f 6052 6051 6048
f 6053 6051 6052
f 6054 6053 6052
f 6055 6053 6054
f 6056 6055 6054
f 6057 6055 6056
f 6058 6057 6056
f 6059 6057 6058
f 6060 6059 6058
f 6061 6059 6060
f 6062 6061 6060
f 6063 6061 6062
f 6064 6063 6062
f 6065 6063 6064
f 6066 6063 6065
f 6067 6066 6065
f 6068 6066 6067
f 6069 6068 6067
f 6051 6070 6049
f 6071 6070 6051
f 6053 6071 6051
f 6072 6071 6053
f 6055 6072 6053
f 6073 6072 6055
f 6057 6073 6055
f 6074 6073 6057
f 6075 6074 6057
f 6059 6075 6057
f 6076 6075 6059
f 6061 6076 6059
f 6077 6076 6061
f 6063 6077 6061
f 6078 6077 6063
f 6066 6078 6063
f 6079 6078 6066
f 6068 6079 6066
f 6080 6069 6067
f 6081 6069 6080
f 6082 6081 6080
f 6083 6081 6082
f 6084 6083 6082
f 6085 6083 6084
f 6086 6085 6084
f 6087 6085 6086
f 6088 6087 6086
f 6089 6087 6088
f 6090 6089 6088
f 6091 6089 6090
f 6092 6091 6090
f 6090 6093 6092
f 6088 6093 6090
f 6088 6094 6093
f 6086 6094 6088
f 6086 6095 6094
f 6084 6095 6086
f 6084 6096 6095
f 6082 6096 6084
f 6082 6097 6096
f 6080 6097 6082
f 6080 6098 6097
f 6067 6098 6080
f 6067 6065 6098
f 6099 6100 6101
f 6102 6100 6099
f 6103 6102 6099
f 6104 6102 6103
f 6105 6104 6103
f 6106 6104 6105
f 6107 6106 6105
f 6108 6106 6107
f 6109 6108 6107
f 6110 6108 6109
f 6111 6110 6109
f 6112 6110 6111
f 6113 6112 6111
f 6114 6112 6113
f 6115 6114 6113
f 6116 6114 6115
f 6117 6114 6116
f 6118 6117 6116
f 6119 6117 6118
f 6120 6119 6118
f 6102 6121 6100
f 6122 6121 6102
f 6104 6122 6102
f 6123 6122 6104
f 6106 6123 6104
f 6124 6123 6106
f 6108 6124 6106
f 6125 6124 6108
f 6126 6125 6108
f 6110 6126 6108
f 6127 6126 6110
f 6112 6127 6110
f 6128 6127 6112
f 6114 6128 6112
f 6129 6128 6114
f 6117 6129 6114
f 6130 6129 6117
f 6119 6130 6117
f 6131 6120 6118
f 6132 6120 6131
f 6133 6132 6131
f 6134 6132 6133
f 6135 6134 6133
f 6136 6134 6135
f 6137 6136 6135
f 6138 6136 6137
f 6139 6138 6137
f 6140 6138 6139
f 6141 6140 6139
f 6142 6140 6141
f 6143 6142 6141
f 6141 6144 6143
f 6139 6144 6141
f 6139 6145 6144
f 6137 6145 6139
f 6137 6146 6145
f 6135 6146 6137
f 6135 6147 6146
f 6133 6147 6135
f 6133 6148 6147
f 6131 6148 6133
f 6131 6149 6148
f 6118 6149 6131
f 6118 6116 6149
f 6150 6151 6152
f 6153 6151 6150
f 6154 6153 6150
f 6150 6152 6154
f 6155 6152 6156
f 6154 6152 6155
f 6157 6154 6155
f 6155 6156 6157
f 6158 6156 6159
f 6157 6156 6158
f 6160 6157 6158
f 6158 6159 6160
f 6161 6159 6162
f 6160 6159 6161
f 6163 6160 6161
f 6161 6162 6163
f 6164 6162 6165
f 6163 6162 6164
f 6166 6163 6164
f 6164 6165 6166
f 6167 6165 6168
f 6166 6165 6167
f 6169 6166 6167
f 6167 6168 6169
f 6170 6168 6171
f 6169 6168 6170
f 6172 6169 6170
f 6170 6171 6172
f 6173 6171 6174
f 6172 6171 6173
f 6175 6172 6173
f 6173 6174 6175
f 6176 6174 6177
f 6175 6174 6176
f 6178 6175 6176
f 6176 6177 6178
f 6179 6177 6151
f 6178 6177 6179
f 6153 6178 6179
f 6179 6151 6153
f 6180 6181 6182
f 6183 6181 6180
f 6184 6183 6180
f 6180 6182 6184
f 6185 6183 6184
f 6186 6183 6185
f 6187 6186 6185
f 6185 6184 6187
f 6188 6186 6187
f 6189 6186 6188
f 6190 6189 6188
f 6188 6187 6190
f 6191 6189 6190
f 6181 6189 6191
f 6182 6181 6191
f 6191 6190 6182
f 6192 6193 6194
f 6195 6193 6192
f 6196 6195 6192
f 6192 6194 6196
f 6197 6195 6196
f 6198 6195 6197
f 6199 6198 6197
f 6197 6196 6199
f 6200 6198 6199
f 6201 6198 6200
f 6202 6201 6200
f 6200 6199 6202
f 6203 6201 6202
f 6193 6201 6203
f 6194 6193 6203
f 6203 6202 6194
f 6204 6205 6206
f 6207 6205 6204
f 6208 6207 6204
f 6204 6206 6208
f 6209 6207 6208
f 6210 6207 6209
f 6211 6210 6209
f 6209 6208 6211
f 6212 6210 6211
f 6213 6210 6212
f 6214 6213 6212
f 6212 6211 6214
f 6215 6213 6214
f 6205 6213 6215
f 6206 6205 6215
f 6215 6214 6206
f 6216 6217 6218
f 6219 6217 6216
f 6220 6219 6216
f 6216 6218 6220
f 6221 6219 6220
f 6222 6219 6221
f 6223 6222 6221
f 6221 6220 6223
f 6224 6222 6223
f 6225 6222 6224
f 6226 6225 6224
f 6224 6223 6226
f 6227 6225 6226
f 6217 6225 6227
f 6218 6217 6227
f 6227 6226 6218
f 6228 6229 6230
f 6231 6229 6228
f 6232 6231 6228
f 6228 6230 6232
f 6233 6231 6232
f 6234 6231 6233
f 6235 6234 6233
f 6233 6232 6235
f 6236 6234 6235
f 6237 6234 6236
f 6238 6237 6236
f 6236 6235 6238
f 6239 6237 6238
f 6229 6237 6239
f 6230 6229 6239
f 6239 6238 6230
f 6240 6241 6242
f 6243 6241 6240
f 6244 6243 6240
f 6240 6242 6244
f 6245 6243 6244
f 6246 6243 6245
f 6247 6246 6245
f 6245 6244 6247
f 6248 6246 6247
f 6249 6246 6248
f 6250 6249 6248
f 6248 6247 6250
f 6251 6249 6250
f 6241 6249 6251
f 6242 6241 6251
f 6251 6250 6242
f 6252 6225 6217
f 6222 6225 6252
f 6219 6222 6252
f 6252 6217 6219
f 6253 6189 6181
f 6186 6189 6253
f 6183 6186 6253
f 6253 6181 6183
f 6254 6201 6193
f 6198 6201 6254
f 6195 6198 6254
f 6254 6193 6195
f 6255 6213 6205
f 6210 6213 6255
f 6207 6210 6255
f 6255 6205 6207
f 6256 6249 6241
f 6246 6249 6256
f 6243 6246 6256
f 6256 6241 6243
f 6257 6237 6229
f 6234 6237 6257
f 6231 6234 6257
f 6257 6229 6231
f 6153 6247 6178
f 6250 6247 6153
f 6157 6250 6153
f 6242 6250 6157
f 6238 6242 6157
f 6258 6242 6238
f 6235 6258 6238
f 6259 6258 6235
f 6232 6259 6235
f 6214 6259 6232
f 6226 6214 6232
f 6206 6214 6226
f 6223 6206 6226
f 6163 6206 6223
f 6160 6163 6223
f 6178 6169 6175
f 6190 6169 6178
f 6182 6190 6178
f 6169 6172 6175
f 6187 6169 6190
f 6166 6169 6187
f 6184 6166 6187
f 6260 6166 6184
f 6182 6260 6184
f 6202 6260 6182
f 6259 6202 6182
f 6194 6202 6259
f 6214 6194 6259
f 6211 6194 6214
f 6196 6194 6211
f 6163 6196 6211
f 6166 6196 6163
f 6199 6196 6166
f 6260 6199 6166
f 6202 6199 6260
f 6160 6238 6157
f 6230 6238 6160
f 6218 6230 6160
f 6226 6230 6218
f 6232 6230 6226
f 6153 6154 6157
f 6160 6220 6218
f 6223 6220 6160
f 6258 6244 6242
f 6259 6244 6258
f 6244 6178 6247
f 6182 6178 6244
f 6259 6182 6244
f 6163 6208 6206
f 6211 6208 6163
f 6261 6262 6263
f 6264 6262 6261
f 6265 6264 6261
f 6266 6264 6265
f 6267 6266 6265
f 6268 6266 6267
f 6269 6266 6268
f 6266 6270 6264
f 6271 6270 6266
f 6261 6267 6265
f 6272 6267 6261
f 6273 6272 6261
f 6274 6263 6275
f 6261 6263 6274
f 6276 6261 6274
f 6274 6277 6276
f 6275 6277 6274
f 6278 6277 6279
f 6276 6277 6278
f 6280 6276 6278
f 6280 6281 6282
f 6278 6281 6280
f 6278 6283 6281
f 6284 6283 6278
f 6285 6284 6278
f 6278 6286 6285
f 6279 6286 6278
f 6287 6276 6280
f 6261 6276 6287
f 6273 6261 6287
f 6287 6288 6273
f 6280 6288 6287
f 6289 6288 6290
f 6273 6288 6289
f 6272 6273 6289
f 6289 6291 6272
f 6292 6291 6289
f 6293 6292 6289
f 6289 6290 6293
f 6294 6272 6291
f 6267 6272 6294
f 6295 6267 6294
f 6294 6296 6295
f 6291 6296 6294
f 6296 6297 6295
f 6298 6297 6296
f 6299 6298 6296
f 6297 6300 6295
f 6301 6300 6297
f 6302 6301 6297
f 6297 6303 6302
f 6304 6303 6297
f 6305 6304 6297
f 6297 6298 6305
f 6306 6295 6300
f 6267 6295 6306
f 6268 6267 6306
f 6306 6307 6268
f 6300 6307 6306
f 6308 6309 6310
f 6262 6309 6308
f 6263 6262 6308
f 6308 6275 6263
f 6310 6275 6308
f 6311 6307 6312
f 6268 6307 6311
f 6269 6268 6311
f 6311 6313 6269
f 6312 6313 6311
f 6314 6269 6313
f 6266 6269 6314
f 6315 6266 6314
f 6314 6316 6315
f 6313 6316 6314
f 6317 6316 6318
f 6315 6316 6317
f 6319 6315 6317
f 6319 6320 6321
f 6317 6320 6319
f 6317 6322 6320
f 6323 6322 6317
f 6324 6323 6317
f 6317 6325 6324
f 6318 6325 6317
f 6326 6315 6319
f 6266 6315 6326
f 6271 6266 6326
f 6326 6327 6271
f 6319 6327 6326
f 6328 6327 6329
f 6271 6327 6328
f 6270 6271 6328
f 6328 6330 6270
f 6331 6330 6328
f 6332 6331 6328
f 6328 6329 6332
f 6333 6270 6330
f 6264 6270 6333
f 6334 6264 6333
f 6333 6335 6334
f 6330 6335 6333
f 6336 6335 6337
f 6334 6335 6336
f 6338 6334 6336
f 6338 6339 6340
f 6336 6339 6338
f 6336 6341 6339
f 6342 6341 6336
f 6343 6342 6336
f 6336 6344 6343
f 6337 6344 6336
f 6345 6334 6338
f 6264 6334 6345
f 6262 6264 6345
f 6345 6309 6262
f 6338 6309 6345
f 6346 6312 6307
f 6347 6312 6346
f 6348 6347 6346
f 6349 6347 6348
f 6350 6349 6348
f 6351 6349 6350
f 6352 6351 6350
f 6353 6351 6352
f 6354 6353 6352
f 6355 6353 6354
f 6356 6355 6354
f 6357 6355 6356
f 6358 6357 6356
f 6359 6357 6358
f 6360 6359 6358
f 6361 6359 6360
f 6358 6142 6360
f 6362 6142 6358
f 6363 6362 6358
f 6364 6362 6363
f 6365 6364 6363
f 6366 6364 6365
f 6367 6366 6365
f 6368 6366 6367
f 6369 6368 6367
f 6370 6368 6369
f 6371 6370 6369
f 6372 6370 6371
f 6373 6372 6371
f 6374 6372 6373
f 6375 6374 6373
f 6376 6374 6375
f 6377 6376 6375
f 6378 6376 6377
f 6281 6378 6377
f 6283 6378 6281
f 6379 6378 6283
f 6284 6379 6283
f 6380 6379 6284
f 6285 6380 6284
f 6381 6380 6285
f 6286 6381 6285
f 6279 6381 6286
f 6382 6381 6279
f 6275 6382 6279
f 6383 6382 6275
f 6310 6383 6275
f 6384 6383 6310
f 6385 6383 6384
f 6386 6385 6384
f 6387 6385 6386
f 6388 6387 6386
f 6389 6387 6388
f 6390 6389 6388
f 6391 6389 6390
f 6392 6391 6390
f 6393 6391 6392
f 6394 6393 6392
f 6395 6393 6394
f 6396 6395 6394
f 6123 6395 6396
f 6122 6123 6396
f 6362 6140 6142
f 6397 6140 6362
f 6364 6397 6362
f 6398 6397 6364
f 6366 6398 6364
f 6399 6398 6366
f 6368 6399 6366
f 6400 6399 6368
f 6370 6400 6368
f 6401 6400 6370
f 6372 6401 6370
f 6402 6401 6372
f 6374 6402 6372
f 6403 6402 6374
f 6376 6403 6374
f 6404 6403 6376
f 6378 6404 6376
f 6379 6404 6378
f 6397 6138 6140
f 6398 6138 6397
f 6398 6136 6138
f 6134 6136 6398
f 6399 6134 6398
f 6132 6134 6399
f 6405 6132 6399
f 6120 6132 6405
f 6406 6120 6405
f 6119 6120 6406
f 6407 6119 6406
f 6130 6119 6407
f 6129 6130 6407
f 6408 6129 6407
f 6128 6129 6408
f 6409 6128 6408
f 6127 6128 6409
f 6410 6127 6409
f 6126 6127 6410
f 6411 6126 6410
f 6125 6126 6411
f 6412 6125 6411
f 6124 6125 6412
f 6413 6124 6412
f 6123 6124 6413
f 6395 6123 6413
f 6279 6277 6275
f 6377 6282 6281
f 6288 6282 6377
f 6414 6288 6377
f 6290 6288 6414
f 6415 6290 6414
f 6293 6290 6415
f 6292 6293 6415
f 6288 6280 6282
f 6416 6292 6415
f 6291 6292 6416
f 6417 6291 6416
f 6299 6291 6417
f 6298 6299 6417
f 6299 6296 6291
f 6418 6298 6417
f 6305 6298 6418
f 6304 6305 6418
f 6419 6304 6418
f 6303 6304 6419
f 6302 6303 6419
f 6420 6302 6419
f 6301 6302 6420
f 6307 6301 6420
f 6300 6301 6307
f 6346 6307 6420
f 6356 6363 6358
f 6421 6363 6356
f 6354 6421 6356
f 6422 6421 6354
f 6352 6422 6354
f 6423 6422 6352
f 6350 6423 6352
f 6424 6423 6350
f 6348 6424 6350
f 6420 6424 6348
f 6346 6420 6348
f 6421 6365 6363
f 6425 6365 6421
f 6422 6425 6421
f 6426 6425 6422
f 6423 6426 6422
f 6427 6426 6423
f 6424 6427 6423
f 6419 6427 6424
f 6420 6419 6424
f 6425 6367 6365
f 6428 6367 6425
f 6426 6428 6425
f 6429 6428 6426
f 6427 6429 6426
f 6430 6429 6427
f 6419 6430 6427
f 6418 6430 6419
f 6428 6369 6367
f 6431 6369 6428
f 6429 6431 6428
f 6432 6431 6429
f 6430 6432 6429
f 6433 6432 6430
f 6418 6433 6430
f 6417 6433 6418
f 6431 6371 6369
f 6434 6371 6431
f 6432 6434 6431
f 6435 6434 6432
f 6433 6435 6432
f 6416 6435 6433
f 6417 6416 6433
f 6400 6405 6399
f 6436 6405 6400
f 6401 6436 6400
f 6437 6436 6401
f 6402 6437 6401
f 6438 6437 6402
f 6403 6438 6402
f 6439 6438 6403
f 6404 6439 6403
f 6440 6439 6404
f 6379 6440 6404
f 6380 6440 6379
f 6434 6373 6371
f 6441 6373 6434
f 6435 6441 6434
f 6415 6441 6435
f 6416 6415 6435
f 6436 6406 6405
f 6442 6406 6436
f 6437 6442 6436
f 6443 6442 6437
f 6438 6443 6437
f 6444 6443 6438
f 6439 6444 6438
f 6445 6444 6439
f 6440 6445 6439
f 6446 6445 6440
f 6380 6446 6440
f 6381 6446 6380
f 6441 6415 6414
f 6375 6441 6414
f 6373 6441 6375
f 6442 6407 6406
f 6447 6407 6442
f 6443 6447 6442
f 6448 6447 6443
f 6444 6448 6443
f 6449 6448 6444
f 6445 6449 6444
f 6450 6449 6445
f 6446 6450 6445
f 6451 6450 6446
f 6381 6451 6446
f 6382 6451 6381
f 6375 6414 6377
f 6447 6408 6407
f 6452 6408 6447
f 6448 6452 6447
f 6453 6452 6448
f 6449 6453 6448
f 6454 6453 6449
f 6450 6454 6449
f 6455 6454 6450
f 6451 6455 6450
f 6456 6455 6451
f 6382 6456 6451
f 6383 6456 6382
f 6452 6409 6408
f 6457 6409 6452
f 6453 6457 6452
f 6458 6457 6453
f 6454 6458 6453
f 6459 6458 6454
f 6455 6459 6454
f 6460 6459 6455
f 6456 6460 6455
f 6385 6460 6456
f 6383 6385 6456
f 6457 6410 6409
f 6461 6410 6457
f 6458 6461 6457
f 6462 6461 6458
f 6459 6462 6458
f 6463 6462 6459
f 6460 6463 6459
f 6387 6463 6460
f 6385 6387 6460
f 6461 6411 6410
f 6464 6411 6461
f 6462 6464 6461
f 6465 6464 6462
f 6463 6465 6462
f 6389 6465 6463
f 6387 6389 6463
f 6464 6412 6411
f 6466 6412 6464
f 6465 6466 6464
f 6391 6466 6465
f 6389 6391 6465
f 6466 6413 6412
f 6393 6413 6466
f 6391 6393 6466
f 6413 6393 6395
f 6330 6337 6335
f 6467 6337 6330
f 6468 6467 6330
f 6469 6467 6468
f 6470 6469 6468
f 6471 6469 6470
f 6472 6471 6470
f 6473 6471 6472
f 6474 6473 6472
f 6475 6473 6474
f 6476 6475 6474
f 6477 6475 6476
f 6478 6477 6476
f 6479 6477 6478
f 6480 6479 6478
f 6481 6479 6480
f 6482 6481 6480
f 6467 6344 6337
f 6483 6344 6467
f 6469 6483 6467
f 6484 6483 6469
f 6471 6484 6469
f 6485 6484 6471
f 6473 6485 6471
f 6486 6485 6473
f 6475 6486 6473
f 6487 6486 6475
f 6477 6487 6475
f 6488 6487 6477
f 6479 6488 6477
f 6489 6488 6479
f 6490 6489 6479
f 6491 6489 6490
f 6492 6489 6491
f 6493 6489 6492
f 6494 6493 6492
f 6495 6493 6494
f 6100 6495 6494
f 6496 6495 6100
f 6121 6496 6100
f 6396 6496 6121
f 6122 6396 6121
f 6483 6343 6344
f 6342 6343 6483
f 6497 6342 6483
f 6341 6342 6497
f 6339 6341 6497
f 6498 6339 6497
f 6340 6339 6498
f 6309 6340 6498
f 6338 6340 6309
f 6499 6309 6498
f 6310 6309 6499
f 6384 6310 6499
f 6500 6384 6499
f 6386 6384 6500
f 6501 6386 6500
f 6388 6386 6501
f 6502 6388 6501
f 6390 6388 6502
f 6503 6390 6502
f 6392 6390 6503
f 6504 6392 6503
f 6394 6392 6504
f 6496 6394 6504
f 6396 6394 6496
f 6479 6481 6490
f 6505 6482 6480
f 6506 6482 6505
f 6507 6506 6505
f 6508 6506 6507
f 6509 6508 6507
f 6510 6509 6507
f 6511 6509 6510
f 6512 6511 6510
f 6513 6511 6512
f 6514 6513 6512
f 6515 6513 6514
f 6516 6515 6514
f 6517 6515 6516
f 6518 6517 6516
f 6519 6517 6518
f 6520 6519 6518
f 6521 6519 6520
f 6522 6521 6520
f 6359 6521 6522
f 6357 6359 6522
f 6359 6361 6521
f 6523 6357 6522
f 6355 6357 6523
f 6524 6355 6523
f 6353 6355 6524
f 6525 6353 6524
f 6351 6353 6525
f 6526 6351 6525
f 6349 6351 6526
f 6527 6349 6526
f 6347 6349 6527
f 6528 6347 6527
f 6312 6347 6528
f 6313 6312 6528
f 6313 6318 6316
f 6529 6318 6313
f 6528 6529 6313
f 6530 6529 6528
f 6527 6530 6528
f 6531 6530 6527
f 6526 6531 6527
f 6532 6531 6526
f 6525 6532 6526
f 6533 6532 6525
f 6524 6533 6525
f 6534 6533 6524
f 6523 6534 6524
f 6520 6534 6523
f 6522 6520 6523
f 6535 6318 6529
f 6325 6318 6535
f 6324 6325 6535
f 6536 6324 6535
f 6323 6324 6536
f 6537 6323 6536
f 6322 6323 6537
f 6538 6322 6537
f 6320 6322 6538
f 6539 6320 6538
f 6321 6320 6539
f 6327 6321 6539
f 6319 6321 6327
f 6540 6327 6539
f 6329 6327 6540
f 6541 6329 6540
f 6332 6329 6541
f 6331 6332 6541
f 6468 6331 6541
f 6330 6331 6468
f 6542 6480 6478
f 6505 6480 6542
f 6543 6505 6542
f 6507 6505 6543
f 6544 6507 6543
f 6510 6507 6544
f 6545 6510 6544
f 6512 6510 6545
f 6546 6512 6545
f 6514 6512 6546
f 6547 6514 6546
f 6516 6514 6547
f 6548 6516 6547
f 6518 6516 6548
f 6534 6518 6548
f 6520 6518 6534
f 6549 6478 6476
f 6542 6478 6549
f 6550 6542 6549
f 6543 6542 6550
f 6551 6543 6550
f 6544 6543 6551
f 6552 6544 6551
f 6545 6544 6552
f 6553 6545 6552
f 6546 6545 6553
f 6554 6546 6553
f 6547 6546 6554
f 6555 6547 6554
f 6548 6547 6555
f 6533 6548 6555
f 6534 6548 6533
f 6556 6476 6474
f 6549 6476 6556
f 6557 6549 6556
f 6550 6549 6557
f 6558 6550 6557
f 6551 6550 6558
f 6559 6551 6558
f 6552 6551 6559
f 6560 6552 6559
f 6553 6552 6560
f 6561 6553 6560
f 6554 6553 6561
f 6562 6554 6561
f 6555 6554 6562
f 6532 6555 6562
f 6533 6555 6532
f 6563 6474 6472
f 6556 6474 6563
f 6564 6556 6563
f 6557 6556 6564
f 6565 6557 6564
f 6558 6557 6565
f 6566 6558 6565
f 6559 6558 6566
f 6567 6559 6566
f 6560 6559 6567
f 6568 6560 6567
f 6561 6560 6568
f 6569 6561 6568
f 6562 6561 6569
f 6531 6562 6569
f 6532 6562 6531
f 6470 6468 6541
f 6570 6472 6470
f 6563 6472 6570
f 6571 6563 6570
f 6564 6563 6571
f 6572 6564 6571
f 6565 6564 6572
f 6573 6565 6572
f 6566 6565 6573
f 6574 6566 6573
f 6567 6566 6574
f 6575 6567 6574
f 6568 6567 6575
f 6576 6568 6575
f 6569 6568 6576
f 6530 6569 6576
f 6531 6569 6530
f 6484 6497 6483
f 6577 6497 6484
f 6485 6577 6484
f 6578 6577 6485
f 6486 6578 6485
f 6579 6578 6486
f 6487 6579 6486
f 6580 6579 6487
f 6488 6580 6487
f 6581 6580 6488
f 6489 6581 6488
f 6493 6581 6489
f 6582 6497 6577
f 6498 6497 6582
f 6500 6498 6582
f 6499 6498 6500
f 6583 6577 6578
f 6582 6577 6583
f 6501 6582 6583
f 6500 6582 6501
f 6584 6578 6579
f 6583 6578 6584
f 6502 6583 6584
f 6501 6583 6502
f 6585 6579 6580
f 6584 6579 6585
f 6503 6584 6585
f 6502 6584 6503
f 6581 6493 6495
f 6586 6580 6581
f 6585 6580 6586
f 6504 6585 6586
f 6503 6585 6504
f 6586 6495 6496
f 6581 6495 6586
f 6504 6586 6496
f 6570 6541 6540
f 6470 6541 6570
f 6571 6570 6540
f 6571 6540 6539
f 6572 6571 6539
f 6572 6539 6538
f 6573 6572 6538
f 6573 6538 6537
f 6574 6573 6537
f 6574 6537 6536
f 6575 6574 6536
f 6575 6536 6535
f 6576 6575 6535
f 6576 6535 6529
f 6530 6576 6529
f 6587 6100 6494
f 6101 6100 6587
f 6588 6101 6587
f 6589 6588 6587
f 6590 6588 6589
f 6591 6590 6589
f 6592 6590 6591
f 6593 6592 6591
f 6594 6592 6593
f 6595 6594 6593
f 6596 6594 6595
f 6597 6596 6595
f 6598 6596 6597
f 6599 6598 6597
f 6600 6598 6599
f 6601 6600 6599
f 6602 6600 6601
f 6603 6602 6601
f 6604 6603 6601
f 6605 6603 6604
f 6606 6605 6604
f 6607 6605 6606
f 6608 6607 6606
f 6609 6607 6608
f 6610 6609 6608
f 6611 6609 6610
f 6612 6611 6610
f 6613 6612 6610
f 6614 6612 6613
f 6615 6614 6613
f 6616 6614 6615
f 6617 6616 6615
f 6618 6616 6617
f 6142 6618 6617
f 6143 6618 6142
f 6617 6360 6142
f 6361 6360 6617
f 6615 6361 6617
f 6521 6361 6615
f 6613 6521 6615
f 6519 6521 6613
f 6610 6519 6613
f 6517 6519 6610
f 6515 6517 6610
f 6608 6515 6610
f 6513 6515 6608
f 6606 6513 6608
f 6511 6513 6606
f 6604 6511 6606
f 6509 6511 6604
f 6601 6509 6604
f 6508 6509 6601
f 6506 6508 6601
f 6599 6506 6601
f 6482 6506 6599
f 6597 6482 6599
f 6481 6482 6597
f 6595 6481 6597
f 6490 6481 6595
f 6593 6490 6595
f 6491 6490 6593
f 6591 6491 6593
f 6492 6491 6591
f 6589 6492 6591
f 6494 6492 6589
f 6587 6494 6589
f 6619 6620 6621
f 6622 6620 6619
f 6623 6622 6619
f 6624 6622 6623
f 6625 6624 6623
f 6626 6624 6625
f 6627 6624 6626
f 6624 6628 6622
f 6629 6628 6624
f 6619 6625 6623
f 6630 6625 6619
f 6631 6630 6619
f 6632 6621 6633
f 6619 6621 6632
f 6634 6619 6632
f 6632 6635 6634
f 6633 6635 6632
f 6636 6635 6637
f 6634 6635 6636
f 6638 6634 6636
f 6638 6639 6640
f 6636 6639 6638
f 6636 6641 6639
f 6642 6641 6636
f 6643 6642 6636
f 6636 6644 6643
f 6637 6644 6636
f 6645 6634 6638
f 6619 6634 6645
f 6631 6619 6645
f 6645 6646 6631
f 6638 6646 6645
f 6647 6646 6648
f 6631 6646 6647
f 6630 6631 6647
f 6647 6649 6630
f 6650 6649 6647
f 6651 6650 6647
f 6647 6648 6651
f 6652 6630 6649
f 6625 6630 6652
f 6653 6625 6652
f 6652 6654 6653
f 6649 6654 6652
f 6654 6655 6653
f 6656 6655 6654
f 6657 6656 6654
f 6655 6658 6653
f 6659 6658 6655
f 6660 6659 6655
f 6655 6661 6660
f 6662 6661 6655
f 6663 6662 6655
f 6655 6656 6663
f 6664 6653 6658
f 6625 6653 6664
f 6626 6625 6664
f 6664 6665 6626
f 6658 6665 6664
f 6666 6667 6668
f 6620 6667 6666
f 6621 6620 6666
f 6666 6633 6621
f 6668 6633 6666
f 6669 6665 6670
f 6626 6665 6669
f 6627 6626 6669
f 6669 6671 6627
f 6670 6671 6669
f 6672 6627 6671
f 6624 6627 6672
f 6673 6624 6672
f 6672 6674 6673
f 6671 6674 6672
f 6675 6674 6676
f 6673 6674 6675
f 6677 6673 6675
f 6677 6678 6679
f 6675 6678 6677
f 6675 6680 6678
f 6681 6680 6675
f 6682 6681 6675
f 6675 6683 6682
f 6676 6683 6675
f 6684 6673 6677
f 6624 6673 6684
f 6629 6624 6684
f 6684 6685 6629
f 6677 6685 6684
f 6686 6685 6687
f 6629 6685 6686
f 6628 6629 6686
f 6686 6688 6628
f 6689 6688 6686
f 6690 6689 6686
f 6686 6687 6690
f 6691 6628 6688
f 6622 6628 6691
f 6692 6622 6691
f 6691 6693 6692
f 6688 6693 6691
f 6694 6693 6695
f 6692 6693 6694
f 6696 6692 6694
f 6696 6697 6698
f 6694 6697 6696
f 6694 6699 6697
f 6700 6699 6694
f 6701 6700 6694
f 6694 6702 6701
f 6695 6702 6694
f 6703 6692 6696
f 6622 6692 6703
f 6620 6622 6703
f 6703 6667 6620
f 6696 6667 6703
f 6704 6670 6665
f 6705 6670 6704
f 6706 6705 6704
f 6707 6705 6706
f 6708 6707 6706
f 6709 6707 6708
f 6710 6709 6708
f 6711 6709 6710
f 6712 6711 6710
f 6713 6711 6712
f 6714 6713 6712
f 6715 6713 6714
f 6716 6715 6714
f 6717 6715 6716
f 6718 6717 6716
f 6719 6717 6718
f 6716 6091 6718
f 6720 6091 6716
f 6721 6720 6716
f 6722 6720 6721
f 6723 6722 6721
f 6724 6722 6723
f 6725 6724 6723
f 6726 6724 6725
f 6727 6726 6725
f 6728 6726 6727
f 6729 6728 6727
f 6730 6728 6729
f 6731 6730 6729
f 6732 6730 6731
f 6733 6732 6731
f 6734 6732 6733
f 6735 6734 6733
f 6736 6734 6735
f 6639 6736 6735
f 6641 6736 6639
f 6737 6736 6641
f 6642 6737 6641
f 6738 6737 6642
f 6643 6738 6642
f 6739 6738 6643
f 6644 6739 6643
f 6637 6739 6644
f 6740 6739 6637
f 6633 6740 6637
f 6741 6740 6633
f 6668 6741 6633
f 6742 6741 6668
f 6743 6741 6742
f 6744 6743 6742
f 6745 6743 6744
f 6746 6745 6744
f 6747 6745 6746
f 6748 6747 6746
f 6749 6747 6748
f 6750 6749 6748
f 6751 6749 6750
f 6752 6751 6750
f 6753 6751 6752
f 6754 6753 6752
f 6072 6753 6754
f 6071 6072 6754
f 6720 6089 6091
f 6755 6089 6720
f 6722 6755 6720
f 6756 6755 6722
f 6724 6756 6722
f 6757 6756 6724
f 6726 6757 6724
f 6758 6757 6726
f 6728 6758 6726
f 6759 6758 6728
f 6730 6759 6728
f 6760 6759 6730
f 6732 6760 6730
f 6761 6760 6732
f 6734 6761 6732
f 6762 6761 6734
f 6736 6762 6734
f 6737 6762 6736
f 6755 6087 6089
f 6756 6087 6755
f 6756 6085 6087
f 6083 6085 6756
f 6757 6083 6756
f 6081 6083 6757
f 6763 6081 6757
f 6069 6081 6763
f 6764 6069 6763
f 6068 6069 6764
f 6765 6068 6764
f 6079 6068 6765
f 6078 6079 6765
f 6766 6078 6765
f 6077 6078 6766
f 6767 6077 6766
f 6076 6077 6767
f 6768 6076 6767
f 6075 6076 6768
f 6769 6075 6768
f 6074 6075 6769
f 6770 6074 6769
f 6073 6074 6770
f 6771 6073 6770
f 6072 6073 6771
f 6753 6072 6771
f 6637 6635 6633
f 6735 6640 6639
f 6646 6640 6735
f 6772 6646 6735
f 6648 6646 6772
f 6773 6648 6772
f 6651 6648 6773
f 6650 6651 6773
f 6646 6638 6640
f 6774 6650 6773
f 6649 6650 6774
f 6775 6649 6774
f 6657 6649 6775
f 6656 6657 6775
f 6657 6654 6649
f 6776 6656 6775
f 6663 6656 6776
f 6662 6663 6776
f 6777 6662 6776
f 6661 6662 6777
f 6660 6661 6777
f 6778 6660 6777
f 6659 6660 6778
f 6665 6659 6778
f 6658 6659 6665
f 6704 6665 6778
f 6714 6721 6716
f 6779 6721 6714
f 6712 6779 6714
f 6780 6779 6712
f 6710 6780 6712
f 6781 6780 6710
f 6708 6781 6710
f 6782 6781 6708
f 6706 6782 6708
f 6778 6782 6706
f 6704 6778 6706
f 6779 6723 6721
f 6783 6723 6779
f 6780 6783 6779
f 6784 6783 6780
f 6781 6784 6780
f 6785 6784 6781
f 6782 6785 6781
f 6777 6785 6782
f 6778 6777 6782
f 6783 6725 6723
f 6786 6725 6783
f 6784 6786 6783
f 6787 6786 6784
f 6785 6787 6784
f 6788 6787 6785
f 6777 6788 6785
f 6776 6788 6777
f 6786 6727 6725
f 6789 6727 6786
f 6787 6789 6786
f 6790 6789 6787
f 6788 6790 6787
f 6791 6790 6788
f 6776 6791 6788
f 6775 6791 6776
f 6789 6729 6727
f 6792 6729 6789
f 6790 6792 6789
f 6793 6792 6790
f 6791 6793 6790
f 6774 6793 6791
f 6775 6774 6791
f 6758 6763 6757
f 6794 6763 6758
f 6759 6794 6758
f 6795 6794 6759
f 6760 6795 6759
f 6796 6795 6760
f 6761 6796 6760
f 6797 6796 6761
f 6762 6797 6761
f 6798 6797 6762
f 6737 6798 6762
f 6738 6798 6737
f 6792 6731 6729
f 6799 6731 6792
f 6793 6799 6792
f 6773 6799 6793
f 6774 6773 6793
f 6794 6764 6763
f 6800 6764 6794
f 6795 6800 6794
f 6801 6800 6795
f 6796 6801 6795
f 6802 6801 6796
f 6797 6802 6796
f 6803 6802 6797
f 6798 6803 6797
f 6804 6803 6798
f 6738 6804 6798
f 6739 6804 6738
f 6799 6773 6772
f 6733 6799 6772
f 6731 6799 6733
f 6800 6765 6764
f 6805 6765 6800
f 6801 6805 6800
f 6806 6805 6801
f 6802 6806 6801
f 6807 6806 6802
f 6803 6807 6802
f 6808 6807 6803
f 6804 6808 6803
f 6809 6808 6804
f 6739 6809 6804
f 6740 6809 6739
f 6733 6772 6735
f 6805 6766 6765
f 6810 6766 6805
f 6806 6810 6805
f 6811 6810 6806
f 6807 6811 6806
f 6812 6811 6807
f 6808 6812 6807
f 6813 6812 6808
f 6809 6813 6808
f 6814 6813 6809
f 6740 6814 6809
f 6741 6814 6740
f 6810 6767 6766
f 6815 6767 6810
f 6811 6815 6810
f 6816 6815 6811
f 6812 6816 6811
f 6817 6816 6812
f 6813 6817 6812
f 6818 6817 6813
f 6814 6818 6813
f 6743 6818 6814
f 6741 6743 6814
f 6815 6768 6767
f 6819 6768 6815
f 6816 6819 6815
f 6820 6819 6816
f 6817 6820 6816
f 6821 6820 6817
f 6818 6821 6817
f 6745 6821 6818
f 6743 6745 6818
f 6819 6769 6768
f 6822 6769 6819
f 6820 6822 6819
f 6823 6822 6820
f 6821 6823 6820
f 6747 6823 6821
f 6745 6747 6821
f 6822 6770 6769
f 6824 6770 6822
f 6823 6824 6822
f 6749 6824 6823
f 6747 6749 6823
f 6824 6771 6770
f 6751 6771 6824
f 6749 6751 6824
f 6771 6751 6753
f 6688 6695 6693
f 6825 6695 6688
f 6826 6825 6688
f 6827 6825 6826
f 6828 6827 6826
f 6829 6827 6828
f 6830 6829 6828
f 6831 6829 6830
f 6832 6831 6830
f 6833 6831 6832
f 6834 6833 6832
f 6835 6833 6834
f 6836 6835 6834
f 6837 6835 6836
f 6838 6837 6836
f 6839 6837 6838
f 6840 6839 6838
f 6825 6702 6695
f 6841 6702 6825
f 6827 6841 6825
f 6842 6841 6827
f 6829 6842 6827
f 6843 6842 6829
f 6831 6843 6829
f 6844 6843 6831
f 6833 6844 6831
f 6845 6844 6833
f 6835 6845 6833
f 6846 6845 6835
f 6837 6846 6835
f 6847 6846 6837
f 6848 6847 6837
f 6849 6847 6848
f 6850 6847 6849
f 6851 6847 6850
f 6852 6851 6850
f 6853 6851 6852
f 6049 6853 6852
f 6854 6853 6049
f 6070 6854 6049
f 6754 6854 6070
f 6071 6754 6070
f 6841 6701 6702
f 6700 6701 6841
f 6855 6700 6841
f 6699 6700 6855
f 6697 6699 6855
f 6856 6697 6855
f 6698 6697 6856
f 6667 6698 6856
f 6696 6698 6667
f 6857 6667 6856
f 6668 6667 6857
f 6742 6668 6857
f 6858 6742 6857
f 6744 6742 6858
f 6859 6744 6858
f 6746 6744 6859
f 6860 6746 6859
f 6748 6746 6860
f 6861 6748 6860
f 6750 6748 6861
f 6862 6750 6861
f 6752 6750 6862
f 6854 6752 6862
f 6754 6752 6854
f 6837 6839 6848
f 6863 6840 6838
f 6864 6840 6863
f 6865 6864 6863
f 6866 6864 6865
f 6867 6866 6865
f 6868 6867 6865
f 6869 6867 6868
f 6870 6869 6868
f 6871 6869 6870
f 6872 6871 6870
f 6873 6871 6872
f 6874 6873 6872
f 6875 6873 6874
f 6876 6875 6874
f 6877 6875 6876
f 6878 6877 6876
f 6879 6877 6878
f 6880 6879 6878
f 6717 6879 6880
f 6715 6717 6880
f 6717 6719 6879
f 6881 6715 6880
f 6713 6715 6881
f 6882 6713 6881
f 6711 6713 6882
f 6883 6711 6882
f 6709 6711 6883
f 6884 6709 6883
f 6707 6709 6884
f 6885 6707 6884
f 6705 6707 6885
f 6886 6705 6885
f 6670 6705 6886
f 6671 6670 6886
f 6671 6676 6674
f 6887 6676 6671
f 6886 6887 6671
f 6888 6887 6886
f 6885 6888 6886
f 6889 6888 6885
f 6884 6889 6885
f 6890 6889 6884
f 6883 6890 6884
f 6891 6890 6883
f 6882 6891 6883
f 6892 6891 6882
f 6881 6892 6882
f 6878 6892 6881
f 6880 6878 6881
f 6893 6676 6887
f 6683 6676 6893
f 6682 6683 6893
f 6894 6682 6893
f 6681 6682 6894
f 6895 6681 6894
f 6680 6681 6895
f 6896 6680 6895
f 6678 6680 6896
f 6897 6678 6896
f 6679 6678 6897
f 6685 6679 6897
f 6677 6679 6685
f 6898 6685 6897
f 6687 6685 6898
f 6899 6687 6898
f 6690 6687 6899
f 6689 6690 6899
f 6826 6689 6899
f 6688 6689 6826
f 6900 6838 6836
f 6863 6838 6900
f 6901 6863 6900
f 6865 6863 6901
f 6902 6865 6901
f 6868 6865 6902
f 6903 6868 6902
f 6870 6868 6903
f 6904 6870 6903
f 6872 6870 6904
f 6905 6872 6904
f 6874 6872 6905
f 6906 6874 6905
f 6876 6874 6906
f 6892 6876 6906
f 6878 6876 6892
f 6907 6836 6834
f 6900 6836 6907
f 6908 6900 6907
f 6901 6900 6908
f 6909 6901 6908
f 6902 6901 6909
f 6910 6902 6909
f 6903 6902 6910
f 6911 6903 6910
f 6904 6903 6911
f 6912 6904 6911
f 6905 6904 6912
f 6913 6905 6912
f 6906 6905 6913
f 6891 6906 6913
f 6892 6906 6891
f 6914 6834 6832
f 6907 6834 6914
f 6915 6907 6914
f 6908 6907 6915
f 6916 6908 6915
f 6909 6908 6916
f 6917 6909 6916
f 6910 6909 6917
f 6918 6910 6917
f 6911 6910 6918
f 6919 6911 6918
f 6912 6911 6919
f 6920 6912 6919
f 6913 6912 6920
f 6890 6913 6920
f 6891 6913 6890
f 6921 6832 6830
f 6914 6832 6921
f 6922 6914 6921
f 6915 6914 6922
f 6923 6915 6922
f 6916 6915 6923
f 6924 6916 6923
f 6917 6916 6924
f 6925 6917 6924
f 6918 6917 6925
f 6926 6918 6925
f 6919 6918 6926
f 6927 6919 6926
f 6920 6919 6927
f 6889 6920 6927
f 6890 6920 6889
f 6828 6826 6899
f 6928 6830 6828
f 6921 6830 6928
f 6929 6921 6928
f 6922 6921 6929
f 6930 6922 6929
f 6923 6922 6930
f 6931 6923 6930
f 6924 6923 6931
f 6932 6924 6931
f 6925 6924 6932
f 6933 6925 6932
f 6926 6925 6933
f 6934 6926 6933
f 6927 6926 6934
f 6888 6927 6934
f 6889 6927 6888
f 6842 6855 6841
f 6935 6855 6842
f 6843 6935 6842
f 6936 6935 6843
f 6844 6936 6843
f 6937 6936 6844
f 6845 6937 6844
f 6938 6937 6845
f 6846 6938 6845
f 6939 6938 6846
f 6847 6939 6846
f 6851 6939 6847
f 6940 6855 6935
f 6856 6855 6940
f 6858 6856 6940
f 6857 6856 6858
f 6941 6935 6936
f 6940 6935 6941
f 6859 6940 6941
f 6858 6940 6859
f 6942 6936 6937
f 6941 6936 6942
f 6860 6941 6942
f 6859 6941 6860
f 6943 6937 6938
f 6942 6937 6943
f 6861 6942 6943
f 6860 6942 6861
f 6939 6851 6853
f 6944 6938 6939
f 6943 6938 6944
f 6862 6943 6944
f 6861 6943 6862
f 6944 6853 6854
f 6939 6853 6944
f 6862 6944 6854
f 6928 6899 6898
f 6828 6899 6928
f 6929 6928 6898
f 6929 6898 6897
f 6930 6929 6897
f 6930 6897 6896
f 6931 6930 6896
f 6931 6896 6895
f 6932 6931 6895
f 6932 6895 6894
f 6933 6932 6894
f 6933 6894 6893
f 6934 6933 6893
f 6934 6893 6887
f 6888 6934 6887
f 6945 6049 6852
f 6050 6049 6945
f 6946 6050 6945
f 6947 6946 6945
f 6948 6946 6947
f 6949 6948 6947
f 6950 6948 6949
f 6951 6950 6949
f 6952 6950 6951
f 6953 6952 6951
f 6954 6952 6953
f 6955 6954 6953
f 6956 6954 6955
f 6957 6956 6955
f 6958 6956 6957
f 6959 6958 6957
f 6960 6958 6959
f 6961 6960 6959
f 6962 6961 6959
f 6963 6961 6962
f 6964 6963 6962
f 6965 6963 6964
f 6966 6965 6964
f 6967 6965 6966
f 6968 6967 6966
f 6969 6967 6968
f 6970 6969 6968
f 6971 6970 6968
f 6972 6970 6971
f 6973 6972 6971
f 6974 6972 6973
f 6975 6974 6973
f 6976 6974 6975
f 6091 6976 6975
f 6092 6976 6091
f 6975 6718 6091
f 6719 6718 6975
f 6973 6719 6975
f 6879 6719 6973
f 6971 6879 6973
f 6877 6879 6971
f 6968 6877 6971
f 6875 6877 6968
f 6873 6875 6968
f 6966 6873 6968
f 6871 6873 6966
f 6964 6871 6966
f 6869 6871 6964
f 6962 6869 6964
f 6867 6869 6962
f 6959 6867 6962
f 6866 6867 6959
f 6864 6866 6959
f 6957 6864 6959
f 6840 6864 6957
f 6955 6840 6957
f 6839 6840 6955
f 6953 6839 6955
f 6848 6839 6953
f 6951 6848 6953
f 6849 6848 6951
f 6949 6849 6951
f 6850 6849 6949
f 6947 6850 6949
f 6852 6850 6947
f 6945 6852 6947
f 6977 6978 6979
f 6980 6978 6977
f 6981 6980 6977
f 6982 6980 6981
f 6983 6982 6981
f 6984 6982 6983
f 6985 6982 6984
f 6982 6986 6980
f 6987 6986 6982
f 6977 6983 6981
f 6988 6983 6977
f 6989 6988 6977
f 6990 6979 6991
f 6977 6979 6990
f 6992 6977 6990
f 6990 6993 6992
f 6991 6993 6990
f 6994 6993 6995
f 6992 6993 6994
f 6996 6992 6994
f 6996 6997 6998
f 6994 6997 6996
f 6994 6999 6997
f 7000 6999 6994
f 7001 7000 6994
f 6994 7002 7001
f 6995 7002 6994
f 7003 6992 6996
f 6977 6992 7003
f 6989 6977 7003
f 7003 7004 6989
f 6996 7004 7003
f 7005 7004 7006
f 6989 7004 7005
f 6988 6989 7005
f 7005 7007 6988
f 7008 7007 7005
f 7009 7008 7005
f 7005 7006 7009
f 7010 6988 7007
f 6983 6988 7010
f 7011 6983 7010
f 7010 7012 7011
f 7007 7012 7010
f 7012 7013 7011
f 7014 7013 7012
f 7015 7014 7012
f 7013 7016 7011
f 7017 7016 7013
f 7018 7017 7013
f 7013 7019 7018
f 7020 7019 7013
f 7021 7020 7013
f 7013 7014 7021
f 7022 7011 7016
f 6983 7011 7022
f 6984 6983 7022
f 7022 7023 6984
f 7016 7023 7022
f 7024 7025 7026
f 6978 7025 7024
f 6979 6978 7024
f 7024 6991 6979
f 7026 6991 7024
f 7027 7023 7028
f 6984 7023 7027
f 6985 6984 7027
f 7027 7029 6985
f 7028 7029 7027
f 7030 6985 7029
f 6982 6985 7030
f 7031 6982 7030
f 7030 7032 7031
f 7029 7032 7030
f 7033 7032 7034
f 7031 7032 7033
f 7035 7031 7033
f 7035 7036 7037
f 7033 7036 7035
f 7033 7038 7036
f 7039 7038 7033
f 7040 7039 7033
f 7033 7041 7040
f 7034 7041 7033
f 7042 7031 7035
f 6982 7031 7042
f 6987 6982 7042
f 7042 7043 6987
f 7035 7043 7042
f 7044 7043 7045
f 6987 7043 7044
f 6986 6987 7044
f 7044 7046 6986
f 7047 7046 7044
f 7048 7047 7044
f 7044 7045 7048
f 7049 6986 7046
f 6980 6986 7049
f 7050 6980 7049
f 7049 7051 7050
f 7046 7051 7049
f 7052 7051 7053
f 7050 7051 7052
f 7054 7050 7052
f 7054 7055 7056
f 7052 7055 7054
f 7052 7057 7055
f 7058 7057 7052
f 7059 7058 7052
f 7052 7060 7059
f 7053 7060 7052
f 7061 7050 7054
f 6980 7050 7061
f 6978 6980 7061
f 7061 7025 6978
f 7054 7025 7061
f 7062 7028 7023
f 7063 7028 7062
f 7064 7063 7062
f 7065 7063 7064
f 7066 7065 7064
f 7067 7065 7066
f 7068 7067 7066
f 7069 7067 7068
f 7070 7069 7068
f 7071 7069 7070
f 7072 7071 7070
f 7073 7071 7072
f 7074 7073 7072
f 7075 7073 7074
f 7076 7075 7074
f 7077 7075 7076
f 7074 6041 7076
f 7078 6041 7074
f 7079 7078 7074
f 7080 7078 7079
f 7081 7080 7079
f 7082 7080 7081
f 7083 7082 7081
f 7084 7082 7083
f 7085 7084 7083
f 7086 7084 7085
f 7087 7086 7085
f 7088 7086 7087
f 7089 7088 7087
f 7090 7088 7089
f 7091 7090 7089
f 7092 7090 7091
f 7093 7092 7091
f 7094 7092 7093
f 6997 7094 7093
f 6999 7094 6997
f 7095 7094 6999
f 7000 7095 6999
f 7096 7095 7000
f 7001 7096 7000
f 7097 7096 7001
f 7002 7097 7001
f 6995 7097 7002
f 7098 7097 6995
f 6991 7098 6995
f 7099 7098 6991
f 7026 7099 6991
f 7100 7099 7026
f 7101 7099 7100
f 7102 7101 7100
f 7103 7101 7102
f 7104 7103 7102
f 7105 7103 7104
f 7106 7105 7104
f 7107 7105 7106
f 7108 7107 7106
f 7109 7107 7108
f 7110 7109 7108
f 7111 7109 7110
f 7112 7111 7110
f 6023 7111 7112
f 6022 6023 7112
f 7078 6039 6041
f 7113 6039 7078
f 7080 7113 7078
f 7114 7113 7080
f 7082 7114 7080
f 7115 7114 7082
f 7084 7115 7082
f 7116 7115 7084
f 7086 7116 7084
f 7117 7116 7086
f 7088 7117 7086
f 7118 7117 7088
f 7090 7118 7088
f 7119 7118 7090
f 7092 7119 7090
f 7120 7119 7092
f 7094 7120 7092
f 7095 7120 7094
f 7113 6037 6039
f 7114 6037 7113
f 7114 6035 6037
f 6033 6035 7114
f 7115 6033 7114
f 6020 6033 7115
f 7121 6020 7115
f 6019 6020 7121
f 7122 6019 7121
f 6031 6019 7122
f 7123 6031 7122
f 6030 6031 7123
f 6029 6030 7123
f 7124 6029 7123
f 6028 6029 7124
f 7125 6028 7124
f 6027 6028 7125
f 7126 6027 7125
f 6026 6027 7126
f 7127 6026 7126
f 6025 6026 7127
f 7128 6025 7127
f 6024 6025 7128
f 7129 6024 7128
f 6023 6024 7129
f 7111 6023 7129
f 6995 6993 6991
f 7093 6998 6997
f 7004 6998 7093
f 7130 7004 7093
f 7006 7004 7130
f 7131 7006 7130
f 7009 7006 7131
f 7008 7009 7131
f 7004 6996 6998
f 7132 7008 7131
f 7007 7008 7132
f 7133 7007 7132
f 7015 7007 7133
f 7014 7015 7133
f 7015 7012 7007
f 7134 7014 7133
f 7021 7014 7134
f 7020 7021 7134
f 7135 7020 7134
f 7019 7020 7135
f 7018 7019 7135
f 7136 7018 7135
f 7017 7018 7136
f 7023 7017 7136
f 7016 7017 7023
f 7062 7023 7136
f 7072 7079 7074
f 7137 7079 7072
f 7070 7137 7072
f 7138 7137 7070
f 7068 7138 7070
f 7139 7138 7068
f 7066 7139 7068
f 7140 7139 7066
f 7064 7140 7066
f 7136 7140 7064
f 7062 7136 7064
f 7137 7081 7079
f 7141 7081 7137
f 7138 7141 7137
f 7142 7141 7138
f 7139 7142 7138
f 7143 7142 7139
f 7140 7143 7139
f 7135 7143 7140
f 7136 7135 7140
f 7141 7083 7081
f 7144 7083 7141
f 7142 7144 7141
f 7145 7144 7142
f 7143 7145 7142
f 7146 7145 7143
f 7135 7146 7143
f 7134 7146 7135
f 7144 7085 7083
f 7147 7085 7144
f 7145 7147 7144
f 7148 7147 7145
f 7146 7148 7145
f 7149 7148 7146
f 7134 7149 7146
f 7133 7149 7134
f 7147 7087 7085
f 7150 7087 7147
f 7148 7150 7147
f 7151 7150 7148
f 7149 7151 7148
f 7132 7151 7149
f 7133 7132 7149
f 7116 7121 7115
f 7152 7121 7116
f 7117 7152 7116
f 7153 7152 7117
f 7118 7153 7117
f 7154 7153 7118
f 7119 7154 7118
f 7155 7154 7119
f 7120 7155 7119
f 7156 7155 7120
f 7095 7156 7120
f 7096 7156 7095
f 7150 7089 7087
f 7157 7089 7150
f 7151 7157 7150
f 7131 7157 7151
f 7132 7131 7151
f 7152 7122 7121
f 7158 7122 7152
f 7153 7158 7152
f 7159 7158 7153
f 7154 7159 7153
f 7160 7159 7154
f 7155 7160 7154
f 7161 7160 7155
f 7156 7161 7155
f 7162 7161 7156
f 7096 7162 7156
f 7097 7162 7096
f 7157 7131 7130
f 7091 7157 7130
f 7089 7157 7091
f 7158 7123 7122
f 7163 7123 7158
f 7159 7163 7158
f 7164 7163 7159
f 7160 7164 7159
f 7165 7164 7160
f 7161 7165 7160
f 7166 7165 7161
f 7162 7166 7161
f 7167 7166 7162
f 7097 7167 7162
f 7098 7167 7097
f 7091 7130 7093
f 7163 7124 7123
f 7168 7124 7163
f 7164 7168 7163
f 7169 7168 7164
f 7165 7169 7164
f 7170 7169 7165
f 7166 7170 7165
f 7171 7170 7166
f 7167 7171 7166
f 7172 7171 7167
f 7098 7172 7167
f 7099 7172 7098
f 7168 7125 7124
f 7173 7125 7168
f 7169 7173 7168
f 7174 7173 7169
f 7170 7174 7169
f 7175 7174 7170
f 7171 7175 7170
f 7176 7175 7171
f 7172 7176 7171
f 7101 7176 7172
f 7099 7101 7172
f 7173 7126 7125
f 7177 7126 7173
f 7174 7177 7173
f 7178 7177 7174
f 7175 7178 7174
f 7179 7178 7175
f 7176 7179 7175
f 7103 7179 7176
f 7101 7103 7176
f 7177 7127 7126
f 7180 7127 7177
f 7178 7180 7177
f 7181 7180 7178
f 7179 7181 7178
f 7105 7181 7179
f 7103 7105 7179
f 7180 7128 7127
f 7182 7128 7180
f 7181 7182 7180
f 7107 7182 7181
f 7105 7107 7181
f 7182 7129 7128
f 7109 7129 7182
f 7107 7109 7182
f 7129 7109 7111
f 7046 7053 7051
f 7183 7053 7046
f 7184 7183 7046
f 7185 7183 7184
f 7186 7185 7184
f 7187 7185 7186
f 7188 7187 7186
f 7189 7187 7188
f 7190 7189 7188
f 7191 7189 7190
f 7192 7191 7190
f 7193 7191 7192
f 7194 7193 7192
f 7195 7193 7194
f 7196 7195 7194
f 7197 7195 7196
f 7198 7197 7196
f 7183 7060 7053
f 7199 7060 7183
f 7185 7199 7183
f 7200 7199 7185
f 7187 7200 7185
f 7201 7200 7187
f 7189 7201 7187
f 7202 7201 7189
f 7191 7202 7189
f 7203 7202 7191
f 7193 7203 7191
f 7204 7203 7193
f 7195 7204 7193
f 7205 7204 7195
f 7206 7205 7195
f 7207 7205 7206
f 7208 7205 7207
f 7209 7205 7208
f 7210 7209 7208
f 7211 7209 7210
f 5998 7211 7210
f 7212 7211 5998
f 6021 7212 5998
f 7112 7212 6021
f 6022 7112 6021
f 7199 7059 7060
f 7058 7059 7199
f 7213 7058 7199
f 7057 7058 7213
f 7055 7057 7213
f 7214 7055 7213
f 7056 7055 7214
f 7025 7056 7214
f 7054 7056 7025
f 7215 7025 7214
f 7026 7025 7215
f 7100 7026 7215
f 7216 7100 7215
f 7102 7100 7216
f 7217 7102 7216
f 7104 7102 7217
f 7218 7104 7217
f 7106 7104 7218
f 7219 7106 7218
f 7108 7106 7219
f 7220 7108 7219
f 7110 7108 7220
f 7212 7110 7220
f 7112 7110 7212
f 7195 7197 7206
f 7221 7198 7196
f 7222 7198 7221
f 7223 7222 7221
f 7224 7222 7223
f 7225 7224 7223
f 7226 7225 7223
f 7227 7225 7226
f 7228 7227 7226
f 7229 7227 7228
f 7230 7229 7228
f 7231 7229 7230
f 7232 7231 7230
f 7233 7231 7232
f 7234 7233 7232
f 7235 7233 7234
f 7236 7235 7234
f 7237 7235 7236
f 7238 7237 7236
f 7075 7237 7238
f 7073 7075 7238
f 7075 7077 7237
f 7239 7073 7238
f 7071 7073 7239
f 7240 7071 7239
f 7069 7071 7240
f 7241 7069 7240
f 7067 7069 7241
f 7242 7067 7241
f 7065 7067 7242
f 7243 7065 7242
f 7063 7065 7243
f 7244 7063 7243
f 7028 7063 7244
f 7029 7028 7244
f 7029 7034 7032
f 7245 7034 7029
f 7244 7245 7029
f 7246 7245 7244
f 7243 7246 7244
f 7247 7246 7243
f 7242 7247 7243
f 7248 7247 7242
f 7241 7248 7242
f 7249 7248 7241
f 7240 7249 7241
f 7250 7249 7240
f 7239 7250 7240
f 7236 7250 7239
f 7238 7236 7239
f 7251 7034 7245
f 7041 7034 7251
f 7040 7041 7251
f 7252 7040 7251
f 7039 7040 7252
f 7253 7039 7252
f 7038 7039 7253
f 7254 7038 7253
f 7036 7038 7254
f 7255 7036 7254
f 7037 7036 7255
f 7043 7037 7255
f 7035 7037 7043
f 7256 7043 7255
f 7045 7043 7256
f 7257 7045 7256
f 7048 7045 7257
f 7047 7048 7257
f 7184 7047 7257
f 7046 7047 7184
f 7258 7196 7194
f 7221 7196 7258
f 7259 7221 7258
f 7223 7221 7259
f 7260 7223 7259
f 7226 7223 7260
f 7261 7226 7260
f 7228 7226 7261
f 7262 7228 7261
f 7230 7228 7262
f 7263 7230 7262
f 7232 7230 7263
f 7264 7232 7263
f 7234 7232 7264
f 7250 7234 7264
f 7236 7234 7250
f 7265 7194 7192
f 7258 7194 7265
f 7266 7258 7265
f 7259 7258 7266
f 7267 7259 7266
f 7260 7259 7267
f 7268 7260 7267
f 7261 7260 7268
f 7269 7261 7268
f 7262 7261 7269
f 7270 7262 7269
f 7263 7262 7270
f 7271 7263 7270
f 7264 7263 7271
f 7249 7264 7271
f 7250 7264 7249
f 7272 7192 7190
f 7265 7192 7272
f 7273 7265 7272
f 7266 7265 7273
f 7274 7266 7273
f 7267 7266 7274
f 7275 7267 7274
f 7268 7267 7275
f 7276 7268 7275
f 7269 7268 7276
f 7277 7269 7276
f 7270 7269 7277
f 7278 7270 7277
f 7271 7270 7278
f 7248 7271 7278
f 7249 7271 7248
f 7279 7190 7188
f 7272 7190 7279
f 7280 7272 7279
f 7273 7272 7280
f 7281 7273 7280
f 7274 7273 7281
f 7282 7274 7281
f 7275 7274 7282
f 7283 7275 7282
f 7276 7275 7283
f 7284 7276 7283
f 7277 7276 7284
f 7285 7277 7284
f 7278 7277 7285
f 7247 7278 7285
f 7248 7278 7247
f 7186 7184 7257
f 7286 7188 7186
f 7279 7188 7286
f 7287 7279 7286
f 7280 7279 7287
f 7288 7280 7287
f 7281 7280 7288
f 7289 7281 7288
f 7282 7281 7289
f 7290 7282 7289
f 7283 7282 7290
f 7291 7283 7290
f 7284 7283 7291
f 7292 7284 7291
f 7285 7284 7292
f 7246 7285 7292
f 7247 7285 7246
f 7200 7213 7199
f 7293 7213 7200
f 7201 7293 7200
f 7294 7293 7201
f 7202 7294 7201
f 7295 7294 7202
f 7203 7295 7202
f 7296 7295 7203
f 7204 7296 7203
f 7297 7296 7204
f 7205 7297 7204
f 7209 7297 7205
f 7298 7213 7293
f 7214 7213 7298
f 7216 7214 7298
f 7215 7214 7216
f 7299 7293 7294
f 7298 7293 7299
f 7217 7298 7299
f 7216 7298 7217
f 7300 7294 7295
f 7299 7294 7300
f 7218 7299 7300
f 7217 7299 7218
f 7301 7295 7296
f 7300 7295 7301
f 7219 7300 7301
f 7218 7300 7219
f 7297 7209 7211
f 7302 7296 7297
f 7301 7296 7302
f 7220 7301 7302
f 7219 7301 7220
f 7302 7211 7212
f 7297 7211 7302
f 7220 7302 7212
f 7286 7257 7256
f 7186 7257 7286
f 7287 7286 7256
f 7287 7256 7255
f 7288 7287 7255
f 7288 7255 7254
f 7289 7288 7254
f 7289 7254 7253
f 7290 7289 7253
f 7290 7253 7252
f 7291 7290 7252
f 7291 7252 7251
f 7292 7291 7251
f 7292 7251 7245
f 7246 7292 7245
f 7303 5998 7210
f 5999 5998 7303
f 7304 5999 7303
f 7305 7304 7303
f 7306 7304 7305
f 7307 7306 7305
f 7308 7306 7307
f 7309 7308 7307
f 7310 7308 7309
f 7311 7310 7309
f 7312 7310 7311
f 7313 7312 7311
f 7314 7312 7313
f 7315 7314 7313
f 7316 7314 7315
f 7317 7316 7315
f 7318 7316 7317
f 7319 7318 7317
f 7320 7319 7317
f 7321 7319 7320
f 7322 7321 7320
f 7323 7321 7322
f 7324 7323 7322
f 7325 7323 7324
f 7326 7325 7324
f 7327 7325 7326
f 7328 7327 7326
f 7329 7328 7326
f 7330 7328 7329
f 7331 7330 7329
f 7332 7330 7331
f 7333 7332 7331
f 7334 7332 7333
f 6041 7334 7333
f 6042 7334 6041
f 7333 7076 6041
f 7077 7076 7333
f 7331 7077 7333
f 7237 7077 7331
f 7329 7237 7331
f 7235 7237 7329
f 7326 7235 7329
f 7233 7235 7326
f 7231 7233 7326
f 7324 7231 7326
f 7229 7231 7324
f 7322 7229 7324
f 7227 7229 7322
f 7320 7227 7322
f 7225 7227 7320
f 7317 7225 7320
f 7224 7225 7317
f 7222 7224 7317
f 7315 7222 7317
f 7198 7222 7315
f 7313 7198 7315
f 7197 7198 7313
f 7311 7197 7313
f 7206 7197 7311
f 7309 7206 7311
f 7207 7206 7309
f 7307 7207 7309
f 7208 7207 7307
f 7305 7208 7307
f 7210 7208 7305
f 7303 7210 7305
f 7335 7336 7337
f 7338 7336 7335
f 7339 7338 7335
f 7340 7338 7339
f 7341 7340 7339
f 7342 7340 7341
f 7343 7340 7342
f 7340 7344 7338
f 7345 7344 7340
f 7335 7341 7339
f 7346 7341 7335
f 7347 7346 7335
f 7348 7337 7349
f 7335 7337 7348
f 7350 7335 7348
f 7348 7351 7350
f 7349 7351 7348
f 7352 7351 7353
f 7350 7351 7352
f 7354 7350 7352
f 7354 7355 7356
f 7352 7355 7354
f 7352 7357 7355
f 7358 7357 7352
f 7359 7358 7352
f 7352 7360 7359
f 7353 7360 7352
f 7361 7350 7354
f 7335 7350 7361
f 7347 7335 7361
f 7361 7362 7347
f 7354 7362 7361
f 7363 7362 7364
f 7347 7362 7363
f 7346 7347 7363
f 7363 7365 7346
f 7366 7365 7363
f 7367 7366 7363
f 7363 7364 7367
f 7368 7346 7365
f 7341 7346 7368
f 7369 7341 7368
f 7368 7370 7369
f 7365 7370 7368
f 7370 7371 7369
f 7372 7371 7370
f 7373 7372 7370
f 7371 7374 7369
f 7375 7374 7371
f 7376 7375 7371
f 7371 7377 7376
f 7378 7377 7371
f 7379 7378 7371
f 7371 7372 7379
f 7380 7369 7374
f 7341 7369 7380
f 7342 7341 7380
f 7380 7381 7342
f 7374 7381 7380
f 7382 7383 7384
f 7336 7383 7382
f 7337 7336 7382
f 7382 7349 7337
f 7384 7349 7382
f 7385 7381 7386
f 7342 7381 7385
f 7343 7342 7385
f 7385 7387 7343
f 7386 7387 7385
f 7388 7343 7387
f 7340 7343 7388
f 7389 7340 7388
f 7388 7390 7389
f 7387 7390 7388
f 7391 7390 7392
f 7389 7390 7391
f 7393 7389 7391
f 7393 7394 7395
f 7391 7394 7393
f 7391 7396 7394
f 7397 7396 7391
f 7398 7397 7391
f 7391 7399 7398
f 7392 7399 7391
f 7400 7389 7393
f 7340 7389 7400
f 7345 7340 7400
f 7400 7401 7345
f 7393 7401 7400
f 7402 7401 7403
f 7345 7401 7402
f 7344 7345 7402
f 7402 7404 7344
f 7405 7404 7402
f 7406 7405 7402
f 7402 7403 7406
f 7407 7344 7404
f 7338 7344 7407
f 7408 7338 7407
f 7407 7409 7408
f 7404 7409 7407
f 7410 7409 7411
f 7408 7409 7410
f 7412 7408 7410
f 7412 7413 7414
f 7410 7413 7412
f 7410 7415 7413
f 7416 7415 7410
f 7417 7416 7410
f 7410 7418 7417
f 7411 7418 7410
f 7419 7408 7412
f 7338 7408 7419
f 7336 7338 7419
f 7419 7383 7336
f 7412 7383 7419
f 7420 7386 7381
f 7421 7386 7420
f 7422 7421 7420
f 7423 7421 7422
f 7424 7423 7422
f 7425 7423 7424
f 7426 7425 7424
f 7427 7425 7426
f 7428 7427 7426
f 7429 7427 7428
f 7430 7429 7428
f 7431 7429 7430
f 7432 7431 7430
f 7433 7431 7432
f 7434 7433 7432
f 7435 7433 7434
f 7432 5990 7434
f 7436 5990 7432
f 7437 7436 7432
f 7438 7436 7437
f 7439 7438 7437
f 7440 7438 7439
f 7441 7440 7439
f 7442 7440 7441
f 7443 7442 7441
f 7444 7442 7443
f 7445 7444 7443
f 7446 7444 7445
f 7447 7446 7445
f 7448 7446 7447
f 7449 7448 7447
f 7450 7448 7449
f 7451 7450 7449
f 7452 7450 7451
f 7355 7452 7451
f 7357 7452 7355
f 7453 7452 7357
f 7358 7453 7357
f 7454 7453 7358
f 7359 7454 7358
f 7455 7454 7359
f 7360 7455 7359
f 7353 7455 7360
f 7456 7455 7353
f 7349 7456 7353
f 7457 7456 7349
f 7384 7457 7349
f 7458 7457 7384
f 7459 7457 7458
f 7460 7459 7458
f 7461 7459 7460
f 7462 7461 7460
f 7463 7461 7462
f 7464 7463 7462
f 7465 7463 7464
f 7466 7465 7464
f 7467 7465 7466
f 7468 7467 7466
f 7469 7467 7468
f 7470 7469 7468
f 5972 7469 7470
f 5971 5972 7470
f 7436 5988 5990
f 7471 5988 7436
f 7438 7471 7436
f 7472 7471 7438
f 7440 7472 7438
f 7473 7472 7440
f 7442 7473 7440
f 7474 7473 7442
f 7444 7474 7442
f 7475 7474 7444
f 7446 7475 7444
f 7476 7475 7446
f 7448 7476 7446
f 7477 7476 7448
f 7450 7477 7448
f 7478 7477 7450
f 7452 7478 7450
f 7453 7478 7452
f 7471 5986 5988
f 7472 5986 7471
f 7472 5984 5986
f 5982 5984 7472
f 7473 5982 7472
f 5969 5982 7473
f 7479 5969 7473
f 5968 5969 7479
f 7480 5968 7479
f 5980 5968 7480
f 7481 5980 7480
f 5979 5980 7481
f 5978 5979 7481
f 7482 5978 7481
f 5977 5978 7482
f 7483 5977 7482
f 5976 5977 7483
f 7484 5976 7483
f 5975 5976 7484
f 7485 5975 7484
f 5974 5975 7485
f 7486 5974 7485
f 5973 5974 7486
f 7487 5973 7486
f 5972 5973 7487
f 7469 5972 7487
f 7353 7351 7349
f 7451 7356 7355
f 7362 7356 7451
f 7488 7362 7451
f 7364 7362 7488
f 7489 7364 7488
f 7367 7364 7489
f 7366 7367 7489
f 7362 7354 7356
f 7490 7366 7489
f 7365 7366 7490
f 7491 7365 7490
f 7373 7365 7491
f 7372 7373 7491
f 7373 7370 7365
f 7492 7372 7491
f 7379 7372 7492
f 7378 7379 7492
f 7493 7378 7492
f 7377 7378 7493
f 7376 7377 7493
f 7494 7376 7493
f 7375 7376 7494
f 7381 7375 7494
f 7374 7375 7381
f 7420 7381 7494
f 7430 7437 7432
f 7495 7437 7430
f 7428 7495 7430
f 7496 7495 7428
f 7426 7496 7428
f 7497 7496 7426
f 7424 7497 7426
f 7498 7497 7424
f 7422 7498 7424
f 7494 7498 7422
f 7420 7494 7422
f 7495 7439 7437
f 7499 7439 7495
f 7496 7499 7495
f 7500 7499 7496
f 7497 7500 7496
f 7501 7500 7497
f 7498 7501 7497
f 7493 7501 7498
f 7494 7493 7498
f 7499 7441 7439
f 7502 7441 7499
f 7500 7502 7499
f 7503 7502 7500
f 7501 7503 7500
f 7504 7503 7501
f 7493 7504 7501
f 7492 7504 7493
f 7502 7443 7441
f 7505 7443 7502
f 7503 7505 7502
f 7506 7505 7503
f 7504 7506 7503
f 7507 7506 7504
f 7492 7507 7504
f 7491 7507 7492
f 7505 7445 7443
f 7508 7445 7505
f 7506 7508 7505
f 7509 7508 7506
f 7507 7509 7506
f 7490 7509 7507
f 7491 7490 7507
f 7474 7479 7473
f 7510 7479 7474
f 7475 7510 7474
f 7511 7510 7475
f 7476 7511 7475
f 7512 7511 7476
f 7477 7512 7476
f 7513 7512 7477
f 7478 7513 7477
f 7514 7513 7478
f 7453 7514 7478
f 7454 7514 7453
f 7508 7447 7445
f 7515 7447 7508
f 7509 7515 7508
f 7489 7515 7509
f 7490 7489 7509
f 7510 7480 7479
f 7516 7480 7510
f 7511 7516 7510
f 7517 7516 7511
f 7512 7517 7511
f 7518 7517 7512
f 7513 7518 7512
f 7519 7518 7513
f 7514 7519 7513
f 7520 7519 7514
f 7454 7520 7514
f 7455 7520 7454
f 7515 7489 7488
f 7449 7515 7488
f 7447 7515 7449
f 7516 7481 7480
f 7521 7481 7516
f 7517 7521 7516
f 7522 7521 7517
f 7518 7522 7517
f 7523 7522 7518
f 7519 7523 7518
f 7524 7523 7519
f 7520 7524 7519
f 7525 7524 7520
f 7455 7525 7520
f 7456 7525 7455
f 7449 7488 7451
f 7521 7482 7481
f 7526 7482 7521
f 7522 7526 7521
f 7527 7526 7522
f 7523 7527 7522
f 7528 7527 7523
f 7524 7528 7523
f 7529 7528 7524
f 7525 7529 7524
f 7530 7529 7525
f 7456 7530 7525
f 7457 7530 7456
f 7526 7483 7482
f 7531 7483 7526
f 7527 7531 7526
f 7532 7531 7527
f 7528 7532 7527
f 7533 7532 7528
f 7529 7533 7528
f 7534 7533 7529
f 7530 7534 7529
f 7459 7534 7530
f 7457 7459 7530
f 7531 7484 7483
f 7535 7484 7531
f 7532 7535 7531
f 7536 7535 7532
f 7533 7536 7532
f 7537 7536 7533
f 7534 7537 7533
f 7461 7537 7534
f 7459 7461 7534
f 7535 7485 7484
f 7538 7485 7535
f 7536 7538 7535
f 7539 7538 7536
f 7537 7539 7536
f 7463 7539 7537
f 7461 7463 7537
f 7538 7486 7485
f 7540 7486 7538
f 7539 7540 7538
f 7465 7540 7539
f 7463 7465 7539
f 7540 7487 7486
f 7467 7487 7540
f 7465 7467 7540
f 7487 7467 7469
f 7404 7411 7409
f 7541 7411 7404
f 7542 7541 7404
f 7543 7541 7542
f 7544 7543 7542
f 7545 7543 7544
f 7546 7545 7544
f 7547 7545 7546
f 7548 7547 7546
f 7549 7547 7548
f 7550 7549 7548
f 7551 7549 7550
f 7552 7551 7550
f 7553 7551 7552
f 7554 7553 7552
f 7555 7553 7554
f 7556 7555 7554
f 7541 7418 7411
f 7557 7418 7541
f 7543 7557 7541
f 7558 7557 7543
f 7545 7558 7543
f 7559 7558 7545
f 7547 7559 7545
f 7560 7559 7547
f 7549 7560 7547
f 7561 7560 7549
f 7551 7561 7549
f 7562 7561 7551
f 7553 7562 7551
f 7563 7562 7553
f 7564 7563 7553
f 7565 7563 7564
f 7566 7563 7565
f 7567 7563 7566
f 7568 7567 7566
f 7569 7567 7568
f 5947 7569 7568
f 7570 7569 5947
f 5970 7570 5947
f 7470 7570 5970
f 5971 7470 5970
f 7557 7417 7418
f 7416 7417 7557
f 7571 7416 7557
f 7415 7416 7571
f 7413 7415 7571
f 7572 7413 7571
f 7414 7413 7572
f 7383 7414 7572
f 7412 7414 7383
f 7573 7383 7572
f 7384 7383 7573
f 7458 7384 7573
f 7574 7458 7573
f 7460 7458 7574
f 7575 7460 7574
f 7462 7460 7575
f 7576 7462 7575
f 7464 7462 7576
f 7577 7464 7576
f 7466 7464 7577
f 7578 7466 7577
f 7468 7466 7578
f 7570 7468 7578
f 7470 7468 7570
f 7553 7555 7564
f 7579 7556 7554
f 7580 7556 7579
f 7581 7580 7579
f 7582 7580 7581
f 7583 7582 7581
f 7584 7583 7581
f 7585 7583 7584
f 7586 7585 7584
f 7587 7585 7586
f 7588 7587 7586
f 7589 7587 7588
f 7590 7589 7588
f 7591 7589 7590
f 7592 7591 7590
f 7593 7591 7592
f 7594 7593 7592
f 7595 7593 7594
f 7596 7595 7594
f 7433 7595 7596
f 7431 7433 7596
f 7433 7435 7595
f 7597 7431 7596
f 7429 7431 7597
f 7598 7429 7597
f 7427 7429 7598
f 7599 7427 7598
f 7425 7427 7599
f 7600 7425 7599
f 7423 7425 7600
f 7601 7423 7600
f 7421 7423 7601
f 7602 7421 7601
f 7386 7421 7602
f 7387 7386 7602
f 7387 7392 7390
f 7603 7392 7387
f 7602 7603 7387
f 7604 7603 7602
f 7601 7604 7602
f 7605 7604 7601
f 7600 7605 7601
f 7606 7605 7600
f 7599 7606 7600
f 7607 7606 7599
f 7598 7607 7599
f 7608 7607 7598
f 7597 7608 7598
f 7594 7608 7597
f 7596 7594 7597
f 7609 7392 7603
f 7399 7392 7609
f 7398 7399 7609
f 7610 7398 7609
f 7397 7398 7610
f 7611 7397 7610
f 7396 7397 7611
f 7612 7396 7611
f 7394 7396 7612
f 7613 7394 7612
f 7395 7394 7613
f 7401 7395 7613
f 7393 7395 7401
f 7614 7401 7613
f 7403 7401 7614
f 7615 7403 7614
f 7406 7403 7615
f 7405 7406 7615
f 7542 7405 7615
f 7404 7405 7542
f 7616 7554 7552
f 7579 7554 7616
f 7617 7579 7616
f 7581 7579 7617
f 7618 7581 7617
f 7584 7581 7618
f 7619 7584 7618
f 7586 7584 7619
f 7620 7586 7619
f 7588 7586 7620
f 7621 7588 7620
f 7590 7588 7621
f 7622 7590 7621
f 7592 7590 7622
f 7608 7592 7622
f 7594 7592 7608
f 7623 7552 7550
f 7616 7552 7623
f 7624 7616 7623
f 7617 7616 7624
f 7625 7617 7624
f 7618 7617 7625
f 7626 7618 7625
f 7619 7618 7626
f 7627 7619 7626
f 7620 7619 7627
f 7628 7620 7627
f 7621 7620 7628
f 7629 7621 7628
f 7622 7621 7629
f 7607 7622 7629
f 7608 7622 7607
f 7630 7550 7548
f 7623 7550 7630
f 7631 7623 7630
f 7624 7623 7631
f 7632 7624 7631
f 7625 7624 7632
f 7633 7625 7632
f 7626 7625 7633
f 7634 7626 7633
f 7627 7626 7634
f 7635 7627 7634
f 7628 7627 7635
f 7636 7628 7635
f 7629 7628 7636
f 7606 7629 7636
f 7607 7629 7606
f 7637 7548 7546
f 7630 7548 7637
f 7638 7630 7637
f 7631 7630 7638
f 7639 7631 7638
f 7632 7631 7639
f 7640 7632 7639
f 7633 7632 7640
f 7641 7633 7640
f 7634 7633 7641
f 7642 7634 7641
f 7635 7634 7642
f 7643 7635 7642
f 7636 7635 7643
f 7605 7636 7643
f 7606 7636 7605
f 7544 7542 7615
f 7644 7546 7544
f 7637 7546 7644
f 7645 7637 7644
f 7638 7637 7645
f 7646 7638 7645
f 7639 7638 7646
f 7647 7639 7646
f 7640 7639 7647
f 7648 7640 7647
f 7641 7640 7648
f 7649 7641 7648
f 7642 7641 7649
f 7650 7642 7649
f 7643 7642 7650
f 7604 7643 7650
f 7605 7643 7604
f 7558 7571 7557
f 7651 7571 7558
f 7559 7651 7558
f 7652 7651 7559
f 7560 7652 7559
f 7653 7652 7560
f 7561 7653 7560
f 7654 7653 7561
f 7562 7654 7561
f 7655 7654 7562
f 7563 7655 7562
f 7567 7655 7563
f 7656 7571 7651
f 7572 7571 7656
f 7574 7572 7656
f 7573 7572 7574
f 7657 7651 7652
f 7656 7651 7657
f 7575 7656 7657
f 7574 7656 7575
f 7658 7652 7653
f 7657 7652 7658
f 7576 7657 7658
f 7575 7657 7576
f 7659 7653 7654
f 7658 7653 7659
f 7577 7658 7659
f 7576 7658 7577
f 7655 7567 7569
f 7660 7654 7655
f 7659 7654 7660
f 7578 7659 7660
f 7577 7659 7578
f 7660 7569 7570
f 7655 7569 7660
f 7578 7660 7570
f 7644 7615 7614
f 7544 7615 7644
f 7645 7644 7614
f 7645 7614 7613
f 7646 7645 7613
f 7646 7613 7612
f 7647 7646 7612
f 7647 7612 7611
f 7648 7647 7611
f 7648 7611 7610
f 7649 7648 7610
f 7649 7610 7609
f 7650 7649 7609
f 7650 7609 7603
f 7604 7650 7603
f 7661 5947 7568
f 5948 5947 7661
f 7662 5948 7661
f 7663 7662 7661
f 7664 7662 7663
f 7665 7664 7663
f 7666 7664 7665
f 7667 7666 7665
f 7668 7666 7667
f 7669 7668 7667
f 7670 7668 7669
f 7671 7670 7669
f 7672 7670 7671
f 7673 7672 7671
f 7674 7672 7673
f 7675 7674 7673
f 7676 7674 7675
f 7677 7676 7675
f 7678 7677 7675
f 7679 7677 7678
f 7680 7679 7678
f 7681 7679 7680
f 7682 7681 7680
f 7683 7681 7682
f 7684 7683 7682
f 7685 7683 7684
f 7686 7685 7684
f 7687 7686 7684
f 7688 7686 7687
f 7689 7688 7687
f 7690 7688 7689
f 7691 7690 7689
f 7692 7690 7691
f 5990 7692 7691
f 5991 7692 5990
f 7691 7434 5990
f 7435 7434 7691
f 7689 7435 7691
f 7595 7435 7689
f 7687 7595 7689
f 7593 7595 7687
f 7684 7593 7687
f 7591 7593 7684
f 7589 7591 7684
f 7682 7589 7684
f 7587 7589 7682
f 7680 7587 7682
f 7585 7587 7680
f 7678 7585 7680
f 7583 7585 7678
f 7675 7583 7678
f 7582 7583 7675
f 7580 7582 7675
f 7673 7580 7675
f 7556 7580 7673
f 7671 7556 7673
f 7555 7556 7671
f 7669 7555 7671
f 7564 7555 7669
f 7667 7564 7669
f 7565 7564 7667
f 7665 7565 7667
f 7566 7565 7665
f 7663 7566 7665
f 7568 7566 7663
f 7661 7568 7663
f 7693 5887 5342
f 7694 5887 7693
f 7695 7694 7693
f 7696 7694 7695
f 7697 7694 7696
f 7698 7697 7696
f 7699 7697 7698
f 7700 7699 7698
f 7701 7699 7700
f 7702 7699 7701
f 7703 7702 7701
f 7704 7702 7703
f 7705 7704 7703
f 7706 7704 7705
f 7707 7704 7706
f 7708 7707 7706
f 7709 7707 7708
f 7710 7709 7708
f 7711 7709 7710
f 7712 7711 7710
f 7713 7711 7712
f 7714 7713 7712
f 7715 7713 7714
f 7716 7715 7714
f 7717 7715 7716
f 7718 7717 7716
f 5383 7717 7718
f 7719 7717 5383
f 5928 7719 5383
f 7694 7720 5887
f 7721 7720 7694
f 7722 7721 7694
f 7697 7722 7694
f 7723 7722 7697
f 7699 7723 7697
f 7724 7723 7699
f 7725 7724 7699
f 7702 7725 7699
f 7726 7725 7702
f 7704 7726 7702
f 7727 7726 7704
f 7728 7727 7704
f 7707 7728 7704
f 7729 7728 7707
f 7709 7729 7707
f 7730 7729 7709
f 7711 7730 7709
f 7731 7730 7711
f 7713 7731 7711
f 7732 7731 7713
f 7715 7732 7713
f 7733 7732 7715
f 7717 7733 7715
f 7719 7733 7717
f 7734 5887 7720
f 5888 5887 7734
f 7735 5888 7734
f 7736 7735 7734
f 7737 7735 7736
f 7738 7737 7736
f 7739 7737 7738
f 7740 7739 7738
f 7741 7739 7740
f 7742 7741 7740
f 7743 7741 7742
f 7744 7743 7742
f 7745 7743 7744
f 7746 7745 7744
f 7747 7745 7746
f 7726 7747 7746
f 7748 7747 7726
f 7727 7748 7726
f 7728 7748 7727
f 7749 7748 7728
f 7729 7749 7728
f 7750 7749 7729
f 7730 7750 7729
f 7751 7750 7730
f 7731 7751 7730
f 7752 7751 7731
f 7732 7752 7731
f 7753 7752 7732
f 7733 7753 7732
f 7754 7753 7733
f 7719 7754 7733
f 5928 7754 7719
f 7755 7754 5928
f 5929 7755 5928
f 7747 7756 7745
f 7748 7756 7747
f 7748 7757 7756
f 7758 7757 7748
f 7749 7758 7748
f 7759 7758 7749
f 7750 7759 7749
f 7760 7759 7750
f 7751 7760 7750
f 7761 7760 7751
f 7752 7761 7751
f 7762 7761 7752
f 7753 7762 7752
f 7763 7762 7753
f 7754 7763 7753
f 7755 7763 7754
f 7746 7725 7726
f 7744 7725 7746
f 7744 7724 7725
f 7742 7724 7744
f 7742 7723 7724
f 7740 7723 7742
f 7740 7722 7723
f 7738 7722 7740
f 7738 7721 7722
f 7736 7721 7738
f 7736 7720 7721
f 7734 7720 7736
f 7764 5837 7765
f 5838 5837 7764
f 7766 5838 7764
f 7767 7766 7764
f 7768 7766 7767
f 7769 7768 7767
f 7770 7768 7769
f 7771 7770 7769
f 7772 7770 7771
f 7773 7772 7771
f 7774 7772 7773
f 7775 7774 7773
f 7776 7774 7775
f 7777 7776 7775
f 7778 7776 7777
f 7779 7778 7777
f 7780 7778 7779
f 7781 7778 7780
f 7782 7781 7780
f 7783 7781 7782
f 7784 7781 7783
f 7785 7784 7783
f 7786 7784 7785
f 7787 7786 7785
f 7788 7786 7787
f 7789 7788 7787
f 7790 7788 7789
f 7791 7790 7789
f 7792 7790 7791
f 7793 7792 7791
f 7794 7792 7793
f 7795 7794 7793
f 5875 7794 7795
f 7796 7794 5875
f 5874 7796 5875
f 7778 7797 7776
f 7781 7797 7778
f 7781 7798 7797
f 7799 7798 7781
f 7784 7799 7781
f 7800 7799 7784
f 7786 7800 7784
f 7801 7800 7786
f 7788 7801 7786
f 7802 7801 7788
f 7790 7802 7788
f 7803 7802 7790
f 7792 7803 7790
f 7804 7803 7792
f 7794 7804 7792
f 7796 7804 7794
f 7775 7779 7777
f 7805 7779 7775
f 7773 7805 7775
f 7806 7805 7773
f 7771 7806 7773
f 7807 7806 7771
f 7769 7807 7771
f 7808 7807 7769
f 7767 7808 7769
f 7765 7808 7767
f 7764 7765 7767
f 7809 5788 7810
f 5789 5788 7809
f 7811 5789 7809
f 7812 7811 7809
f 7813 7811 7812
f 7814 7813 7812
f 7815 7813 7814
f 7816 7815 7814
f 7817 7815 7816
f 7818 7817 7816
f 7819 7817 7818
f 7820 7819 7818
f 7821 7819 7820
f 7822 7821 7820
f 7823 7821 7822
f 7824 7823 7822
f 7825 7823 7824
f 7826 7823 7825
f 7827 7826 7825
f 7828 7827 7825
f 7829 7827 7828
f 7830 7829 7828
f 7831 7830 7828
f 7832 7830 7831
f 7833 7832 7831
f 7834 7833 7831
f 7835 7833 7834
f 7836 7835 7834
f 7837 7835 7836
f 7838 7837 7836
f 7839 7837 7838
f 7840 7839 7838
f 7841 7839 7840
f 7842 7841 7840
f 7843 7841 7842
f 7844 7843 7842
f 7845 7843 7844
f 5829 7845 7844
f 5830 7845 5829
f 7844 7846 5829
f 7847 7846 7844
f 7842 7847 7844
f 7848 7847 7842
f 7840 7848 7842
f 7849 7848 7840
f 7838 7849 7840
f 7850 7849 7838
f 7836 7850 7838
f 7834 7850 7836
f 7820 7824 7822
f 7851 7824 7820
f 7818 7851 7820
f 7852 7851 7818
f 7816 7852 7818
f 7853 7852 7816
f 7814 7853 7816
f 7854 7853 7814
f 7812 7854 7814
f 7810 7854 7812
f 7809 7810 7812
f 7855 5733 7856
f 5734 5733 7855
f 7857 5734 7855
f 7858 7857 7855
f 7859 7857 7858
f 7860 7859 7858
f 7861 7859 7860
f 7862 7861 7860
f 7863 7861 7862
f 7864 7863 7862
f 7865 7863 7864
f 7866 7865 7864
f 7867 7865 7866
f 7868 7867 7866
f 7869 7867 7868
f 7870 7869 7868
f 7871 7869 7870
f 7872 7869 7871
f 7873 7872 7871
f 7874 7872 7873
f 7875 7872 7874
f 7876 7875 7874
f 7877 7875 7876
f 7878 7877 7876
f 7879 7877 7878
f 7880 7879 7878
f 7881 7879 7880
f 7882 7881 7880
f 7883 7881 7882
f 7884 7883 7882
f 7885 7883 7884
f 7886 7885 7884
f 5771 7885 7886
f 7887 7885 5771
f 5770 7887 5771
f 7869 7888 7867
f 7872 7888 7869
f 7872 7889 7888
f 7890 7889 7872
f 7875 7890 7872
f 7891 7890 7875
f 7877 7891 7875
f 7892 7891 7877
f 7879 7892 7877
f 7893 7892 7879
f 7881 7893 7879
f 7894 7893 7881
f 7883 7894 7881
f 7895 7894 7883
f 7885 7895 7883
f 7887 7895 7885
f 7866 7870 7868
f 7896 7870 7866
f 7864 7896 7866
f 7897 7896 7864
f 7862 7897 7864
f 7898 7897 7862
f 7860 7898 7862
f 7899 7898 7860
f 7858 7899 7860
f 7856 7899 7858
f 7855 7856 7858
f 7900 5684 7901
f 5685 5684 7900
f 7902 5685 7900
f 7903 7902 7900
f 7904 7902 7903
f 7905 7904 7903
f 7906 7904 7905
f 7907 7906 7905
f 7908 7906 7907
f 7909 7908 7907
f 7910 7908 7909
f 7911 7910 7909
f 7912 7910 7911
f 7913 7912 7911
f 7914 7912 7913
f 7915 7914 7913
f 7916 7914 7915
f 7917 7914 7916
f 7918 7917 7916
f 7919 7917 7918
f 7920 7917 7919
f 7921 7920 7919
f 7922 7920 7921
f 7923 7922 7921
f 7924 7922 7923
f 7925 7924 7923
f 7914 7926 7912
f 7917 7926 7914
f 7917 7927 7926
f 7928 7927 7917
f 7920 7928 7917
f 7929 7928 7920
f 7922 7929 7920
f 7930 7925 7923
f 7931 7925 7930
f 7932 7931 7930
f 7933 7931 7932
f 7934 7933 7932
f 7934 7935 7936
f 7937 7935 7934
f 7932 7937 7934
f 7930 7937 7932
f 7935 7938 7936
f 7939 7938 7935
f 7940 7939 7935
f 7941 7939 7940
f 7942 7939 7941
f 7943 7942 7941
f 5725 7942 7943
f 7944 7942 5725
f 5726 7944 5725
f 7939 7945 7938
f 7946 7945 7939
f 7942 7946 7939
f 7944 7946 7942
f 7935 7937 7940
f 7923 7921 7930
f 7911 7915 7913
f 7947 7915 7911
f 7909 7947 7911
f 7948 7947 7909
f 7907 7948 7909
f 7949 7948 7907
f 7905 7949 7907
f 7950 7949 7905
f 7903 7950 7905
f 7901 7950 7903
f 7900 7901 7903
f 7951 5635 7952
f 5636 5635 7951
f 7953 5636 7951
f 7954 7953 7951
f 7955 7953 7954
f 7956 7955 7954
f 7957 7955 7956
f 7958 7957 7956
f 7959 7957 7958
f 7960 7959 7958
f 7961 7959 7960
f 7962 7961 7960
f 7963 7961 7962
f 7964 7963 7962
f 7965 7963 7964
f 7966 7965 7964
f 7967 7965 7966
f 7968 7965 7967
f 7969 7968 7967
f 7970 7968 7969
f 7971 7968 7970
f 7972 7971 7970
f 7973 7971 7972
f 7974 7973 7972
f 7975 7973 7974
f 7976 7975 7974
f 7977 7975 7976
f 7978 7977 7976
f 7979 7977 7978
f 7980 7979 7978
f 7981 7979 7980
f 7982 7981 7980
f 5676 7981 7982
f 7983 7981 5676
f 5677 7983 5676
f 7965 7984 7963
f 7968 7984 7965
f 7968 7985 7984
f 7986 7985 7968
f 7971 7986 7968
f 7987 7986 7971
f 7973 7987 7971
f 7988 7987 7973
f 7975 7988 7973
f 7989 7988 7975
f 7977 7989 7975
f 7990 7989 7977
f 7979 7990 7977
f 7991 7990 7979
f 7981 7991 7979
f 7983 7991 7981
f 7962 7966 7964
f 7992 7966 7962
f 7960 7992 7962
f 7993 7992 7960
f 7958 7993 7960
f 7994 7993 7958
f 7956 7994 7958
f 7995 7994 7956
f 7954 7995 7956
f 7952 7995 7954
f 7951 7952 7954
f 7996 5586 7997
f 5587 5586 7996
f 7998 5587 7996
f 7999 7998 7996
f 8000 7998 7999
f 8001 8000 7999
f 8002 8000 8001
f 8003 8002 8001
f 8004 8002 8003
f 8005 8004 8003
f 8006 8004 8005
f 8007 8006 8005
f 8008 8006 8007
f 8009 8008 8007
f 8010 8008 8009
f 8011 8010 8009
f 8012 8010 8011
f 8013 8010 8012
f 8014 8013 8012
f 8015 8013 8014
f 8016 8013 8015
f 8017 8016 8015
f 8018 8016 8017
f 8019 8018 8017
f 8020 8018 8019
f 8021 8020 8019
f 8022 8020 8021
f 8023 8022 8021
f 8024 8022 8023
f 8025 8024 8023
f 8026 8024 8025
f 8027 8026 8025
f 5627 8026 8027
f 8028 8026 5627
f 5628 8028 5627
f 8010 8029 8008
f 8013 8029 8010
f 8013 8030 8029
f 8031 8030 8013
f 8016 8031 8013
f 8032 8031 8016
f 8018 8032 8016
f 8033 8032 8018
f 8020 8033 8018
f 8034 8033 8020
f 8022 8034 8020
f 8035 8034 8022
f 8024 8035 8022
f 8036 8035 8024
f 8026 8036 8024
f 8028 8036 8026
f 8007 8011 8009
f 8037 8011 8007
f 8005 8037 8007
f 8038 8037 8005
f 8003 8038 8005
f 8039 8038 8003
f 8001 8039 8003
f 8040 8039 8001
f 7999 8040 8001
f 7997 8040 7999
f 7996 7997 7999
f 8041 5537 8042
f 5538 5537 8041
f 8043 5538 8041
f 8044 8043 8041
f 8045 8043 8044
f 8046 8045 8044
f 8047 8045 8046
f 8048 8047 8046
f 8049 8047 8048
f 8050 8049 8048
f 8051 8049 8050
f 8052 8051 8050
f 8053 8051 8052
f 8054 8053 8052
f 8055 8053 8054
f 8056 8055 8054
f 8057 8055 8056
f 8058 8055 8057
f 8059 8058 8057
f 8060 8058 8059
f 8061 8058 8060
f 8062 8061 8060
f 8063 8061 8062
f 8064 8063 8062
f 8065 8063 8064
f 8066 8065 8064
f 8067 8065 8066
f 8068 8067 8066
f 8069 8067 8068
f 8070 8069 8068
f 8071 8069 8070
f 8072 8071 8070
f 5578 8071 8072
f 8073 8071 5578
f 5579 8073 5578
f 8055 8074 8053
f 8058 8074 8055
f 8058 8075 8074
f 8076 8075 8058
f 8061 8076 8058
f 8077 8076 8061
f 8063 8077 8061
f 8078 8077 8063
f 8065 8078 8063
f 8079 8078 8065
f 8067 8079 8065
f 8080 8079 8067
f 8069 8080 8067
f 8081 8080 8069
f 8071 8081 8069
f 8073 8081 8071
f 8052 8056 8054
f 8082 8056 8052
f 8050 8082 8052
f 8083 8082 8050
f 8048 8083 8050
f 8084 8083 8048
f 8046 8084 8048
f 8085 8084 8046
f 8044 8085 8046
f 8042 8085 8044
f 8041 8042 8044
f 8086 5488 8087
f 5489 5488 8086
f 8088 5489 8086
f 8089 8088 8086
f 8090 8088 8089
f 8091 8090 8089
f 8092 8090 8091
f 8093 8092 8091
f 8094 8092 8093
f 8095 8094 8093
f 8096 8094 8095
f 8097 8096 8095
f 8098 8096 8097
f 8099 8098 8097
f 8100 8098 8099
f 8101 8100 8099
f 8102 8100 8101
f 8103 8100 8102
f 8104 8103 8102
f 8105 8103 8104
f 8106 8103 8105
f 8107 8106 8105
f 8108 8106 8107
f 8109 8108 8107
f 8110 8108 8109
f 8111 8110 8109
f 8112 8110 8111
f 8113 8112 8111
f 8114 8112 8113
f 8115 8114 8113
f 8116 8114 8115
f 8117 8116 8115
f 5529 8116 8117
f 8118 8116 5529
f 5530 8118 5529
f 8100 8119 8098
f 8103 8119 8100
f 8103 8120 8119
f 8121 8120 8103
f 8106 8121 8103
f 8122 8121 8106
f 8108 8122 8106
f 8123 8122 8108
f 8110 8123 8108
f 8124 8123 8110
f 8112 8124 8110
f 8125 8124 8112
f 8114 8125 8112
f 8126 8125 8114
f 8116 8126 8114
f 8118 8126 8116
f 8097 8101 8099
f 8127 8101 8097
f 8095 8127 8097
f 8128 8127 8095
f 8093 8128 8095
f 8129 8128 8093
f 8091 8129 8093
f 8130 8129 8091
f 8089 8130 8091
f 8087 8130 8089
f 8086 8087 8089
f 8131 5439 8132
f 5440 5439 8131
f 8133 5440 8131
f 8134 8133 8131
f 8135 8133 8134
f 8136 8135 8134
f 8137 8135 8136
f 8138 8137 8136
f 8139 8137 8138
f 8140 8139 8138
f 8141 8139 8140
f 8142 8141 8140
f 8143 8141 8142
f 8144 8143 8142
f 8145 8143 8144
f 8146 8145 8144
f 8147 8145 8146
f 8148 8145 8147
f 8149 8148 8147
f 8150 8148 8149
f 8151 8148 8150
f 8152 8151 8150
f 8153 8151 8152
f 8154 8153 8152
f 8155 8153 8154
f 8156 8155 8154
f 8157 8155 8156
f 8158 8157 8156
f 8159 8157 8158
f 8160 8159 8158
f 8161 8159 8160
f 8162 8161 8160
f 5480 8161 8162
f 8163 8161 5480
f 5481 8163 5480
f 8145 8164 8143
f 8148 8164 8145
f 8148 8165 8164
f 8166 8165 8148
f 8151 8166 8148
f 8167 8166 8151
f 8153 8167 8151
f 8168 8167 8153
f 8155 8168 8153
f 8169 8168 8155
f 8157 8169 8155
f 8170 8169 8157
f 8159 8170 8157
f 8171 8170 8159
f 8161 8171 8159
f 8163 8171 8161
f 8142 8146 8144
f 8172 8146 8142
f 8140 8172 8142
f 8173 8172 8140
f 8138 8173 8140
f 8174 8173 8138
f 8136 8174 8138
f 8175 8174 8136
f 8134 8175 8136
f 8132 8175 8134
f 8131 8132 8134
f 8176 5390 8177
f 5391 5390 8176
f 8178 5391 8176
f 8179 8178 8176
f 8180 8178 8179
f 8181 8180 8179
f 8182 8180 8181
f 8183 8182 8181
f 8184 8182 8183
f 8185 8184 8183
f 8186 8184 8185
f 8187 8186 8185
f 8188 8186 8187
f 8189 8188 8187
f 8190 8188 8189
f 8191 8190 8189
f 8192 8190 8191
f 8193 8190 8192
f 8194 8193 8192
f 8195 8193 8194
f 8196 8193 8195
f 8197 8196 8195
f 8198 8196 8197
f 8199 8198 8197
f 8200 8198 8199
f 8201 8200 8199
f 8202 8200 8201
f 8203 8202 8201
f 8204 8202 8203
f 8205 8204 8203
f 8206 8204 8205
f 8207 8206 8205
f 5431 8206 8207
f 8208 8206 5431
f 5432 8208 5431
f 8190 8209 8188
f 8193 8209 8190
f 8193 8210 8209
f 8211 8210 8193
f 8196 8211 8193
f 8212 8211 8196
f 8198 8212 8196
f 8213 8212 8198
f 8200 8213 8198
f 8214 8213 8200
f 8202 8214 8200
f 8215 8214 8202
f 8204 8215 8202
f 8216 8215 8204
f 8206 8216 8204
f 8208 8216 8206
f 8187 8191 8189
f 8217 8191 8187
f 8185 8217 8187
f 8218 8217 8185
f 8183 8218 8185
f 8219 8218 8183
f 8181 8219 8183
f 8220 8219 8181
f 8179 8220 8181
f 8177 8220 8179
f 8176 8177 8179
f 8221 7837 7839
f 8222 7837 8221
f 7835 7837 8222
f 7833 7835 8222
f 8222 7832 7833
f 7830 7832 8222
f 8223 7830 8222
f 7829 7830 8223
f 8224 7829 8223
f 7827 7829 8224
f 7826 7827 8224
f 8224 7823 7826
f 7821 7823 8224
f 8225 7821 8224
f 7819 7821 8225
f 8226 7819 8225
f 7817 7819 8226
f 8224 8227 8225
f 8228 8227 8224
f 8229 8228 8224
f 8224 8230 8229
f 8231 8230 8224
f 8232 8231 8224
f 8231 8233 8230
f 8234 8233 8231
f 8224 8235 8232
f 8223 8235 8224
f 8236 8237 8238
f 8239 8237 8236
f 8240 8239 8236
f 8236 8241 8240
f 8242 5846 5844
f 8243 5846 8242
f 5848 5846 8243
f 5850 5848 8243
f 8243 5852 5850
f 5853 5852 8243
f 8244 5853 8243
f 5855 5853 8244
f 8245 5855 8244
f 5856 5855 8245
f 5858 5856 8245
f 8245 5859 5858
f 5863 5859 8245
f 5864 5863 8245
f 5864 8246 5866
f 8247 8246 5864
f 8245 8247 5864
f 8248 8247 8245
f 8249 8248 8245
f 8245 8250 8249
f 8251 8250 8245
f 8252 8251 8245
f 8253 8251 8252
f 8241 8253 8252
f 8245 8254 8252
f 8255 8254 8245
f 8244 8255 8245
f 8256 8257 8258
f 8259 8257 8256
f 8260 8259 8256
f 8256 8234 8260
f 8261 8262 8263
f 8264 8262 8261
f 8265 8264 8261
f 8266 8265 8261
f 8267 8265 8266
f 8268 8267 8266
f 8269 8267 8268
f 8270 8269 8268
f 8268 8271 8270
f 8272 8271 8268
f 8266 8272 8268
f 8273 8272 8266
f 8261 8273 8266
f 8263 8273 8261
f 8274 8271 8275
f 8270 8271 8274
f 8276 8270 8274
f 8277 8276 8274
f 8278 8276 8277
f 8279 8278 8277
f 8280 8278 8279
f 8281 8280 8279
f 8282 8280 8281
f 8283 8282 8281
f 8284 8282 8283
f 8285 8284 8283
f 8286 8284 8285
f 8287 8286 8285
f 8288 8286 8287
f 8256 8288 8287
f 8287 8289 8256
f 8290 8289 8287
f 8285 8290 8287
f 8291 8290 8285
f 8283 8291 8285
f 8292 8291 8283
f 8281 8292 8283
f 8293 8292 8281
f 8279 8293 8281
f 8294 8293 8279
f 8277 8294 8279
f 8295 8294 8277
f 8274 8295 8277
f 8275 8295 8274
f 8233 8296 8297
f 8298 8296 8233
f 8299 8298 8233
f 8300 8298 8299
f 8301 8298 8300
f 8302 8301 8300
f 8303 8301 8302
f 8304 8303 8302
f 8297 8303 8304
f 8296 8303 8297
f 8302 8305 8306
f 8307 8305 8302
f 8308 8307 8302
f 8309 8307 8308
f 8310 8307 8309
f 8233 8310 8309
f 8311 8310 8233
f 8312 8311 8233
f 8313 8311 8312
f 8314 8311 8313
f 8305 8314 8313
f 8307 8314 8305
f 8305 8289 8306
f 8256 8289 8305
f 8234 8256 8305
f 8234 8315 8233
f 8316 8315 8234
f 8305 8316 8234
f 8317 8316 8305
f 8318 8317 8305
f 8319 8317 8318
f 8320 8317 8319
f 8233 8320 8319
f 8315 8320 8233
f 8302 8300 8308
f 8233 8309 8299
f 8305 8313 8318
f 8233 8319 8312
f 8321 8304 8322
f 8297 8304 8321
f 8323 8297 8321
f 8324 8323 8321
f 8325 8323 8324
f 8326 8325 8324
f 8327 8325 8326
f 8328 8327 8326
f 8329 8327 8328
f 8330 8329 8328
f 8331 8329 8330
f 8332 8331 8330
f 8333 8331 8332
f 8334 8333 8332
f 8335 8333 8334
f 8336 8335 8334
f 8334 8337 8336
f 8338 8337 8334
f 8332 8338 8334
f 8339 8338 8332
f 8330 8339 8332
f 8340 8339 8330
f 8328 8340 8330
f 8341 8340 8328
f 8326 8341 8328
f 8342 8341 8326
f 8324 8342 8326
f 8343 8342 8324
f 8321 8343 8324
f 8322 8343 8321
f 8336 8344 8345
f 8346 8344 8336
f 8347 8346 8336
f 8345 8348 8349
f 8350 8348 8345
f 8351 8350 8345
f 8352 8349 8348
f 8337 8349 8352
f 8353 8337 8352
f 8354 8337 8353
f 8355 8354 8353
f 8356 8354 8355
f 8336 8356 8355
f 8357 8356 8336
f 8358 8357 8336
f 8359 8357 8358
f 8360 8357 8359
f 8337 8360 8359
f 8354 8360 8337
f 8361 8337 8359
f 8336 8337 8361
f 8362 8336 8361
f 8358 8336 8362
f 8352 8363 8353
f 8364 8363 8352
f 8365 8364 8352
f 8366 8363 8364
f 8367 8363 8366
f 8336 8367 8366
f 8355 8367 8336
f 8365 8347 8368
f 8369 8347 8365
f 8352 8369 8365
f 8370 8369 8352
f 8371 8370 8352
f 8346 8370 8371
f 8344 8346 8371
f 8336 8368 8347
f 8366 8368 8336
f 8372 8352 8348
f 8373 8352 8372
f 8351 8373 8372
f 8374 8373 8351
f 8345 8374 8351
f 8344 8374 8345
f 8375 8352 8373
f 8371 8352 8375
f 8344 8371 8375
f 8376 8349 8377
f 8345 8349 8376
f 8378 8345 8376
f 8379 8378 8376
f 8380 8378 8379
f 8381 8380 8379
f 8382 8380 8381
f 8383 8382 8381
f 8384 8382 8383
f 8385 8384 8383
f 8386 8384 8385
f 8387 8386 8385
f 8388 8386 8387
f 8389 8388 8387
f 8390 8388 8389
f 8236 8390 8389
f 8389 8391 8236
f 8392 8391 8389
f 8387 8392 8389
f 8393 8392 8387
f 8385 8393 8387
f 8394 8393 8385
f 8383 8394 8385
f 8395 8394 8383
f 8381 8395 8383
f 8396 8395 8381
f 8379 8396 8381
f 8397 8396 8379
f 8376 8397 8379
f 8377 8397 8376
f 8241 6165 8253
f 6171 6165 8241
f 6174 6171 8241
f 6162 8253 6165
f 8398 8253 6162
f 6159 8398 6162
f 8399 8398 6159
f 8400 8399 6159
f 8401 8400 6159
f 8402 8400 8401
f 8391 8402 8401
f 8401 8236 8391
f 8241 8236 8401
f 6156 8241 8401
f 6152 8241 6156
f 6174 8241 6152
f 6177 6174 6152
f 6177 6152 6151
f 8401 6159 6156
f 6171 6168 6165
f 8403 8399 8404
f 8398 8399 8403
f 8405 8398 8403
f 8406 8405 8403
f 8407 8405 8406
f 8408 8407 8406
f 8409 8407 8408
f 8410 8409 8408
f 8411 8409 8410
f 8412 8411 8410
f 8413 8411 8412
f 8414 8413 8412
f 8415 8413 8414
f 8416 8415 8414
f 8417 8415 8416
f 8418 8417 8416
f 8416 8419 8418
f 8420 8419 8416
f 8414 8420 8416
f 8421 8420 8414
f 8412 8421 8414
f 8422 8421 8412
f 8410 8422 8412
f 8423 8422 8410
f 8408 8423 8410
f 8424 8423 8408
f 8406 8424 8408
f 8425 8424 8406
f 8403 8425 8406
f 8404 8425 8403
f 8426 8419 8427
f 8418 8419 8426
f 8428 8418 8426
f 8429 8428 8426
f 8430 8428 8429
f 8431 8430 8429
f 8432 8430 8431
f 8433 8432 8431
f 8431 8434 8433
f 8435 8434 8431
f 8429 8435 8431
f 8436 8435 8429
f 8426 8436 8429
f 8427 8436 8426
f 8437 8433 8434
f 8264 8433 8437
f 8262 8264 8437
f 8437 8434 8262
f 5838 5678 5836
f 5677 5678 5838
f 7983 5677 5838
f 5836 8242 5840
f 5679 8242 5836
f 5678 5679 5836
f 8242 5842 5840
f 5844 5842 8242
f 8242 5682 8438
f 5681 5682 8242
f 5680 5681 8242
f 5653 8438 5682
f 8439 8438 5653
f 8440 8439 5653
f 5651 8440 5653
f 8441 8440 5651
f 5650 8441 5651
f 8442 8441 5650
f 5648 8442 5650
f 8443 8442 5648
f 8444 8443 5648
f 5646 8444 5648
f 8445 8444 5646
f 5644 8445 5646
f 8446 8445 5644
f 5642 8446 5644
f 8447 8446 5642
f 5640 8447 5642
f 8448 8447 5640
f 5638 8448 5640
f 8449 8448 5638
f 5634 8449 5638
f 5636 8449 5634
f 8450 8449 5636
f 7953 8450 5636
f 8451 8450 7953
f 7955 8451 7953
f 7957 8451 7955
f 8452 8451 7957
f 7959 8452 7957
f 8453 8452 7959
f 7961 8453 7959
f 7963 8453 7961
f 7984 8453 7963
f 7985 8453 7984
f 7776 8453 7985
f 7986 7776 7985
f 7774 7776 7986
f 7987 7774 7986
f 7772 7774 7987
f 7988 7772 7987
f 7770 7772 7988
f 7989 7770 7988
f 7768 7770 7989
f 7990 7768 7989
f 7991 7768 7990
f 7766 7768 7991
f 7983 7766 7991
f 5838 7766 7983
f 8453 5898 8454
f 5900 5898 8453
f 5902 5900 8453
f 8454 5892 8455
f 5894 5892 8454
f 5896 5894 8454
f 5890 8455 5892
f 8456 8455 5890
f 5886 8456 5890
f 8457 8456 5886
f 5888 8457 5886
f 8458 8457 5888
f 7735 8458 5888
f 8459 8458 7735
f 7737 8459 7735
f 7739 8459 7737
f 8460 8459 7739
f 7741 8460 7739
f 8461 8460 7741
f 7743 8461 7741
f 8462 8461 7743
f 8463 8462 7743
f 7745 8463 7743
f 8464 8463 7745
f 7756 8464 7745
f 8465 8464 7756
f 7757 8465 7756
f 8466 8465 7757
f 7758 8466 7757
f 8467 8466 7758
f 7759 8467 7758
f 8468 8467 7759
f 7760 8468 7759
f 8469 8468 7760
f 7761 8469 7760
f 8226 8469 7761
f 7762 8226 7761
f 7763 8226 7762
f 7755 8226 7763
f 7811 8226 7755
f 5789 7811 7755
f 8226 7815 7817
f 7813 7815 8226
f 7811 7813 8226
f 5789 5930 5787
f 5929 5930 5789
f 7755 5929 5789
f 5931 5787 5930
f 5791 5787 5931
f 5932 5791 5931
f 5793 5791 5932
f 5933 5793 5932
f 5795 5793 5933
f 5934 5795 5933
f 5797 5795 5934
f 8470 5797 5934
f 5799 5797 8470
f 5801 5799 8470
f 8470 5803 5801
f 8182 5803 8470
f 8180 8182 8470
f 8184 5803 8182
f 5804 5803 8184
f 8186 5804 8184
f 5806 5804 8186
f 5835 5806 8186
f 5835 5595 5834
f 5597 5595 5835
f 8188 5597 5835
f 5599 5597 8188
f 8209 5599 8188
f 5601 5599 8209
f 8210 5601 8209
f 5602 5601 8210
f 5689 5602 8210
f 5687 5602 5689
f 5604 5602 5687
f 5683 5604 5687
f 5633 5604 5683
f 5685 5633 5683
f 5632 5633 5685
f 7902 5632 5685
f 5631 5632 7902
f 7904 5631 7902
f 5630 5631 7904
f 8471 5630 7904
f 8472 5630 8471
f 5629 5630 8472
f 5628 5629 8472
f 5593 5834 5595
f 5833 5834 5593
f 5591 5833 5593
f 5832 5833 5591
f 5589 5832 5591
f 5831 5832 5589
f 5585 5831 5589
f 5830 5831 5585
f 5587 5830 5585
f 8221 5830 5587
f 7998 8221 5587
f 8000 8221 7998
f 8002 8221 8000
f 8004 8221 8002
f 8006 8221 8004
f 8473 8221 8006
f 8008 8473 8006
f 8474 8473 8008
f 8029 8474 8008
f 8475 8474 8029
f 8030 8475 8029
f 8476 8475 8030
f 8477 8476 8030
f 8221 7845 5830
f 7843 7845 8221
f 7841 7843 8221
f 8221 7839 7841
f 8031 8477 8030
f 8478 8477 8031
f 8032 8478 8031
f 8479 8478 8032
f 8033 8479 8032
f 8480 8479 8033
f 8034 8480 8033
f 8035 8480 8034
f 8036 8480 8035
f 8028 8480 8036
f 8472 8480 8028
f 5628 8472 8028
f 8471 7908 8481
f 7906 7908 8471
f 7904 7906 8471
f 8481 7926 7927
f 7912 7926 8481
f 7910 7912 8481
f 8481 7908 7910
f 8211 5689 8210
f 5691 5689 8211
f 8212 5691 8211
f 5693 5691 8212
f 5695 5693 8212
f 8213 5695 8212
f 5697 5695 8213
f 8214 5697 8213
f 5699 5697 8214
f 8215 5699 8214
f 5700 5699 8215
f 8216 5700 8215
f 5702 5700 8216
f 8482 5702 8216
f 5731 5702 8482
f 5730 5731 8482
f 8482 5729 5730
f 5728 5729 8482
f 8483 5728 8482
f 8484 5728 8483
f 8485 5728 8484
f 8486 5728 8485
f 5727 5728 8486
f 5726 5727 8486
f 8486 7944 5726
f 7946 7944 8486
f 8482 5432 8487
f 8208 5432 8482
f 8216 8208 8482
f 8487 7895 8488
f 7894 7895 8487
f 7893 7894 8487
f 7895 8489 8488
f 8490 8489 7895
f 8491 8490 7895
f 8491 5768 5767
f 5770 5768 8491
f 7887 5770 8491
f 8491 7895 7887
f 8487 7892 7893
f 7891 7892 8487
f 5434 7891 8487
f 7890 7891 5434
f 5435 7890 5434
f 7889 7890 5435
f 5436 7889 5435
f 7888 7889 5436
f 5437 7888 5436
f 7867 7888 5437
f 5408 7867 5437
f 7865 7867 5408
f 7863 7865 5408
f 5406 7863 5408
f 7861 7863 5406
f 5405 7861 5406
f 8076 7861 5405
f 8075 8076 5405
f 8076 7859 7861
f 8077 7859 8076
f 7857 7859 8077
f 8078 7857 8077
f 5734 7857 8078
f 8079 5734 8078
f 5732 5734 8079
f 8080 5732 8079
f 5736 5732 8080
f 8081 5736 8080
f 8492 5736 8081
f 8493 8492 8081
f 8492 5738 5736
f 5740 5738 8492
f 8494 5740 8492
f 5742 5740 8494
f 5744 5742 8494
f 8494 5746 5744
f 5748 5746 8494
f 8493 5580 8495
f 5579 5580 8493
f 8073 5579 8493
f 8495 5584 8496
f 5583 5584 8495
f 5582 5583 8495
f 5555 8496 5584
f 8497 8496 5555
f 5553 8497 5555
f 8498 8497 5553
f 5552 8498 5553
f 8499 8498 5552
f 8500 8499 5552
f 5550 8500 5552
f 8501 8500 5550
f 5548 8501 5550
f 8502 8501 5548
f 5546 8502 5548
f 8246 8502 5546
f 5544 8246 5546
f 5542 8246 5544
f 5540 8246 5542
f 5536 8246 5540
f 5538 8246 5536
f 8043 8246 5538
f 8503 8246 8043
f 8045 8503 8043
f 8047 8503 8045
f 8049 8503 8047
f 8051 8503 8049
f 8053 8503 8051
f 5401 8503 8053
f 8074 5401 8053
f 5403 5401 8074
f 8075 5403 8074
f 5405 5403 8075
f 8503 5866 8246
f 5868 5866 8503
f 5870 5868 8503
f 8503 5872 5870
f 5874 5872 8503
f 7796 5874 8503
f 8503 7804 7796
f 7803 7804 8503
f 7802 7803 8503
f 8503 7801 7802
f 8470 7801 8503
f 5395 8470 8503
f 5393 8470 5395
f 5389 8470 5393
f 5391 8470 5389
f 8178 8470 5391
f 8180 8470 8178
f 8470 7800 7801
f 7799 7800 8470
f 7798 7799 8470
f 8470 7797 7798
f 5903 7797 8470
f 5905 5903 8470
f 7797 8453 7776
f 5902 8453 7797
f 5903 5902 7797
f 8454 5898 5896
f 8470 5934 5905
f 8242 5679 5680
f 8495 5581 5582
f 5580 5581 8495
f 8493 8081 8073
f 8503 5397 5395
f 5399 5397 8503
f 5401 5399 8503
f 8487 5433 5434
f 5432 5433 8487
f 5835 8186 8188
f 8398 8504 8253
f 8505 8504 8398
f 8506 8505 8398
f 8398 8507 8506
f 8508 5748 8494
f 5749 5748 8508
f 5751 5749 8508
f 8508 5752 5751
f 5754 5752 8508
f 8509 5754 8508
f 5755 5754 8509
f 5757 5755 8509
f 8509 5759 5757
f 5760 5759 8509
f 5762 5760 8509
f 8509 5763 5762
f 8510 5763 8509
f 8415 8510 8509
f 8417 8510 8415
f 8418 8510 8417
f 8511 8510 8418
f 8491 8510 8511
f 5767 8510 8491
f 5765 8510 5767
f 5763 8510 5765
f 8509 8413 8415
f 8508 8413 8509
f 8512 8413 8508
f 8411 8413 8512
f 8513 8411 8512
f 8409 8411 8513
f 8514 8409 8513
f 8407 8409 8514
f 8515 8407 8514
f 8405 8407 8515
f 8516 8405 8515
f 8398 8405 8516
f 8517 8398 8516
f 8507 8398 8517
f 8515 8518 8516
f 8495 8518 8515
f 8493 8495 8515
f 8514 8493 8515
f 8492 8493 8514
f 8513 8492 8514
f 8512 8492 8513
f 8512 8494 8492
f 8508 8494 8512
f 8519 8520 8345
f 8521 8520 8519
f 8522 8521 8519
f 8523 8522 8519
f 8524 8522 8523
f 8525 8524 8523
f 8526 8524 8525
f 8527 8526 8525
f 8528 8526 8527
f 8529 8528 8527
f 8530 8528 8529
f 8531 8530 8529
f 8532 8530 8531
f 8390 8532 8531
f 8238 8532 8390
f 8236 8238 8390
f 8532 8238 8530
f 8531 8388 8390
f 8529 8388 8531
f 8529 8386 8388
f 8527 8386 8529
f 8527 8384 8386
f 8525 8384 8527
f 8525 8382 8384
f 8523 8382 8525
f 8523 8380 8382
f 8519 8380 8523
f 8519 8378 8380
f 8345 8378 8519
f 8428 8511 8418
f 8533 8511 8428
f 8430 8533 8428
f 8534 8533 8430
f 8535 8534 8430
f 8489 8534 8535
f 8488 8489 8535
f 8533 8491 8511
f 8490 8491 8533
f 8534 8490 8533
f 8489 8490 8534
f 8488 8536 8487
f 8535 8536 8488
f 8535 8433 8536
f 8432 8433 8535
f 8430 8432 8535
f 8336 8537 8538
f 8539 8537 8336
f 8540 8539 8336
f 8541 8539 8540
f 8542 8541 8540
f 8540 8543 8542
f 8544 8543 8540
f 8454 8544 8540
f 8540 8453 8454
f 8545 8453 8540
f 8546 8545 8540
f 8540 8547 8546
f 8548 8547 8540
f 8549 8548 8540
f 8345 8549 8540
f 8550 8549 8345
f 8520 8550 8345
f 8540 8336 8345
f 8551 8433 8264
f 8536 8433 8551
f 8487 8536 8551
f 8551 8482 8487
f 8552 8482 8551
f 8264 8552 8551
f 8553 8554 8555
f 8323 8554 8553
f 8297 8323 8553
f 8556 8555 8554
f 8557 8555 8556
f 8558 8557 8556
f 8559 8557 8558
f 8329 8559 8558
f 8331 8559 8329
f 8560 8559 8331
f 8333 8560 8331
f 8561 8560 8333
f 8335 8561 8333
f 8562 8561 8335
f 8336 8562 8335
f 8563 8562 8336
f 8538 8563 8336
f 8559 8564 8557
f 8560 8564 8559
f 8560 8565 8564
f 8561 8565 8560
f 8561 8566 8565
f 8562 8566 8561
f 8562 8563 8566
f 8558 8327 8329
f 8556 8327 8558
f 8556 8325 8327
f 8554 8325 8556
f 8554 8323 8325
f 8265 8552 8264
f 8567 8552 8265
f 8267 8567 8265
f 8568 8567 8267
f 8269 8568 8267
f 8569 8568 8269
f 8270 8569 8269
f 8570 8569 8270
f 8485 8569 8570
f 8486 8485 8570
f 8567 8482 8552
f 8483 8482 8567
f 8568 8483 8567
f 8484 8483 8568
f 8569 8484 8568
f 8485 8484 8569
f 8297 8571 8233
f 8572 8571 8297
f 8573 8572 8297
f 8297 8553 8573
f 8574 7946 8486
f 7945 7946 8574
f 7938 7945 8574
f 8574 7936 7938
f 7934 7936 8574
f 8575 7934 8574
f 7933 7934 8575
f 7931 7933 8575
f 8575 7925 7931
f 7924 7925 8575
f 7922 7924 8575
f 8575 7929 7922
f 8576 7929 8575
f 8280 8576 8575
f 8282 8576 8280
f 8577 8576 8282
f 8578 8577 8282
f 8471 8577 8578
f 8579 8471 8578
f 8472 8471 8579
f 8580 8472 8579
f 8480 8472 8580
f 8581 8480 8580
f 8576 7928 7929
f 7927 7928 8576
f 8481 7927 8576
f 8577 8481 8576
f 8471 8481 8577
f 8580 8582 8581
f 8583 8582 8580
f 8288 8583 8580
f 8256 8583 8288
f 8258 8583 8256
f 8580 8286 8288
f 8579 8286 8580
f 8579 8284 8286
f 8578 8284 8579
f 8578 8282 8284
f 8575 8278 8280
f 8574 8278 8575
f 8574 8276 8278
f 8570 8276 8574
f 8486 8570 8574
f 8570 8270 8276
f 8582 8480 8581
f 8479 8480 8582
f 8583 8479 8582
f 8584 8479 8583
f 8258 8584 8583
f 8585 8584 8258
f 8257 8585 8258
f 8259 8585 8257
f 8586 8585 8259
f 8260 8586 8259
f 8234 8586 8260
f 8587 8586 8234
f 8231 8587 8234
f 8232 8587 8231
f 8588 8587 8232
f 8235 8588 8232
f 8589 8588 8235
f 8223 8589 8235
f 8590 8589 8223
f 8222 8590 8223
f 8473 8590 8222
f 8221 8473 8222
f 8584 8478 8479
f 8585 8478 8584
f 8585 8477 8478
f 8586 8477 8585
f 8586 8476 8477
f 8587 8476 8586
f 8587 8475 8476
f 8588 8475 8587
f 8589 8475 8588
f 8474 8475 8589
f 8590 8474 8589
f 8473 8474 8590
f 8507 8591 8506
f 8592 8591 8507
f 8517 8592 8507
f 8496 8592 8517
f 8516 8496 8517
f 8495 8496 8516
f 8518 8495 8516
f 8593 8506 8591
f 8505 8506 8593
f 8594 8505 8593
f 8504 8505 8594
f 8253 8504 8594
f 8595 8253 8594
f 8251 8253 8595
f 8250 8251 8595
f 8596 8250 8595
f 8249 8250 8596
f 8248 8249 8596
f 8597 8248 8596
f 8247 8248 8597
f 8502 8247 8597
f 8246 8247 8502
f 8597 8501 8502
f 8596 8501 8597
f 8596 8500 8501
f 8595 8500 8596
f 8595 8499 8500
f 8594 8499 8595
f 8594 8498 8499
f 8593 8498 8594
f 8591 8498 8593
f 8497 8498 8591
f 8592 8497 8591
f 8496 8497 8592
f 8545 8452 8453
f 8546 8452 8545
f 8451 8452 8546
f 8547 8451 8546
f 8450 8451 8547
f 8548 8450 8547
f 8549 8450 8548
f 8449 8450 8549
f 8550 8449 8549
f 8520 8449 8550
f 8448 8449 8520
f 8521 8448 8520
f 8522 8448 8521
f 8447 8448 8522
f 8524 8447 8522
f 8526 8447 8524
f 8446 8447 8526
f 8528 8446 8526
f 8445 8446 8528
f 8598 8445 8528
f 8444 8445 8598
f 8599 8444 8598
f 8443 8444 8599
f 8600 8443 8599
f 8442 8443 8600
f 8601 8442 8600
f 8441 8442 8601
f 8602 8441 8601
f 8440 8441 8602
f 8603 8440 8602
f 8439 8440 8603
f 8243 8439 8603
f 8438 8439 8243
f 8242 8438 8243
f 8603 8244 8243
f 8602 8244 8603
f 8602 8255 8244
f 8254 8255 8602
f 8252 8254 8602
f 8601 8252 8602
f 8241 8252 8601
f 8240 8241 8601
f 8600 8240 8601
f 8239 8240 8600
f 8237 8239 8600
f 8599 8237 8600
f 8238 8237 8599
f 8598 8238 8599
f 8530 8238 8598
f 8528 8530 8598
f 8225 8469 8226
f 8604 8469 8225
f 8227 8604 8225
f 8605 8604 8227
f 8228 8605 8227
f 8606 8605 8228
f 8229 8606 8228
f 8607 8606 8229
f 8230 8607 8229
f 8233 8607 8230
f 8608 8607 8233
f 8571 8608 8233
f 8572 8608 8571
f 8609 8608 8572
f 8573 8609 8572
f 8553 8609 8573
f 8610 8609 8553
f 8611 8610 8553
f 8463 8610 8611
f 8462 8463 8611
f 8604 8468 8469
f 8605 8468 8604
f 8605 8467 8468
f 8606 8467 8605
f 8606 8466 8467
f 8607 8466 8606
f 8607 8465 8466
f 8608 8465 8607
f 8608 8464 8465
f 8609 8464 8608
f 8610 8464 8609
f 8463 8464 8610
f 8462 8557 8461
f 8555 8557 8462
f 8611 8555 8462
f 8553 8555 8611
f 8564 8461 8557
f 8460 8461 8564
f 8565 8460 8564
f 8566 8460 8565
f 8459 8460 8566
f 8563 8459 8566
f 8458 8459 8563
f 8538 8458 8563
f 8537 8458 8538
f 8457 8458 8537
f 8539 8457 8537
f 8541 8457 8539
f 8456 8457 8541
f 8542 8456 8541
f 8543 8456 8542
f 8455 8456 8543
f 8544 8455 8543
f 8454 8455 8544
f 5481 5431 8207
f 5429 5431 5481
f 5482 5429 5481
f 5427 5429 5482
f 5483 5427 5482
f 5425 5427 5483
f 5484 5425 5483
f 5423 5425 5484
f 5485 5423 5484
f 5412 5423 5485
f 5486 5412 5485
f 5411 5412 5486
f 5457 5411 5486
f 5421 5411 5457
f 5455 5421 5457
f 5420 5421 5455
f 5454 5420 5455
f 5452 5420 5454
f 5419 5420 5452
f 5450 5419 5452
f 5418 5419 5450
f 5448 5418 5450
f 5417 5418 5448
f 5446 5417 5448
f 5416 5417 5446
f 5444 5416 5446
f 5415 5416 5444
f 5442 5415 5444
f 5414 5415 5442
f 5438 5414 5442
f 5413 5414 5438
f 5440 5413 5438
f 5390 5413 5440
f 8177 5390 5440
f 8133 8177 5440
f 8220 8177 8133
f 8135 8220 8133
f 8219 8220 8135
f 8137 8219 8135
f 8218 8219 8137
f 8139 8218 8137
f 8217 8218 8139
f 8141 8217 8139
f 8191 8217 8141
f 8143 8191 8141
f 8192 8191 8143
f 8164 8192 8143
f 8194 8192 8164
f 8165 8194 8164
f 8166 8194 8165
f 8195 8194 8166
f 8167 8195 8166
f 8197 8195 8167
f 8168 8197 8167
f 8199 8197 8168
f 8169 8199 8168
f 8201 8199 8169
f 8170 8201 8169
f 8203 8201 8170
f 8171 8203 8170
f 8205 8203 8171
f 8163 8205 8171
f 8207 8205 8163
f 5481 8207 8163
f 8612 5529 8117
f 5527 5529 8612
f 5525 5527 8612
f 8612 5523 5525
f 5521 5523 8612
f 5510 5521 8612
f 8612 5509 5510
f 5519 5509 8612
f 5518 5519 8612
f 8612 5517 5518
f 5516 5517 8612
f 5515 5516 8612
f 8612 5514 5515
f 5513 5514 8612
f 5512 5513 8612
f 8612 5511 5512
f 5488 5511 8612
f 8087 5488 8612
f 8612 8130 8087
f 8129 8130 8612
f 8128 8129 8612
f 8612 8127 8128
f 8101 8127 8612
f 8102 8101 8612
f 8612 8104 8102
f 8105 8104 8612
f 8107 8105 8612
f 8612 8109 8107
f 8111 8109 8612
f 8113 8111 8612
f 8612 8115 8113
f 8117 8115 8612
f 5489 5439 5462
f 8132 5439 5489
f 8088 8132 5489
f 8175 8132 8088
f 8090 8175 8088
f 8174 8175 8090
f 8092 8174 8090
f 8173 8174 8092
f 8094 8173 8092
f 8172 8173 8094
f 8096 8172 8094
f 8146 8172 8096
f 8098 8146 8096
f 8147 8146 8098
f 8119 8147 8098
f 8149 8147 8119
f 8120 8149 8119
f 8121 8149 8120
f 8150 8149 8121
f 8122 8150 8121
f 8152 8150 8122
f 8123 8152 8122
f 8154 8152 8123
f 8124 8154 8123
f 8156 8154 8124
f 8125 8156 8124
f 8158 8156 8125
f 8126 8158 8125
f 8160 8158 8126
f 8118 8160 8126
f 8162 8160 8118
f 5530 8162 8118
f 5480 8162 5530
f 5478 5480 5530
f 5531 5478 5530
f 5476 5478 5531
f 5532 5476 5531
f 5474 5476 5532
f 5533 5474 5532
f 5472 5474 5533
f 5534 5472 5533
f 5461 5472 5534
f 5535 5461 5534
f 5460 5461 5535
f 5506 5460 5535
f 5470 5460 5506
f 5504 5470 5506
f 5469 5470 5504
f 5503 5469 5504
f 5501 5469 5503
f 5468 5469 5501
f 5499 5468 5501
f 5467 5468 5499
f 5497 5467 5499
f 5466 5467 5497
f 5495 5466 5497
f 5465 5466 5495
f 5493 5465 5495
f 5464 5465 5493
f 5491 5464 5493
f 5463 5464 5491
f 5487 5463 5491
f 5462 5463 5487
f 5489 5462 5487
f 8613 5341 8614
f 5342 5341 8613
f 7693 5342 8613
f 8615 7693 8613
f 7695 7693 8615
f 8616 7695 8615
f 7696 7695 8616
f 8617 7696 8616
f 7698 7696 8617
f 8618 7698 8617
f 7700 7698 8618
f 8619 7700 8618
f 7701 7700 8619
f 8620 7701 8619
f 8621 7701 8620
f 8622 8621 8620
f 8623 8621 8622
f 8624 8621 8623
f 8625 8624 8623
f 8626 8624 8625
f 8627 8624 8626
f 8628 8627 8626
f 8629 8627 8628
f 8630 8629 8628
f 8631 8629 8630
f 8632 8631 8630
f 8633 8631 8632
f 8634 8633 8632
f 8635 8633 8634
f 8636 8635 8634
f 8637 8635 8636
f 8638 8637 8636
f 5382 8637 8638
f 7718 8637 5382
f 5383 7718 5382
f 8621 7703 7701
f 8624 7703 8621
f 8624 7705 7703
f 7706 7705 8624
f 8627 7706 8624
f 7708 7706 8627
f 8629 7708 8627
f 7710 7708 8629
f 8631 7710 8629
f 7712 7710 8631
f 8633 7712 8631
f 7714 7712 8633
f 8635 7714 8633
f 7716 7714 8635
f 8637 7716 8635
f 7718 7716 8637
f 8619 8622 8620
f 8639 8622 8619
f 8618 8639 8619
f 8640 8639 8618
f 8617 8640 8618
f 8641 8640 8617
f 8616 8641 8617
f 8642 8641 8616
f 8615 8642 8616
f 8614 8642 8615
f 8613 8614 8615
f 8643 8644 8645
f 8344 8644 8643
f 8374 8344 8643
f 8643 8645 8374
f 8646 8647 8644
f 8375 8647 8646
f 8344 8375 8646
f 8646 8644 8344
f 8648 8649 8647
f 8373 8649 8648
f 8375 8373 8648
f 8648 8647 8375
f 8650 8645 8649
f 8374 8645 8650
f 8373 8374 8650
f 8650 8649 8373
f 8651 8652 8653
f 8351 8652 8651
f 8350 8351 8651
f 8651 8653 8350
f 8654 8655 8652
f 8372 8655 8654
f 8351 8372 8654
f 8654 8652 8351
f 8656 8657 8655
f 8348 8657 8656
f 8372 8348 8656
f 8656 8655 8372
f 8658 8653 8657
f 8350 8653 8658
f 8348 8350 8658
f 8658 8657 8348
f 8659 8660 8661
f 8362 8660 8659
f 8358 8362 8659
f 8659 8661 8358
f 8662 8663 8660
f 8361 8663 8662
f 8362 8361 8662
f 8662 8660 8362
f 8664 8665 8663
f 8359 8665 8664
f 8361 8359 8664
f 8664 8663 8361
f 8666 8661 8665
f 8358 8661 8666
f 8359 8358 8666
f 8666 8665 8359
f 8667 8668 8669
f 8320 8668 8667
f 8317 8320 8667
f 8667 8669 8317
f 8670 8671 8668
f 8315 8671 8670
f 8320 8315 8670
f 8670 8668 8320
f 8672 8673 8671
f 8316 8673 8672
f 8315 8316 8672
f 8672 8671 8315
f 8674 8669 8673
f 8317 8669 8674
f 8316 8317 8674
f 8674 8673 8316
f 8675 8676 8677
f 8312 8676 8675
f 8313 8312 8675
f 8675 8677 8313
f 8678 8679 8676
f 8319 8679 8678
f 8312 8319 8678
f 8678 8676 8312
f 8680 8681 8679
f 8318 8681 8680
f 8319 8318 8680
f 8680 8679 8319
f 8682 8677 8681
f 8313 8677 8682
f 8318 8313 8682
f 8682 8681 8318
f 8683 8684 8685
f 8310 8684 8683
f 8307 8310 8683
f 8683 8685 8307
f 8686 8687 8684
f 8311 8687 8686
f 8310 8311 8686
f 8686 8684 8310
f 8688 8689 8687
f 8314 8689 8688
f 8311 8314 8688
f 8688 8687 8311
f 8690 8685 8689
f 8307 8685 8690
f 8314 8307 8690
f 8690 8689 8314
f 8691 8692 8693
f 8299 8692 8691
f 8300 8299 8691
f 8691 8693 8300
f 8694 8695 8692
f 8309 8695 8694
f 8299 8309 8694
f 8694 8692 8299
f 8696 8697 8695
f 8308 8697 8696
f 8309 8308 8696
f 8696 8695 8309
f 8698 8693 8697
f 8300 8693 8698
f 8308 8300 8698
f 8698 8697 8308
f 8699 8700 8701
f 8296 8700 8699
f 8303 8296 8699
f 8699 8701 8303
f 8702 8703 8700
f 8298 8703 8702
f 8296 8298 8702
f 8702 8700 8296
f 8704 8705 8703
f 8301 8705 8704
f 8298 8301 8704
f 8704 8703 8298
f 8706 8701 8705
f 8303 8701 8706
f 8301 8303 8706
f 8706 8705 8301
f 8707 8653 8652
f 8657 8653 8707
f 8655 8657 8707
f 8707 8652 8655
f 8708 8645 8644
f 8649 8645 8708
f 8647 8649 8708
f 8708 8644 8647
f 8709 8661 8660
f 8665 8661 8709
f 8663 8665 8709
f 8709 8660 8663
f 8710 8711 8712
f 8713 8711 8710
f 8714 8713 8710
f 8710 8712 8714
f 8715 8711 8713
f 8346 8711 8715
f 8370 8346 8715
f 8715 8713 8370
f 8716 8713 8714
f 8370 8713 8716
f 8369 8370 8716
f 8716 8714 8369
f 8717 8714 8712
f 8369 8714 8717
f 8347 8369 8717
f 8717 8712 8347
f 8718 8712 8711
f 8347 8712 8718
f 8346 8347 8718
f 8718 8711 8346
f 8719 8720 8721
f 8722 8720 8719
f 8723 8722 8719
f 8719 8721 8723
f 8724 8720 8722
f 8368 8720 8724
f 8365 8368 8724
f 8724 8722 8365
f 8725 8722 8723
f 8365 8722 8725
f 8364 8365 8725
f 8725 8723 8364
f 8726 8723 8721
f 8364 8723 8726
f 8366 8364 8726
f 8726 8721 8366
f 8727 8721 8720
f 8366 8721 8727
f 8368 8366 8727
f 8727 8720 8368
f 8728 8729 8730
f 8731 8729 8728
f 8732 8731 8728
f 8728 8730 8732
f 8733 8729 8731
f 8367 8729 8733
f 8363 8367 8733
f 8733 8731 8363
f 8734 8731 8732
f 8363 8731 8734
f 8353 8363 8734
f 8734 8732 8353
f 8735 8732 8730
f 8353 8732 8735
f 8355 8353 8735
f 8735 8730 8355
f 8736 8730 8729
f 8355 8730 8736
f 8367 8355 8736
f 8736 8729 8367
f 8737 8738 8739
f 8740 8738 8737
f 8741 8740 8737
f 8737 8739 8741
f 8742 8738 8740
f 8356 8738 8742
f 8354 8356 8742
f 8742 8740 8354
f 8743 8740 8741
f 8354 8740 8743
f 8360 8354 8743
f 8743 8741 8360
f 8744 8741 8739
f 8360 8741 8744
f 8357 8360 8744
f 8744 8739 8357
f 8745 8739 8738
f 8357 8739 8745
f 8356 8357 8745
f 8745 8738 8356
f 8746 8700 8703
f 8701 8700 8746
f 8705 8701 8746
f 8746 8703 8705
f 8747 8692 8695
f 8693 8692 8747
f 8697 8693 8747
f 8747 8695 8697
f 8748 8684 8687
f 8685 8684 8748
f 8689 8685 8748
f 8748 8687 8689
f 8749 8676 8679
f 8677 8676 8749
f 8681 8677 8749
f 8749 8679 8681
f 8750 8668 8671
f 8669 8668 8750
f 8673 8669 8750
f 8750 8671 8673
f 5334 4834 8751
f 4832 4834 5334
f 5335 4832 5334
f 4836 4832 5335
f 5336 4836 5335
f 4838 4836 5336
f 5337 4838 5336
f 4840 4838 5337
f 5338 4840 5337
f 4842 4840 5338
f 5339 4842 5338
f 4844 4842 5339
f 5310 4844 5339
f 4846 4844 5310
f 5308 4846 5310
f 4848 4846 5308
f 5307 4848 5308
f 5305 4848 5307
f 4849 4848 5305
f 5303 4849 5305
f 4851 4849 5303
f 5301 4851 5303
f 4880 4851 5301
f 5299 4880 5301
f 4879 4880 5299
f 5297 4879 5299
f 4878 4879 5297
f 5295 4878 5297
f 4877 4878 5295
f 5291 4877 5295
f 4876 4877 5291
f 5293 4876 5291
f 4875 4876 5293
f 8752 4875 5293
f 8753 8752 5293
f 8754 8752 8753
f 8755 8754 8753
f 8756 8754 8755
f 8757 8756 8755
f 8758 8756 8757
f 8759 8758 8757
f 8760 8758 8759
f 8761 8760 8759
f 8762 8760 8761
f 8763 8762 8761
f 8764 8762 8763
f 8765 8764 8763
f 8766 8764 8765
f 8767 8766 8765
f 8768 8766 8767
f 8769 8766 8768
f 8770 8769 8768
f 8771 8769 8770
f 8772 8771 8770
f 8773 8771 8772
f 8774 8773 8772
f 8775 8773 8774
f 8776 8775 8774
f 8777 8775 8776
f 8778 8777 8776
f 8779 8777 8778
f 8780 8779 8778
f 8751 8779 8780
f 5334 8751 8780
f 5292 5382 8638
f 5380 5382 5292
f 5315 5380 5292
f 5378 5380 5315
f 5316 5378 5315
f 5376 5378 5316
f 5317 5376 5316
f 5374 5376 5317
f 5318 5374 5317
f 5363 5374 5318
f 5319 5363 5318
f 5362 5363 5319
f 5320 5362 5319
f 5372 5362 5320
f 5321 5372 5320
f 5371 5372 5321
f 5322 5371 5321
f 5323 5371 5322
f 5370 5371 5323
f 5313 5370 5323
f 5369 5370 5313
f 5314 5369 5313
f 5368 5369 5314
f 5325 5368 5314
f 5367 5368 5325
f 5327 5367 5325
f 5366 5367 5327
f 5329 5366 5327
f 5365 5366 5329
f 5331 5365 5329
f 5364 5365 5331
f 5333 5364 5331
f 5341 5364 5333
f 8614 5341 5333
f 8781 8614 5333
f 8642 8614 8781
f 8782 8642 8781
f 8641 8642 8782
f 8783 8641 8782
f 8640 8641 8783
f 8784 8640 8783
f 8639 8640 8784
f 8785 8639 8784
f 8622 8639 8785
f 8786 8622 8785
f 8623 8622 8786
f 8787 8623 8786
f 8625 8623 8787
f 8788 8625 8787
f 8789 8625 8788
f 8626 8625 8789
f 8790 8626 8789
f 8628 8626 8790
f 8791 8628 8790
f 8630 8628 8791
f 8792 8630 8791
f 8632 8630 8792
f 8793 8632 8792
f 8634 8632 8793
f 8794 8634 8793
f 8636 8634 8794
f 8795 8636 8794
f 8638 8636 8795
f 5292 8638 8795
f 8796 5292 8795
f 5293 5292 8796
f 8753 5293 8796
f 8797 8753 8796
f 8755 8753 8797
f 8798 8755 8797
f 8757 8755 8798
f 8799 8757 8798
f 8759 8757 8799
f 8800 8759 8799
f 8761 8759 8800
f 8801 8761 8800
f 8763 8761 8801
f 8802 8763 8801
f 8803 8763 8802
f 8790 8803 8802
f 8789 8803 8790
f 8804 8803 8789
f 8788 8804 8789
f 8787 8804 8788
f 8805 8804 8787
f 8786 8805 8787
f 8806 8805 8786
f 8785 8806 8786
f 8807 8806 8785
f 8784 8807 8785
f 8808 8807 8784
f 8783 8808 8784
f 8809 8808 8783
f 8782 8809 8783
f 8810 8809 8782
f 8781 8810 8782
f 5333 8810 8781
f 8780 8810 5333
f 5334 8780 5333
f 8803 8765 8763
f 8804 8765 8803
f 8804 8767 8765
f 8768 8767 8804
f 8805 8768 8804
f 8770 8768 8805
f 8806 8770 8805
f 8772 8770 8806
f 8807 8772 8806
f 8774 8772 8807
f 8808 8774 8807
f 8776 8774 8808
f 8809 8776 8808
f 8778 8776 8809
f 8810 8778 8809
f 8780 8778 8810
f 8801 8790 8802
f 8791 8790 8801
f 8800 8791 8801
f 8792 8791 8800
f 8799 8792 8800
f 8793 8792 8799
f 8798 8793 8799
f 8794 8793 8798
f 8797 8794 8798
f 8795 8794 8797
f 8796 8795 8797
f 5244 5022 5023
f 8811 5022 5244
f 8812 8811 5244
f 8813 8811 8812
f 8814 8813 8812
f 8815 8813 8814
f 8816 8815 8814
f 8817 8815 8816
f 8818 8817 8816
f 8819 8817 8818
f 8820 8819 8818
f 8821 8819 8820
f 8822 8821 8820
f 8823 8821 8822
f 8824 8823 8822
f 8825 8823 8824
f 8826 8825 8824
f 8827 8825 8826
f 8828 8825 8827
f 8829 8828 8827
f 8830 8828 8829
f 8831 8830 8829
f 8832 8830 8831
f 8833 8832 8831
f 8834 8832 8833
f 8835 8834 8833
f 8836 8834 8835
f 8837 8836 8835
f 8838 8836 8837
f 8839 8838 8837
f 8840 8838 8839
f 5285 8840 8839
f 4981 8840 5285
f 4979 4981 5285
f 5286 4979 5285
f 4983 4979 5286
f 5287 4983 5286
f 4985 4983 5287
f 5288 4985 5287
f 4987 4985 5288
f 5289 4987 5288
f 4989 4987 5289
f 5290 4989 5289
f 4991 4989 5290
f 5261 4991 5290
f 4993 4991 5261
f 5259 4993 5261
f 4995 4993 5259
f 5258 4995 5259
f 5256 4995 5258
f 4996 4995 5256
f 5254 4996 5256
f 4998 4996 5254
f 5252 4998 5254
f 5027 4998 5252
f 5250 5027 5252
f 5026 5027 5250
f 5248 5026 5250
f 5025 5026 5248
f 5246 5025 5248
f 5024 5025 5246
f 5242 5024 5246
f 5023 5024 5242
f 5244 5023 5242
f 5284 5635 5658
f 7952 5635 5284
f 8841 7952 5284
f 7995 7952 8841
f 8842 7995 8841
f 7994 7995 8842
f 8843 7994 8842
f 7993 7994 8843
f 8844 7993 8843
f 7992 7993 8844
f 8845 7992 8844
f 7966 7992 8845
f 8846 7966 8845
f 7967 7966 8846
f 8847 7967 8846
f 7969 7967 8847
f 8848 7969 8847
f 8849 7969 8848
f 7970 7969 8849
f 8850 7970 8849
f 7972 7970 8850
f 8851 7972 8850
f 7974 7972 8851
f 8852 7974 8851
f 7976 7974 8852
f 8853 7976 8852
f 7978 7976 8853
f 8854 7978 8853
f 7980 7978 8854
f 8855 7980 8854
f 7982 7980 8855
f 5243 7982 8855
f 5676 7982 5243
f 5674 5676 5243
f 5266 5674 5243
f 5672 5674 5266
f 5267 5672 5266
f 5670 5672 5267
f 5268 5670 5267
f 5668 5670 5268
f 5269 5668 5268
f 5657 5668 5269
f 5270 5657 5269
f 5656 5657 5270
f 5271 5656 5270
f 5666 5656 5271
f 5272 5666 5271
f 5665 5666 5272
f 5273 5665 5272
f 5274 5665 5273
f 5664 5665 5274
f 5264 5664 5274
f 5663 5664 5264
f 5265 5663 5264
f 5662 5663 5265
f 5276 5662 5265
f 5661 5662 5276
f 5278 5661 5276
f 5660 5661 5278
f 5280 5660 5278
f 5659 5660 5280
f 5282 5659 5280
f 5658 5659 5282
f 5284 5658 5282
f 8856 5243 8855
f 5244 5243 8856
f 8812 5244 8856
f 8857 8812 8856
f 8814 8812 8857
f 8858 8814 8857
f 8816 8814 8858
f 8859 8816 8858
f 8818 8816 8859
f 8860 8818 8859
f 8820 8818 8860
f 8861 8820 8860
f 8822 8820 8861
f 8862 8822 8861
f 8863 8822 8862
f 8850 8863 8862
f 8849 8863 8850
f 8864 8863 8849
f 8848 8864 8849
f 8847 8864 8848
f 8865 8864 8847
f 8846 8865 8847
f 8866 8865 8846
f 8845 8866 8846
f 8867 8866 8845
f 8844 8867 8845
f 8868 8867 8844
f 8843 8868 8844
f 8869 8868 8843
f 8842 8869 8843
f 8870 8869 8842
f 8841 8870 8842
f 5284 8870 8841
f 8839 8870 5284
f 5285 8839 5284
f 8863 8824 8822
f 8864 8824 8863
f 8864 8826 8824
f 8827 8826 8864
f 8865 8827 8864
f 8829 8827 8865
f 8866 8829 8865
f 8831 8829 8866
f 8867 8831 8866
f 8833 8831 8867
f 8868 8833 8867
f 8835 8833 8868
f 8869 8835 8868
f 8837 8835 8869
f 8870 8837 8869
f 8839 8837 8870
f 8861 8850 8862
f 8851 8850 8861
f 8860 8851 8861
f 8852 8851 8860
f 8859 8852 8860
f 8853 8852 8859
f 8858 8853 8859
f 8854 8853 8858
f 8857 8854 8858
f 8855 8854 8857
f 8856 8855 8857
f 5195 4924 4925
f 8871 4924 5195
f 8872 8871 5195
f 8873 8871 8872
f 8874 8873 8872
f 8875 8873 8874
f 8876 8875 8874
f 8877 8875 8876
f 8878 8877 8876
f 8879 8877 8878
f 8880 8879 8878
f 8881 8879 8880
f 8882 8881 8880
f 8883 8881 8882
f 8884 8883 8882
f 8885 8883 8884
f 8886 8885 8884
f 8887 8885 8886
f 8888 8885 8887
f 8889 8888 8887
f 8890 8888 8889
f 8891 8890 8889
f 8892 8890 8891
f 8893 8892 8891
f 8894 8892 8893
f 8895 8894 8893
f 8896 8894 8895
f 8897 8896 8895
f 8898 8896 8897
f 8899 8898 8897
f 8900 8898 8899
f 5236 8900 8899
f 4883 8900 5236
f 4881 4883 5236
f 5237 4881 5236
f 4885 4881 5237
f 5238 4885 5237
f 4887 4885 5238
f 5239 4887 5238
f 4889 4887 5239
f 5240 4889 5239
f 4891 4889 5240
f 5241 4891 5240
f 4893 4891 5241
f 5212 4893 5241
f 4895 4893 5212
f 5210 4895 5212
f 4897 4895 5210
f 5209 4897 5210
f 5207 4897 5209
f 4898 4897 5207
f 5205 4898 5207
f 4900 4898 5205
f 5203 4900 5205
f 4929 4900 5203
f 5201 4929 5203
f 4928 4929 5201
f 5199 4928 5201
f 4927 4928 5199
f 5197 4927 5199
f 4926 4927 5197
f 5193 4926 5197
f 4925 4926 5193
f 5195 4925 5193
f 5194 5627 8027
f 5625 5627 5194
f 5217 5625 5194
f 5623 5625 5217
f 5218 5623 5217
f 5621 5623 5218
f 5219 5621 5218
f 5619 5621 5219
f 5220 5619 5219
f 5608 5619 5220
f 5221 5608 5220
f 5607 5608 5221
f 5222 5607 5221
f 5617 5607 5222
f 5223 5617 5222
f 5616 5617 5223
f 5224 5616 5223
f 5225 5616 5224
f 5615 5616 5225
f 5215 5615 5225
f 5614 5615 5215
f 5216 5614 5215
f 5613 5614 5216
f 5227 5613 5216
f 5612 5613 5227
f 5229 5612 5227
f 5611 5612 5229
f 5231 5611 5229
f 5610 5611 5231
f 5233 5610 5231
f 5609 5610 5233
f 5235 5609 5233
f 5586 5609 5235
f 7997 5586 5235
f 8901 7997 5235
f 8040 7997 8901
f 8902 8040 8901
f 8039 8040 8902
f 8903 8039 8902
f 8038 8039 8903
f 8904 8038 8903
f 8037 8038 8904
f 8905 8037 8904
f 8011 8037 8905
f 8906 8011 8905
f 8012 8011 8906
f 8907 8012 8906
f 8014 8012 8907
f 8908 8014 8907
f 8909 8014 8908
f 8015 8014 8909
f 8910 8015 8909
f 8017 8015 8910
f 8911 8017 8910
f 8019 8017 8911
f 8912 8019 8911
f 8021 8019 8912
f 8913 8021 8912
f 8023 8021 8913
f 8914 8023 8913
f 8025 8023 8914
f 8915 8025 8914
f 8027 8025 8915
f 5194 8027 8915
f 8916 5194 8915
f 5195 5194 8916
f 8872 5195 8916
f 8917 8872 8916
f 8874 8872 8917
f 8918 8874 8917
f 8876 8874 8918
f 8919 8876 8918
f 8878 8876 8919
f 8920 8878 8919
f 8880 8878 8920
f 8921 8880 8920
f 8882 8880 8921
f 8922 8882 8921
f 8923 8882 8922
f 8910 8923 8922
f 8909 8923 8910
f 8924 8923 8909
f 8908 8924 8909
f 8907 8924 8908
f 8925 8924 8907
f 8906 8925 8907
f 8926 8925 8906
f 8905 8926 8906
f 8927 8926 8905
f 8904 8927 8905
f 8928 8927 8904
f 8903 8928 8904
f 8929 8928 8903
f 8902 8929 8903
f 8930 8929 8902
f 8901 8930 8902
f 5235 8930 8901
f 8899 8930 5235
f 5236 8899 5235
f 8923 8884 8882
f 8924 8884 8923
f 8924 8886 8884
f 8887 8886 8924
f 8925 8887 8924
f 8889 8887 8925
f 8926 8889 8925
f 8891 8889 8926
f 8927 8891 8926
f 8893 8891 8927
f 8928 8893 8927
f 8895 8893 8928
f 8929 8895 8928
f 8897 8895 8929
f 8930 8897 8929
f 8899 8897 8930
f 8921 8910 8922
f 8911 8910 8921
f 8920 8911 8921
f 8912 8911 8920
f 8919 8912 8920
f 8913 8912 8919
f 8918 8913 8919
f 8914 8913 8918
f 8917 8914 8918
f 8915 8914 8917
f 8916 8915 8917
f 5187 4932 8931
f 4930 4932 5187
f 5188 4930 5187
f 4934 4930 5188
f 5189 4934 5188
f 4936 4934 5189
f 5190 4936 5189
f 4938 4936 5190
f 5191 4938 5190
f 4940 4938 5191
f 5192 4940 5191
f 4942 4940 5192
f 5163 4942 5192
f 4944 4942 5163
f 5161 4944 5163
f 4946 4944 5161
f 5160 4946 5161
f 5158 4946 5160
f 4947 4946 5158
f 5156 4947 5158
f 4949 4947 5156
f 5154 4949 5156
f 4978 4949 5154
f 5152 4978 5154
f 4977 4978 5152
f 5150 4977 5152
f 4976 4977 5150
f 5148 4976 5150
f 4975 4976 5148
f 5144 4975 5148
f 4974 4975 5144
f 5146 4974 5144
f 4973 4974 5146
f 8932 4973 5146
f 8933 8932 5146
f 8934 8932 8933
f 8935 8934 8933
f 8936 8934 8935
f 8937 8936 8935
f 8938 8936 8937
f 8939 8938 8937
f 8940 8938 8939
f 8941 8940 8939
f 8942 8940 8941
f 8943 8942 8941
f 8944 8942 8943
f 8945 8944 8943
f 8946 8944 8945
f 8947 8946 8945
f 8948 8946 8947
f 8949 8946 8948
f 8950 8949 8948
f 8951 8949 8950
f 8952 8951 8950
f 8953 8951 8952
f 8954 8953 8952
f 8955 8953 8954
f 8956 8955 8954
f 8957 8955 8956
f 8958 8957 8956
f 8959 8957 8958
f 8960 8959 8958
f 8931 8959 8960
f 5187 8931 8960
f 5186 5537 5560
f 8042 5537 5186
f 8961 8042 5186
f 8085 8042 8961
f 8962 8085 8961
f 8084 8085 8962
f 8963 8084 8962
f 8083 8084 8963
f 8964 8083 8963
f 8082 8083 8964
f 8965 8082 8964
f 8056 8082 8965
f 8966 8056 8965
f 8057 8056 8966
f 8967 8057 8966
f 8059 8057 8967
f 8968 8059 8967
f 8969 8059 8968
f 8060 8059 8969
f 8970 8060 8969
f 8062 8060 8970
f 8971 8062 8970
f 8064 8062 8971
f 8972 8064 8971
f 8066 8064 8972
f 8973 8066 8972
f 8068 8066 8973
f 8974 8068 8973
f 8070 8068 8974
f 8975 8070 8974
f 8072 8070 8975
f 5145 8072 8975
f 5578 8072 5145
f 5576 5578 5145
f 5168 5576 5145
f 5574 5576 5168
f 5169 5574 5168
f 5572 5574 5169
f 5170 5572 5169
f 5570 5572 5170
f 5171 5570 5170
f 5559 5570 5171
f 5172 5559 5171
f 5558 5559 5172
f 5173 5558 5172
f 5568 5558 5173
f 5174 5568 5173
f 5567 5568 5174
f 5175 5567 5174
f 5176 5567 5175
f 5566 5567 5176
f 5166 5566 5176
f 5565 5566 5166
f 5167 5565 5166
f 5564 5565 5167
f 5178 5564 5167
f 5563 5564 5178
f 5180 5563 5178
f 5562 5563 5180
f 5182 5562 5180
f 5561 5562 5182
f 5184 5561 5182
f 5560 5561 5184
f 5186 5560 5184
f 8976 5145 8975
f 5146 5145 8976
f 8933 5146 8976
f 8977 8933 8976
f 8935 8933 8977
f 8978 8935 8977
f 8937 8935 8978
f 8979 8937 8978
f 8939 8937 8979
f 8980 8939 8979
f 8941 8939 8980
f 8981 8941 8980
f 8943 8941 8981
f 8982 8943 8981
f 8983 8943 8982
f 8970 8983 8982
f 8969 8983 8970
f 8984 8983 8969
f 8968 8984 8969
f 8967 8984 8968
f 8985 8984 8967
f 8966 8985 8967
f 8986 8985 8966
f 8965 8986 8966
f 8987 8986 8965
f 8964 8987 8965
f 8988 8987 8964
f 8963 8988 8964
f 8989 8988 8963
f 8962 8989 8963
f 8990 8989 8962
f 8961 8990 8962
f 5186 8990 8961
f 8960 8990 5186
f 5187 8960 5186
f 8983 8945 8943
f 8984 8945 8983
f 8984 8947 8945
f 8948 8947 8984
f 8985 8948 8984
f 8950 8948 8985
f 8986 8950 8985
f 8952 8950 8986
f 8987 8952 8986
f 8954 8952 8987
f 8988 8954 8987
f 8956 8954 8988
f 8989 8956 8988
f 8958 8956 8989
f 8990 8958 8989
f 8960 8958 8990
f 8981 8970 8982
f 8971 8970 8981
f 8980 8971 8981
f 8972 8971 8980
f 8979 8972 8980
f 8973 8972 8979
f 8978 8973 8979
f 8974 8973 8978
f 8977 8974 8978
f 8975 8974 8977
f 8976 8975 8977
f 8991 5105 8992
f 5106 5105 8991
f 8993 5106 8991
f 8994 8993 8991
f 8995 8993 8994
f 8996 8995 8994
f 8997 8995 8996
f 8998 8997 8996
f 8999 8997 8998
f 9000 8999 8998
f 9001 8999 9000
f 9002 9001 9000
f 9003 9001 9002
f 9004 9003 9002
f 9005 9003 9004
f 9006 9005 9004
f 9007 9005 9006
f 9008 9007 9006
f 4786 9007 9008
f 4816 9007 4786
f 9009 9007 4816
f 4817 9009 4816
f 9010 9009 4817
f 4818 9010 4817
f 9011 9010 4818
f 4819 9011 4818
f 9012 9011 4819
f 4820 9012 4819
f 9013 9012 4820
f 4821 9013 4820
f 9014 9013 4821
f 4822 9014 4821
f 4823 9014 4822
f 9015 9014 4823
f 5143 9015 4823
f 9007 9016 9005
f 9017 9016 9007
f 9009 9017 9007
f 9018 9017 9009
f 9010 9018 9009
f 9019 9018 9010
f 9011 9019 9010
f 9020 9019 9011
f 9012 9020 9011
f 9021 9020 9012
f 9013 9021 9012
f 9022 9021 9013
f 9014 9022 9013
f 9015 9022 9014
f 9006 9023 9008
f 9004 9023 9006
f 9002 9023 9004
f 9024 9023 9002
f 9000 9024 9002
f 9025 9024 9000
f 8998 9025 9000
f 9026 9025 8998
f 8996 9026 8998
f 9027 9026 8996
f 8994 9027 8996
f 8992 9027 8994
f 8991 8992 8994
f 9028 9029 9030
f 9031 9029 9028
f 9032 9031 9028
f 9033 9030 9029
f 9034 9030 9033
f 9035 9034 9033
f 9036 9034 9035
f 9037 9034 9036
f 4980 9037 9036
f 9038 9037 4980
f 5003 9038 4980
f 5004 9038 5003
f 9039 9038 5004
f 5005 9039 5004
f 9040 9039 5005
f 5006 9040 5005
f 9041 9040 5006
f 5007 9041 5006
f 9042 9041 5007
f 5008 9042 5007
f 9043 9042 5008
f 5009 9043 5008
f 9044 9043 5009
f 9045 9044 5009
f 5010 9045 5009
f 9046 9045 5010
f 5011 9046 5010
f 9047 9046 5011
f 5001 9047 5011
f 9048 9047 5001
f 9049 9048 5001
f 5002 9049 5001
f 9050 9049 5002
f 5013 9050 5002
f 5015 9050 5013
f 5017 9050 5015
f 5019 9050 5017
f 5021 9050 5019
f 9051 9050 5021
f 9052 9050 9051
f 9053 9050 9052
f 9054 9053 9052
f 9055 9053 9054
f 9056 9053 9055
f 9057 9056 9055
f 9058 9056 9057
f 9059 9056 9058
f 9028 9056 9059
f 9060 9028 9059
f 9061 9028 9060
f 9032 9028 9061
f 9053 9062 9050
f 9063 9062 9053
f 9064 9063 9053
f 9062 4958 9065
f 4957 4958 9062
f 4956 4957 9062
f 4959 9065 4958
f 9066 9065 4959
f 4960 9066 4959
f 9067 9066 4960
f 4961 9067 4960
f 9068 9067 4961
f 9069 9068 4961
f 4962 9069 4961
f 9070 9069 4962
f 4952 9070 4962
f 9071 9070 4952
f 4953 9071 4952
f 9072 9071 4953
f 4964 9072 4953
f 4966 9072 4964
f 4968 9072 4966
f 4970 9072 4968
f 4972 9072 4970
f 9073 9072 4972
f 9074 9073 4972
f 9075 9073 9074
f 9076 9073 9075
f 9077 9073 9076
f 9078 9077 9076
f 9079 9077 9078
f 9080 9077 9079
f 5116 9080 9079
f 9081 9080 5116
f 5114 9081 5116
f 5112 9081 5114
f 5110 9081 5112
f 5108 9081 5110
f 5104 9081 5108
f 5106 9081 5104
f 9082 9081 5106
f 8993 9082 5106
f 8995 9082 8993
f 8997 9082 8995
f 8999 9082 8997
f 9001 9082 8999
f 9003 9082 9001
f 9083 9082 9003
f 4904 9083 9003
f 9084 9083 4904
f 4915 9084 4904
f 4917 9084 4915
f 9085 9084 4917
f 4919 9085 4917
f 4921 9085 4919
f 4923 9085 4921
f 9086 9085 4923
f 9087 9086 4923
f 9088 9086 9087
f 9089 9086 9088
f 9090 9086 9089
f 9091 9086 9090
f 9092 9086 9091
f 9093 9092 9091
f 9094 9092 9093
f 9095 9094 9093
f 9096 9094 9095
f 9097 9096 9095
f 9098 9096 9097
f 9099 9098 9097
f 9081 9100 9080
f 9101 9100 9081
f 9102 9100 9101
f 9103 9100 9102
f 9104 9082 9083
f 9105 9082 9104
f 9106 9105 9104
f 9104 9107 9106
f 9108 9099 9097
f 9109 9099 9108
f 9110 9109 9108
f 9111 9109 9110
f 9112 9111 9110
f 9113 9111 9112
f 9114 9113 9112
f 9115 9113 9114
f 9116 9113 9115
f 9117 9113 9116
f 4882 9113 9117
f 4905 9113 4882
f 9118 9113 4905
f 4906 9118 4905
f 4907 9118 4906
f 9119 9118 4907
f 4908 9119 4907
f 4909 9119 4908
f 4910 9119 4909
f 9018 9119 4910
f 4911 9018 4910
f 9017 9018 4911
f 4912 9017 4911
f 9016 9017 4912
f 4913 9016 4912
f 9005 9016 4913
f 4903 9005 4913
f 4904 9005 4903
f 9003 9005 4904
f 9120 9113 9118
f 9121 9113 9120
f 9122 9121 9120
f 9123 9121 9122
f 9124 9121 9123
f 9125 9121 9124
f 9126 9121 9125
f 9127 9126 9125
f 9128 9126 9127
f 9129 9128 9127
f 9130 9128 9129
f 9131 9130 9129
f 9132 9130 9131
f 9133 9132 9131
f 9134 9132 9133
f 9135 9134 9133
f 9136 9134 9135
f 9137 9136 9135
f 9138 9136 9137
f 9139 9138 9137
f 9140 9138 9139
f 9141 9140 9139
f 9142 9141 9139
f 9143 9141 9142
f 9144 9143 9142
f 9145 9143 9144
f 9146 9145 9144
f 9147 9145 9146
f 9148 9145 9147
f 5071 9148 9147
f 9149 9148 5071
f 5072 9149 5071
f 9150 9149 5072
f 5073 9150 5072
f 9151 9150 5073
f 5074 9151 5073
f 9152 9151 5074
f 5075 9152 5074
f 5076 9152 5075
f 5047 9152 5076
f 9028 9152 5047
f 5045 9028 5047
f 5044 9028 5045
f 5042 9028 5044
f 9056 9028 5042
f 5040 9056 5042
f 5038 9056 5040
f 9119 9056 5038
f 5036 9119 5038
f 5034 9119 5036
f 5032 9119 5034
f 5028 9119 5032
f 9118 9119 5028
f 5030 9118 5028
f 9120 9118 5030
f 9122 9120 5030
f 9056 5143 5141
f 9015 5143 9056
f 9022 9015 9056
f 9056 9021 9022
f 9020 9021 9056
f 9119 9020 9056
f 9019 9020 9119
f 9018 9019 9119
f 9153 5116 9079
f 5118 5116 9153
f 9154 5118 9153
f 5120 5118 9154
f 9155 5120 9154
f 5121 5120 9155
f 9156 5121 9155
f 5123 5121 9156
f 9157 5123 9156
f 5134 5123 9157
f 9158 5134 9157
f 9053 5134 9158
f 9159 9053 9158
f 9160 9053 9159
f 9064 9053 9160
f 9053 5135 5134
f 9056 5135 9053
f 9056 5137 5135
f 5139 5137 9056
f 5141 5139 9056
f 9062 4931 4954
f 9063 4931 9062
f 9062 4955 4956
f 4954 4955 9062
f 4864 5059 4863
f 9161 5059 4864
f 4854 9161 4864
f 4855 9161 4854
f 9162 9161 4855
f 4866 9162 4855
f 9163 9162 4866
f 4868 9163 4866
f 4870 9163 4868
f 9164 9163 4870
f 4872 9164 4870
f 9165 9164 4872
f 4874 9165 4872
f 9166 9165 4874
f 9167 9165 9166
f 9168 9167 9166
f 9169 9167 9168
f 9170 9169 9168
f 9171 9169 9170
f 9172 9171 9170
f 9173 9171 9172
f 9174 9173 9172
f 9175 9173 9174
f 9176 9175 9174
f 9177 9175 9176
f 9178 9177 9176
f 5097 9177 9178
f 9179 9177 5097
f 5095 9179 5097
f 9161 5058 5059
f 5057 5058 9161
f 5056 5057 9161
f 9162 5056 9161
f 5055 5056 9162
f 9163 5055 9162
f 5054 5055 9163
f 5053 5054 9163
f 9164 5053 9163
f 5052 5053 9164
f 9165 5052 9164
f 5029 5052 9165
f 9180 5029 9165
f 9167 9180 9165
f 9181 9180 9167
f 9169 9181 9167
f 9182 9181 9169
f 9171 9182 9169
f 9183 9182 9171
f 9173 9183 9171
f 9184 9183 9173
f 9175 9184 9173
f 9185 9184 9175
f 9177 9185 9175
f 9179 9185 9177
f 9186 5029 9180
f 5030 5029 9186
f 9122 5030 9186
f 9187 9122 9186
f 9123 9122 9187
f 9188 9123 9187
f 9124 9123 9188
f 9189 9124 9188
f 9125 9124 9189
f 9190 9125 9189
f 9127 9125 9190
f 9191 9127 9190
f 9129 9127 9191
f 9192 9129 9191
f 9193 9129 9192
f 9185 9193 9192
f 9179 9193 9185
f 9194 9193 9179
f 5095 9194 9179
f 5094 9194 5095
f 9195 9194 5094
f 5093 9195 5094
f 9196 9195 5093
f 5091 9196 5093
f 9197 9196 5091
f 5089 9197 5091
f 9198 9197 5089
f 5088 9198 5089
f 9199 9198 5088
f 5086 9199 5088
f 9200 9199 5086
f 5084 9200 5086
f 5070 9200 5084
f 9147 9200 5070
f 5071 9147 5070
f 9193 9131 9129
f 9194 9131 9193
f 9194 9133 9131
f 9135 9133 9194
f 9195 9135 9194
f 9137 9135 9195
f 9196 9137 9195
f 9139 9137 9196
f 9197 9139 9196
f 9142 9139 9197
f 9198 9142 9197
f 9144 9142 9198
f 9199 9144 9198
f 9146 9144 9199
f 9200 9146 9199
f 9147 9146 9200
f 9191 9185 9192
f 9184 9185 9191
f 9190 9184 9191
f 9183 9184 9190
f 9189 9183 9190
f 9182 9183 9189
f 9188 9182 9189
f 9181 9182 9188
f 9187 9181 9188
f 9180 9181 9187
f 9186 9180 9187
f 9201 4980 9036
f 4981 4980 9201
f 8840 4981 9201
f 9202 8840 9201
f 8838 8840 9202
f 9203 8838 9202
f 8836 8838 9203
f 9204 8836 9203
f 8834 8836 9204
f 9205 8834 9204
f 8832 8834 9205
f 9206 8832 9205
f 8830 8832 9206
f 9207 8830 9206
f 9208 8830 9207
f 9032 9208 9207
f 9061 9208 9032
f 9209 9208 9061
f 9060 9209 9061
f 9059 9209 9060
f 9210 9209 9059
f 9058 9210 9059
f 9211 9210 9058
f 9057 9211 9058
f 9212 9211 9057
f 9055 9212 9057
f 9213 9212 9055
f 9054 9213 9055
f 9214 9213 9054
f 9052 9214 9054
f 9215 9214 9052
f 9051 9215 9052
f 5021 9215 9051
f 8811 9215 5021
f 5022 8811 5021
f 9208 8828 8830
f 9209 8828 9208
f 9209 8825 8828
f 8823 8825 9209
f 9210 8823 9209
f 8821 8823 9210
f 9211 8821 9210
f 8819 8821 9211
f 9212 8819 9211
f 8817 8819 9212
f 9213 8817 9212
f 8815 8817 9213
f 9214 8815 9213
f 8813 8815 9214
f 9215 8813 9214
f 8811 8813 9215
f 9206 9032 9207
f 9031 9032 9206
f 9205 9031 9206
f 9029 9031 9205
f 9204 9029 9205
f 9033 9029 9204
f 9203 9033 9204
f 9035 9033 9203
f 9202 9035 9203
f 9036 9035 9202
f 9201 9036 9202
f 9216 4931 9063
f 4932 4931 9216
f 8931 4932 9216
f 9217 8931 9216
f 8959 8931 9217
f 9218 8959 9217
f 8957 8959 9218
f 9219 8957 9218
f 8955 8957 9219
f 9220 8955 9219
f 8953 8955 9220
f 9221 8953 9220
f 8951 8953 9221
f 9222 8951 9221
f 9223 8951 9222
f 9157 9223 9222
f 9156 9223 9157
f 9224 9223 9156
f 9155 9224 9156
f 9154 9224 9155
f 9225 9224 9154
f 9153 9225 9154
f 9226 9225 9153
f 9079 9226 9153
f 9227 9226 9079
f 9078 9227 9079
f 9228 9227 9078
f 9076 9228 9078
f 9229 9228 9076
f 9075 9229 9076
f 9230 9229 9075
f 9074 9230 9075
f 4972 9230 9074
f 8932 9230 4972
f 4973 8932 4972
f 9223 8949 8951
f 9224 8949 9223
f 9224 8946 8949
f 8944 8946 9224
f 9225 8944 9224
f 8942 8944 9225
f 9226 8942 9225
f 8940 8942 9226
f 9227 8940 9226
f 8938 8940 9227
f 9228 8938 9227
f 8936 8938 9228
f 9229 8936 9228
f 8934 8936 9229
f 9230 8934 9229
f 8932 8934 9230
f 9221 9157 9222
f 9158 9157 9221
f 9220 9158 9221
f 9159 9158 9220
f 9219 9159 9220
f 9160 9159 9219
f 9218 9160 9219
f 9064 9160 9218
f 9217 9064 9218
f 9063 9064 9217
f 9216 9063 9217
f 9231 4882 9117
f 4883 4882 9231
f 8900 4883 9231
f 9232 8900 9231
f 8898 8900 9232
f 9233 8898 9232
f 8896 8898 9233
f 9234 8896 9233
f 8894 8896 9234
f 9235 8894 9234
f 8892 8894 9235
f 9236 8892 9235
f 8890 8892 9236
f 9237 8890 9236
f 9238 8890 9237
f 9110 9238 9237
f 9108 9238 9110
f 9239 9238 9108
f 9097 9239 9108
f 9095 9239 9097
f 9240 9239 9095
f 9093 9240 9095
f 9241 9240 9093
f 9091 9241 9093
f 9242 9241 9091
f 9090 9242 9091
f 9243 9242 9090
f 9089 9243 9090
f 9244 9243 9089
f 9088 9244 9089
f 9245 9244 9088
f 9087 9245 9088
f 4923 9245 9087
f 8871 9245 4923
f 4924 8871 4923
f 9238 8888 8890
f 9239 8888 9238
f 9239 8885 8888
f 8883 8885 9239
f 9240 8883 9239
f 8881 8883 9240
f 9241 8881 9240
f 8879 8881 9241
f 9242 8879 9241
f 8877 8879 9242
f 9243 8877 9242
f 8875 8877 9243
f 9244 8875 9243
f 8873 8875 9244
f 9245 8873 9244
f 8871 8873 9245
f 9236 9110 9237
f 9112 9110 9236
f 9235 9112 9236
f 9114 9112 9235
f 9234 9114 9235
f 9115 9114 9234
f 9233 9115 9234
f 9116 9115 9233
f 9232 9116 9233
f 9117 9116 9232
f 9231 9117 9232
f 9246 9072 9247
f 9071 9072 9246
f 9248 9071 9246
f 9249 9071 9248
f 9250 9249 9248
f 9251 9249 9250
f 9252 9251 9250
f 9253 9251 9252
f 9254 9251 9253
f 9255 9254 9253
f 8400 9254 9255
f 9256 9254 8400
f 9257 9256 8400
f 9258 9256 9257
f 9259 9256 9258
f 9260 9259 9258
f 9261 9259 9260
f 9262 9261 9260
f 9263 9261 9262
f 9264 9263 9262
f 9065 9263 9264
f 9062 9065 9264
f 9249 9070 9071
f 9251 9070 9249
f 9251 9069 9070
f 9254 9069 9251
f 9254 9068 9069
f 9256 9068 9254
f 9256 9067 9068
f 9259 9067 9256
f 9261 9067 9259
f 9066 9067 9261
f 9263 9066 9261
f 9065 9066 9263
f 9030 9265 9028
f 9266 9265 9030
f 9034 9266 9030
f 9267 9266 9034
f 9268 9267 9034
f 9037 9268 9034
f 9269 9268 9037
f 9270 9269 9037
f 9038 9270 9037
f 9271 9270 9038
f 9272 9271 9038
f 9039 9272 9038
f 9273 9272 9039
f 9040 9273 9039
f 9274 9273 9040
f 9275 9274 9040
f 9041 9275 9040
f 9276 9275 9041
f 9042 9276 9041
f 9277 9276 9042
f 9278 9277 9042
f 9279 9277 9278
f 9280 9279 9278
f 9281 9279 9280
f 9044 9281 9280
f 9282 9281 9044
f 9045 9282 9044
f 9283 9282 9045
f 9046 9283 9045
f 9284 9283 9046
f 9047 9284 9046
f 9285 9284 9047
f 9048 9285 9047
f 9286 9285 9048
f 9049 9286 9048
f 9287 9286 9049
f 9050 9287 9049
f 9281 9288 9279
f 9289 9288 9281
f 9282 9289 9281
f 9290 9289 9282
f 8402 9290 9282
f 9283 8402 9282
f 9291 8402 9283
f 9292 9291 9283
f 9284 9292 9283
f 9293 9292 9284
f 9285 9293 9284
f 9294 9293 9285
f 9286 9294 9285
f 9287 9294 9286
f 9280 9043 9044
f 9278 9043 9280
f 9278 9042 9043
f 9295 9148 9296
f 9145 9148 9295
f 9297 9145 9295
f 9298 9145 9297
f 9143 9145 9298
f 9299 9143 9298
f 9300 9143 9299
f 9141 9143 9300
f 9301 9141 9300
f 9140 9141 9301
f 9302 9140 9301
f 9138 9140 9302
f 9303 9138 9302
f 9136 9138 9303
f 9304 9136 9303
f 9134 9136 9304
f 9305 9134 9304
f 9132 9134 9305
f 9306 9132 9305
f 9130 9132 9306
f 9307 9130 9306
f 9128 9130 9307
f 9308 9128 9307
f 9126 9128 9308
f 9121 9126 9308
f 9148 9309 9296
f 9149 9309 9148
f 9310 9309 9149
f 9311 9310 9149
f 9150 9311 9149
f 9312 9311 9150
f 9151 9312 9150
f 9313 9312 9151
f 9152 9313 9151
f 9307 9314 9308
f 9306 9314 9307
f 9306 9315 9314
f 9316 9315 9306
f 9317 9316 9306
f 9305 9317 9306
f 8302 9317 9305
f 9318 8302 9305
f 9304 9318 9305
f 9319 9318 9304
f 9320 9319 9304
f 9303 9320 9304
f 9321 9320 9303
f 9302 9321 9303
f 9322 9321 9302
f 9301 9322 9302
f 9323 9324 9325
f 9326 9324 9323
f 9327 9326 9323
f 9092 9326 9327
f 9328 9092 9327
f 9086 9092 9328
f 9329 9086 9328
f 9330 9325 9324
f 9331 9325 9330
f 9332 9331 9330
f 9333 9331 9332
f 8306 9333 9332
f 9334 8306 9332
f 9335 8306 9334
f 9336 9335 9334
f 9337 9336 9334
f 9338 9336 9337
f 9339 9338 9337
f 9340 9339 9337
f 9341 9339 9340
f 9111 9341 9340
f 9113 9341 9111
f 9340 9109 9111
f 9337 9109 9340
f 9337 9099 9109
f 9334 9099 9337
f 9334 9098 9099
f 9332 9098 9334
f 9332 9096 9098
f 9330 9096 9332
f 9324 9096 9330
f 9094 9096 9324
f 9326 9094 9324
f 9092 9094 9326
f 9105 9342 9082
f 9343 9342 9105
f 9106 9343 9105
f 9344 9343 9106
f 9107 9344 9106
f 9345 9344 9107
f 9104 9345 9107
f 9346 9345 9104
f 8272 9345 9346
f 8271 8272 9346
f 9343 8262 9342
f 8263 8262 9343
f 9344 8263 9343
f 8273 8263 9344
f 9345 8273 9344
f 8272 8273 9345
f 8289 9327 9323
f 9328 9327 8289
f 8290 9328 8289
f 9347 9328 8290
f 8291 9347 8290
f 9348 9347 8291
f 8292 9348 8291
f 9349 9348 8292
f 8293 9349 8292
f 9350 9349 8293
f 9351 9350 8293
f 9084 9350 9351
f 9083 9084 9351
f 9347 9329 9328
f 9086 9329 9347
f 9348 9086 9347
f 9085 9086 9348
f 9349 9085 9348
f 9084 9085 9349
f 9350 9084 9349
f 9083 9352 9104
f 9353 9352 9083
f 9351 9353 9083
f 8294 9353 9351
f 8293 8294 9351
f 9352 9346 9104
f 8275 9346 9352
f 8295 8275 9352
f 8275 8271 9346
f 9353 8295 9352
f 8294 8295 9353
f 9354 8434 9355
f 8262 8434 9354
f 9342 8262 9354
f 9354 9082 9342
f 9081 9082 9354
f 9355 9081 9354
f 9325 8289 9323
f 9331 8289 9325
f 9333 8289 9331
f 8306 8289 9333
f 9356 9100 9103
f 9357 9100 9356
f 8427 9357 9356
f 8419 9357 8427
f 9358 8427 9356
f 8436 8427 9358
f 9359 8436 9358
f 8435 8436 9359
f 9355 8435 9359
f 8434 8435 9355
f 9359 9081 9355
f 9101 9081 9359
f 9358 9101 9359
f 9102 9101 9358
f 9356 9102 9358
f 9103 9102 9356
f 9360 9295 8337
f 9297 9295 9360
f 9298 9297 9360
f 9361 9298 9360
f 9299 9298 9361
f 9362 9299 9361
f 9300 9299 9362
f 9363 9300 9362
f 9301 9300 9363
f 9364 9301 9363
f 9322 9301 9364
f 9365 9322 9364
f 9366 9322 9365
f 8322 9366 9365
f 9321 9366 8322
f 8304 9321 8322
f 9366 9321 9322
f 9365 8343 8322
f 9364 8343 9365
f 9364 8342 8343
f 9363 8342 9364
f 9363 8341 8342
f 9362 8341 9363
f 9362 8340 8341
f 9361 8340 9362
f 9361 8339 8340
f 9360 8339 9361
f 9360 8338 8339
f 8337 8338 9360
f 9072 9367 9247
f 9368 9367 9072
f 9073 9368 9072
f 9369 9368 9073
f 9077 9369 9073
f 9370 9369 9077
f 9371 9370 9077
f 8423 9370 9371
f 8422 8423 9371
f 9367 9246 9247
f 9248 9246 9367
f 8404 9248 9367
f 8399 9248 8404
f 9250 9248 8399
f 9367 8425 8404
f 9368 8425 9367
f 9368 8424 8425
f 9369 8424 9368
f 9369 8423 8424
f 9370 8423 9369
f 9372 8422 9371
f 8421 8422 9372
f 9373 8421 9372
f 8420 8421 9373
f 9357 8420 9373
f 8419 8420 9357
f 9373 9100 9357
f 9080 9100 9373
f 9372 9080 9373
f 9371 9080 9372
f 9371 9077 9080
f 9374 9028 9265
f 9152 9028 9374
f 9313 9152 9374
f 9374 9312 9313
f 9311 9312 9374
f 9310 9311 9374
f 9374 9309 9310
f 8337 9309 9374
f 8349 8337 9374
f 8337 9296 9309
f 9295 9296 8337
f 8349 9270 9271
f 9269 9270 8349
f 9374 9269 8349
f 9268 9269 9374
f 9267 9268 9374
f 9374 9266 9267
f 9265 9266 9374
f 9288 8391 9279
f 9289 8391 9288
f 9290 8391 9289
f 8402 8391 9290
f 9279 9375 9277
f 8392 9375 9279
f 8391 8392 9279
f 9376 9277 9375
f 9276 9277 9376
f 9377 9276 9376
f 9378 9276 9377
f 8395 9378 9377
f 8396 9378 8395
f 9379 9378 8396
f 8397 9379 8396
f 9380 9379 8397
f 8377 9380 8397
f 9381 9380 8377
f 8349 9381 8377
f 9272 9381 8349
f 9271 9272 8349
f 9378 9275 9276
f 9379 9275 9378
f 9379 9274 9275
f 9380 9274 9379
f 9380 9273 9274
f 9381 9273 9380
f 9381 9272 9273
f 9377 8394 8395
f 9376 8394 9377
f 9376 8393 8394
f 9375 8393 9376
f 9375 8392 8393
f 9382 9121 9308
f 9113 9121 9382
f 9341 9113 9382
f 9382 9339 9341
f 9338 9339 9382
f 9336 9338 9382
f 9316 9336 9382
f 9335 9336 9316
f 9317 9335 9316
f 8302 9335 9317
f 8306 9335 8302
f 9382 9315 9316
f 9314 9315 9382
f 9308 9314 9382
f 9318 8304 8302
f 9319 8304 9318
f 9320 8304 9319
f 9321 8304 9320
f 9383 9062 9264
f 9050 9062 9383
f 9287 9050 9383
f 9383 9294 9287
f 9293 9294 9383
f 9292 9293 9383
f 9258 9292 9383
f 9291 9292 9258
f 9257 9291 9258
f 8402 9291 9257
f 8400 8402 9257
f 9383 9260 9258
f 9262 9260 9383
f 9264 9262 9383
f 9255 8399 8400
f 9253 8399 9255
f 9252 8399 9253
f 9250 8399 9252
f 9384 4833 5098
f 4834 4833 9384
f 8751 4834 9384
f 9385 8751 9384
f 8779 8751 9385
f 9386 8779 9385
f 8777 8779 9386
f 9387 8777 9386
f 8775 8777 9387
f 9388 8775 9387
f 8773 8775 9388
f 9389 8773 9388
f 8771 8773 9389
f 9390 8771 9389
f 9391 8771 9390
f 5103 9391 9390
f 5096 9391 5103
f 9392 9391 5096
f 5097 9392 5096
f 9178 9392 5097
f 9393 9392 9178
f 9176 9393 9178
f 9394 9393 9176
f 9174 9394 9176
f 9395 9394 9174
f 9172 9395 9174
f 9396 9395 9172
f 9170 9396 9172
f 9397 9396 9170
f 9168 9397 9170
f 9398 9397 9168
f 9166 9398 9168
f 4874 9398 9166
f 8752 9398 4874
f 4875 8752 4874
f 9391 8769 8771
f 9392 8769 9391
f 9392 8766 8769
f 8764 8766 9392
f 9393 8764 9392
f 8762 8764 9393
f 9394 8762 9393
f 8760 8762 9394
f 9395 8760 9394
f 8758 8760 9395
f 9396 8758 9395
f 8756 8758 9396
f 9397 8756 9396
f 8754 8756 9397
f 9398 8754 9397
f 8752 8754 9398
f 9389 5103 9390
f 5102 5103 9389
f 9388 5102 9389
f 5101 5102 9388
f 9387 5101 9388
f 5100 5101 9387
f 9386 5100 9387
f 5099 5100 9386
f 9385 5099 9386
f 5098 5099 9385
f 9384 5098 9385
f 5991 5771 7886
f 5772 5771 5991
f 5992 5772 5991
f 5773 5772 5992
f 5993 5773 5992
f 5774 5773 5993
f 5994 5774 5993
f 5775 5774 5994
f 5995 5775 5994
f 5776 5775 5995
f 5996 5776 5995
f 5777 5776 5996
f 5965 5777 5996
f 5786 5777 5965
f 5963 5786 5965
f 5785 5786 5963
f 5962 5785 5963
f 5960 5785 5962
f 5784 5785 5960
f 5958 5784 5960
f 5783 5784 5958
f 5956 5783 5958
f 5782 5783 5956
f 5954 5782 5956
f 5781 5782 5954
f 5952 5781 5954
f 5780 5781 5952
f 5950 5780 5952
f 5779 5780 5950
f 5946 5779 5950
f 5778 5779 5946
f 5948 5778 5946
f 5733 5778 5948
f 7662 5733 5948
f 7856 5733 7662
f 7664 7856 7662
f 7899 7856 7664
f 7666 7899 7664
f 7898 7899 7666
f 7668 7898 7666
f 7897 7898 7668
f 7670 7897 7668
f 7896 7897 7670
f 7672 7896 7670
f 7870 7896 7672
f 7674 7870 7672
f 7871 7870 7674
f 7676 7871 7674
f 7677 7871 7676
f 7873 7871 7677
f 7679 7873 7677
f 7874 7873 7679
f 7681 7874 7679
f 7876 7874 7681
f 7683 7876 7681
f 7878 7876 7683
f 7685 7878 7683
f 7880 7878 7685
f 7686 7880 7685
f 7882 7880 7686
f 7688 7882 7686
f 7884 7882 7688
f 7690 7884 7688
f 7692 7884 7690
f 7886 7884 7692
f 5991 7886 7692
f 6042 5725 7943
f 5723 5725 6042
f 6043 5723 6042
f 5721 5723 6043
f 6044 5721 6043
f 5719 5721 6044
f 6045 5719 6044
f 5717 5719 6045
f 6046 5717 6045
f 5706 5717 6046
f 6047 5706 6046
f 5705 5706 6047
f 6016 5705 6047
f 5715 5705 6016
f 6014 5715 6016
f 5714 5715 6014
f 6013 5714 6014
f 6011 5714 6013
f 5713 5714 6011
f 6009 5713 6011
f 5712 5713 6009
f 6007 5712 6009
f 5711 5712 6007
f 6005 5711 6007
f 5710 5711 6005
f 6003 5710 6005
f 5709 5710 6003
f 6001 5709 6003
f 5708 5709 6001
f 5997 5708 6001
f 5707 5708 5997
f 5999 5707 5997
f 5684 5707 5999
f 7304 5684 5999
f 7901 5684 7304
f 7306 7901 7304
f 7950 7901 7306
f 7308 7950 7306
f 7949 7950 7308
f 7310 7949 7308
f 7948 7949 7310
f 7312 7948 7310
f 7947 7948 7312
f 7314 7947 7312
f 7915 7947 7314
f 7316 7915 7314
f 7916 7915 7316
f 7318 7916 7316
f 7319 7916 7318
f 7918 7916 7319
f 7321 7918 7319
f 7919 7918 7321
f 7323 7919 7321
f 7921 7919 7323
f 7325 7921 7323
f 7930 7921 7325
f 7327 7930 7325
f 7937 7930 7327
f 7328 7937 7327
f 7940 7937 7328
f 7330 7940 7328
f 7941 7940 7330
f 7332 7941 7330
f 7334 7941 7332
f 7943 7941 7334
f 6042 7943 7334
f 6143 5829 7846
f 5827 5829 6143
f 6144 5827 6143
f 5825 5827 6144
f 6145 5825 6144
f 5823 5825 6145
f 6146 5823 6145
f 5821 5823 6146
f 6147 5821 6146
f 6148 5821 6147
f 5810 5821 6148
f 6149 5810 6148
f 5809 5810 6149
f 6116 5809 6149
f 5819 5809 6116
f 6115 5819 6116
f 5818 5819 6115
f 5817 5818 6115
f 6113 5817 6115
f 5816 5817 6113
f 6111 5816 6113
f 5815 5816 6111
f 6109 5815 6111
f 5814 5815 6109
f 6107 5814 6109
f 6105 5814 6107
f 5813 5814 6105
f 6103 5813 6105
f 5812 5813 6103
f 6099 5812 6103
f 5811 5812 6099
f 6101 5811 6099
f 5788 5811 6101
f 6588 5788 6101
f 7810 5788 6588
f 6590 7810 6588
f 7854 7810 6590
f 6592 7854 6590
f 7853 7854 6592
f 6594 7853 6592
f 7852 7853 6594
f 6596 7852 6594
f 7851 7852 6596
f 6598 7851 6596
f 7824 7851 6598
f 6600 7824 6598
f 7825 7824 6600
f 6602 7825 6600
f 6603 7825 6602
f 7828 7825 6603
f 6605 7828 6603
f 7831 7828 6605
f 6607 7831 6605
f 7834 7831 6607
f 6609 7834 6607
f 7850 7834 6609
f 6611 7850 6609
f 7849 7850 6611
f 6612 7849 6611
f 7848 7849 6612
f 6614 7848 6612
f 7847 7848 6614
f 6616 7847 6614
f 6618 7847 6616
f 7846 7847 6618
f 6143 7846 6618
f 6092 5875 7795
f 5876 5875 6092
f 6093 5876 6092
f 5877 5876 6093
f 6094 5877 6093
f 5878 5877 6094
f 6095 5878 6094
f 5879 5878 6095
f 6096 5879 6095
f 6097 5879 6096
f 5880 5879 6097
f 6098 5880 6097
f 5860 5880 6098
f 6065 5860 6098
f 5857 5860 6065
f 6064 5857 6065
f 5854 5857 6064
f 5851 5854 6064
f 6062 5851 6064
f 5849 5851 6062
f 6060 5849 6062
f 5885 5849 6060
f 6058 5885 6060
f 5884 5885 6058
f 6056 5884 6058
f 6054 5884 6056
f 5883 5884 6054
f 6052 5883 6054
f 5882 5883 6052
f 6048 5882 6052
f 5881 5882 6048
f 6050 5881 6048
f 5837 5881 6050
f 6946 5837 6050
f 7765 5837 6946
f 6948 7765 6946
f 7808 7765 6948
f 6950 7808 6948
f 7807 7808 6950
f 6952 7807 6950
f 7806 7807 6952
f 6954 7806 6952
f 7805 7806 6954
f 6956 7805 6954
f 7779 7805 6956
f 6958 7779 6956
f 7780 7779 6958
f 6960 7780 6958
f 6961 7780 6960
f 7782 7780 6961
f 6963 7782 6961
f 7783 7782 6963
f 6965 7783 6963
f 7785 7783 6965
f 6967 7785 6965
f 7787 7785 6967
f 6969 7787 6967
f 7789 7787 6969
f 6970 7789 6969
f 7791 7789 6970
f 6972 7791 6970
f 7793 7791 6972
f 6974 7793 6972
f 6976 7793 6974
f 7795 7793 6976
f 6092 7795 6976
f 9008 4787 4786
f 9399 4787 9008
f 9023 9399 9008
f 9024 9399 9023
f 9400 9399 9024
f 9025 9400 9024
f 9401 9400 9025
f 9026 9401 9025
f 9027 9401 9026
f 9402 9401 9027
f 8992 9402 9027
f 9403 9402 8992
f 5105 9403 8992
f 5126 9403 5105
f 9404 9403 5126
f 5127 9404 5126
f 9405 9404 5127
f 5128 9405 5127
f 9406 9405 5128
f 5129 9406 5128
f 9407 9406 5129
f 5130 9407 5129
f 9408 9407 5130
f 5131 9408 5130
f 9409 9408 5131
f 5132 9409 5131
f 4815 9409 5132
f 9410 9409 4815
f 4813 9410 4815
f 9399 9411 4787
f 9412 9411 9399
f 9400 9412 9399
f 9413 9412 9400
f 9414 9413 9400
f 9401 9414 9400
f 9415 9414 9401
f 9416 9415 9401
f 9402 9416 9401
f 9417 9416 9402
f 9403 9417 9402
f 9418 9417 9403
f 9404 9418 9403
f 9419 9418 9404
f 9405 9419 9404
f 9420 9419 9405
f 9421 9420 9405
f 9406 9421 9405
f 9422 9421 9406
f 9407 9422 9406
f 9423 9422 9407
f 9408 9423 9407
f 9424 9423 9408
f 9409 9424 9408
f 9410 9424 9409
f 9425 4737 9426
f 4738 4737 9425
f 9427 4738 9425
f 9428 9427 9425
f 9429 9427 9428
f 9430 9429 9428
f 9431 9429 9430
f 9432 9431 9430
f 9433 9431 9432
f 9434 9433 9432
f 9435 9433 9434
f 9436 9435 9434
f 9437 9435 9436
f 9438 9437 9436
f 9439 9437 9438
f 9440 9439 9438
f 9441 9439 9440
f 9442 9439 9441
f 9443 9442 9441
f 9444 9442 9443
f 9445 9442 9444
f 9446 9445 9444
f 9447 9445 9446
f 9448 9447 9446
f 9449 9447 9448
f 9450 9449 9448
f 9451 9449 9450
f 9452 9451 9450
f 9453 9451 9452
f 9454 9453 9452
f 9455 9453 9454
f 9456 9455 9454
f 4778 9455 9456
f 9457 9455 4778
f 4779 9457 4778
f 9439 9458 9437
f 9442 9458 9439
f 9442 9459 9458
f 9460 9459 9442
f 9445 9460 9442
f 9461 9460 9445
f 9447 9461 9445
f 9462 9461 9447
f 9449 9462 9447
f 9463 9462 9449
f 9451 9463 9449
f 9464 9463 9451
f 9453 9464 9451
f 9465 9464 9453
f 9455 9465 9453
f 9457 9465 9455
f 9436 9440 9438
f 9466 9440 9436
f 9434 9466 9436
f 9467 9466 9434
f 9432 9467 9434
f 9468 9467 9432
f 9430 9468 9432
f 9469 9468 9430
f 9428 9469 9430
f 9426 9469 9428
f 9425 9426 9428
f 9470 4738 9427
f 4736 4738 9470
f 4740 4736 9470
f 9470 4742 4740
f 4744 4742 9470
f 4746 4744 9470
f 9470 4748 4746
f 4750 4748 9470
f 4752 4750 9470
f 9470 4753 4752
f 4755 4753 9470
f 4784 4755 9470
f 9470 4783 4784
f 4782 4783 9470
f 4781 4782 9470
f 9470 4780 4781
f 4779 4780 9470
f 9457 4779 9470
f 9470 9465 9457
f 9464 9465 9470
f 9463 9464 9470
f 9470 9462 9463
f 9461 9462 9470
f 9460 9461 9470
f 9470 9459 9460
f 9458 9459 9470
f 9437 9458 9470
f 9470 9435 9437
f 9433 9435 9470
f 9431 9433 9470
f 9470 9429 9431
f 9427 9429 9470
f 9418 4778 9417
f 4776 4778 9418
f 9419 4776 9418
f 4774 4776 9419
f 9420 4774 9419
f 4772 4774 9420
f 9421 4772 9420
f 4770 4772 9421
f 9422 4770 9421
f 4759 4770 9422
f 9423 4759 9422
f 4758 4759 9423
f 9424 4758 9423
f 4768 4758 9424
f 9410 4768 9424
f 4767 4768 9410
f 4813 4767 9410
f 4812 4767 4813
f 4766 4767 4812
f 4811 4766 4812
f 4765 4766 4811
f 4809 4765 4811
f 4764 4765 4809
f 4807 4764 4809
f 4763 4764 4807
f 4806 4763 4807
f 4762 4763 4806
f 4804 4762 4806
f 4761 4762 4804
f 4802 4761 4804
f 4760 4761 4802
f 4801 4760 4802
f 4737 4760 4801
f 9426 4737 4801
f 9456 9417 4778
f 9416 9417 9456
f 9454 9416 9456
f 9415 9416 9454
f 9452 9415 9454
f 9414 9415 9452
f 9450 9414 9452
f 9413 9414 9450
f 9448 9413 9450
f 9412 9413 9448
f 9446 9412 9448
f 9411 9412 9446
f 9444 9411 9446
f 4787 9411 9444
f 9443 4787 9444
f 4785 4787 9443
f 9441 4785 9443
f 4789 4785 9441
f 9440 4789 9441
f 4791 4789 9440
f 9466 4791 9440
f 4793 4791 9466
f 9467 4793 9466
f 4795 4793 9467
f 9468 4795 9467
f 4797 4795 9468
f 9469 4797 9468
f 4799 4797 9469
f 9426 4799 9469
f 4801 4799 9426

