# https://github.com/mikedh/trimesh
v 0.00549584 -0.00061304 0.01904836
v 0.00555664 0.00016437 0.01804834
v 0.00547317 -0.00074545 0.01804834
v 0.00555664 0.00016437 0.02004834
v 0.00547317 -0.00074545 0.02004834
v 0.00530193 -0.00141114 0.01904836
v 0.00520558 -0.00167610 0.02004834
v 0.00496439 -0.00219609 0.01904833
v 0.00474162 -0.00257167 0.02004834
v 0.00448446 -0.00292953 0.01904833
v 0.00409218 -0.00337117 0.02004834
v 0.00387697 -0.00357400 0.01904833
v 0.00329269 -0.00402060 0.02004834
v 0.00316923 -0.00409878 0.01904833
v 0.00239711 -0.00448457 0.02004834
v 0.00239712 -0.00448457 0.01904833
v 0.00159932 -0.00472570 0.01904833
v 0.00239712 -0.00448457 0.01804834
v 0.00146646 -0.00475216 0.01804834
v 0.00055664 -0.00483562 0.01904833
v 0.00055664 -0.00483562 0.01804834
v -0.00035317 -0.00475216 0.01804834
v -0.00048603 -0.00472570 0.01904833
v -0.00128383 -0.00448457 0.01804834
v -0.00154596 -0.00437205 0.01904833
v -0.00217941 -0.00402060 0.01804834
v -0.00253726 -0.00376345 0.01904833
v -0.00297889 -0.00337117 0.01804834
v -0.00337118 -0.00292953 0.01904833
v -0.00362834 -0.00257167 0.01804834
v -0.00397977 -0.00193823 0.01904833
v -0.00409230 -0.00167610 0.01804834
v -0.00433343 -0.00087831 0.01904833
v -0.00435988 -0.00074545 0.01804834
v -0.00444336 0.00016437 0.01804834
v -0.00435989 -0.00074545 0.02004834
v -0.00444336 0.00016437 0.02004834
v 0.00146646 -0.00475216 0.02004834
v 0.00055664 -0.00483562 0.02004834
v -0.00035317 -0.00475216 0.02004834
v -0.00128383 -0.00448457 0.02004834
v -0.00217941 -0.00402060 0.02004834
v -0.00297889 -0.00337117 0.02004834
v -0.00362834 -0.00257167 0.02004834
v -0.00409230 -0.00167610 0.02004834
v 0.00329269 -0.00402060 0.01804834
v 0.00409218 -0.00337117 0.01804834
v 0.00474162 -0.00257167 0.01804834
v 0.00520558 -0.00167610 0.01804834
v 0.00570655 -0.00586701 0.02004834
v 0.00550639 -0.00588538 0.01804834
v 0.00550639 -0.00588538 0.02004834
v 0.00573578 -0.00586120 0.01904836
v 0.00591129 -0.00580815 0.02004834
v 0.00596896 -0.00578338 0.01904836
v 0.00610832 -0.00570607 0.02004834
v 0.00618705 -0.00564949 0.01904836
v 0.00628421 -0.00556319 0.02004834
v 0.00637051 -0.00546603 0.01904836
v 0.00642709 -0.00538731 0.02004834
v 0.00650440 -0.00524795 0.01904836
v 0.00652916 -0.00519029 0.02004834
v 0.00658221 -0.00501476 0.01904836
v 0.00658803 -0.00498553 0.02004834
v 0.00660639 -0.00478538 0.01904836
v 0.00660639 -0.00478538 0.02004834
v 0.00658803 -0.00458521 0.02004834
v 0.00658221 -0.00455599 0.01904836
v 0.00652916 -0.00438047 0.02004834
v 0.00652916 -0.00438047 0.01904836
v 0.00644428 -0.00421061 0.01904836
v 0.00652916 -0.00438047 0.01804834
v 0.00642709 -0.00418344 0.01804834
v 0.00570655 -0.00586701 0.01804834
v 0.00591129 -0.00580815 0.01804834
v 0.00610832 -0.00570607 0.01804834
v 0.00628421 -0.00556319 0.01804834
v 0.00642709 -0.00538731 0.01804834
v 0.00652916 -0.00519029 0.01804834
v 0.00658803 -0.00498553 0.01804834
v 0.00660639 -0.00478538 0.01804834
v 0.00658803 -0.00458521 0.01804834
v 0.00632883 -0.00405491 0.01904836
v 0.00628421 -0.00400755 0.01804834
v 0.00618705 -0.00392126 0.01904836
v 0.00610832 -0.00386468 0.01804834
v 0.00602569 -0.00381567 0.01904836
v 0.00591129 -0.00376261 0.01804834
v 0.00585300 -0.00374142 0.01904836
v 0.00570655 -0.00370375 0.01804834
v 0.00567742 -0.00369875 0.01904836
v 0.00550639 -0.00368537 0.01804834
v 0.00550639 -0.00368537 0.02004834
v 0.00570655 -0.00370375 0.02004834
v 0.00591129 -0.00376261 0.02004834
v 0.00610832 -0.00386468 0.02004834
v 0.00628421 -0.00400755 0.02004834
v 0.00642709 -0.00418344 0.02004834
v -0.00419295 -0.00586701 0.02004834
v -0.00439311 -0.00588538 0.01804834
v -0.00439311 -0.00588538 0.02004834
v -0.00416372 -0.00586120 0.01904833
v -0.00398820 -0.00580815 0.02004834
v -0.00393053 -0.00578338 0.01904833
v -0.00379118 -0.00570607 0.02004834
v -0.00371245 -0.00564949 0.01904833
v -0.00361529 -0.00556319 0.02004834
v -0.00352899 -0.00546603 0.01904833
v -0.00347241 -0.00538731 0.02004834
v -0.00339509 -0.00524795 0.01904833
v -0.00337034 -0.00519029 0.02004834
v -0.00331729 -0.00501476 0.01904833
v -0.00331147 -0.00498553 0.02004834
v -0.00329311 -0.00478538 0.01904833
v -0.00329311 -0.00478538 0.02004834
v -0.00331147 -0.00458521 0.02004834
v -0.00331729 -0.00455599 0.01904833
v -0.00337034 -0.00438047 0.02004834
v -0.00337034 -0.00438047 0.01904833
v -0.00345521 -0.00421061 0.01904833
v -0.00337034 -0.00438047 0.01804834
v -0.00347241 -0.00418344 0.01804834
v -0.00419295 -0.00586701 0.01804834
v -0.00398820 -0.00580815 0.01804834
v -0.00379117 -0.00570607 0.01804834
v -0.00361529 -0.00556319 0.01804834
v -0.00347241 -0.00538731 0.01804834
v -0.00337034 -0.00519029 0.01804834
v -0.00331147 -0.00498553 0.01804834
v -0.00329311 -0.00478538 0.01804834
v -0.00331147 -0.00458521 0.01804834
v -0.00357066 -0.00405491 0.01904833
v -0.00361529 -0.00400755 0.01804834
v -0.00371245 -0.00392126 0.01904833
v -0.00379117 -0.00386468 0.01804834
v -0.00387380 -0.00381567 0.01904833
v -0.00398820 -0.00376261 0.01804834
v -0.00404649 -0.00374142 0.01904833
v -0.00419295 -0.00370375 0.01804834
v -0.00422208 -0.00369875 0.01904833
v -0.00439311 -0.00368537 0.01804834
v -0.00439311 -0.00368537 0.02004834
v -0.00419295 -0.00370375 0.02004834
v -0.00398820 -0.00376261 0.02004834
v -0.00379118 -0.00386468 0.02004834
v -0.00361529 -0.00400755 0.02004834
v -0.00347241 -0.00418344 0.02004834
v -0.00419295 0.00403249 0.02004834
v -0.00439311 0.00401412 0.01804834
v -0.00439311 0.00401412 0.02004834
v -0.00416372 0.00403830 0.01904833
v -0.00398820 0.00409135 0.02004834
v -0.00393053 0.00411612 0.01904833
v -0.00379118 0.00419342 0.02004834
v -0.00371245 0.00425000 0.01904833
v -0.00361529 0.00433631 0.02004834
v -0.00352899 0.00443347 0.01904833
v -0.00347241 0.00451219 0.02004834
v -0.00339509 0.00465154 0.01904833
v -0.00337034 0.00470921 0.02004834
v -0.00331729 0.00488473 0.01904833
v -0.00331147 0.00491395 0.02004834
v -0.00329311 0.00511412 0.01904833
v -0.00329311 0.00511412 0.02004834
v -0.00331147 0.00531427 0.02004834
v -0.00331729 0.00534351 0.01904833
v -0.00337034 0.00551903 0.02004834
v -0.00337034 0.00551903 0.01904833
v -0.00345521 0.00568889 0.01904833
v -0.00337034 0.00551903 0.01804834
v -0.00347241 0.00571605 0.01804834
v -0.00419295 0.00403249 0.01804834
v -0.00398820 0.00409135 0.01804834
v -0.00379117 0.00419342 0.01804834
v -0.00361529 0.00433630 0.01804834
v -0.00347241 0.00451219 0.01804834
v -0.00337034 0.00470921 0.01804834
v -0.00331147 0.00491395 0.01804834
v -0.00329311 0.00511412 0.01804834
v -0.00331147 0.00531427 0.01804834
v -0.00357066 0.00584459 0.01904833
v -0.00361529 0.00589193 0.01804834
v -0.00371245 0.00597824 0.01904833
v -0.00379117 0.00603482 0.01804834
v -0.00387380 0.00608383 0.01904833
v -0.00398820 0.00613689 0.01804834
v -0.00404649 0.00615808 0.01904833
v -0.00419295 0.00619575 0.01804834
v -0.00422208 0.00620074 0.01904833
v -0.00439311 0.00621412 0.01804834
v -0.00439311 0.00621412 0.02004834
v -0.00419295 0.00619575 0.02004834
v -0.00398820 0.00613689 0.02004834
v -0.00379118 0.00603482 0.02004834
v -0.00361529 0.00589193 0.02004834
v -0.00347241 0.00571605 0.02004834
v 0.00570655 0.00403249 0.02004834
v 0.00550639 0.00401412 0.01804834
v 0.00550639 0.00401412 0.02004834
v 0.00573578 0.00403830 0.01904833
v 0.00591129 0.00409135 0.02004834
v 0.00596896 0.00411612 0.01904833
v 0.00610832 0.00419342 0.02004834
v 0.00618705 0.00425000 0.01904833
v 0.00628421 0.00433631 0.02004834
v 0.00637051 0.00443347 0.01904833
v 0.00642709 0.00451219 0.02004834
v 0.00650440 0.00465154 0.01904833
v 0.00652916 0.00470921 0.02004834
v 0.00658221 0.00488473 0.01904833
v 0.00658803 0.00491395 0.02004834
v 0.00660639 0.00511412 0.01904833
v 0.00660639 0.00511412 0.02004834
v 0.00658803 0.00531427 0.02004834
v 0.00658221 0.00534351 0.01904833
v 0.00652916 0.00551903 0.02004834
v 0.00652916 0.00551903 0.01904833
v 0.00644428 0.00568889 0.01904833
v 0.00652916 0.00551903 0.01804834
v 0.00642709 0.00571605 0.01804834
v 0.00570655 0.00403249 0.01804834
v 0.00591129 0.00409135 0.01804834
v 0.00610832 0.00419342 0.01804834
v 0.00628421 0.00433630 0.01804834
v 0.00642709 0.00451219 0.01804834
v 0.00652916 0.00470921 0.01804834
v 0.00658803 0.00491395 0.01804834
v 0.00660639 0.00511412 0.01804834
v 0.00658803 0.00531427 0.01804834
v 0.00632883 0.00584459 0.01904833
v 0.00628421 0.00589193 0.01804834
v 0.00618705 0.00597824 0.01904833
v 0.00610832 0.00603482 0.01804834
v 0.00602569 0.00608383 0.01904833
v 0.00591129 0.00613689 0.01804834
v 0.00585300 0.00615808 0.01904833
v 0.00570655 0.00619575 0.01804834
v 0.00567742 0.00620074 0.01904833
v 0.00550639 0.00621412 0.01804834
v 0.00550639 0.00621412 0.02004834
v 0.00570655 0.00619575 0.02004834
v 0.00591129 0.00613689 0.02004834
v 0.00610832 0.00603482 0.02004834
v 0.00628421 0.00589193 0.02004834
v 0.00642709 0.00571605 0.02004834
v 0.00775680 -0.00091726 0.02004834
v 0.00755664 -0.00093563 0.01804834
v 0.00755664 -0.00093563 0.02004834
v 0.00778603 -0.00091145 0.01904836
v 0.00796155 -0.00085840 0.02004834
v 0.00801921 -0.00083363 0.01904836
v 0.00815857 -0.00075633 0.02004834
v 0.00823730 -0.00069975 0.01904836
v 0.00833446 -0.00061344 0.02004834
v 0.00842076 -0.00051628 0.01904836
v 0.00847734 -0.00043756 0.02004834
v 0.00855465 -0.00029820 0.01904836
v 0.00857941 -0.00024054 0.02004834
v 0.00863246 -0.00006502 0.01904836
v 0.00863828 -0.00003578 0.02004834
v 0.00865664 0.00016437 0.01904836
v 0.00865664 0.00016437 0.02004834
v 0.00863828 0.00036452 0.02004834
v 0.00863246 0.00039376 0.01904836
v 0.00857941 0.00056928 0.02004834
v 0.00857941 0.00056928 0.01904836
v 0.00849454 0.00073914 0.01904836
v 0.00857941 0.00056928 0.01804834
v 0.00847734 0.00076630 0.01804834
v 0.00775680 -0.00091726 0.01804834
v 0.00796155 -0.00085840 0.01804834
v 0.00815857 -0.00075633 0.01804834
v 0.00833446 -0.00061344 0.01804834
v 0.00847734 -0.00043756 0.01804834
v 0.00857941 -0.00024054 0.01804834
v 0.00863828 -0.00003578 0.01804834
v 0.00865664 0.00016437 0.01804834
v 0.00863828 0.00036452 0.01804834
v 0.00837908 0.00089484 0.01904836
v 0.00833446 0.00094218 0.01804834
v 0.00823730 0.00102849 0.01904836
v 0.00815857 0.00108507 0.01804834
v 0.00807594 0.00113408 0.01904836
v 0.00796155 0.00118714 0.01804834
v 0.00790326 0.00120833 0.01904836
v 0.00775680 0.00124600 0.01804834
v 0.00772767 0.00125099 0.01904836
v 0.00755664 0.00126438 0.01804834
v 0.00755664 0.00126438 0.02004834
v 0.00775680 0.00124600 0.02004834
v 0.00796155 0.00118714 0.02004834
v 0.00815857 0.00108507 0.02004834
v 0.00833446 0.00094218 0.02004834
v 0.00847734 0.00076630 0.02004834
v 0.00075680 0.00608274 0.02004834
v 0.00055664 0.00606437 0.01804834
v 0.00055664 0.00606437 0.02004834
v 0.00078603 0.00608855 0.01904833
v 0.00096155 0.00614160 0.02004834
v 0.00101921 0.00616637 0.01904833
v 0.00115857 0.00624367 0.02004834
v 0.00123730 0.00630025 0.01904833
v 0.00133446 0.00638656 0.02004834
v 0.00142076 0.00648372 0.01904833
v 0.00147734 0.00656244 0.02004834
v 0.00155465 0.00670179 0.01904833
v 0.00157941 0.00675946 0.02004834
v 0.00163246 0.00693498 0.01904833
v 0.00163828 0.00696422 0.02004834
v 0.00165664 0.00716437 0.01904833
v 0.00165664 0.00716437 0.02004834
v 0.00163828 0.00736454 0.02004834
v 0.00163246 0.00739376 0.01904833
v 0.00157941 0.00756928 0.02004834
v 0.00157941 0.00756928 0.01904833
v 0.00149453 0.00773914 0.01904833
v 0.00157941 0.00756928 0.01804834
v 0.00147734 0.00776630 0.01804834
v 0.00075680 0.00608274 0.01804834
v 0.00096155 0.00614160 0.01804834
v 0.00115857 0.00624367 0.01804834
v 0.00133446 0.00638656 0.01804834
v 0.00147734 0.00656244 0.01804834
v 0.00157941 0.00675946 0.01804834
v 0.00163828 0.00696422 0.01804834
v 0.00165664 0.00716437 0.01804834
v 0.00163828 0.00736454 0.01804834
v 0.00137908 0.00789484 0.01904833
v 0.00133446 0.00794220 0.01804834
v 0.00123730 0.00802849 0.01904833
v 0.00115857 0.00808507 0.01804834
v 0.00107594 0.00813408 0.01904833
v 0.00096155 0.00818714 0.01804834
v 0.00090326 0.00820833 0.01904833
v 0.00075680 0.00824600 0.01804834
v 0.00072767 0.00825099 0.01904833
v 0.00055664 0.00826437 0.01804834
v 0.00055664 0.00826437 0.02004834
v 0.00075680 0.00824600 0.02004834
v 0.00096155 0.00818714 0.02004834
v 0.00115857 0.00808507 0.02004834
v 0.00133446 0.00794220 0.02004834
v 0.00147734 0.00776630 0.02004834
v -0.00624320 -0.00091726 0.02004834
v -0.00644336 -0.00093563 0.01804834
v -0.00644336 -0.00093563 0.02004834
v -0.00621397 -0.00091145 0.01904833
v -0.00603846 -0.00085840 0.02004834
v -0.00598079 -0.00083363 0.01904833
v -0.00584143 -0.00075633 0.02004834
v -0.00576270 -0.00069975 0.01904833
v -0.00566554 -0.00061344 0.02004834
v -0.00557924 -0.00051628 0.01904833
v -0.00552266 -0.00043756 0.02004834
v -0.00544535 -0.00029820 0.01904833
v -0.00542059 -0.00024054 0.02004834
v -0.00536754 -0.00006502 0.01904833
v -0.00536172 -0.00003578 0.02004834
v -0.00534336 0.00016437 0.01904833
v -0.00534336 0.00016437 0.02004834
v -0.00536172 0.00036452 0.02004834
v -0.00536754 0.00039376 0.01904833
v -0.00542059 0.00056928 0.02004834
v -0.00542059 0.00056928 0.01904833
v -0.00550547 0.00073914 0.01904833
v -0.00542059 0.00056928 0.01804834
v -0.00552266 0.00076630 0.01804834
v -0.00624320 -0.00091726 0.01804834
v -0.00603846 -0.00085840 0.01804834
v -0.00584143 -0.00075633 0.01804834
v -0.00566554 -0.00061344 0.01804834
v -0.00552266 -0.00043756 0.01804834
v -0.00542059 -0.00024054 0.01804834
v -0.00536172 -0.00003578 0.01804834
v -0.00534336 0.00016437 0.01804834
v -0.00536172 0.00036452 0.01804834
v -0.00562092 0.00089484 0.01904833
v -0.00566554 0.00094218 0.01804834
v -0.00576270 0.00102849 0.01904833
v -0.00584143 0.00108507 0.01804834
v -0.00592406 0.00113408 0.01904833
v -0.00603846 0.00118714 0.01804834
v -0.00609674 0.00120833 0.01904833
v -0.00624320 0.00124600 0.01804834
v -0.00627233 0.00125099 0.01904833
v -0.00644336 0.00126438 0.01804834
v -0.00644336 0.00126438 0.02004834
v -0.00624320 0.00124600 0.02004834
v -0.00603846 0.00118714 0.02004834
v -0.00584143 0.00108507 0.02004834
v -0.00566554 0.00094218 0.02004834
v -0.00552266 0.00076630 0.02004834
v 0.00075680 -0.00791726 0.02004834
v 0.00055664 -0.00793563 0.01804834
v 0.00055664 -0.00793563 0.02004834
v 0.00078603 -0.00791145 0.01904833
v 0.00096155 -0.00785840 0.02004834
v 0.00101921 -0.00783363 0.01904833
v 0.00115857 -0.00775632 0.02004834
v 0.00123730 -0.00769975 0.01904833
v 0.00133446 -0.00761345 0.02004834
v 0.00142076 -0.00751628 0.01904833
v 0.00147734 -0.00743756 0.02004834
v 0.00155465 -0.00729820 0.01904833
v 0.00157941 -0.00724054 0.02004834
v 0.00163246 -0.00706502 0.01904833
v 0.00163828 -0.00703579 0.02004834
v 0.00165664 -0.00683563 0.01904833
v 0.00165664 -0.00683563 0.02004834
v 0.00163828 -0.00663547 0.02004834
v 0.00163246 -0.00660624 0.01904833
v 0.00157941 -0.00643072 0.02004834
v 0.00157941 -0.00643072 0.01904833
v 0.00149453 -0.00626086 0.01904833
v 0.00157941 -0.00643072 0.01804834
v 0.00147734 -0.00623369 0.01804834
v 0.00075680 -0.00791726 0.01804834
v 0.00096155 -0.00785840 0.01804834
v 0.00115857 -0.00775632 0.01804834
v 0.00133446 -0.00761345 0.01804834
v 0.00147734 -0.00743756 0.01804834
v 0.00157941 -0.00724054 0.01804834
v 0.00163828 -0.00703579 0.01804834
v 0.00165664 -0.00683563 0.01804834
v 0.00163828 -0.00663547 0.01804834
v 0.00137908 -0.00610516 0.01904833
v 0.00133446 -0.00605782 0.01804834
v 0.00123730 -0.00597151 0.01904833
v 0.00115857 -0.00591493 0.01804834
v 0.00107594 -0.00586592 0.01904833
v 0.00096155 -0.00581286 0.01804834
v 0.00090326 -0.00579167 0.01904833
v 0.00075680 -0.00575400 0.01804834
v 0.00072767 -0.00574900 0.01904833
v 0.00055664 -0.00573562 0.01804834
v 0.00055664 -0.00573562 0.02004834
v 0.00075680 -0.00575400 0.02004834
v 0.00096155 -0.00581286 0.02004834
v 0.00115857 -0.00591493 0.02004834
v 0.00133446 -0.00605782 0.02004834
v 0.00147734 -0.00623369 0.02004834
v -0.00826140 -0.01781893 0.02004834
v -0.00844336 -0.01783563 0.01804834
v -0.00844336 -0.01783563 0.02004834
v -0.00823482 -0.01781364 0.01904833
v -0.00807526 -0.01776542 0.02004834
v -0.00802284 -0.01774290 0.01904833
v -0.00789615 -0.01767263 0.02004834
v -0.00782458 -0.01762119 0.01904833
v -0.00773625 -0.01754274 0.02004834
v -0.00765779 -0.01745440 0.01904833
v -0.00760636 -0.01738283 0.02004834
v -0.00753607 -0.01725614 0.01904833
v -0.00751357 -0.01720372 0.02004834
v -0.00746534 -0.01704416 0.01904833
v -0.00746005 -0.01701759 0.02004834
v -0.00744336 -0.01683563 0.01904833
v -0.00744336 -0.01683563 0.02004834
v -0.00746005 -0.01665366 0.02004834
v -0.00746534 -0.01662709 0.01904833
v -0.00751357 -0.01646753 0.02004834
v -0.00751357 -0.01646753 0.01904833
v -0.00759073 -0.01631311 0.01904833
v -0.00751357 -0.01646753 0.01804834
v -0.00760636 -0.01628842 0.01804834
v -0.00826140 -0.01781893 0.01804834
v -0.00807526 -0.01776542 0.01804834
v -0.00789615 -0.01767263 0.01804834
v -0.00773625 -0.01754274 0.01804834
v -0.00760636 -0.01738283 0.01804834
v -0.00751357 -0.01720372 0.01804834
v -0.00746005 -0.01701759 0.01804834
v -0.00744336 -0.01683563 0.01804834
v -0.00746005 -0.01665366 0.01804834
v -0.00769568 -0.01617156 0.01904833
v -0.00773625 -0.01612853 0.01804834
v -0.00782458 -0.01605007 0.01904833
v -0.00789615 -0.01599863 0.01804834
v -0.00797127 -0.01595408 0.01904833
v -0.00807526 -0.01590584 0.01804834
v -0.00812825 -0.01588658 0.01904833
v -0.00826140 -0.01585232 0.01804834
v -0.00828788 -0.01584779 0.01904833
v -0.00844336 -0.01583563 0.01804834
v -0.00844336 -0.01583563 0.02004834
v -0.00826140 -0.01585232 0.02004834
v -0.00807526 -0.01590584 0.02004834
v -0.00789615 -0.01599863 0.02004834
v -0.00773625 -0.01612853 0.02004834
v -0.00760636 -0.01628842 0.02004834
v 0.00973861 0.01618106 0.02004834
v 0.00955664 0.01616438 0.01804834
v 0.00955664 0.01616438 0.02004834
v 0.00976518 0.01618635 0.01904833
v 0.00992474 0.01623459 0.02004834
v 0.00997716 0.01625709 0.01904833
v 0.01010385 0.01632738 0.02004834
v 0.01017542 0.01637882 0.01904833
v 0.01026375 0.01645727 0.02004834
v 0.01034221 0.01654559 0.01904833
v 0.01039364 0.01661716 0.02004834
v 0.01046393 0.01674385 0.01904833
v 0.01048643 0.01679627 0.02004834
v 0.01053466 0.01695584 0.01904833
v 0.01053995 0.01698240 0.02004834
v 0.01055664 0.01716438 0.01904833
v 0.01055664 0.01716438 0.02004834
v 0.01053995 0.01734634 0.02004834
v 0.01053466 0.01737290 0.01904833
v 0.01048643 0.01753247 0.02004834
v 0.01048643 0.01753247 0.01904833
v 0.01040927 0.01768689 0.01904833
v 0.01048643 0.01753247 0.01804834
v 0.01039364 0.01771158 0.01804834
v 0.00973861 0.01618106 0.01804834
v 0.00992474 0.01623459 0.01804834
v 0.01010385 0.01632738 0.01804834
v 0.01026375 0.01645727 0.01804834
v 0.01039364 0.01661716 0.01804834
v 0.01048643 0.01679627 0.01804834
v 0.01053995 0.01698240 0.01804834
v 0.01055664 0.01716438 0.01804834
v 0.01053995 0.01734634 0.01804834
v 0.01030432 0.01782843 0.01904833
v 0.01026375 0.01787148 0.01804834
v 0.01017542 0.01794994 0.01904833
v 0.01010385 0.01800138 0.01804834
v 0.01002873 0.01804593 0.01904833
v 0.00992474 0.01809417 0.01804834
v 0.00987175 0.01811343 0.01904833
v 0.00973861 0.01814768 0.01804834
v 0.00971212 0.01815221 0.01904833
v 0.00955664 0.01816438 0.01804834
v 0.00955664 0.01816438 0.02004834
v 0.00973861 0.01814768 0.02004834
v 0.00992474 0.01809417 0.02004834
v 0.01010385 0.01800138 0.02004834
v 0.01026375 0.01787148 0.02004834
v 0.01039364 0.01771158 0.02004834
v -0.00826140 0.01618106 0.02004834
v -0.00844336 0.01616438 0.01804834
v -0.00844336 0.01616438 0.02004834
v -0.00823482 0.01618635 0.01904833
v -0.00807526 0.01623459 0.02004834
v -0.00802284 0.01625709 0.01904833
v -0.00789615 0.01632738 0.02004834
v -0.00782458 0.01637882 0.01904833
v -0.00773625 0.01645727 0.02004834
v -0.00765779 0.01654559 0.01904833
v -0.00760636 0.01661716 0.02004834
v -0.00753607 0.01674385 0.01904833
v -0.00751357 0.01679627 0.02004834
v -0.00746534 0.01695584 0.01904833
v -0.00746005 0.01698240 0.02004834
v -0.00744336 0.01716438 0.01904833
v -0.00744336 0.01716438 0.02004834
v -0.00746005 0.01734634 0.02004834
v -0.00746534 0.01737290 0.01904833
v -0.00751357 0.01753247 0.02004834
v -0.00751357 0.01753247 0.01904833
v -0.00759073 0.01768689 0.01904833
v -0.00751357 0.01753247 0.01804834
v -0.00760636 0.01771158 0.01804834
v -0.00826140 0.01618106 0.01804834
v -0.00807526 0.01623459 0.01804834
v -0.00789615 0.01632738 0.01804834
v -0.00773625 0.01645727 0.01804834
v -0.00760636 0.01661716 0.01804834
v -0.00751357 0.01679627 0.01804834
v -0.00746005 0.01698240 0.01804834
v -0.00744336 0.01716438 0.01804834
v -0.00746005 0.01734634 0.01804834
v -0.00769568 0.01782843 0.01904833
v -0.00773625 0.01787148 0.01804834
v -0.00782458 0.01794994 0.01904833
v -0.00789615 0.01800138 0.01804834
v -0.00797127 0.01804593 0.01904833
v -0.00807526 0.01809417 0.01804834
v -0.00812825 0.01811343 0.01904833
v -0.00826140 0.01814768 0.01804834
v -0.00828788 0.01815221 0.01904833
v -0.00844336 0.01816438 0.01804834
v -0.00844336 0.01816438 0.02004834
v -0.00826140 0.01814768 0.02004834
v -0.00807526 0.01809417 0.02004834
v -0.00789615 0.01800138 0.02004834
v -0.00773625 0.01787148 0.02004834
v -0.00760636 0.01771158 0.02004834
v 0.00973861 -0.01781893 0.02004834
v 0.00955664 -0.01783563 0.01804834
v 0.00955664 -0.01783563 0.02004834
v 0.00976518 -0.01781364 0.01904836
v 0.00992474 -0.01776542 0.02004834
v 0.00997716 -0.01774290 0.01904836
v 0.01010385 -0.01767263 0.02004834
v 0.01017542 -0.01762119 0.01904836
v 0.01026375 -0.01754274 0.02004834
v 0.01034221 -0.01745440 0.01904836
v 0.01039364 -0.01738283 0.02004834
v 0.01046393 -0.01725614 0.01904836
v 0.01048643 -0.01720372 0.02004834
v 0.01053466 -0.01704416 0.01904836
v 0.01053995 -0.01701759 0.02004834
v 0.01055664 -0.01683563 0.01904836
v 0.01055664 -0.01683563 0.02004834
v 0.01053995 -0.01665366 0.02004834
v 0.01053466 -0.01662709 0.01904836
v 0.01048643 -0.01646753 0.02004834
v 0.01048643 -0.01646753 0.01904836
v 0.01040927 -0.01631311 0.01904836
v 0.01048643 -0.01646753 0.01804834
v 0.01039364 -0.01628842 0.01804834
v 0.00973861 -0.01781893 0.01804834
v 0.00992474 -0.01776542 0.01804834
v 0.01010385 -0.01767263 0.01804834
v 0.01026375 -0.01754274 0.01804834
v 0.01039364 -0.01738283 0.01804834
v 0.01048643 -0.01720372 0.01804834
v 0.01053995 -0.01701759 0.01804834
v 0.01055664 -0.01683563 0.01804834
v 0.01053995 -0.01665366 0.01804834
v 0.01030432 -0.01617156 0.01904836
v 0.01026375 -0.01612853 0.01804834
v 0.01017542 -0.01605007 0.01904836
v 0.01010385 -0.01599863 0.01804834
v 0.01002873 -0.01595408 0.01904836
v 0.00992474 -0.01590584 0.01804834
v 0.00987175 -0.01588658 0.01904836
v 0.00973861 -0.01585232 0.01804834
v 0.00971212 -0.01584779 0.01904836
v 0.00955664 -0.01583563 0.01804834
v 0.00955664 -0.01583563 0.02004834
v 0.00973861 -0.01585232 0.02004834
v 0.00992474 -0.01590584 0.02004834
v 0.01010385 -0.01599863 0.02004834
v 0.01026375 -0.01612853 0.02004834
v 0.01039364 -0.01628842 0.02004834
v 0.00452309 0.02166438 0.00518005
v 0.00450640 0.01966438 0.00499808
v 0.00450640 0.02166438 0.00499808
v 0.00452838 0.02066438 0.00520661
v 0.00457661 0.02166438 0.00536617
v 0.00459911 0.02066438 0.00541859
v 0.00466940 0.02166438 0.00554528
v 0.00472083 0.02066438 0.00561687
v 0.00479929 0.02166438 0.00570520
v 0.00488761 0.02066438 0.00578364
v 0.00495918 0.02166438 0.00583508
v 0.00508587 0.02066438 0.00590538
v 0.00513830 0.02166438 0.00592788
v 0.00529786 0.02066438 0.00597610
v 0.00532443 0.02166438 0.00598138
v 0.00550639 0.02066438 0.00599810
v 0.00550639 0.02166438 0.00599810
v 0.00568836 0.02166438 0.00598138
v 0.00571493 0.02066438 0.00597610
v 0.00587449 0.02166438 0.00592788
v 0.00587449 0.02066438 0.00592788
v 0.00602891 0.02066438 0.00585072
v 0.00587449 0.01966438 0.00592788
v 0.00605360 0.01966438 0.00583508
v 0.00452309 0.01966438 0.00518005
v 0.00457661 0.01966438 0.00536617
v 0.00466940 0.01966438 0.00554531
v 0.00479929 0.01966438 0.00570520
v 0.00495918 0.01966438 0.00583508
v 0.00513830 0.01966438 0.00592788
v 0.00532443 0.01966438 0.00598138
v 0.00550639 0.01966438 0.00599810
v 0.00568836 0.01966438 0.00598138
v 0.00617046 0.02066438 0.00574576
v 0.00621350 0.01966438 0.00570520
v 0.00629196 0.02066438 0.00561687
v 0.00634339 0.01966438 0.00554531
v 0.00638795 0.02066438 0.00547018
v 0.00643618 0.01966438 0.00536617
v 0.00645545 0.02066438 0.00531318
v 0.00648970 0.01966438 0.00518005
v 0.00649423 0.02066438 0.00515356
v 0.00650640 0.01966438 0.00499808
v 0.00650640 0.02166438 0.00499808
v 0.00648970 0.02166438 0.00518005
v 0.00643618 0.02166438 0.00536617
v 0.00634339 0.02166438 0.00554528
v 0.00621350 0.02166438 0.00570520
v 0.00605360 0.02166438 0.00583508
v -0.00537641 0.02166438 0.00518005
v -0.00539310 0.01966438 0.00499808
v -0.00539310 0.02166438 0.00499808
v -0.00537112 0.02066438 0.00520661
v -0.00532289 0.02166438 0.00536617
v -0.00530038 0.02066438 0.00541859
v -0.00523010 0.02166438 0.00554528
v -0.00517867 0.02066438 0.00561687
v -0.00510021 0.02166438 0.00570520
v -0.00501188 0.02066438 0.00578364
v -0.00494031 0.02166438 0.00583508
v -0.00481362 0.02066438 0.00590535
v -0.00476119 0.02166438 0.00592788
v -0.00460164 0.02066438 0.00597610
v -0.00457506 0.02166438 0.00598138
v -0.00439310 0.02066438 0.00599807
v -0.00439310 0.02166438 0.00599807
v -0.00421114 0.02166438 0.00598138
v -0.00418457 0.02066438 0.00597610
v -0.00402501 0.02166438 0.00592788
v -0.00402501 0.02066438 0.00592788
v -0.00387058 0.02066438 0.00585072
v -0.00402501 0.01966438 0.00592788
v -0.00384589 0.01966438 0.00583508
v -0.00537641 0.01966438 0.00518005
v -0.00532289 0.01966438 0.00536617
v -0.00523010 0.01966438 0.00554528
v -0.00510021 0.01966438 0.00570520
v -0.00494031 0.01966438 0.00583508
v -0.00476119 0.01966438 0.00592788
v -0.00457506 0.01966438 0.00598138
v -0.00439310 0.01966438 0.00599807
v -0.00421114 0.01966438 0.00598138
v -0.00372904 0.02066438 0.00574576
v -0.00368599 0.01966438 0.00570520
v -0.00360754 0.02066438 0.00561687
v -0.00355610 0.01966438 0.00554528
v -0.00351155 0.02066438 0.00547018
v -0.00346331 0.01966438 0.00536617
v -0.00344404 0.02066438 0.00531318
v -0.00340980 0.01966438 0.00518005
v -0.00340526 0.02066438 0.00515356
v -0.00339310 0.01966438 0.00499808
v -0.00339310 0.02166438 0.00499808
v -0.00340980 0.02166438 0.00518005
v -0.00346331 0.02166438 0.00536617
v -0.00355610 0.02166438 0.00554528
v -0.00368599 0.02166438 0.00570520
v -0.00384589 0.02166438 0.00583508
v 0.00657334 0.02166438 0.00023030
v 0.00655665 0.01966438 0.00004833
v 0.00655665 0.02166438 0.00004833
v 0.00657864 0.02066438 0.00025689
v 0.00662686 0.02166438 0.00041642
v 0.00664937 0.02066438 0.00046884
v 0.00671965 0.02166438 0.00059556
v 0.00677109 0.02066438 0.00066712
v 0.00684954 0.02166438 0.00075545
v 0.00693787 0.02066438 0.00083389
v 0.00700944 0.02166438 0.00088533
v 0.00713613 0.02066438 0.00095563
v 0.00718855 0.02166438 0.00097813
v 0.00734811 0.02066438 0.00102635
v 0.00737469 0.02166438 0.00103163
v 0.00755665 0.02066438 0.00104835
v 0.00755665 0.02166438 0.00104835
v 0.00773861 0.02166438 0.00103163
v 0.00776518 0.02066438 0.00102635
v 0.00792474 0.02166438 0.00097813
v 0.00792474 0.02066438 0.00097813
v 0.00807917 0.02066438 0.00090098
v 0.00792474 0.01966438 0.00097813
v 0.00810386 0.01966438 0.00088533
v 0.00657334 0.01966438 0.00023030
v 0.00662686 0.01966438 0.00041642
v 0.00671965 0.01966438 0.00059556
v 0.00684954 0.01966438 0.00075545
v 0.00700944 0.01966438 0.00088533
v 0.00718855 0.01966438 0.00097813
v 0.00737469 0.01966438 0.00103163
v 0.00755665 0.01966438 0.00104835
v 0.00773861 0.01966438 0.00103163
v 0.00822072 0.02066438 0.00079601
v 0.00826376 0.01966438 0.00075545
v 0.00834221 0.02066438 0.00066712
v 0.00839364 0.01966438 0.00059556
v 0.00843820 0.02066438 0.00052043
v 0.00848644 0.01966438 0.00041642
v 0.00850571 0.02066438 0.00036343
v 0.00853995 0.01966438 0.00023030
v 0.00854449 0.02066438 0.00020381
v 0.00855665 0.01966438 0.00004833
v 0.00855665 0.02166438 0.00004833
v 0.00853995 0.02166438 0.00023030
v 0.00848644 0.02166438 0.00041642
v 0.00839364 0.02166438 0.00059556
v 0.00826376 0.02166438 0.00075545
v 0.00810386 0.02166438 0.00088533
v -0.00742666 0.02166438 0.00023030
v -0.00744335 0.01966438 0.00004833
v -0.00744335 0.02166438 0.00004833
v -0.00742137 0.02066438 0.00025686
v -0.00737314 0.02166438 0.00041642
v -0.00735063 0.02066438 0.00046884
v -0.00728035 0.02166438 0.00059553
v -0.00722892 0.02066438 0.00066712
v -0.00715046 0.02166438 0.00075545
v -0.00706213 0.02066438 0.00083389
v -0.00699056 0.02166438 0.00088533
v -0.00686387 0.02066438 0.00095560
v -0.00681145 0.02166438 0.00097813
v -0.00665189 0.02066438 0.00102635
v -0.00662532 0.02166438 0.00103163
v -0.00644335 0.02066438 0.00104832
v -0.00644335 0.02166438 0.00104832
v -0.00626139 0.02166438 0.00103163
v -0.00623482 0.02066438 0.00102635
v -0.00607526 0.02166438 0.00097813
v -0.00607526 0.02066438 0.00097813
v -0.00592083 0.02066438 0.00090098
v -0.00607526 0.01966438 0.00097813
v -0.00589614 0.01966438 0.00088533
v -0.00742666 0.01966438 0.00023030
v -0.00737314 0.01966438 0.00041642
v -0.00728035 0.01966438 0.00059553
v -0.00715046 0.01966438 0.00075545
v -0.00699056 0.01966438 0.00088533
v -0.00681145 0.01966438 0.00097813
v -0.00662532 0.01966438 0.00103163
v -0.00644335 0.01966438 0.00104832
v -0.00626139 0.01966438 0.00103163
v -0.00577929 0.02066438 0.00079601
v -0.00573624 0.01966438 0.00075545
v -0.00565779 0.02066438 0.00066712
v -0.00560636 0.01966438 0.00059553
v -0.00556180 0.02066438 0.00052043
v -0.00551356 0.01966438 0.00041642
v -0.00549429 0.02066438 0.00036343
v -0.00546005 0.01966438 0.00023030
v -0.00545551 0.02066438 0.00020381
v -0.00544335 0.01966438 0.00004833
v -0.00544335 0.02166438 0.00004833
v -0.00546005 0.02166438 0.00023030
v -0.00551356 0.02166438 0.00041642
v -0.00560636 0.02166438 0.00059553
v -0.00573624 0.02166438 0.00075545
v -0.00589614 0.02166438 0.00088533
v -0.00042666 0.02166438 0.00723030
v -0.00044335 0.01966438 0.00704833
v -0.00044335 0.02166438 0.00704833
v -0.00042137 0.02066438 0.00725686
v -0.00037314 0.02166438 0.00741642
v -0.00035064 0.02066438 0.00746884
v -0.00028035 0.02166438 0.00759553
v -0.00022892 0.02066438 0.00766712
v -0.00015046 0.02166438 0.00775545
v -0.00006213 0.02066438 0.00783389
v 0.00000944 0.02166438 0.00788533
v 0.00013613 0.02066438 0.00795563
v 0.00018855 0.02166438 0.00797813
v 0.00034811 0.02066438 0.00802635
v 0.00037468 0.02166438 0.00803163
v 0.00055665 0.02066438 0.00804835
v 0.00055665 0.02166438 0.00804835
v 0.00073861 0.02166438 0.00803163
v 0.00076518 0.02066438 0.00802635
v 0.00092474 0.02166438 0.00797813
v 0.00092474 0.02066438 0.00797813
v 0.00107916 0.02066438 0.00790098
v 0.00092474 0.01966438 0.00797813
v 0.00110386 0.01966438 0.00788533
v -0.00042666 0.01966438 0.00723030
v -0.00037314 0.01966438 0.00741642
v -0.00028035 0.01966438 0.00759553
v -0.00015046 0.01966438 0.00775545
v 0.00000944 0.01966438 0.00788533
v 0.00018855 0.01966438 0.00797813
v 0.00037468 0.01966438 0.00803163
v 0.00055665 0.01966438 0.00804835
v 0.00073861 0.01966438 0.00803163
v 0.00122071 0.02066438 0.00779601
v 0.00126375 0.01966438 0.00775545
v 0.00134221 0.02066438 0.00766712
v 0.00139364 0.01966438 0.00759553
v 0.00143820 0.02066438 0.00752043
v 0.00148644 0.01966438 0.00741642
v 0.00150570 0.02066438 0.00736343
v 0.00153995 0.01966438 0.00723030
v 0.00154448 0.02066438 0.00720381
v 0.00155665 0.01966438 0.00704833
v 0.00155665 0.02166438 0.00704833
v 0.00153995 0.02166438 0.00723030
v 0.00148644 0.02166438 0.00741642
v 0.00139364 0.02166438 0.00759553
v 0.00126375 0.02166438 0.00775545
v 0.00110386 0.02166438 0.00788533
v -0.00546005 -0.02133563 0.00023030
v -0.00544335 -0.01933563 0.00004833
v -0.00544335 -0.02133563 0.00004833
v -0.00546534 -0.02033563 0.00025689
v -0.00551356 -0.02133563 0.00041642
v -0.00553607 -0.02033563 0.00046884
v -0.00560636 -0.02133563 0.00059556
v -0.00565779 -0.02033563 0.00066712
v -0.00573624 -0.02133563 0.00075545
v -0.00582457 -0.02033563 0.00083389
v -0.00589614 -0.02133563 0.00088533
v -0.00602283 -0.02033563 0.00095563
v -0.00607526 -0.02133563 0.00097813
v -0.00623482 -0.02033563 0.00102635
v -0.00626139 -0.02133563 0.00103163
v -0.00644335 -0.02033563 0.00104835
v -0.00644335 -0.02133563 0.00104835
v -0.00662532 -0.02133563 0.00103163
v -0.00665189 -0.02033563 0.00102635
v -0.00681145 -0.02133563 0.00097813
v -0.00681145 -0.02033563 0.00097813
v -0.00696587 -0.02033563 0.00090098
v -0.00681145 -0.01933563 0.00097813
v -0.00699056 -0.01933563 0.00088533
v -0.00546005 -0.01933563 0.00023030
v -0.00551356 -0.01933563 0.00041642
v -0.00560636 -0.01933563 0.00059556
v -0.00573624 -0.01933563 0.00075545
v -0.00589614 -0.01933563 0.00088533
v -0.00607526 -0.01933563 0.00097813
v -0.00626139 -0.01933563 0.00103163
v -0.00644335 -0.01933563 0.00104835
v -0.00662532 -0.01933563 0.00103163
v -0.00710742 -0.02033563 0.00079601
v -0.00715046 -0.01933563 0.00075545
v -0.00722892 -0.02033563 0.00066712
v -0.00728035 -0.01933563 0.00059553
v -0.00732490 -0.02033563 0.00052043
v -0.00737314 -0.01933563 0.00041642
v -0.00739241 -0.02033563 0.00036343
v -0.00742666 -0.01933563 0.00023030
v -0.00743119 -0.02033563 0.00020381
v -0.00744335 -0.01933563 0.00004833
v -0.00744335 -0.02133563 0.00004833
v -0.00742666 -0.02133563 0.00023030
v -0.00737314 -0.02133563 0.00041642
v -0.00728035 -0.02133563 0.00059553
v -0.00715046 -0.02133563 0.00075545
v -0.00699056 -0.02133563 0.00088533
v 0.00153995 -0.02133563 0.00723030
v 0.00155665 -0.01933563 0.00704833
v 0.00155665 -0.02133563 0.00704833
v 0.00153466 -0.02033563 0.00725689
v 0.00148644 -0.02133563 0.00741645
v 0.00146393 -0.02033563 0.00746887
v 0.00139364 -0.02133563 0.00759556
v 0.00134221 -0.02033563 0.00766712
v 0.00126375 -0.02133563 0.00775545
v 0.00117543 -0.02033563 0.00783389
v 0.00110386 -0.02133563 0.00788533
v 0.00097717 -0.02033563 0.00795563
v 0.00092474 -0.02133563 0.00797813
v 0.00076518 -0.02033563 0.00802635
v 0.00073861 -0.02133563 0.00803166
v 0.00055665 -0.02033563 0.00804835
v 0.00055665 -0.02133563 0.00804835
v 0.00037468 -0.02133563 0.00803166
v 0.00034811 -0.02033563 0.00802635
v 0.00018855 -0.02133563 0.00797813
v 0.00018855 -0.02033563 0.00797813
v 0.00003413 -0.02033563 0.00790098
v 0.00018855 -0.01933563 0.00797813
v 0.00000944 -0.01933563 0.00788533
v 0.00153995 -0.01933563 0.00723030
v 0.00148644 -0.01933563 0.00741645
v 0.00139364 -0.01933563 0.00759556
v 0.00126375 -0.01933563 0.00775545
v 0.00110386 -0.01933563 0.00788533
v 0.00092474 -0.01933563 0.00797813
v 0.00073861 -0.01933563 0.00803166
v 0.00055665 -0.01933563 0.00804835
v 0.00037468 -0.01933563 0.00803166
v -0.00010742 -0.02033563 0.00779601
v -0.00015046 -0.01933563 0.00775545
v -0.00022892 -0.02033563 0.00766712
v -0.00028035 -0.01933563 0.00759556
v -0.00032490 -0.02033563 0.00752043
v -0.00037314 -0.01933563 0.00741645
v -0.00039241 -0.02033563 0.00736343
v -0.00042666 -0.01933563 0.00723030
v -0.00043119 -0.02033563 0.00720381
v -0.00044335 -0.01933563 0.00704833
v -0.00044335 -0.02133563 0.00704833
v -0.00042666 -0.02133563 0.00723030
v -0.00037314 -0.02133563 0.00741645
v -0.00028035 -0.02133563 0.00759556
v -0.00015046 -0.02133563 0.00775545
v 0.00000944 -0.02133563 0.00788533
v 0.00853995 -0.02133563 0.00023030
v 0.00855665 -0.01933563 0.00004833
v 0.00855665 -0.02133563 0.00004833
v 0.00853466 -0.02033563 0.00025689
v 0.00848644 -0.02133563 0.00041645
v 0.00846393 -0.02033563 0.00046887
v 0.00839364 -0.02133563 0.00059556
v 0.00834221 -0.02033563 0.00066712
v 0.00826376 -0.02133563 0.00075545
v 0.00817543 -0.02033563 0.00083392
v 0.00810386 -0.02133563 0.00088533
v 0.00797717 -0.02033563 0.00095563
v 0.00792474 -0.02133563 0.00097813
v 0.00776518 -0.02033563 0.00102635
v 0.00773861 -0.02133563 0.00103166
v 0.00755665 -0.02033563 0.00104835
v 0.00755665 -0.02133563 0.00104835
v 0.00737469 -0.02133563 0.00103166
v 0.00734811 -0.02033563 0.00102635
v 0.00718855 -0.02133563 0.00097813
v 0.00718855 -0.02033563 0.00097813
v 0.00703413 -0.02033563 0.00090098
v 0.00718855 -0.01933563 0.00097813
v 0.00700944 -0.01933563 0.00088533
v 0.00853995 -0.01933563 0.00023030
v 0.00848644 -0.01933563 0.00041645
v 0.00839364 -0.01933563 0.00059556
v 0.00826376 -0.01933563 0.00075545
v 0.00810386 -0.01933563 0.00088533
v 0.00792474 -0.01933563 0.00097813
v 0.00773861 -0.01933563 0.00103166
v 0.00755665 -0.01933563 0.00104835
v 0.00737469 -0.01933563 0.00103166
v 0.00689258 -0.02033563 0.00079601
v 0.00684954 -0.01933563 0.00075545
v 0.00677109 -0.02033563 0.00066712
v 0.00671965 -0.01933563 0.00059556
v 0.00667510 -0.02033563 0.00052043
v 0.00662686 -0.01933563 0.00041645
v 0.00660759 -0.02033563 0.00036343
v 0.00657334 -0.01933563 0.00023030
v 0.00656881 -0.02033563 0.00020381
v 0.00655665 -0.01933563 0.00004833
v 0.00655665 -0.02133563 0.00004833
v 0.00657334 -0.02133563 0.00023030
v 0.00662686 -0.02133563 0.00041645
v 0.00671965 -0.02133563 0.00059556
v 0.00684954 -0.02133563 0.00075545
v 0.00700944 -0.02133563 0.00088533
v 0.00648970 -0.02133563 0.00518005
v 0.00650640 -0.01933563 0.00499808
v 0.00650640 -0.02133563 0.00499808
v 0.00648441 -0.02033563 0.00520664
v 0.00643618 -0.02133563 0.00536620
v 0.00641368 -0.02033563 0.00541862
v 0.00634339 -0.02133563 0.00554531
v 0.00629196 -0.02033563 0.00561687
v 0.00621350 -0.02133563 0.00570520
v 0.00612518 -0.02033563 0.00578367
v 0.00605360 -0.02133563 0.00583508
v 0.00592691 -0.02033563 0.00590538
v 0.00587449 -0.02133563 0.00592788
v 0.00571493 -0.02033563 0.00597610
v 0.00568836 -0.02133563 0.00598141
v 0.00550639 -0.02033563 0.00599810
v 0.00550639 -0.02133563 0.00599810
v 0.00532443 -0.02133563 0.00598141
v 0.00529786 -0.02033563 0.00597610
v 0.00513830 -0.02133563 0.00592788
v 0.00513830 -0.02033563 0.00592788
v 0.00498388 -0.02033563 0.00585072
v 0.00513830 -0.01933563 0.00592788
v 0.00495918 -0.01933563 0.00583508
v 0.00648970 -0.01933563 0.00518005
v 0.00643618 -0.01933563 0.00536620
v 0.00634339 -0.01933563 0.00554531
v 0.00621350 -0.01933563 0.00570520
v 0.00605360 -0.01933563 0.00583508
v 0.00587449 -0.01933563 0.00592788
v 0.00568836 -0.01933563 0.00598141
v 0.00550639 -0.01933563 0.00599810
v 0.00532443 -0.01933563 0.00598141
v 0.00484233 -0.02033563 0.00574576
v 0.00479929 -0.01933563 0.00570520
v 0.00472083 -0.02033563 0.00561687
v 0.00466940 -0.01933563 0.00554531
v 0.00462485 -0.02033563 0.00547018
v 0.00457661 -0.01933563 0.00536620
v 0.00455734 -0.02033563 0.00531318
v 0.00452309 -0.01933563 0.00518005
v 0.00451856 -0.02033563 0.00515356
v 0.00450640 -0.01933563 0.00499808
v 0.00450640 -0.02133563 0.00499808
v 0.00452309 -0.02133563 0.00518005
v 0.00457661 -0.02133563 0.00536620
v 0.00466940 -0.02133563 0.00554531
v 0.00479929 -0.02133563 0.00570520
v 0.00495918 -0.02133563 0.00583508
v -0.00340980 -0.02133563 0.00518005
v -0.00339310 -0.01933563 0.00499808
v -0.00339310 -0.02133563 0.00499808
v -0.00341509 -0.02033563 0.00520661
v -0.00346331 -0.02133563 0.00536617
v -0.00348582 -0.02033563 0.00541862
v -0.00355610 -0.02133563 0.00554531
v -0.00360754 -0.02033563 0.00561687
v -0.00368599 -0.02133563 0.00570520
v -0.00377432 -0.02033563 0.00578364
v -0.00384589 -0.02133563 0.00583508
v -0.00397258 -0.02033563 0.00590538
v -0.00402501 -0.02133563 0.00592788
v -0.00418457 -0.02033563 0.00597610
v -0.00421114 -0.02133563 0.00598138
v -0.00439310 -0.02033563 0.00599810
v -0.00439310 -0.02133563 0.00599810
v -0.00457506 -0.02133563 0.00598138
v -0.00460164 -0.02033563 0.00597610
v -0.00476119 -0.02133563 0.00592788
v -0.00476119 -0.02033563 0.00592788
v -0.00491562 -0.02033563 0.00585072
v -0.00476119 -0.01933563 0.00592788
v -0.00494031 -0.01933563 0.00583508
v -0.00340980 -0.01933563 0.00518005
v -0.00346331 -0.01933563 0.00536617
v -0.00355610 -0.01933563 0.00554531
v -0.00368599 -0.01933563 0.00570520
v -0.00384589 -0.01933563 0.00583508
v -0.00402501 -0.01933563 0.00592788
v -0.00421114 -0.01933563 0.00598138
v -0.00439310 -0.01933563 0.00599810
v -0.00457506 -0.01933563 0.00598138
v -0.00505717 -0.02033563 0.00574576
v -0.00510021 -0.01933563 0.00570520
v -0.00517867 -0.02033563 0.00561687
v -0.00523010 -0.01933563 0.00554531
v -0.00527465 -0.02033563 0.00547018
v -0.00532289 -0.01933563 0.00536617
v -0.00534216 -0.02033563 0.00531318
v -0.00537641 -0.01933563 0.00518005
v -0.00538094 -0.02033563 0.00515356
v -0.00539310 -0.01933563 0.00499808
v -0.00539310 -0.02133563 0.00499808
v -0.00537641 -0.02133563 0.00518005
v -0.00532289 -0.02133563 0.00536617
v -0.00523010 -0.02133563 0.00554531
v -0.00510021 -0.02133563 0.00570520
v -0.00494031 -0.02133563 0.00583508
v -0.00724320 0.01208274 0.02004834
v -0.00744336 0.01206438 0.01804834
v -0.00744336 0.01206438 0.02004834
v -0.00721397 0.01208855 0.01904833
v -0.00703846 0.01214161 0.02004834
v -0.00698079 0.01216636 0.01904833
v -0.00684143 0.01224367 0.02004834
v -0.00676270 0.01230025 0.01904833
v -0.00666554 0.01238656 0.02004834
v -0.00657924 0.01248371 0.01904833
v -0.00652266 0.01256244 0.02004834
v -0.00644535 0.01270181 0.01904833
v -0.00642059 0.01275947 0.02004834
v -0.00636754 0.01293498 0.01904833
v -0.00636172 0.01296422 0.02004834
v -0.00634336 0.01316437 0.01904833
v -0.00634336 0.01316437 0.02004834
v -0.00636172 0.01336454 0.02004834
v -0.00636754 0.01339376 0.01904833
v -0.00642059 0.01356928 0.02004834
v -0.00642059 0.01356928 0.01904833
v -0.00650547 0.01373914 0.01904833
v -0.00642059 0.01356928 0.01804834
v -0.00652266 0.01376630 0.01804834
v -0.00724320 0.01208274 0.01804834
v -0.00703845 0.01214161 0.01804834
v -0.00684143 0.01224367 0.01804834
v -0.00666554 0.01238656 0.01804834
v -0.00652266 0.01256244 0.01804834
v -0.00642059 0.01275947 0.01804834
v -0.00636172 0.01296422 0.01804834
v -0.00634336 0.01316437 0.01804834
v -0.00636172 0.01336454 0.01804834
v -0.00662092 0.01389484 0.01904833
v -0.00666554 0.01394219 0.01804834
v -0.00676270 0.01402849 0.01904833
v -0.00684143 0.01408507 0.01804834
v -0.00692406 0.01413408 0.01904833
v -0.00703845 0.01418714 0.01804834
v -0.00709675 0.01420833 0.01904833
v -0.00724320 0.01424601 0.01804834
v -0.00727233 0.01425099 0.01904833
v -0.00744336 0.01426437 0.01804834
v -0.00744336 0.01426437 0.02004834
v -0.00724320 0.01424601 0.02004834
v -0.00703846 0.01418714 0.02004834
v -0.00684143 0.01408507 0.02004834
v -0.00666554 0.01394219 0.02004834
v -0.00652266 0.01376630 0.02004834
v 0.00875680 -0.01391727 0.02004834
v 0.00855664 -0.01393563 0.01804834
v 0.00855664 -0.01393563 0.02004834
v 0.00878603 -0.01391144 0.01904836
v 0.00896155 -0.01385840 0.02004834
v 0.00901922 -0.01383364 0.01904836
v 0.00915857 -0.01375632 0.02004834
v 0.00923730 -0.01369974 0.01904836
v 0.00933446 -0.01361345 0.02004834
v 0.00942076 -0.01351628 0.01904836
v 0.00947734 -0.01343756 0.02004834
v 0.00955465 -0.01329820 0.01904836
v 0.00957941 -0.01324053 0.02004834
v 0.00963246 -0.01306501 0.01904836
v 0.00963828 -0.01303579 0.02004834
v 0.00965664 -0.01283562 0.01904836
v 0.00965664 -0.01283562 0.02004834
v 0.00963828 -0.01263547 0.02004834
v 0.00963246 -0.01260624 0.01904836
v 0.00957941 -0.01243073 0.02004834
v 0.00957941 -0.01243073 0.01904836
v 0.00949453 -0.01226086 0.01904836
v 0.00957941 -0.01243073 0.01804834
v 0.00947734 -0.01223369 0.01804834
v 0.00875680 -0.01391727 0.01804834
v 0.00896155 -0.01385840 0.01804834
v 0.00915857 -0.01375632 0.01804834
v 0.00933446 -0.01361345 0.01804834
v 0.00947734 -0.01343756 0.01804834
v 0.00957941 -0.01324053 0.01804834
v 0.00963828 -0.01303579 0.01804834
v 0.00965664 -0.01283562 0.01804834
v 0.00963828 -0.01263547 0.01804834
v 0.00937909 -0.01210515 0.01904836
v 0.00933446 -0.01205781 0.01804834
v 0.00923730 -0.01197151 0.01904836
v 0.00915857 -0.01191493 0.01804834
v 0.00907595 -0.01186592 0.01904836
v 0.00896155 -0.01181287 0.01804834
v 0.00890326 -0.01179166 0.01904836
v 0.00875680 -0.01175399 0.01804834
v 0.00872767 -0.01174900 0.01904836
v 0.00855664 -0.01173564 0.01804834
v 0.00855664 -0.01173564 0.02004834
v 0.00875680 -0.01175399 0.02004834
v 0.00896155 -0.01181287 0.02004834
v 0.00915857 -0.01191493 0.02004834
v 0.00933446 -0.01205781 0.02004834
v 0.00947734 -0.01223369 0.02004834
v -0.00724320 -0.01391727 0.02004834
v -0.00744336 -0.01393563 0.01804834
v -0.00744336 -0.01393563 0.02004834
v -0.00721397 -0.01391144 0.01904833
v -0.00703846 -0.01385840 0.02004834
v -0.00698079 -0.01383364 0.01904833
v -0.00684143 -0.01375632 0.02004834
v -0.00676270 -0.01369974 0.01904833
v -0.00666554 -0.01361345 0.02004834
v -0.00657924 -0.01351628 0.01904833
v -0.00652266 -0.01343756 0.02004834
v -0.00644535 -0.01329820 0.01904833
v -0.00642059 -0.01324053 0.02004834
v -0.00636754 -0.01306501 0.01904833
v -0.00636172 -0.01303579 0.02004834
v -0.00634336 -0.01283562 0.01904833
v -0.00634336 -0.01283562 0.02004834
v -0.00636172 -0.01263547 0.02004834
v -0.00636754 -0.01260624 0.01904833
v -0.00642059 -0.01243073 0.02004834
v -0.00642059 -0.01243073 0.01904833
v -0.00650547 -0.01226086 0.01904833
v -0.00642059 -0.01243073 0.01804834
v -0.00652266 -0.01223369 0.01804834
v -0.00724320 -0.01391727 0.01804834
v -0.00703845 -0.01385840 0.01804834
v -0.00684143 -0.01375632 0.01804834
v -0.00666554 -0.01361345 0.01804834
v -0.00652266 -0.01343756 0.01804834
v -0.00642059 -0.01324053 0.01804834
v -0.00636172 -0.01303579 0.01804834
v -0.00634336 -0.01283562 0.01804834
v -0.00636172 -0.01263547 0.01804834
v -0.00662092 -0.01210515 0.01904833
v -0.00666554 -0.01205781 0.01804834
v -0.00676270 -0.01197151 0.01904833
v -0.00684143 -0.01191493 0.01804834
v -0.00692406 -0.01186592 0.01904833
v -0.00703845 -0.01181287 0.01804834
v -0.00709675 -0.01179166 0.01904833
v -0.00724320 -0.01175399 0.01804834
v -0.00727233 -0.01174900 0.01904833
v -0.00744336 -0.01173564 0.01804834
v -0.00744336 -0.01173564 0.02004834
v -0.00724320 -0.01175399 0.02004834
v -0.00703846 -0.01181287 0.02004834
v -0.00684143 -0.01191493 0.02004834
v -0.00666554 -0.01205781 0.02004834
v -0.00652266 -0.01223369 0.02004834
v 0.00875680 0.01208274 0.02004834
v 0.00855664 0.01206438 0.01804834
v 0.00855664 0.01206438 0.02004834
v 0.00878603 0.01208855 0.01904833
v 0.00896155 0.01214161 0.02004834
v 0.00901922 0.01216636 0.01904833
v 0.00915857 0.01224367 0.02004834
v 0.00923730 0.01230025 0.01904833
v 0.00933446 0.01238656 0.02004834
v 0.00942076 0.01248371 0.01904833
v 0.00947734 0.01256244 0.02004834
v 0.00955465 0.01270181 0.01904833
v 0.00957941 0.01275947 0.02004834
v 0.00963246 0.01293498 0.01904833
v 0.00963828 0.01296422 0.02004834
v 0.00965664 0.01316437 0.01904833
v 0.00965664 0.01316437 0.02004834
v 0.00963828 0.01336454 0.02004834
v 0.00963246 0.01339376 0.01904833
v 0.00957941 0.01356928 0.02004834
v 0.00957941 0.01356928 0.01904833
v 0.00949453 0.01373914 0.01904833
v 0.00957941 0.01356928 0.01804834
v 0.00947734 0.01376630 0.01804834
v 0.00875680 0.01208274 0.01804834
v 0.00896155 0.01214161 0.01804834
v 0.00915857 0.01224367 0.01804834
v 0.00933446 0.01238656 0.01804834
v 0.00947734 0.01256244 0.01804834
v 0.00957941 0.01275947 0.01804834
v 0.00963828 0.01296422 0.01804834
v 0.00965664 0.01316437 0.01804834
v 0.00963828 0.01336454 0.01804834
v 0.00937909 0.01389484 0.01904833
v 0.00933446 0.01394219 0.01804834
v 0.00923730 0.01402849 0.01904833
v 0.00915857 0.01408507 0.01804834
v 0.00907595 0.01413408 0.01904833
v 0.00896155 0.01418714 0.01804834
v 0.00890326 0.01420833 0.01904833
v 0.00875680 0.01424601 0.01804834
v 0.00872767 0.01425099 0.01904833
v 0.00855664 0.01426437 0.01804834
v 0.00855664 0.01426437 0.02004834
v 0.00875680 0.01424601 0.02004834
v 0.00896155 0.01418714 0.02004834
v 0.00915857 0.01408507 0.02004834
v 0.00933446 0.01394219 0.02004834
v 0.00947734 0.01376630 0.02004834
v 0.00838561 0.01207775 0.01904833
v 0.00835648 0.01208274 0.01804834
v 0.00835648 0.01208274 0.02004834
v 0.00821003 0.01212041 0.01904833
v 0.00815174 0.01214161 0.02004834
v 0.00803734 0.01219466 0.01904833
v 0.00795471 0.01224367 0.02004834
v 0.00787598 0.01230025 0.01904833
v 0.00777883 0.01238656 0.02004834
v 0.00773420 0.01243390 0.01904833
v 0.00763595 0.01256244 0.02004834
v 0.00761875 0.01258960 0.01904833
v 0.00753387 0.01275947 0.02004834
v 0.00753387 0.01275947 0.01904833
v 0.00748083 0.01293498 0.01904833
v 0.00753388 0.01275947 0.01804834
v 0.00747501 0.01296422 0.01804834
v 0.00745664 0.01316437 0.01904833
v 0.00745664 0.01316437 0.01804834
v 0.00747501 0.01336454 0.01804834
v 0.00748083 0.01339376 0.01904833
v 0.00753388 0.01356928 0.01804834
v 0.00755863 0.01362695 0.01904833
v 0.00763595 0.01376630 0.01804834
v 0.00769252 0.01384502 0.01904833
v 0.00777883 0.01394219 0.01804834
v 0.00787598 0.01402849 0.01904833
v 0.00795471 0.01408507 0.01804834
v 0.00809407 0.01416239 0.01904833
v 0.00815174 0.01418714 0.01804834
v 0.00832725 0.01424019 0.01904833
v 0.00835648 0.01424601 0.01804834
v 0.00835648 0.01424601 0.02004834
v 0.00747501 0.01296422 0.02004834
v 0.00745664 0.01316437 0.02004834
v 0.00747501 0.01336454 0.02004834
v 0.00753387 0.01356928 0.02004834
v 0.00763595 0.01376630 0.02004834
v 0.00777883 0.01394219 0.02004834
v 0.00795471 0.01408507 0.02004834
v 0.00815174 0.01418714 0.02004834
v 0.00763595 0.01256244 0.01804834
v 0.00777883 0.01238656 0.01804834
v 0.00795471 0.01224367 0.01804834
v 0.00815174 0.01214161 0.01804834
v -0.00761439 -0.01392225 0.01904833
v -0.00764352 -0.01391727 0.01804834
v -0.00764352 -0.01391727 0.02004834
v -0.00778997 -0.01387959 0.01904833
v -0.00784826 -0.01385840 0.02004834
v -0.00796266 -0.01380533 0.01904833
v -0.00804529 -0.01375632 0.02004834
v -0.00812402 -0.01369974 0.01904833
v -0.00822118 -0.01361345 0.02004834
v -0.00826580 -0.01356609 0.01904833
v -0.00836405 -0.01343756 0.02004834
v -0.00838125 -0.01341039 0.01904833
v -0.00846613 -0.01324053 0.02004834
v -0.00846613 -0.01324053 0.01904833
v -0.00851917 -0.01306501 0.01904833
v -0.00846613 -0.01324053 0.01804834
v -0.00852499 -0.01303579 0.01804834
v -0.00854336 -0.01283562 0.01904833
v -0.00854336 -0.01283562 0.01804834
v -0.00852499 -0.01263547 0.01804834
v -0.00851917 -0.01260624 0.01904833
v -0.00846613 -0.01243073 0.01804834
v -0.00844137 -0.01237306 0.01904833
v -0.00836405 -0.01223369 0.01804834
v -0.00830748 -0.01215497 0.01904833
v -0.00822118 -0.01205781 0.01804834
v -0.00812402 -0.01197151 0.01904833
v -0.00804529 -0.01191493 0.01804834
v -0.00790593 -0.01183762 0.01904833
v -0.00784826 -0.01181287 0.01804834
v -0.00767275 -0.01175981 0.01904833
v -0.00764352 -0.01175399 0.01804834
v -0.00764352 -0.01175399 0.02004834
v -0.00852500 -0.01303579 0.02004834
v -0.00854336 -0.01283562 0.02004834
v -0.00852500 -0.01263547 0.02004834
v -0.00846613 -0.01243073 0.02004834
v -0.00836405 -0.01223369 0.02004834
v -0.00822118 -0.01205781 0.02004834
v -0.00804529 -0.01191493 0.02004834
v -0.00784826 -0.01181287 0.02004834
v -0.00836405 -0.01343756 0.01804834
v -0.00822118 -0.01361345 0.01804834
v -0.00804529 -0.01375632 0.01804834
v -0.00784826 -0.01385840 0.01804834
v 0.00838561 -0.01392225 0.01904836
v 0.00835648 -0.01391727 0.01804834
v 0.00835648 -0.01391727 0.02004834
v 0.00821003 -0.01387959 0.01904836
v 0.00815174 -0.01385840 0.02004834
v 0.00803734 -0.01380533 0.01904836
v 0.00795471 -0.01375632 0.02004834
v 0.00787598 -0.01369974 0.01904836
v 0.00777883 -0.01361345 0.02004834
v 0.00773420 -0.01356609 0.01904836
v 0.00763595 -0.01343756 0.02004834
v 0.00761875 -0.01341039 0.01904836
v 0.00753387 -0.01324053 0.02004834
v 0.00753387 -0.01324053 0.01904836
v 0.00748083 -0.01306501 0.01904836
v 0.00753388 -0.01324053 0.01804834
v 0.00747501 -0.01303579 0.01804834
v 0.00745664 -0.01283562 0.01904836
v 0.00745664 -0.01283562 0.01804834
v 0.00747501 -0.01263547 0.01804834
v 0.00748083 -0.01260624 0.01904836
v 0.00753388 -0.01243073 0.01804834
v 0.00755863 -0.01237306 0.01904836
v 0.00763595 -0.01223369 0.01804834
v 0.00769252 -0.01215497 0.01904836
v 0.00777883 -0.01205781 0.01804834
v 0.00787598 -0.01197151 0.01904836
v 0.00795471 -0.01191493 0.01804834
v 0.00809407 -0.01183762 0.01904836
v 0.00815174 -0.01181287 0.01804834
v 0.00832725 -0.01175981 0.01904836
v 0.00835648 -0.01175399 0.01804834
v 0.00835648 -0.01175399 0.02004834
v 0.00747501 -0.01303579 0.02004834
v 0.00745664 -0.01283562 0.02004834
v 0.00747501 -0.01263547 0.02004834
v 0.00753387 -0.01243073 0.02004834
v 0.00763595 -0.01223369 0.02004834
v 0.00777883 -0.01205781 0.02004834
v 0.00795471 -0.01191493 0.02004834
v 0.00815174 -0.01181287 0.02004834
v 0.00763595 -0.01343756 0.01804834
v 0.00777883 -0.01361345 0.01804834
v 0.00795471 -0.01375632 0.01804834
v 0.00815174 -0.01385840 0.01804834
v -0.00761439 0.01207775 0.01904833
v -0.00764352 0.01208274 0.01804834
v -0.00764352 0.01208274 0.02004834
v -0.00778997 0.01212041 0.01904833
v -0.00784826 0.01214161 0.02004834
v -0.00796266 0.01219466 0.01904833
v -0.00804529 0.01224367 0.02004834
v -0.00812402 0.01230025 0.01904833
v -0.00822118 0.01238656 0.02004834
v -0.00826580 0.01243390 0.01904833
v -0.00836405 0.01256244 0.02004834
v -0.00838125 0.01258960 0.01904833
v -0.00846613 0.01275947 0.02004834
v -0.00846613 0.01275947 0.01904833
v -0.00851917 0.01293498 0.01904833
v -0.00846613 0.01275947 0.01804834
v -0.00852499 0.01296422 0.01804834
v -0.00854336 0.01316437 0.01904833
v -0.00854336 0.01316437 0.01804834
v -0.00852499 0.01336454 0.01804834
v -0.00851917 0.01339376 0.01904833
v -0.00846613 0.01356928 0.01804834
v -0.00844137 0.01362695 0.01904833
v -0.00836405 0.01376630 0.01804834
v -0.00830748 0.01384502 0.01904833
v -0.00822118 0.01394219 0.01804834
v -0.00812402 0.01402849 0.01904833
v -0.00804529 0.01408507 0.01804834
v -0.00790593 0.01416239 0.01904833
v -0.00784826 0.01418714 0.01804834
v -0.00767275 0.01424019 0.01904833
v -0.00764352 0.01424601 0.01804834
v -0.00764352 0.01424601 0.02004834
v -0.00852500 0.01296422 0.02004834
v -0.00854336 0.01316437 0.02004834
v -0.00852500 0.01336454 0.02004834
v -0.00846613 0.01356928 0.02004834
v -0.00836405 0.01376630 0.02004834
v -0.00822118 0.01394219 0.02004834
v -0.00804529 0.01408507 0.02004834
v -0.00784826 0.01418714 0.02004834
v -0.00836405 0.01256244 0.01804834
v -0.00822118 0.01238656 0.01804834
v -0.00804529 0.01224367 0.01804834
v -0.00784826 0.01214161 0.01804834
v 0.01055665 -0.02033563 -0.00195164
v 0.00955665 -0.02133563 -0.00295166
v 0.00955665 -0.01933563 -0.00295166
v 0.01155665 -0.02133563 -0.00095166
v 0.01155665 -0.01933563 -0.00095166
v 0.00755665 -0.02033563 -0.00295166
v 0.00555665 -0.02133563 -0.00295166
v 0.00555665 -0.01933563 -0.00295166
v -0.01044335 -0.01933563 -0.00095166
v -0.00742666 -0.01933563 -0.00013364
v -0.00537641 -0.01933563 0.00481611
v -0.00532289 -0.01933563 0.00462999
v -0.00523010 -0.01933563 0.00445088
v -0.00510021 -0.01933563 0.00429099
v -0.00494031 -0.01933563 0.00416108
v -0.00476119 -0.01933563 0.00406831
v -0.00409229 -0.01933563 0.00188880
v -0.00457506 -0.01933563 0.00401478
v -0.00362833 -0.01933563 0.00278439
v -0.00439310 -0.01933563 0.00399809
v -0.00421114 -0.01933563 0.00401478
v -0.00402500 -0.01933563 0.00406831
v -0.00297889 -0.01933563 0.00358387
v -0.00384589 -0.01933563 0.00416108
v -0.00368599 -0.01933563 0.00429099
v -0.00355610 -0.01933563 0.00445088
v -0.00217940 -0.01933563 0.00423332
v -0.00346331 -0.01933563 0.00462999
v -0.00340980 -0.01933563 0.00481611
v -0.00128383 -0.01933563 0.00469729
v -0.00037314 -0.01933563 0.00668024
v -0.00042666 -0.01933563 0.00686639
v -0.00435988 -0.01933563 0.00095814
v -0.00444335 -0.01933563 0.00004833
v -0.00546005 -0.01933563 -0.00013364
v -0.00551356 -0.01933563 -0.00031976
v -0.00560636 -0.01933563 -0.00049887
v -0.00444335 -0.01933563 -0.00295166
v -0.00573624 -0.01933563 -0.00065876
v -0.00589614 -0.01933563 -0.00078867
v -0.00607526 -0.01933563 -0.00088144
v -0.00626139 -0.01933563 -0.00093497
v -0.00644335 -0.01933563 -0.00095166
v -0.00844335 -0.01933563 -0.00295166
v -0.00662532 -0.01933563 -0.00093497
v -0.00681145 -0.01933563 -0.00088144
v -0.00699056 -0.01933563 -0.00078867
v -0.00715046 -0.01933563 -0.00065876
v -0.00728035 -0.01933563 -0.00049887
v -0.00737314 -0.01933563 -0.00031976
v -0.01044336 -0.01933563 0.01804834
v 0.01155664 -0.01933563 0.01804834
v 0.00153995 -0.01933563 0.00686639
v 0.00148644 -0.01933563 0.00668024
v 0.00239712 -0.01933563 0.00469729
v 0.00329270 -0.01933563 0.00423332
v 0.00452309 -0.01933563 0.00481614
v 0.00457661 -0.01933563 0.00462999
v 0.00466940 -0.01933563 0.00445088
v 0.00409218 -0.01933563 0.00358387
v 0.00479929 -0.01933563 0.00429099
v 0.00495919 -0.01933563 0.00416108
v 0.00513830 -0.01933563 0.00406831
v 0.00474163 -0.01933563 0.00278439
v 0.00532443 -0.01933563 0.00401478
v 0.00550640 -0.01933563 0.00399809
v 0.00568836 -0.01933563 0.00401478
v 0.00520559 -0.01933563 0.00188880
v 0.00587449 -0.01933563 0.00406831
v 0.00605361 -0.01933563 0.00416108
v 0.00621350 -0.01933563 0.00429099
v 0.00634339 -0.01933563 0.00445088
v 0.00643618 -0.01933563 0.00462999
v 0.00648970 -0.01933563 0.00481614
v 0.00139364 -0.01933563 0.00650113
v 0.00126375 -0.01933563 0.00634124
v 0.00146646 -0.01933563 0.00496488
v 0.00110386 -0.01933563 0.00621133
v 0.00092474 -0.01933563 0.00611856
v 0.00055665 -0.01933563 0.00504833
v 0.00073861 -0.01933563 0.00606503
v 0.00055665 -0.01933563 0.00599810
v 0.00055665 -0.01933563 0.00604834
v 0.00037468 -0.01933563 0.00606503
v 0.00018855 -0.01933563 0.00611856
v -0.00035317 -0.01933563 0.00496488
v 0.00000944 -0.01933563 0.00621133
v -0.00015046 -0.01933563 0.00634124
v -0.00028035 -0.01933563 0.00650113
v 0.00555665 -0.01933563 0.00004833
v 0.00657334 -0.01933563 -0.00013361
v 0.00547318 -0.01933563 0.00095817
v 0.00853996 -0.01933563 -0.00013361
v 0.00848644 -0.01933563 -0.00031976
v 0.00839365 -0.01933563 -0.00049887
v 0.00826376 -0.01933563 -0.00065876
v 0.00810386 -0.01933563 -0.00078867
v 0.00792474 -0.01933563 -0.00088144
v 0.00773861 -0.01933563 -0.00093497
v 0.00755665 -0.01933563 -0.00095166
v 0.00737469 -0.01933563 -0.00093497
v 0.00718855 -0.01933563 -0.00088144
v 0.00700944 -0.01933563 -0.00078867
v 0.00684954 -0.01933563 -0.00065876
v 0.00671965 -0.01933563 -0.00049887
v 0.00662686 -0.01933563 -0.00031976
v -0.00944335 -0.02033563 -0.00195167
v -0.01044335 -0.02133563 -0.00095166
v -0.00844335 -0.02133563 -0.00295166
v -0.00644335 -0.02033563 -0.00295166
v -0.00444335 -0.02133563 -0.00295166
v 0.00839365 -0.02133563 -0.00049887
v 0.00848644 -0.02133563 -0.00031976
v 0.00853996 -0.02133563 -0.00013361
v 0.00755665 -0.02133563 -0.00095166
v 0.00773861 -0.02133563 -0.00093497
v 0.00792474 -0.02133563 -0.00088144
v 0.00671965 -0.02133563 -0.00049887
v 0.00555665 -0.02133563 0.00004833
v 0.00684954 -0.02133563 -0.00065876
v 0.00700944 -0.02133563 -0.00078867
v 0.00547318 -0.02133563 0.00095817
v 0.00520559 -0.02133563 0.00188880
v 0.00568836 -0.02133563 0.00401478
v 0.00474163 -0.02133563 0.00278439
v 0.00587449 -0.02133563 0.00406831
v 0.00605361 -0.02133563 0.00416108
v 0.00621350 -0.02133563 0.00429099
v 0.00634339 -0.02133563 0.00445088
v 0.00643618 -0.02133563 0.00462999
v 0.00648970 -0.02133563 0.00481614
v 0.00495919 -0.02133563 0.00416108
v 0.00409218 -0.02133563 0.00358387
v 0.00513830 -0.02133563 0.00406831
v 0.00532443 -0.02133563 0.00401478
v 0.00457661 -0.02133563 0.00462999
v 0.00329270 -0.02133563 0.00423332
v 0.00466940 -0.02133563 0.00445088
v 0.00479929 -0.02133563 0.00429099
v 0.00239712 -0.02133563 0.00469729
v 0.00452309 -0.02133563 0.00481614
v 0.00139364 -0.02133563 0.00650113
v 0.00146646 -0.02133563 0.00496488
v 0.00148644 -0.02133563 0.00668024
v 0.00153995 -0.02133563 0.00686639
v 0.00092474 -0.02133563 0.00611856
v 0.00055665 -0.02133563 0.00504833
v 0.00110386 -0.02133563 0.00621133
v 0.00126375 -0.02133563 0.00634124
v 0.00018855 -0.02133563 0.00611856
v -0.00035317 -0.02133563 0.00496488
v 0.00037468 -0.02133563 0.00606503
v 0.00055665 -0.02133563 0.00604834
v -0.00028035 -0.02133563 0.00650113
v -0.00128383 -0.02133563 0.00469729
v -0.00015046 -0.02133563 0.00634124
v 0.00000944 -0.02133563 0.00621133
v -0.00217940 -0.02133563 0.00423332
v -0.00042666 -0.02133563 0.00686639
v 0.00055665 -0.02133563 0.00854834
v -0.01044336 -0.02133563 0.02004834
v 0.01155664 -0.02133563 0.02004834
v -0.00346331 -0.02133563 0.00462999
v -0.00297889 -0.02133563 0.00358387
v -0.00340980 -0.02133563 0.00481614
v -0.00384589 -0.02133563 0.00416108
v -0.00362833 -0.02133563 0.00278439
v -0.00368599 -0.02133563 0.00429099
v -0.00355610 -0.02133563 0.00445088
v -0.00457506 -0.02133563 0.00401478
v -0.00409229 -0.02133563 0.00188880
v -0.00439310 -0.02133563 0.00399809
v -0.00421114 -0.02133563 0.00401478
v -0.00435988 -0.02133563 0.00095814
v -0.00444335 -0.02133563 0.00004833
v -0.00560636 -0.02133563 -0.00049887
v -0.00551356 -0.02133563 -0.00031976
v -0.00546005 -0.02133563 -0.00013364
v -0.00644335 -0.02133563 -0.00095166
v -0.00626139 -0.02133563 -0.00093497
v -0.00607526 -0.02133563 -0.00088144
v -0.00728035 -0.02133563 -0.00049887
v -0.00715046 -0.02133563 -0.00065876
v -0.00699056 -0.02133563 -0.00078867
v -0.00742666 -0.02133563 -0.00013364
v -0.00737314 -0.02133563 -0.00031976
v -0.00681145 -0.02133563 -0.00088144
v -0.00662532 -0.02133563 -0.00093497
v -0.00589614 -0.02133563 -0.00078867
v -0.00573624 -0.02133563 -0.00065876
v -0.00494031 -0.02133563 0.00416108
v -0.00476119 -0.02133563 0.00406831
v -0.00510021 -0.02133563 0.00429099
v -0.00523010 -0.02133563 0.00445088
v -0.00532289 -0.02133563 0.00462999
v -0.00537641 -0.02133563 0.00481614
v -0.00037314 -0.02133563 0.00668024
v 0.00073861 -0.02133563 0.00606503
v 0.00657334 -0.02133563 -0.00013361
v 0.00662686 -0.02133563 -0.00031976
v 0.00718855 -0.02133563 -0.00088144
v 0.00737469 -0.02133563 -0.00093497
v 0.00810386 -0.02133563 -0.00078867
v 0.00826376 -0.02133563 -0.00065876
v 0.00550640 -0.02133563 0.00399809
v -0.00402500 -0.02133563 0.00406831
v -0.00944335 0.02066438 -0.00195167
v -0.00844335 0.02166438 -0.00295166
v -0.00844335 0.01966438 -0.00295166
v -0.01044335 0.02166438 -0.00095166
v -0.01044335 0.01966438 -0.00095166
v -0.00644335 0.02066438 -0.00295166
v -0.00444335 0.02166438 -0.00295166
v -0.00444335 0.01966438 -0.00295166
v 0.01155665 0.01966438 -0.00095166
v 0.00648970 0.01966438 0.00481611
v 0.00643618 0.01966438 0.00462999
v 0.00634339 0.01966438 0.00445088
v 0.00621350 0.01966438 0.00429099
v 0.00605361 0.01966438 0.00416108
v 0.00587449 0.01966438 0.00406831
v 0.00520559 0.01966438 0.00188880
v 0.00568836 0.01966438 0.00401478
v 0.00474163 0.01966438 0.00278439
v 0.00550640 0.01966438 0.00399809
v 0.00532443 0.01966438 0.00401478
v 0.00513830 0.01966438 0.00406831
v 0.00409218 0.01966438 0.00358387
v 0.00495919 0.01966438 0.00416108
v 0.00479929 0.01966438 0.00429099
v 0.00466940 0.01966438 0.00445088
v 0.00329270 0.01966438 0.00423332
v 0.00457661 0.01966438 0.00462999
v 0.00452309 0.01966438 0.00481611
v 0.00239712 0.01966438 0.00469729
v 0.00148644 0.01966438 0.00668024
v 0.00153995 0.01966438 0.00686639
v 0.01155664 0.01966438 0.01804834
v -0.00217940 0.01966438 0.00423332
v -0.00340980 0.01966438 0.00481611
v -0.00128383 0.01966438 0.00469729
v -0.00037314 0.01966438 0.00668024
v -0.00042666 0.01966438 0.00686639
v -0.01044336 0.01966438 0.01804834
v -0.00537641 0.01966438 0.00481611
v -0.00532289 0.01966438 0.00462999
v -0.00523010 0.01966438 0.00445088
v -0.00510021 0.01966438 0.00429096
v -0.00494031 0.01966438 0.00416108
v -0.00476119 0.01966438 0.00406831
v -0.00409229 0.01966438 0.00188880
v -0.00457506 0.01966438 0.00401478
v -0.00362833 0.01966438 0.00278439
v -0.00439310 0.01966438 0.00399809
v -0.00421114 0.01966438 0.00401478
v -0.00402500 0.01966438 0.00406831
v -0.00297889 0.01966438 0.00358387
v -0.00384589 0.01966438 0.00416108
v -0.00368599 0.01966438 0.00429096
v -0.00355610 0.01966438 0.00445088
v -0.00346331 0.01966438 0.00462999
v 0.00853996 0.01966438 -0.00013361
v 0.00547318 0.01966438 0.00095814
v 0.00555665 0.01966438 0.00004833
v 0.00657334 0.01966438 -0.00013364
v 0.00662686 0.01966438 -0.00031976
v 0.00671965 0.01966438 -0.00049887
v 0.00555665 0.01966438 -0.00295166
v 0.00684954 0.01966438 -0.00065876
v 0.00700944 0.01966438 -0.00078867
v 0.00718855 0.01966438 -0.00088144
v 0.00737469 0.01966438 -0.00093497
v 0.00755665 0.01966438 -0.00095166
v 0.00955665 0.01966438 -0.00295166
v 0.00773861 0.01966438 -0.00093497
v 0.00792474 0.01966438 -0.00088144
v 0.00810386 0.01966438 -0.00078867
v 0.00826376 0.01966438 -0.00065876
v 0.00839365 0.01966438 -0.00049887
v 0.00848644 0.01966438 -0.00031976
v -0.00444335 0.01966438 0.00004833
v -0.00546005 0.01966438 -0.00013364
v -0.00435988 0.01966438 0.00095814
v -0.00742666 0.01966438 -0.00013364
v -0.00737314 0.01966438 -0.00031976
v -0.00728035 0.01966438 -0.00049887
v -0.00715046 0.01966438 -0.00065879
v -0.00699056 0.01966438 -0.00078867
v -0.00681145 0.01966438 -0.00088144
v -0.00662532 0.01966438 -0.00093497
v -0.00644335 0.01966438 -0.00095166
v -0.00626139 0.01966438 -0.00093497
v -0.00607526 0.01966438 -0.00088144
v -0.00589614 0.01966438 -0.00078867
v -0.00573624 0.01966438 -0.00065876
v -0.00560636 0.01966438 -0.00049887
v -0.00551356 0.01966438 -0.00031976
v -0.00028035 0.01966438 0.00650113
v -0.00015046 0.01966438 0.00634124
v -0.00035317 0.01966438 0.00496485
v 0.00000944 0.01966438 0.00621133
v 0.00018855 0.01966438 0.00611856
v 0.00055665 0.01966438 0.00504833
v 0.00037468 0.01966438 0.00606503
v 0.00055665 0.01966438 0.00599810
v 0.00055665 0.01966438 0.00604834
v 0.00073861 0.01966438 0.00606503
v 0.00092474 0.01966438 0.00611856
v 0.00146646 0.01966438 0.00496485
v 0.00110386 0.01966438 0.00621133
v 0.00126375 0.01966438 0.00634124
v 0.00139364 0.01966438 0.00650113
v 0.01055665 0.02066438 -0.00195167
v 0.01155665 0.02166438 -0.00095166
v 0.00955665 0.02166438 -0.00295166
v 0.00755665 0.02066438 -0.00295166
v 0.00555665 0.02166438 -0.00295166
v -0.00728035 0.02166438 -0.00049887
v -0.00737314 0.02166438 -0.00031976
v -0.00742666 0.02166438 -0.00013364
v -0.00644335 0.02166438 -0.00095166
v -0.00662532 0.02166438 -0.00093497
v -0.00681145 0.02166438 -0.00088144
v -0.00560636 0.02166438 -0.00049887
v -0.00444335 0.02166438 0.00004833
v -0.00573624 0.02166438 -0.00065876
v -0.00589614 0.02166438 -0.00078867
v -0.00435988 0.02166438 0.00095814
v -0.00409229 0.02166438 0.00188880
v -0.00457506 0.02166438 0.00401478
v -0.00362833 0.02166438 0.00278439
v -0.00476119 0.02166438 0.00406831
v -0.00494031 0.02166438 0.00416108
v -0.00510021 0.02166438 0.00429096
v -0.00523010 0.02166438 0.00445088
v -0.00532289 0.02166438 0.00462999
v -0.00537641 0.02166438 0.00481611
v -0.00384589 0.02166438 0.00416108
v -0.00297889 0.02166438 0.00358387
v -0.00402500 0.02166438 0.00406831
v -0.00421114 0.02166438 0.00401478
v -0.00346331 0.02166438 0.00462999
v -0.00217940 0.02166438 0.00423332
v -0.00355610 0.02166438 0.00445088
v -0.00368599 0.02166438 0.00429096
v -0.00128383 0.02166438 0.00469729
v -0.00340980 0.02166438 0.00481611
v -0.00028035 0.02166438 0.00650113
v -0.00035317 0.02166438 0.00496485
v -0.00037314 0.02166438 0.00668024
v -0.00042666 0.02166438 0.00686636
v 0.00018855 0.02166438 0.00611856
v 0.00055665 0.02166438 0.00504833
v 0.00000944 0.02166438 0.00621133
v -0.00015046 0.02166438 0.00634124
v 0.00092474 0.02166438 0.00611856
v 0.00146646 0.02166438 0.00496485
v 0.00073861 0.02166438 0.00606503
v 0.00055665 0.02166438 0.00604834
v 0.00139364 0.02166438 0.00650113
v 0.00239712 0.02166438 0.00469729
v 0.00126375 0.02166438 0.00634124
v 0.00110386 0.02166438 0.00621133
v 0.00329270 0.02166438 0.00423332
v 0.00153995 0.02166438 0.00686636
v 0.00055665 0.02166438 0.00854834
v 0.01155664 0.02166438 0.02004834
v -0.01044336 0.02166438 0.02004834
v 0.00457661 0.02166438 0.00462999
v 0.00409218 0.02166438 0.00358387
v 0.00452309 0.02166438 0.00481611
v 0.00495919 0.02166438 0.00416108
v 0.00474163 0.02166438 0.00278439
v 0.00479929 0.02166438 0.00429099
v 0.00466940 0.02166438 0.00445088
v 0.00568836 0.02166438 0.00401478
v 0.00520559 0.02166438 0.00188880
v 0.00550640 0.02166438 0.00399809
v 0.00532443 0.02166438 0.00401478
v 0.00547318 0.02166438 0.00095814
v 0.00555665 0.02166438 0.00004833
v 0.00671965 0.02166438 -0.00049887
v 0.00662686 0.02166438 -0.00031976
v 0.00657334 0.02166438 -0.00013364
v 0.00755665 0.02166438 -0.00095166
v 0.00737469 0.02166438 -0.00093497
v 0.00718855 0.02166438 -0.00088144
v 0.00839365 0.02166438 -0.00049887
v 0.00826376 0.02166438 -0.00065876
v 0.00810386 0.02166438 -0.00078867
v 0.00648970 0.02166438 0.00481611
v 0.00643618 0.02166438 0.00462999
v 0.00634339 0.02166438 0.00445088
v 0.00621350 0.02166438 0.00429099
v 0.00605361 0.02166438 0.00416108
v 0.00587449 0.02166438 0.00406831
v 0.00513830 0.02166438 0.00406831
v -0.00439310 0.02166438 0.00399809
v 0.00853996 0.02166438 -0.00013361
v 0.00848644 0.02166438 -0.00031976
v 0.00792474 0.02166438 -0.00088144
v 0.00773861 0.02166438 -0.00093497
v 0.00700944 0.02166438 -0.00078867
v 0.00684954 0.02166438 -0.00065876
v -0.00546005 0.02166438 -0.00013364
v -0.00551356 0.02166438 -0.00031976
v -0.00607526 0.02166438 -0.00088144
v -0.00626139 0.02166438 -0.00093497
v -0.00699056 0.02166438 -0.00078867
v -0.00715046 0.02166438 -0.00065879
v 0.00148644 0.02166438 0.00668024
v 0.00037468 0.02166438 0.00606503
v -0.00340526 -0.02033563 0.00484260
v -0.00344404 -0.02033563 0.00468298
v -0.00351155 -0.02033563 0.00452598
v -0.00360754 -0.02033563 0.00437929
v -0.00372904 -0.02033563 0.00425040
v -0.00387058 -0.02033563 0.00414547
v -0.00402500 -0.02033563 0.00406831
v -0.00418456 -0.02033563 0.00402006
v -0.00439310 -0.02033563 0.00399809
v -0.00460164 -0.02033563 0.00402006
v -0.00481362 -0.02033563 0.00409081
v -0.00501188 -0.02033563 0.00421252
v -0.00517867 -0.02033563 0.00437929
v -0.00530038 -0.02033563 0.00457757
v -0.00537112 -0.02033563 0.00478955
v 0.00649423 -0.02033563 0.00484260
v 0.00645545 -0.02033563 0.00468298
v 0.00638795 -0.02033563 0.00452601
v 0.00629196 -0.02033563 0.00437929
v 0.00617046 -0.02033563 0.00425040
v 0.00602891 -0.02033563 0.00414547
v 0.00587449 -0.02033563 0.00406831
v 0.00571493 -0.02033563 0.00402009
v 0.00550640 -0.02033563 0.00399809
v 0.00529786 -0.02033563 0.00402009
v 0.00508588 -0.02033563 0.00409081
v 0.00488762 -0.02033563 0.00421252
v 0.00472083 -0.02033563 0.00437929
v 0.00459911 -0.02033563 0.00457757
v 0.00452838 -0.02033563 0.00478955
v 0.00854449 -0.02033563 -0.00010715
v 0.00850571 -0.02033563 -0.00026677
v 0.00843820 -0.02033563 -0.00042374
v 0.00834222 -0.02033563 -0.00057042
v 0.00822072 -0.02033563 -0.00069932
v 0.00807917 -0.02033563 -0.00080428
v 0.00792474 -0.02033563 -0.00088144
v 0.00776519 -0.02033563 -0.00092966
v 0.00755665 -0.02033563 -0.00095166
v 0.00734811 -0.02033563 -0.00092966
v 0.00713613 -0.02033563 -0.00085894
v 0.00693787 -0.02033563 -0.00073723
v 0.00677109 -0.02033563 -0.00057042
v 0.00664937 -0.02033563 -0.00037218
v 0.00657864 -0.02033563 -0.00016020
v 0.00154448 -0.02033563 0.00689285
v 0.00150570 -0.02033563 0.00673323
v 0.00143820 -0.02033563 0.00657626
v 0.00134221 -0.02033563 0.00642955
v 0.00122071 -0.02033563 0.00630068
v 0.00107916 -0.02033563 0.00619572
v 0.00092474 -0.02033563 0.00611856
v 0.00076518 -0.02033563 0.00607034
v 0.00055665 -0.02033563 0.00604834
v 0.00034811 -0.02033563 0.00607034
v 0.00013613 -0.02033563 0.00614106
v -0.00006213 -0.02033563 0.00626277
v -0.00022892 -0.02033563 0.00642955
v -0.00035064 -0.02033563 0.00662782
v -0.00042137 -0.02033563 0.00683980
v -0.00545551 -0.02033563 -0.00010715
v -0.00549429 -0.02033563 -0.00026677
v -0.00556180 -0.02033563 -0.00042377
v -0.00565779 -0.02033563 -0.00057045
v -0.00577929 -0.02033563 -0.00069935
v -0.00592083 -0.02033563 -0.00080428
v -0.00607526 -0.02033563 -0.00088144
v -0.00623482 -0.02033563 -0.00092969
v -0.00644335 -0.02033563 -0.00095166
v -0.00665189 -0.02033563 -0.00092969
v -0.00686387 -0.02033563 -0.00085894
v -0.00706213 -0.02033563 -0.00073723
v -0.00722891 -0.02033563 -0.00057045
v -0.00735063 -0.02033563 -0.00037218
v -0.00742137 -0.02033563 -0.00016020
v -0.00043119 0.02066438 0.00689285
v -0.00039241 0.02066438 0.00673323
v -0.00032490 0.02066438 0.00657623
v -0.00022892 0.02066438 0.00642955
v -0.00010742 0.02066438 0.00630065
v 0.00003413 0.02066438 0.00619572
v 0.00018855 0.02066438 0.00611856
v 0.00034811 0.02066438 0.00607031
v 0.00055665 0.02066438 0.00604834
v 0.00076518 0.02066438 0.00607031
v 0.00097717 0.02066438 0.00614106
v 0.00117543 0.02066438 0.00626277
v 0.00134221 0.02066438 0.00642955
v 0.00146393 0.02066438 0.00662782
v 0.00153466 0.02066438 0.00683980
v -0.00743119 0.02066438 -0.00010715
v -0.00739241 0.02066438 -0.00026677
v -0.00732490 0.02066438 -0.00042377
v -0.00722891 0.02066438 -0.00057045
v -0.00710742 0.02066438 -0.00069935
v -0.00696587 0.02066438 -0.00080431
v -0.00681145 0.02066438 -0.00088144
v -0.00665189 0.02066438 -0.00092969
v -0.00644335 0.02066438 -0.00095166
v -0.00623482 0.02066438 -0.00092969
v -0.00602283 0.02066438 -0.00085894
v -0.00582457 0.02066438 -0.00073723
v -0.00565779 0.02066438 -0.00057045
v -0.00553607 0.02066438 -0.00037218
v -0.00546534 0.02066438 -0.00016020
v 0.00656881 0.02066438 -0.00010715
v 0.00660759 0.02066438 -0.00026677
v 0.00667510 0.02066438 -0.00042377
v 0.00677109 0.02066438 -0.00057045
v 0.00689259 0.02066438 -0.00069935
v 0.00703413 0.02066438 -0.00080428
v 0.00718855 0.02066438 -0.00088144
v 0.00734811 0.02066438 -0.00092969
v 0.00755665 0.02066438 -0.00095166
v 0.00776519 0.02066438 -0.00092966
v 0.00797717 0.02066438 -0.00085894
v 0.00817543 0.02066438 -0.00073723
v 0.00834222 0.02066438 -0.00057045
v 0.00846393 0.02066438 -0.00037218
v 0.00853466 0.02066438 -0.00016020
v -0.00538094 0.02066438 0.00484260
v -0.00534216 0.02066438 0.00468298
v -0.00527465 0.02066438 0.00452598
v -0.00517867 0.02066438 0.00437929
v -0.00505717 0.02066438 0.00425040
v -0.00491562 0.02066438 0.00414547
v -0.00476119 0.02066438 0.00406831
v -0.00460164 0.02066438 0.00402006
v -0.00439310 0.02066438 0.00399809
v -0.00418456 0.02066438 0.00402006
v -0.00397258 0.02066438 0.00409081
v -0.00377432 0.02066438 0.00421252
v -0.00360754 0.02066438 0.00437929
v -0.00348582 0.02066438 0.00457757
v -0.00341509 0.02066438 0.00478955
v 0.00451856 0.02066438 0.00484260
v 0.00455734 0.02066438 0.00468298
v 0.00462485 0.02066438 0.00452598
v 0.00472083 0.02066438 0.00437929
v 0.00484233 0.02066438 0.00425040
v 0.00498388 0.02066438 0.00414547
v 0.00513830 0.02066438 0.00406831
v 0.00529786 0.02066438 0.00402006
v 0.00550640 0.02066438 0.00399809
v 0.00571493 0.02066438 0.00402006
v 0.00592692 0.02066438 0.00409081
v 0.00612518 0.02066438 0.00421252
v 0.00629196 0.02066438 0.00437929
v 0.00641368 0.02066438 0.00457757
v 0.00648441 0.02066438 0.00478955
v 0.00549584 -0.02033563 0.00082576
v 0.00530194 -0.02033563 0.00162386
v 0.00496440 -0.02033563 0.00240880
v 0.00448447 -0.02033563 0.00314223
v 0.00387697 -0.02033563 0.00378671
v 0.00316923 -0.02033563 0.00431149
v 0.00239712 -0.02033563 0.00469729
v 0.00159932 -0.02033563 0.00493842
v 0.00055665 -0.02033563 0.00504833
v -0.00048603 -0.02033563 0.00493842
v -0.00154595 -0.02033563 0.00458475
v -0.00253725 -0.02033563 0.00397616
v -0.00337117 -0.02033563 0.00314223
v -0.00397977 -0.02033563 0.00215095
v -0.00433343 -0.02033563 0.00109103
v -0.00433343 0.02066438 0.00109100
v -0.00397977 0.02066438 0.00215095
v -0.00337117 0.02066438 0.00314223
v -0.00253725 0.02066438 0.00397616
v -0.00154595 0.02066438 0.00458475
v -0.00048603 0.02066438 0.00493842
v 0.00055665 0.02066438 0.00504833
v 0.00159932 0.02066438 0.00493842
v 0.00239712 0.02066438 0.00469729
v 0.00316923 0.02066438 0.00431149
v 0.00387697 0.02066438 0.00378671
v 0.00448447 0.02066438 0.00314223
v 0.00496440 0.02066438 0.00240880
v 0.00530194 0.02066438 0.00162386
v 0.00549584 0.02066438 0.00082576
v 0.00555665 -0.02033563 -0.00145165
v -0.00444335 -0.02033563 -0.00145168
v -0.00444335 0.02066438 -0.00145168
v 0.00555665 0.02066438 -0.00145168
v 0.00055664 0.01426437 0.01804834
v 0.00857334 0.01698240 0.01804834
v 0.00855664 0.01716438 0.01804834
v 0.00937468 0.01618106 0.01804834
v 0.00918855 0.01623459 0.01804834
v 0.00937468 -0.01585232 0.01804834
v 0.00918855 -0.01590584 0.01804834
v 0.00900943 -0.01599863 0.01804834
v 0.00884954 -0.01612853 0.01804834
v 0.00871965 -0.01628842 0.01804834
v 0.00862685 -0.01646753 0.01804834
v 0.00857334 -0.01665366 0.01804834
v 0.00855664 -0.01683563 0.01804834
v 0.00055664 -0.01583563 0.01804834
v -0.00862532 -0.01585232 0.01804834
v -0.00881145 -0.01590584 0.01804834
v -0.00899057 -0.01599863 0.01804834
v -0.00915047 -0.01612853 0.01804834
v -0.00928035 -0.01628842 0.01804834
v -0.00937315 -0.01646753 0.01804834
v -0.00754336 0.00016437 0.01804834
v -0.00937315 0.01679627 0.01804834
v -0.00928035 0.01661716 0.01804834
v -0.00915047 0.01645727 0.01804834
v -0.00899057 0.01632738 0.01804834
v -0.00881145 0.01623459 0.01804834
v -0.00862532 0.01618106 0.01804834
v 0.00055664 0.01816438 0.01804834
v -0.00862532 0.01814768 0.01804834
v -0.00881145 0.01809417 0.01804834
v -0.00899057 0.01800138 0.01804834
v -0.00915047 0.01787148 0.01804834
v -0.00928035 0.01771158 0.01804834
v -0.00937315 0.01753247 0.01804834
v -0.00942666 0.01734634 0.01804834
v -0.00944336 0.01716438 0.01804834
v -0.00942666 0.01698240 0.01804834
v -0.00752500 -0.00003578 0.01804834
v -0.00746612 -0.00024054 0.01804834
v -0.00736405 -0.00043756 0.01804834
v -0.00722118 -0.00061344 0.01804834
v -0.00547474 -0.00498553 0.01804834
v -0.00541587 -0.00519029 0.01804834
v -0.00531380 -0.00538731 0.01804834
v -0.00517092 -0.00556319 0.01804834
v -0.00499504 -0.00570607 0.01804834
v -0.00479801 -0.00580815 0.01804834
v -0.00459327 -0.00586701 0.01804834
v 0.00055664 -0.01173564 0.01804834
v -0.00036405 -0.00743756 0.01804834
v -0.00046613 -0.00724054 0.01804834
v -0.00052499 -0.00703579 0.01804834
v 0.00857334 -0.01701759 0.01804834
v 0.00035648 -0.00791726 0.01804834
v 0.00510149 -0.00580815 0.01804834
v 0.00490446 -0.00570607 0.01804834
v -0.00541587 0.00551903 0.01804834
v -0.00547474 0.00531427 0.01804834
v -0.00722118 0.00094218 0.01804834
v -0.00736405 0.00076630 0.01804834
v -0.00746612 0.00056928 0.01804834
v -0.00752500 0.00036452 0.01804834
v -0.00036405 0.00776630 0.01804834
v -0.00046613 0.00756928 0.01804834
v -0.00052499 0.00736454 0.01804834
v -0.00054336 0.00716437 0.01804834
v -0.00052499 0.00696422 0.01804834
v -0.00046613 0.00675946 0.01804834
v -0.00036405 0.00656244 0.01804834
v -0.00022118 0.00638656 0.01804834
v -0.00004529 0.00624367 0.01804834
v -0.00459327 0.00619575 0.01804834
v -0.00479801 0.00613689 0.01804834
v -0.00499504 0.00603482 0.01804834
v -0.00517092 0.00589193 0.01804834
v -0.00531380 0.00571605 0.01804834
v 0.00937468 -0.01781893 0.01804834
v 0.00918855 -0.01776542 0.01804834
v 0.00900943 -0.01767263 0.01804834
v 0.00884954 -0.01754274 0.01804834
v 0.00871965 -0.01738283 0.01804834
v 0.00862685 -0.01720372 0.01804834
v 0.00900943 0.01632738 0.01804834
v 0.00884954 0.01645727 0.01804834
v 0.00871965 0.01661716 0.01804834
v 0.00862685 0.01679627 0.01804834
v 0.00857334 0.01734634 0.01804834
v 0.00862685 0.01753247 0.01804834
v 0.00871965 0.01771158 0.01804834
v 0.00884954 0.01787148 0.01804834
v 0.00900943 0.01800138 0.01804834
v 0.00918855 0.01809417 0.01804834
v 0.00937468 0.01814768 0.01804834
v -0.00862532 -0.01781893 0.01804834
v -0.00881145 -0.01776542 0.01804834
v -0.00899057 -0.01767263 0.01804834
v -0.00915047 -0.01754274 0.01804834
v -0.00928035 -0.01738283 0.01804834
v -0.00937315 -0.01720372 0.01804834
v -0.00942666 -0.01701759 0.01804834
v -0.00944336 -0.01683563 0.01804834
v -0.00942666 -0.01665366 0.01804834
v 0.00015174 -0.00785840 0.01804834
v -0.00004529 -0.00775632 0.01804834
v -0.00022118 -0.00761345 0.01804834
v -0.00054336 -0.00683563 0.01804834
v -0.00052499 -0.00663547 0.01804834
v -0.00046613 -0.00643072 0.01804834
v -0.00036405 -0.00623369 0.01804834
v -0.00022118 -0.00605782 0.01804834
v -0.00004529 -0.00591493 0.01804834
v 0.00015174 -0.00581286 0.01804834
v 0.00035648 -0.00575400 0.01804834
v 0.00448362 -0.00519029 0.01804834
v 0.00442475 -0.00498553 0.01804834
v 0.00440639 -0.00478538 0.01804834
v 0.00458569 -0.00538731 0.01804834
v 0.00472857 -0.00556319 0.01804834
v -0.00541587 -0.00438047 0.01804834
v -0.00664352 -0.00091726 0.01804834
v -0.00547474 -0.00458521 0.01804834
v -0.00684826 -0.00085840 0.01804834
v -0.00549311 -0.00478538 0.01804834
v -0.00704529 -0.00075633 0.01804834
v -0.00549311 0.00511412 0.01804834
v -0.00704529 0.00108507 0.01804834
v -0.00684826 0.00118714 0.01804834
v -0.00547474 0.00491395 0.01804834
v -0.00664352 0.00124600 0.01804834
v -0.00541587 0.00470921 0.01804834
v -0.00531380 0.00451219 0.01804834
v -0.00517092 0.00433630 0.01804834
v -0.00499504 0.00419342 0.01804834
v -0.00409230 0.00200484 0.01804834
v -0.00479801 0.00409135 0.01804834
v -0.00459327 0.00403249 0.01804834
v -0.00362834 0.00290042 0.01804834
v -0.00297889 0.00369991 0.01804834
v -0.00217941 0.00434935 0.01804834
v -0.00128383 0.00481331 0.01804834
v -0.00035317 0.00508091 0.01804834
v -0.00435988 0.00107419 0.01804834
v -0.00479801 -0.00376261 0.01804834
v -0.00459327 -0.00370375 0.01804834
v -0.00499504 -0.00386468 0.01804834
v -0.00517092 -0.00400755 0.01804834
v -0.00531380 -0.00418344 0.01804834
v 0.00055664 0.00516437 0.01804834
v 0.00035648 0.00608274 0.01804834
v 0.00015174 0.00614160 0.01804834
v -0.00022118 0.00794220 0.01804834
v -0.00004529 0.00808507 0.01804834
v 0.00015174 0.00818714 0.01804834
v 0.00035648 0.00824600 0.01804834
v 0.00530623 0.00619575 0.01804834
v 0.00510149 0.00613689 0.01804834
v 0.00490446 0.00603482 0.01804834
v 0.00472857 0.00589193 0.01804834
v 0.00458569 0.00571605 0.01804834
v 0.00239712 0.00481331 0.01804834
v 0.00448362 0.00551903 0.01804834
v 0.00329269 0.00434935 0.01804834
v 0.00442475 0.00531427 0.01804834
v 0.00440639 0.00511412 0.01804834
v 0.00442475 0.00491395 0.01804834
v 0.00409218 0.00369991 0.01804834
v 0.00448362 0.00470921 0.01804834
v 0.00458569 0.00451219 0.01804834
v 0.00472857 0.00433630 0.01804834
v 0.00474162 0.00290042 0.01804834
v 0.00490446 0.00419342 0.01804834
v 0.00510149 0.00409135 0.01804834
v 0.00530623 0.00403249 0.01804834
v 0.00520558 0.00200484 0.01804834
v 0.00146646 0.00508091 0.01804834
v 0.00735648 -0.00091726 0.01804834
v 0.00715174 -0.00085840 0.01804834
v 0.00695471 -0.00075633 0.01804834
v 0.00677883 -0.00061344 0.01804834
v 0.00663595 -0.00043756 0.01804834
v 0.00653388 -0.00024054 0.01804834
v 0.00647501 -0.00003578 0.01804834
v 0.00645664 0.00016437 0.01804834
v 0.00647501 0.00036452 0.01804834
v 0.00547317 0.00107419 0.01804834
v 0.00653388 0.00056928 0.01804834
v 0.00663595 0.00076630 0.01804834
v 0.00677883 0.00094218 0.01804834
v 0.00695471 0.00108507 0.01804834
v 0.00715174 0.00118714 0.01804834
v 0.00735648 0.00124600 0.01804834
v 0.00530623 -0.00586701 0.01804834
v 0.00442475 -0.00458521 0.01804834
v 0.00448362 -0.00438047 0.01804834
v 0.00458569 -0.00418344 0.01804834
v 0.00472857 -0.00400755 0.01804834
v 0.00490446 -0.00386468 0.01804834
v 0.00510149 -0.00376261 0.01804834
v 0.00530623 -0.00370375 0.01804834
v 0.00940116 -0.01782346 0.01904836
v 0.00937468 -0.01781893 0.02004834
v 0.00924154 -0.01778469 0.01904836
v 0.00918855 -0.01776542 0.02004834
v 0.00908455 -0.01771718 0.01904836
v 0.00900943 -0.01767263 0.02004834
v 0.00893786 -0.01762119 0.01904836
v 0.00884954 -0.01754274 0.02004834
v 0.00880897 -0.01749969 0.01904836
v 0.00871965 -0.01738283 0.02004834
v 0.00870401 -0.01735814 0.01904836
v 0.00862685 -0.01720372 0.02004834
v 0.00862685 -0.01720372 0.01904836
v 0.00857863 -0.01704416 0.01904836
v 0.00855664 -0.01683563 0.01904836
v 0.00857863 -0.01662709 0.01904836
v 0.00864936 -0.01641511 0.01904836
v 0.00877108 -0.01621685 0.01904836
v 0.00893786 -0.01605007 0.01904836
v 0.00913612 -0.01592834 0.01904836
v 0.00934811 -0.01585761 0.01904836
v 0.00937468 -0.01585232 0.02004834
v 0.00857334 -0.01701759 0.02004834
v 0.00855664 -0.01683563 0.02004834
v 0.00857334 -0.01665366 0.02004834
v 0.00862685 -0.01646753 0.02004834
v 0.00871965 -0.01628842 0.02004834
v 0.00884954 -0.01612853 0.02004834
v 0.00900943 -0.01599863 0.02004834
v 0.00918855 -0.01590584 0.02004834
v -0.00859884 0.01617653 0.01904833
v -0.00862532 0.01618106 0.02004834
v -0.00875846 0.01621532 0.01904833
v -0.00881145 0.01623459 0.02004834
v -0.00891545 0.01628282 0.01904833
v -0.00899057 0.01632738 0.02004834
v -0.00906214 0.01637882 0.01904833
v -0.00915047 0.01645727 0.02004834
v -0.00919103 0.01650031 0.01904833
v -0.00928035 0.01661716 0.02004834
v -0.00929599 0.01664185 0.01904833
v -0.00937315 0.01679627 0.02004834
v -0.00937315 0.01679627 0.01904833
v -0.00942137 0.01695584 0.01904833
v -0.00944336 0.01716438 0.01904833
v -0.00942137 0.01737290 0.01904833
v -0.00935064 0.01758489 0.01904833
v -0.00922892 0.01778315 0.01904833
v -0.00906214 0.01794994 0.01904833
v -0.00886388 0.01807165 0.01904833
v -0.00865189 0.01814239 0.01904833
v -0.00862532 0.01814768 0.02004834
v -0.00942666 0.01698240 0.02004834
v -0.00944336 0.01716438 0.02004834
v -0.00942666 0.01734634 0.02004834
v -0.00937315 0.01753247 0.02004834
v -0.00928035 0.01771158 0.02004834
v -0.00915047 0.01787148 0.02004834
v -0.00899057 0.01800138 0.02004834
v -0.00881145 0.01809417 0.02004834
v 0.00940116 0.01617653 0.01904833
v 0.00937468 0.01618106 0.02004834
v 0.00924154 0.01621532 0.01904833
v 0.00918855 0.01623459 0.02004834
v 0.00908455 0.01628282 0.01904833
v 0.00900943 0.01632738 0.02004834
v 0.00893786 0.01637882 0.01904833
v 0.00884954 0.01645727 0.02004834
v 0.00880897 0.01650031 0.01904833
v 0.00871965 0.01661716 0.02004834
v 0.00870401 0.01664185 0.01904833
v 0.00862685 0.01679627 0.02004834
v 0.00862685 0.01679627 0.01904833
v 0.00857863 0.01695584 0.01904833
v 0.00855664 0.01716438 0.01904833
v 0.00857863 0.01737290 0.01904833
v 0.00864936 0.01758489 0.01904833
v 0.00877108 0.01778315 0.01904833
v 0.00893786 0.01794994 0.01904833
v 0.00913612 0.01807165 0.01904833
v 0.00934811 0.01814239 0.01904833
v 0.00937468 0.01814768 0.02004834
v 0.00857334 0.01698240 0.02004834
v 0.00855664 0.01716438 0.02004834
v 0.00857334 0.01734634 0.02004834
v 0.00862685 0.01753247 0.02004834
v 0.00871965 0.01771158 0.02004834
v 0.00884954 0.01787148 0.02004834
v 0.00900943 0.01800138 0.02004834
v 0.00918855 0.01809417 0.02004834
v -0.00859884 -0.01782346 0.01904833
v -0.00862532 -0.01781893 0.02004834
v -0.00875846 -0.01778469 0.01904833
v -0.00881145 -0.01776542 0.02004834
v -0.00891545 -0.01771718 0.01904833
v -0.00899057 -0.01767263 0.02004834
v -0.00906214 -0.01762119 0.01904833
v -0.00915047 -0.01754274 0.02004834
v -0.00919103 -0.01749969 0.01904833
v -0.00928035 -0.01738283 0.02004834
v -0.00929599 -0.01735814 0.01904833
v -0.00937315 -0.01720372 0.02004834
v -0.00937315 -0.01720372 0.01904833
v -0.00942137 -0.01704416 0.01904833
v -0.00944336 -0.01683563 0.01904833
v -0.00942137 -0.01662709 0.01904833
v -0.00935064 -0.01641511 0.01904833
v -0.00922892 -0.01621685 0.01904833
v -0.00906214 -0.01605007 0.01904833
v -0.00886388 -0.01592834 0.01904833
v -0.00865189 -0.01585761 0.01904833
v -0.00862532 -0.01585232 0.02004834
v -0.00942666 -0.01701759 0.02004834
v -0.00944336 -0.01683563 0.02004834
v -0.00942666 -0.01665366 0.02004834
v -0.00937315 -0.01646753 0.02004834
v -0.00928035 -0.01628842 0.02004834
v -0.00915047 -0.01612853 0.02004834
v -0.00899057 -0.01599863 0.02004834
v -0.00881145 -0.01590584 0.02004834
v 0.00038561 -0.00792225 0.01904833
v 0.00035648 -0.00791726 0.02004834
v 0.00021003 -0.00787959 0.01904833
v 0.00015174 -0.00785840 0.02004834
v 0.00003734 -0.00780533 0.01904833
v -0.00004529 -0.00775632 0.02004834
v -0.00012402 -0.00769975 0.01904833
v -0.00022118 -0.00761345 0.02004834
v -0.00026580 -0.00756610 0.01904833
v -0.00036405 -0.00743756 0.02004834
v -0.00038125 -0.00741039 0.01904833
v -0.00046613 -0.00724054 0.02004834
v -0.00046613 -0.00724054 0.01904833
v -0.00051918 -0.00706502 0.01904833
v -0.00054336 -0.00683563 0.01904833
v -0.00051918 -0.00660624 0.01904833
v -0.00044137 -0.00637305 0.01904833
v -0.00030748 -0.00615497 0.01904833
v -0.00012402 -0.00597151 0.01904833
v 0.00009407 -0.00583762 0.01904833
v 0.00032725 -0.00575981 0.01904833
v 0.00035648 -0.00575400 0.02004834
v -0.00052499 -0.00703579 0.02004834
v -0.00054336 -0.00683563 0.02004834
v -0.00052499 -0.00663547 0.02004834
v -0.00046613 -0.00643072 0.02004834
v -0.00036405 -0.00623369 0.02004834
v -0.00022118 -0.00605782 0.02004834
v -0.00004529 -0.00591493 0.02004834
v 0.00015174 -0.00581286 0.02004834
v -0.00661439 -0.00092225 0.01904833
v -0.00664352 -0.00091726 0.02004834
v -0.00678997 -0.00087959 0.01904833
v -0.00684826 -0.00085840 0.02004834
v -0.00696266 -0.00080534 0.01904833
v -0.00704529 -0.00075633 0.02004834
v -0.00712402 -0.00069975 0.01904833
v -0.00722118 -0.00061344 0.02004834
v -0.00726580 -0.00056610 0.01904833
v -0.00736406 -0.00043756 0.02004834
v -0.00738125 -0.00041040 0.01904833
v -0.00746613 -0.00024054 0.02004834
v -0.00746612 -0.00024054 0.01904833
v -0.00751918 -0.00006502 0.01904833
v -0.00754336 0.00016437 0.01904833
v -0.00751918 0.00039376 0.01904833
v -0.00744137 0.00062695 0.01904833
v -0.00730748 0.00084503 0.01904833
v -0.00712402 0.00102849 0.01904833
v -0.00690593 0.00116238 0.01904833
v -0.00667275 0.00124019 0.01904833
v -0.00664352 0.00124600 0.02004834
v -0.00752500 -0.00003578 0.02004834
v -0.00754336 0.00016437 0.02004834
v -0.00752500 0.00036452 0.02004834
v -0.00746613 0.00056928 0.02004834
v -0.00736406 0.00076630 0.02004834
v -0.00722118 0.00094218 0.02004834
v -0.00704529 0.00108507 0.02004834
v -0.00684826 0.00118714 0.02004834
v 0.00038561 0.00607775 0.01904833
v 0.00035648 0.00608274 0.02004834
v 0.00021003 0.00612041 0.01904833
v 0.00015174 0.00614160 0.02004834
v 0.00003734 0.00619466 0.01904833
v -0.00004529 0.00624367 0.02004834
v -0.00012402 0.00630025 0.01904833
v -0.00022118 0.00638656 0.02004834
v -0.00026580 0.00643390 0.01904833
v -0.00036405 0.00656244 0.02004834
v -0.00038125 0.00658960 0.01904833
v -0.00046613 0.00675946 0.02004834
v -0.00046613 0.00675946 0.01904833
v -0.00051918 0.00693498 0.01904833
v -0.00054336 0.00716437 0.01904833
v -0.00051918 0.00739376 0.01904833
v -0.00044137 0.00762695 0.01904833
v -0.00030748 0.00784503 0.01904833
v -0.00012402 0.00802849 0.01904833
v 0.00009407 0.00816238 0.01904833
v 0.00032725 0.00824019 0.01904833
v 0.00035648 0.00824600 0.02004834
v -0.00052499 0.00696422 0.02004834
v -0.00054336 0.00716437 0.02004834
v -0.00052499 0.00736454 0.02004834
v -0.00046613 0.00756928 0.02004834
v -0.00036405 0.00776630 0.02004834
v -0.00022118 0.00794220 0.02004834
v -0.00004529 0.00808507 0.02004834
v 0.00015174 0.00818714 0.02004834
v 0.00738561 -0.00092225 0.01904836
v 0.00735648 -0.00091726 0.02004834
v 0.00721003 -0.00087959 0.01904836
v 0.00715174 -0.00085840 0.02004834
v 0.00703734 -0.00080534 0.01904836
v 0.00695471 -0.00075633 0.02004834
v 0.00687598 -0.00069975 0.01904836
v 0.00677882 -0.00061344 0.02004834
v 0.00673420 -0.00056610 0.01904836
v 0.00663595 -0.00043756 0.02004834
v 0.00661875 -0.00041040 0.01904836
v 0.00653387 -0.00024054 0.02004834
v 0.00653387 -0.00024054 0.01904836
v 0.00648083 -0.00006502 0.01904836
v 0.00645664 0.00016437 0.01904836
v 0.00648083 0.00039376 0.01904836
v 0.00655863 0.00062695 0.01904836
v 0.00669252 0.00084503 0.01904836
v 0.00687598 0.00102849 0.01904836
v 0.00709407 0.00116238 0.01904836
v 0.00732725 0.00124019 0.01904836
v 0.00735648 0.00124600 0.02004834
v 0.00647501 -0.00003578 0.02004834
v 0.00645664 0.00016437 0.02004834
v 0.00647501 0.00036452 0.02004834
v 0.00653387 0.00056928 0.02004834
v 0.00663595 0.00076630 0.02004834
v 0.00677882 0.00094218 0.02004834
v 0.00695471 0.00108507 0.02004834
v 0.00715174 0.00118714 0.02004834
v 0.00533536 0.00402750 0.01904833
v 0.00530623 0.00403249 0.02004834
v 0.00515977 0.00407016 0.01904833
v 0.00510149 0.00409135 0.02004834
v 0.00498709 0.00414441 0.01904833
v 0.00490446 0.00419342 0.02004834
v 0.00482573 0.00425000 0.01904833
v 0.00472857 0.00433631 0.02004834
v 0.00468395 0.00438365 0.01904833
v 0.00458569 0.00451219 0.02004834
v 0.00456850 0.00453935 0.01904833
v 0.00448362 0.00470921 0.02004834
v 0.00448362 0.00470921 0.01904833
v 0.00443057 0.00488473 0.01904833
v 0.00440639 0.00511412 0.01904833
v 0.00443057 0.00534351 0.01904833
v 0.00450838 0.00557670 0.01904833
v 0.00464227 0.00579478 0.01904833
v 0.00482573 0.00597824 0.01904833
v 0.00504382 0.00611213 0.01904833
v 0.00527700 0.00618994 0.01904833
v 0.00530623 0.00619575 0.02004834
v 0.00442475 0.00491395 0.02004834
v 0.00440639 0.00511412 0.02004834
v 0.00442475 0.00531427 0.02004834
v 0.00448362 0.00551903 0.02004834
v 0.00458569 0.00571605 0.02004834
v 0.00472857 0.00589193 0.02004834
v 0.00490446 0.00603482 0.02004834
v 0.00510149 0.00613689 0.02004834
v -0.00456413 0.00402750 0.01904833
v -0.00459327 0.00403249 0.02004834
v -0.00473972 0.00407016 0.01904833
v -0.00479801 0.00409135 0.02004834
v -0.00491241 0.00414441 0.01904833
v -0.00499504 0.00419342 0.02004834
v -0.00507377 0.00425000 0.01904833
v -0.00517092 0.00433631 0.02004834
v -0.00521555 0.00438365 0.01904833
v -0.00531380 0.00451219 0.02004834
v -0.00533100 0.00453935 0.01904833
v -0.00541587 0.00470921 0.02004834
v -0.00541587 0.00470921 0.01904833
v -0.00546892 0.00488473 0.01904833
v -0.00549311 0.00511412 0.01904833
v -0.00546892 0.00534351 0.01904833
v -0.00539112 0.00557670 0.01904833
v -0.00525723 0.00579478 0.01904833
v -0.00507377 0.00597824 0.01904833
v -0.00485568 0.00611213 0.01904833
v -0.00462249 0.00618994 0.01904833
v -0.00459327 0.00619575 0.02004834
v -0.00547474 0.00491395 0.02004834
v -0.00549311 0.00511412 0.02004834
v -0.00547474 0.00531427 0.02004834
v -0.00541587 0.00551903 0.02004834
v -0.00531380 0.00571605 0.02004834
v -0.00517092 0.00589193 0.02004834
v -0.00499504 0.00603482 0.02004834
v -0.00479801 0.00613689 0.02004834
v -0.00456413 -0.00587200 0.01904833
v -0.00459327 -0.00586701 0.02004834
v -0.00473972 -0.00582934 0.01904833
v -0.00479801 -0.00580815 0.02004834
v -0.00491241 -0.00575508 0.01904833
v -0.00499504 -0.00570607 0.02004834
v -0.00507377 -0.00564949 0.01904833
v -0.00517092 -0.00556319 0.02004834
v -0.00521555 -0.00551585 0.01904833
v -0.00531380 -0.00538731 0.02004834
v -0.00533100 -0.00536014 0.01904833
v -0.00541587 -0.00519029 0.02004834
v -0.00541587 -0.00519029 0.01904833
v -0.00546892 -0.00501476 0.01904833
v -0.00549311 -0.00478538 0.01904833
v -0.00546892 -0.00455599 0.01904833
v -0.00539112 -0.00432280 0.01904833
v -0.00525723 -0.00410472 0.01904833
v -0.00507377 -0.00392126 0.01904833
v -0.00485568 -0.00378737 0.01904833
v -0.00462249 -0.00370956 0.01904833
v -0.00459327 -0.00370375 0.02004834
v -0.00547474 -0.00498553 0.02004834
v -0.00549311 -0.00478538 0.02004834
v -0.00547474 -0.00458521 0.02004834
v -0.00541587 -0.00438047 0.02004834
v -0.00531380 -0.00418344 0.02004834
v -0.00517092 -0.00400755 0.02004834
v -0.00499504 -0.00386468 0.02004834
v -0.00479801 -0.00376261 0.02004834
v 0.00533536 -0.00587200 0.01904836
v 0.00530623 -0.00586701 0.02004834
v 0.00515977 -0.00582934 0.01904836
v 0.00510149 -0.00580815 0.02004834
v 0.00498709 -0.00575508 0.01904836
v 0.00490446 -0.00570607 0.02004834
v 0.00482573 -0.00564949 0.01904836
v 0.00472857 -0.00556319 0.02004834
v 0.00468395 -0.00551585 0.01904836
v 0.00458569 -0.00538731 0.02004834
v 0.00456850 -0.00536014 0.01904836
v 0.00448362 -0.00519029 0.02004834
v 0.00448362 -0.00519029 0.01904836
v 0.00443057 -0.00501476 0.01904836
v 0.00440639 -0.00478538 0.01904836
v 0.00443057 -0.00455599 0.01904836
v 0.00450838 -0.00432280 0.01904836
v 0.00464227 -0.00410472 0.01904836
v 0.00482573 -0.00392126 0.01904836
v 0.00504382 -0.00378737 0.01904836
v 0.00527700 -0.00370956 0.01904836
v 0.00530623 -0.00370375 0.02004834
v 0.00442475 -0.00498553 0.02004834
v 0.00440639 -0.00478538 0.02004834
v 0.00442475 -0.00458521 0.02004834
v 0.00448362 -0.00438047 0.02004834
v 0.00458569 -0.00418344 0.02004834
v 0.00472857 -0.00400755 0.02004834
v 0.00490446 -0.00386468 0.02004834
v 0.00510149 -0.00376261 0.02004834
v 0.00547317 0.00107419 0.02004834
v 0.00544672 0.00120705 0.01904833
v 0.00520558 0.00200484 0.02004834
v 0.00509306 0.00226697 0.01904833
v 0.00474162 0.00290042 0.02004834
v 0.00448446 0.00325827 0.01904833
v 0.00409218 0.00369991 0.02004834
v 0.00365054 0.00409220 0.01904833
v 0.00329269 0.00434935 0.02004834
v 0.00265924 0.00470079 0.01904833
v 0.00239711 0.00481331 0.02004834
v 0.00159932 0.00505444 0.01904833
v 0.00146646 0.00508091 0.02004834
v 0.00055664 0.00516437 0.01904833
v 0.00055664 0.00516437 0.02004834
v -0.00035317 0.00508091 0.02004834
v -0.00048603 0.00505444 0.01904833
v -0.00128383 0.00481331 0.02004834
v -0.00128383 0.00481331 0.01904833
v -0.00205594 0.00442752 0.01904833
v -0.00276368 0.00390275 0.01904833
v -0.00337118 0.00325827 0.01904833
v -0.00385111 0.00252484 0.01904833
v -0.00418865 0.00173989 0.01904833
v -0.00438255 0.00094178 0.01904833
v -0.00435989 0.00107419 0.02004834
v -0.00409230 0.00200484 0.02004834
v -0.00362834 0.00290042 0.02004834
v -0.00297889 0.00369991 0.02004834
v -0.00217941 0.00434935 0.02004834
v 0.00055664 0.01426437 0.02004834
v 0.00055664 -0.01583563 0.02004834
v 0.00055664 -0.01173564 0.02004834
v 0.00055664 0.01816438 0.02004834
v 0.00472151 0.01966436 0.00515267
v 0.00470643 0.01766437 0.00499808
v 0.00470643 0.01966436 0.00499808
v 0.00472402 0.01866436 0.00516491
v 0.00476733 0.01966436 0.00530424
v 0.00478061 0.01866436 0.00533449
v 0.00484211 0.01966436 0.00544380
v 0.00487798 0.01866436 0.00549310
v 0.00494075 0.01966436 0.00556376
v 0.00501141 0.01866436 0.00562652
v 0.00502627 0.01966436 0.00563797
v 0.00512472 0.01966436 0.00570115
v 0.00517002 0.01866436 0.00572392
v 0.00523382 0.01966436 0.00575020
v 0.00533961 0.01866436 0.00578048
v 0.00535036 0.01966436 0.00578272
v 0.00547047 0.01966436 0.00579726
v 0.00550644 0.01866436 0.00579809
v 0.00559004 0.01966436 0.00579371
v 0.00567326 0.01866436 0.00578048
v 0.00570518 0.01966436 0.00577300
v 0.00580091 0.01866436 0.00574192
v 0.00581258 0.01966436 0.00573718
v 0.00592445 0.01866436 0.00568020
v 0.00591386 0.01966436 0.00568657
v 0.00600990 0.01966436 0.00561979
v 0.00603769 0.01866436 0.00559621
v 0.00609698 0.01966436 0.00553777
v 0.00613489 0.01866436 0.00549310
v 0.00617161 0.01966436 0.00544252
v 0.00621167 0.01866436 0.00537577
v 0.00623103 0.01966436 0.00533714
v 0.00626568 0.01866436 0.00525015
v 0.00627349 0.01966436 0.00522529
v 0.00629671 0.01866436 0.00512248
v 0.00629842 0.01966436 0.00511103
v 0.00630643 0.01966436 0.00499808
v 0.00630643 0.01766437 0.00499808
v 0.00629308 0.01766437 0.00514366
v 0.00625027 0.01766437 0.00529256
v 0.00617603 0.01766437 0.00543585
v 0.00607212 0.01766437 0.00556376
v 0.00594420 0.01766437 0.00566768
v 0.00580091 0.01766437 0.00574192
v 0.00471979 0.01766437 0.00514366
v 0.00476260 0.01766437 0.00529256
v 0.00483684 0.01766437 0.00543585
v 0.00494075 0.01766437 0.00556376
v 0.00506867 0.01766437 0.00566768
v 0.00521196 0.01766437 0.00574192
v 0.00536086 0.01766437 0.00578471
v 0.00550644 0.01766437 0.00579809
v 0.00565200 0.01766437 0.00578471
v -0.00024331 0.01966436 0.00704833
v -0.00024331 0.01766437 0.00704833
v -0.00022996 0.01966436 0.00719392
v -0.00022572 0.01866436 0.00721516
v -0.00018714 0.01966436 0.00734281
v -0.00016914 0.01866436 0.00738474
v -0.00011291 0.01966436 0.00748610
v -0.00007176 0.01866436 0.00754335
v -0.00000900 0.01966436 0.00761401
v 0.00006166 0.01866436 0.00767677
v 0.00011892 0.01966436 0.00771793
v 0.00022027 0.01866436 0.00777417
v 0.00026221 0.01966436 0.00779217
v 0.00038986 0.01866436 0.00783073
v 0.00041112 0.01966436 0.00783496
v 0.00055669 0.01866436 0.00784834
v 0.00055669 0.01966436 0.00784834
v 0.00070226 0.01966436 0.00783496
v 0.00072351 0.01866436 0.00783073
v 0.00085116 0.01966436 0.00779217
v 0.00085116 0.01866436 0.00779217
v 0.00097470 0.01866436 0.00773045
v 0.00085116 0.01766437 0.00779217
v 0.00099446 0.01766437 0.00771793
v -0.00022996 0.01766437 0.00719392
v -0.00018714 0.01766437 0.00734281
v -0.00011291 0.01766437 0.00748610
v -0.00000900 0.01766437 0.00761401
v 0.00011892 0.01766437 0.00771793
v 0.00026221 0.01766437 0.00779217
v 0.00041112 0.01766437 0.00783496
v 0.00055669 0.01766437 0.00784834
v 0.00070226 0.01766437 0.00783496
v 0.00108794 0.01866436 0.00764646
v 0.00112237 0.01766437 0.00761401
v 0.00118514 0.01866436 0.00754335
v 0.00122628 0.01766437 0.00748610
v 0.00126193 0.01866436 0.00742602
v 0.00130052 0.01766437 0.00734281
v 0.00131593 0.01866436 0.00730043
v 0.00134333 0.01766437 0.00719392
v 0.00134696 0.01866436 0.00717273
v 0.00135669 0.01766437 0.00704833
v 0.00135669 0.01966436 0.00704833
v 0.00134333 0.01966436 0.00719392
v 0.00130052 0.01966436 0.00734281
v 0.00122628 0.01966436 0.00748610
v 0.00112237 0.01966436 0.00761401
v 0.00099446 0.01966436 0.00771793
v -0.00519306 0.01966436 0.00499808
v -0.00519306 0.01766436 0.00499808
v -0.00517971 0.01966436 0.00514363
v -0.00517547 0.01866436 0.00516491
v -0.00513689 0.01966436 0.00529256
v -0.00511889 0.01866436 0.00533449
v -0.00506266 0.01966436 0.00543585
v -0.00502151 0.01866436 0.00549310
v -0.00495875 0.01966436 0.00556376
v -0.00488809 0.01866436 0.00562652
v -0.00483083 0.01966436 0.00566768
v -0.00472948 0.01866436 0.00572392
v -0.00468754 0.01966436 0.00574192
v -0.00455989 0.01866436 0.00578048
v -0.00453863 0.01966436 0.00578471
v -0.00439306 0.01866436 0.00579809
v -0.00439306 0.01966436 0.00579809
v -0.00424749 0.01966436 0.00578471
v -0.00422623 0.01866436 0.00578048
v -0.00409858 0.01966436 0.00574192
v -0.00409858 0.01866436 0.00574192
v -0.00397505 0.01866436 0.00568020
v -0.00401135 0.01766436 0.00570115
v -0.00391290 0.01766436 0.00563797
v -0.00518505 0.01766436 0.00511103
v -0.00516011 0.01766436 0.00522529
v -0.00511766 0.01766436 0.00533714
v -0.00505824 0.01766436 0.00544252
v -0.00498360 0.01766436 0.00553777
v -0.00489653 0.01766436 0.00561979
v -0.00480048 0.01766436 0.00568657
v -0.00469921 0.01766436 0.00573718
v -0.00459180 0.01766436 0.00577300
v -0.00447667 0.01766436 0.00579371
v -0.00435710 0.01766436 0.00579726
v -0.00423699 0.01766436 0.00578272
v -0.00412045 0.01766436 0.00575020
v -0.00386181 0.01866436 0.00559621
v -0.00382738 0.01766436 0.00556376
v -0.00376461 0.01866436 0.00549310
v -0.00372874 0.01766436 0.00544380
v -0.00368782 0.01866436 0.00537577
v -0.00365396 0.01766436 0.00530424
v -0.00363381 0.01866436 0.00525015
v -0.00360814 0.01766436 0.00515267
v -0.00360279 0.01866436 0.00512248
v -0.00359306 0.01766436 0.00499808
v -0.00359306 0.01966436 0.00499808
v -0.00360642 0.01966436 0.00514363
v -0.00364923 0.01966436 0.00529256
v -0.00372346 0.01966436 0.00543585
v -0.00382738 0.01966436 0.00556376
v -0.00395529 0.01966436 0.00566768
v -0.00517971 0.01966436 -0.00475583
v -0.00519306 0.01766436 -0.00490142
v -0.00519306 0.01966436 -0.00490142
v -0.00517547 0.01866436 -0.00473458
v -0.00513689 0.01966436 -0.00460694
v -0.00511889 0.01866436 -0.00456501
v -0.00506266 0.01966436 -0.00446365
v -0.00502151 0.01866436 -0.00440640
v -0.00495875 0.01966436 -0.00433574
v -0.00488808 0.01866436 -0.00427298
v -0.00483083 0.01966436 -0.00423182
v -0.00472948 0.01866436 -0.00417558
v -0.00468754 0.01966436 -0.00415758
v -0.00455989 0.01866436 -0.00411902
v -0.00453863 0.01966436 -0.00411478
v -0.00439306 0.01866436 -0.00410140
v -0.00439306 0.01966436 -0.00410140
v -0.00424749 0.01966436 -0.00411478
v -0.00422623 0.01866436 -0.00411902
v -0.00409858 0.01966436 -0.00415758
v -0.00409858 0.01866436 -0.00415758
v -0.00397505 0.01866436 -0.00421930
v -0.00408691 0.01766436 -0.00416232
v -0.00398564 0.01766436 -0.00421292
v -0.00517798 0.01766436 -0.00474683
v -0.00513216 0.01766436 -0.00459526
v -0.00505739 0.01766436 -0.00445569
v -0.00495875 0.01766436 -0.00433574
v -0.00487322 0.01766436 -0.00426153
v -0.00477478 0.01766436 -0.00419835
v -0.00466567 0.01766436 -0.00414930
v -0.00454913 0.01766436 -0.00411678
v -0.00442902 0.01766436 -0.00410224
v -0.00430945 0.01766436 -0.00410578
v -0.00419432 0.01766436 -0.00412650
v -0.00388959 0.01766436 -0.00427971
v -0.00386181 0.01866436 -0.00430328
v -0.00395529 0.01966436 -0.00423182
v -0.00382737 0.01966436 -0.00433574
v -0.00376461 0.01866436 -0.00440640
v -0.00372346 0.01966436 -0.00446365
v -0.00368782 0.01866436 -0.00452373
v -0.00364923 0.01966436 -0.00460694
v -0.00363381 0.01866436 -0.00464935
v -0.00360642 0.01966436 -0.00475583
v -0.00360279 0.01866436 -0.00477702
v -0.00359306 0.01966436 -0.00490142
v -0.00360107 0.01766436 -0.00478847
v -0.00359306 0.01766436 -0.00490142
v -0.00380252 0.01766436 -0.00436173
v -0.00372788 0.01766436 -0.00445694
v -0.00366846 0.01766436 -0.00456236
v -0.00362601 0.01766436 -0.00467420
v -0.00724331 0.01966436 0.00004833
v -0.00724331 0.01766436 0.00004833
v -0.00722996 0.01966436 0.00019392
v -0.00722573 0.01866436 0.00021517
v -0.00718714 0.01966436 0.00034281
v -0.00716914 0.01866436 0.00038474
v -0.00711291 0.01966436 0.00048610
v -0.00707177 0.01866436 0.00054335
v -0.00700900 0.01966436 0.00061401
v -0.00693834 0.01866436 0.00067677
v -0.00688108 0.01966436 0.00071793
v -0.00677973 0.01866436 0.00077417
v -0.00673779 0.01966436 0.00079217
v -0.00661014 0.01866436 0.00083073
v -0.00658888 0.01966436 0.00083496
v -0.00644331 0.01866436 0.00084835
v -0.00644331 0.01966436 0.00084835
v -0.00629774 0.01966436 0.00083496
v -0.00627648 0.01866436 0.00083073
v -0.00614884 0.01966436 0.00079217
v -0.00614884 0.01866436 0.00079217
v -0.00602530 0.01866436 0.00073045
v -0.00614884 0.01766436 0.00079217
v -0.00600555 0.01766436 0.00071793
v -0.00722996 0.01766436 0.00019392
v -0.00718714 0.01766436 0.00034281
v -0.00711291 0.01766436 0.00048610
v -0.00700900 0.01766436 0.00061401
v -0.00688108 0.01766436 0.00071793
v -0.00673779 0.01766436 0.00079217
v -0.00658888 0.01766436 0.00083496
v -0.00644331 0.01766436 0.00084835
v -0.00629774 0.01766436 0.00083496
v -0.00591206 0.01866436 0.00064646
v -0.00587763 0.01766436 0.00061401
v -0.00581486 0.01866436 0.00054335
v -0.00577372 0.01766436 0.00048610
v -0.00573807 0.01866436 0.00042602
v -0.00569948 0.01766436 0.00034281
v -0.00568407 0.01866436 0.00030040
v -0.00565667 0.01766436 0.00019392
v -0.00565304 0.01866436 0.00017273
v -0.00564331 0.01766436 0.00004833
v -0.00564331 0.01966436 0.00004833
v -0.00565667 0.01966436 0.00019392
v -0.00569948 0.01966436 0.00034281
v -0.00577372 0.01966436 0.00048610
v -0.00587763 0.01966436 0.00061401
v -0.00600555 0.01966436 0.00071793
v -0.00022996 0.01966436 -0.00680611
v -0.00024331 0.01766436 -0.00695167
v -0.00024331 0.01966436 -0.00695167
v -0.00022572 0.01866436 -0.00678483
v -0.00018714 0.01966436 -0.00665719
v -0.00016914 0.01866436 -0.00661526
v -0.00011291 0.01966436 -0.00651390
v -0.00007176 0.01866436 -0.00645665
v -0.00000900 0.01966436 -0.00638599
v 0.00006166 0.01866436 -0.00632323
v 0.00011892 0.01966436 -0.00628207
v 0.00022027 0.01866436 -0.00622583
v 0.00026221 0.01966436 -0.00620783
v 0.00038986 0.01866436 -0.00616927
v 0.00041112 0.01966436 -0.00616504
v 0.00055669 0.01866436 -0.00615168
v 0.00055669 0.01966436 -0.00615168
v 0.00070226 0.01966436 -0.00616504
v 0.00072352 0.01866436 -0.00616927
v 0.00085116 0.01966436 -0.00620783
v 0.00085116 0.01866436 -0.00620783
v 0.00097470 0.01866436 -0.00626955
v 0.00085116 0.01766436 -0.00620783
v 0.00099446 0.01766436 -0.00628207
v -0.00022996 0.01766436 -0.00680608
v -0.00018714 0.01766436 -0.00665719
v -0.00011291 0.01766436 -0.00651390
v -0.00000900 0.01766436 -0.00638599
v 0.00011892 0.01766436 -0.00628207
v 0.00026221 0.01766436 -0.00620783
v 0.00041112 0.01766436 -0.00616504
v 0.00055669 0.01766436 -0.00615165
v 0.00070226 0.01766436 -0.00616504
v 0.00108794 0.01866436 -0.00635353
v 0.00112237 0.01766436 -0.00638599
v 0.00118514 0.01866436 -0.00645665
v 0.00122628 0.01766436 -0.00651390
v 0.00126193 0.01866436 -0.00657398
v 0.00130052 0.01766436 -0.00665719
v 0.00131593 0.01866436 -0.00669960
v 0.00134333 0.01766436 -0.00680608
v 0.00134696 0.01866436 -0.00682727
v 0.00135669 0.01766436 -0.00695167
v 0.00135669 0.01966436 -0.00695167
v 0.00134333 0.01966436 -0.00680611
v 0.00130052 0.01966436 -0.00665719
v 0.00122628 0.01966436 -0.00651390
v 0.00112237 0.01966436 -0.00638599
v 0.00099446 0.01966436 -0.00628207
v 0.00471445 0.01966436 -0.00478847
v 0.00470644 0.01766436 -0.00490142
v 0.00470643 0.01966436 -0.00490142
v 0.00472402 0.01866436 -0.00473458
v 0.00473938 0.01966436 -0.00467420
v 0.00478061 0.01866436 -0.00456501
v 0.00478184 0.01966436 -0.00456236
v 0.00484126 0.01966436 -0.00445694
v 0.00487798 0.01866436 -0.00440640
v 0.00491589 0.01966436 -0.00436173
v 0.00501141 0.01866436 -0.00427298
v 0.00500297 0.01966436 -0.00427971
v 0.00509902 0.01966436 -0.00421292
v 0.00517002 0.01866436 -0.00417558
v 0.00520029 0.01966436 -0.00416232
v 0.00533961 0.01866436 -0.00411902
v 0.00530769 0.01966436 -0.00412650
v 0.00542282 0.01966436 -0.00410578
v 0.00550644 0.01866436 -0.00410140
v 0.00554240 0.01966436 -0.00410224
v 0.00567326 0.01866436 -0.00411902
v 0.00566251 0.01966436 -0.00411678
v 0.00577905 0.01966436 -0.00414930
v 0.00580091 0.01866436 -0.00415758
v 0.00588815 0.01966436 -0.00419835
v 0.00592445 0.01866436 -0.00421930
v 0.00598660 0.01966436 -0.00426153
v 0.00603769 0.01866436 -0.00430328
v 0.00607212 0.01966436 -0.00433574
v 0.00613489 0.01866436 -0.00440640
v 0.00617076 0.01966436 -0.00445569
v 0.00621168 0.01866436 -0.00452373
v 0.00624554 0.01966436 -0.00459526
v 0.00626568 0.01866436 -0.00464932
v 0.00629136 0.01966436 -0.00474683
v 0.00629671 0.01866436 -0.00477702
v 0.00630644 0.01966436 -0.00490142
v 0.00630644 0.01766437 -0.00490142
v 0.00629308 0.01766437 -0.00475583
v 0.00625027 0.01766437 -0.00460694
v 0.00617603 0.01766437 -0.00446365
v 0.00607212 0.01766437 -0.00433574
v 0.00594420 0.01766437 -0.00423182
v 0.00580091 0.01766437 -0.00415758
v 0.00471979 0.01766436 -0.00475583
v 0.00476260 0.01766436 -0.00460694
v 0.00483684 0.01766437 -0.00446365
v 0.00494075 0.01766437 -0.00433574
v 0.00506867 0.01766437 -0.00423182
v 0.00521196 0.01766437 -0.00415758
v 0.00536087 0.01766437 -0.00411478
v 0.00550644 0.01766437 -0.00410140
v 0.00565201 0.01766437 -0.00411478
v 0.00006503 0.01966436 -0.00886068
v 0.00005669 0.01766436 -0.00895167
v 0.00005669 0.01966436 -0.00895167
v 0.00006768 0.01866436 -0.00884739
v 0.00009179 0.01966436 -0.00876761
v 0.00010305 0.01866436 -0.00874142
v 0.00013819 0.01966436 -0.00867806
v 0.00016391 0.01866436 -0.00864226
v 0.00020313 0.01966436 -0.00859813
v 0.00024730 0.01866436 -0.00855888
v 0.00028308 0.01966436 -0.00853316
v 0.00034643 0.01866436 -0.00849802
v 0.00037264 0.01966436 -0.00848678
v 0.00045242 0.01866436 -0.00846267
v 0.00046571 0.01966436 -0.00846002
v 0.00055669 0.01866436 -0.00845168
v 0.00055669 0.01966436 -0.00845168
v 0.00064767 0.01966436 -0.00846002
v 0.00066096 0.01866436 -0.00846267
v 0.00074073 0.01966436 -0.00848678
v 0.00074073 0.01866436 -0.00848678
v 0.00081795 0.01866436 -0.00852535
v 0.00074073 0.01766436 -0.00848678
v 0.00083029 0.01766436 -0.00853316
v 0.00006504 0.01766436 -0.00886068
v 0.00009179 0.01766436 -0.00876761
v 0.00013819 0.01766436 -0.00867806
v 0.00020313 0.01766436 -0.00859813
v 0.00028308 0.01766436 -0.00853316
v 0.00037264 0.01766436 -0.00848678
v 0.00046571 0.01766436 -0.00846002
v 0.00055669 0.01766436 -0.00845168
v 0.00064767 0.01766436 -0.00846002
v 0.00088872 0.01866436 -0.00857783
v 0.00091024 0.01766436 -0.00859813
v 0.00094947 0.01866436 -0.00864226
v 0.00097519 0.01766436 -0.00867806
v 0.00099746 0.01866436 -0.00871564
v 0.00102158 0.01766436 -0.00876761
v 0.00103122 0.01866436 -0.00879411
v 0.00104834 0.01766436 -0.00886068
v 0.00105061 0.01866436 -0.00887392
v 0.00105669 0.01766436 -0.00895167
v 0.00105669 0.01966436 -0.00895167
v 0.00104834 0.01966436 -0.00886068
v 0.00102158 0.01966436 -0.00876761
v 0.00097519 0.01966436 -0.00867806
v 0.00091024 0.01966436 -0.00859813
v 0.00083029 0.01966436 -0.00853316
v 0.00675669 0.01966436 0.00004833
v 0.00675669 0.01766437 0.00004833
v 0.00677004 0.01966436 0.00019392
v 0.00677428 0.01866436 0.00021517
v 0.00681286 0.01966436 0.00034281
v 0.00683086 0.01866436 0.00038474
v 0.00688709 0.01966436 0.00048610
v 0.00692824 0.01866436 0.00054335
v 0.00699100 0.01966436 0.00061401
v 0.00706166 0.01866436 0.00067677
v 0.00711892 0.01966436 0.00071793
v 0.00722027 0.01866436 0.00077417
v 0.00726221 0.01966436 0.00079217
v 0.00738986 0.01866436 0.00083073
v 0.00741112 0.01966436 0.00083496
v 0.00755669 0.01866436 0.00084835
v 0.00755669 0.01966436 0.00084835
v 0.00770226 0.01966436 0.00083496
v 0.00772352 0.01866436 0.00083073
v 0.00785116 0.01966436 0.00079217
v 0.00785116 0.01866436 0.00079217
v 0.00797470 0.01866436 0.00073045
v 0.00785116 0.01766437 0.00079217
v 0.00799446 0.01766437 0.00071793
v 0.00677004 0.01766437 0.00019392
v 0.00681286 0.01766437 0.00034281
v 0.00688709 0.01766437 0.00048610
v 0.00699100 0.01766437 0.00061401
v 0.00711892 0.01766437 0.00071793
v 0.00726221 0.01766437 0.00079217
v 0.00741112 0.01766437 0.00083496
v 0.00755669 0.01766437 0.00084835
v 0.00770226 0.01766437 0.00083496
v 0.00808794 0.01866436 0.00064646
v 0.00812238 0.01766437 0.00061401
v 0.00818514 0.01866436 0.00054335
v 0.00822628 0.01766437 0.00048610
v 0.00826193 0.01866436 0.00042602
v 0.00830052 0.01766437 0.00034281
v 0.00831593 0.01866436 0.00030043
v 0.00834333 0.01766437 0.00019392
v 0.00834696 0.01866436 0.00017273
v 0.00835669 0.01766437 0.00004833
v 0.00835669 0.01966436 0.00004833
v 0.00834333 0.01966436 0.00019392
v 0.00830052 0.01966436 0.00034281
v 0.00822628 0.01966436 0.00048610
v 0.00812237 0.01966436 0.00061401
v 0.00799446 0.01966436 0.00071793
v -0.00239323 0.01986436 0.00059422
v -0.00244331 0.01666437 0.00004833
v -0.00244331 0.01986436 0.00004833
v -0.00237736 0.01826437 0.00067394
v -0.00223268 0.01986436 0.00115263
v -0.00216516 0.01826437 0.00130989
v -0.00195430 0.01986436 0.00168996
v -0.00180001 0.01826437 0.00190466
v -0.00156463 0.01986436 0.00216966
v -0.00129966 0.01826437 0.00240501
v -0.00108494 0.01986436 0.00255933
v -0.00070487 0.01826437 0.00277018
v -0.00054760 0.01986436 0.00283771
v -0.00006892 0.01826437 0.00298237
v 0.00001080 0.01986436 0.00299826
v 0.00055669 0.01826437 0.00304832
v 0.00055669 0.01986436 0.00304832
v 0.00110258 0.01986436 0.00299826
v 0.00118229 0.01826437 0.00298237
v 0.00166097 0.01986436 0.00283771
v 0.00166097 0.01826437 0.00283771
v 0.00212424 0.01826437 0.00260621
v 0.00166097 0.01666437 0.00283771
v 0.00219832 0.01666437 0.00255933
v -0.00239323 0.01666437 0.00059422
v -0.00223268 0.01666437 0.00115263
v -0.00195430 0.01666437 0.00168996
v -0.00156463 0.01666437 0.00216966
v -0.00108494 0.01666437 0.00255933
v -0.00054760 0.01666437 0.00283771
v 0.00001080 0.01666437 0.00299826
v 0.00055669 0.01666437 0.00304832
v 0.00110258 0.01666437 0.00299826
v 0.00254888 0.01826437 0.00229134
v 0.00267801 0.01666437 0.00216966
v 0.00291338 0.01826437 0.00190466
v 0.00306767 0.01666437 0.00168996
v 0.00320134 0.01826437 0.00146460
v 0.00334605 0.01666437 0.00115263
v 0.00340386 0.01826437 0.00099363
v 0.00350660 0.01666437 0.00059422
v 0.00352020 0.01826437 0.00051477
v 0.00355669 0.01666437 0.00004833
v 0.00355669 0.01986436 0.00004833
v 0.00350660 0.01986436 0.00059422
v 0.00334605 0.01986436 0.00115263
v 0.00306767 0.01986436 0.00168996
v 0.00267801 0.01986436 0.00216966
v 0.00219832 0.01986436 0.00255933
v -0.00096744 0.02086437 0.00033038
v -0.00099331 0.01986436 0.00004833
v -0.00099331 0.02086437 0.00004833
v -0.00095924 0.02036436 0.00037157
v -0.00088448 0.02086437 0.00061887
v -0.00084960 0.02036436 0.00070014
v -0.00074066 0.02086437 0.00089651
v -0.00066094 0.02036436 0.00100743
v -0.00053933 0.02086437 0.00114434
v -0.00040242 0.02036436 0.00126597
v -0.00029149 0.02086437 0.00134569
v -0.00009512 0.02036436 0.00145461
v -0.00001386 0.02086437 0.00148951
v 0.00023346 0.02036436 0.00156426
v 0.00027464 0.02086437 0.00157245
v 0.00055669 0.02036436 0.00159832
v 0.00055669 0.02086437 0.00159832
v 0.00083873 0.02086437 0.00157245
v 0.00087992 0.02036436 0.00156426
v 0.00112723 0.02086437 0.00148951
v 0.00112723 0.02036436 0.00148951
v 0.00136659 0.02036436 0.00136992
v 0.00112723 0.01986436 0.00148951
v 0.00140486 0.01986436 0.00134569
v -0.00096744 0.01986436 0.00033038
v -0.00088448 0.01986436 0.00061887
v -0.00074066 0.01986436 0.00089651
v -0.00053933 0.01986436 0.00114434
v -0.00029149 0.01986436 0.00134569
v -0.00001386 0.01986436 0.00148951
v 0.00027464 0.01986436 0.00157245
v 0.00055669 0.01986436 0.00159832
v 0.00083873 0.01986436 0.00157245
v 0.00158599 0.02036436 0.00120722
v 0.00165270 0.01986436 0.00114434
v 0.00177431 0.02036436 0.00100743
v 0.00185403 0.01986436 0.00089651
v 0.00192309 0.02036436 0.00078007
v 0.00199786 0.01986436 0.00061887
v 0.00202773 0.02036436 0.00053673
v 0.00208081 0.01986436 0.00033038
v 0.00208784 0.02036436 0.00028931
v 0.00210669 0.01986436 0.00004833
v 0.00210669 0.02086437 0.00004833
v 0.00208081 0.02086437 0.00033038
v 0.00199786 0.02086437 0.00061887
v 0.00185403 0.02086437 0.00089651
v 0.00165270 0.02086437 0.00114434
v 0.00140486 0.02086437 0.00134569
v -0.00944331 0.01766436 0.00004833
v -0.00944331 0.01966436 0.00004833
v -0.00940286 0.01766436 0.00094687
v -0.00939023 0.01866436 0.00107732
v -0.00927637 0.01766436 0.00186797
v -0.00922346 0.01866436 0.00213369
v -0.00905730 0.01766436 0.00279992
v -0.00893389 0.01866436 0.00319936
v -0.00874120 0.01766436 0.00372928
v -0.00851615 0.01866436 0.00425353
v -0.00832615 0.01766436 0.00464129
v -0.00796960 0.01866436 0.00527351
v -0.00781327 0.01766436 0.00552043
v -0.00729896 0.01866436 0.00623613
v -0.00720685 0.01766436 0.00635131
v -0.00651438 0.01866436 0.00711941
v -0.00651438 0.01766436 0.00711941
v -0.00574630 0.01766436 0.00781187
v -0.00563112 0.01866436 0.00790399
v -0.00491541 0.01766437 0.00841828
v -0.00466849 0.01866436 0.00857463
v -0.00403626 0.01766437 0.00893118
v -0.00364851 0.01866436 0.00912117
v -0.00312426 0.01766437 0.00934621
v -0.00259435 0.01866436 0.00953891
v -0.00219490 0.01766437 0.00966232
v -0.00152867 0.01866436 0.00982847
v -0.00126294 0.01766437 0.00988140
v -0.00047231 0.01866436 0.00999524
v -0.00034186 0.01766437 0.01000788
v 0.00055669 0.01866436 0.01004832
v 0.00055669 0.01766437 0.01004832
v 0.00145523 0.01766437 0.01000788
v 0.00158569 0.01866436 0.00999524
v 0.00237632 0.01766437 0.00988140
v 0.00264204 0.01866436 0.00982847
v 0.00330827 0.01766437 0.00966232
v 0.00344153 0.01866436 0.00962319
v 0.00423764 0.01766437 0.00934621
v 0.00423763 0.01866436 0.00934621
v 0.00502099 0.01866437 0.00899651
v 0.00423763 0.01966436 0.00934621
v 0.00514963 0.01966436 0.00893118
v -0.00940286 0.01966436 0.00094687
v -0.00927637 0.01966436 0.00186797
v -0.00905730 0.01966436 0.00279992
v -0.00874120 0.01966436 0.00372928
v -0.00832615 0.01966436 0.00464129
v -0.00781327 0.01966436 0.00552043
v -0.00720685 0.01966436 0.00635131
v -0.00651438 0.01966436 0.00711941
v -0.00574630 0.01966436 0.00781187
v -0.00491541 0.01966436 0.00841828
v -0.00403626 0.01966436 0.00893118
v -0.00312426 0.01966436 0.00934621
v -0.00219490 0.01966436 0.00966232
v -0.00126294 0.01966436 0.00988140
v -0.00034186 0.01966436 0.01000788
v 0.00055669 0.01966436 0.01004832
v 0.00145523 0.01966436 0.01000788
v 0.00237632 0.01966436 0.00988140
v 0.00330827 0.01966436 0.00966232
v 0.00578186 0.01866437 0.00857463
v 0.00602878 0.01966436 0.00841828
v 0.00651045 0.01866437 0.00808280
v 0.00685967 0.01966436 0.00781187
v 0.00719733 0.01866437 0.00752508
v 0.00762775 0.01966436 0.00711941
v 0.00783383 0.01866437 0.00690716
v 0.00832022 0.01966436 0.00635131
v 0.00841233 0.01866437 0.00623613
v 0.00892664 0.01966436 0.00552043
v 0.00892664 0.01866437 0.00552043
v 0.00937218 0.01866437 0.00476926
v 0.00892664 0.01766437 0.00552043
v 0.00943953 0.01766437 0.00464129
v 0.00974610 0.01866437 0.00399228
v 0.00985457 0.01766437 0.00372928
v 0.01004726 0.01866437 0.00319936
v 0.01017068 0.01766437 0.00279992
v 0.01027624 0.01866437 0.00240000
v 0.01038974 0.01766437 0.00186797
v 0.01043508 0.01866437 0.00160315
v 0.01051624 0.01766437 0.00094687
v 0.01052711 0.01866436 0.00081687
v 0.01055669 0.01766437 0.00004833
v 0.01055669 0.01966436 0.00004833
v 0.01051624 0.01966436 0.00094687
v 0.01038974 0.01966436 0.00186797
v 0.01017068 0.01966436 0.00279992
v 0.00985457 0.01966436 0.00372928
v 0.00943953 0.01966436 0.00464129
v 0.00832022 0.01766437 0.00635131
v 0.00762776 0.01766437 0.00711941
v 0.00685967 0.01766437 0.00781187
v 0.00602878 0.01766437 0.00841828
v 0.00514963 0.01766437 0.00893118
v -0.00441677 0.02026436 0.00056284
v -0.00444331 0.02086437 0.00004833
v -0.00435984 0.02086437 0.00095814
v -0.00418860 0.02026436 0.00162386
v -0.00409226 0.02086437 0.00188880
v -0.00433339 0.02026436 0.00109100
v -0.00397973 0.02026437 0.00215095
v -0.00362829 0.02086437 0.00278439
v -0.00370646 0.02026437 0.00266092
v -0.00337113 0.02026437 0.00314223
v -0.00297885 0.02026437 0.00358387
v -0.00253722 0.02026437 0.00397616
v -0.00297885 0.02086437 0.00358387
v -0.00217936 0.02086437 0.00423332
v -0.00154591 0.02026437 0.00458475
v -0.00128379 0.02086437 0.00469729
v -0.00205590 0.02026437 0.00431146
v -0.00101883 0.02026437 0.00479361
v -0.00035313 0.02086437 0.00496485
v -0.00048599 0.02026437 0.00493842
v 0.00004219 0.02026437 0.00502180
v 0.00055669 0.02026437 0.00504833
v 0.00107119 0.02026437 0.00502180
v 0.00055669 0.02086437 0.00504833
v 0.00146650 0.02086437 0.00496485
v 0.00159936 0.02026437 0.00493842
v 0.00239716 0.02086437 0.00469729
v 0.00239716 0.02026437 0.00469729
v 0.00316927 0.02026437 0.00431146
v 0.00387701 0.02026437 0.00378671
v 0.00448451 0.02026437 0.00314223
v 0.00496444 0.02026437 0.00240880
v 0.00530197 0.02026437 0.00162386
v 0.00549588 0.02026437 0.00082573
v 0.00555669 0.02086437 0.00004833
v 0.00547321 0.02086437 0.00095814
v 0.00520563 0.02086437 0.00188880
v 0.00474166 0.02086437 0.00278439
v 0.00409222 0.02086437 0.00358387
v 0.00329274 0.02086437 0.00423332
v 0.00547322 0.01766437 0.00095814
v 0.00555669 0.01766437 0.00004833
v 0.00553015 0.01716436 0.00056284
v 0.00555669 0.01666437 0.00004833
v 0.00547322 0.01666437 0.00095814
v 0.00520563 0.01666437 0.00188880
v 0.00530197 0.01716436 0.00162386
v 0.00544676 0.01716436 0.00109100
v 0.00509310 0.01716436 0.00215095
v 0.00474166 0.01666437 0.00278439
v 0.00481983 0.01716436 0.00266092
v 0.00448451 0.01716436 0.00314223
v 0.00474166 0.01766437 0.00278439
v 0.00409222 0.01766437 0.00358387
v 0.00409222 0.01716436 0.00358387
v 0.00365059 0.01716436 0.00397616
v 0.00409222 0.01666437 0.00358387
v 0.00329274 0.01666437 0.00423332
v 0.00265929 0.01716436 0.00458475
v 0.00239716 0.01666437 0.00469729
v 0.00316927 0.01716436 0.00431146
v 0.00329274 0.01766437 0.00423332
v 0.00213221 0.01716436 0.00479361
v 0.00146650 0.01666437 0.00496485
v 0.00159936 0.01716436 0.00493842
v 0.00107119 0.01716436 0.00502180
v 0.00146650 0.01766437 0.00496485
v 0.00055669 0.01766437 0.00504833
v 0.00055669 0.01716436 0.00504833
v 0.00004219 0.01716436 0.00502180
v 0.00055669 0.01666437 0.00504833
v -0.00035313 0.01666437 0.00496485
v -0.00048599 0.01716436 0.00493842
v -0.00128379 0.01666437 0.00469729
v -0.00128379 0.01716436 0.00469729
v -0.00205590 0.01716436 0.00431146
v -0.00128379 0.01766437 0.00469729
v -0.00217936 0.01766436 0.00423332
v -0.00276364 0.01716436 0.00378671
v -0.00297885 0.01766436 0.00358387
v -0.00337113 0.01716436 0.00314223
v -0.00362829 0.01766436 0.00278439
v -0.00385106 0.01716436 0.00240880
v -0.00409225 0.01766436 0.00188880
v -0.00418860 0.01716436 0.00162386
v -0.00435984 0.01766436 0.00095814
v -0.00438251 0.01716436 0.00082573
v -0.00444331 0.01766436 0.00004833
v -0.00444331 0.01666437 0.00004833
v -0.00435984 0.01666437 0.00095814
v -0.00409225 0.01666437 0.00188880
v -0.00362829 0.01666437 0.00278439
v -0.00297885 0.01666437 0.00358387
v -0.00217936 0.01666437 0.00423332
v -0.00035313 0.01766437 0.00496485
v 0.00239716 0.01766437 0.00469729
v 0.00520563 0.01766437 0.00188880
v 0.00547322 0.01666437 -0.00086147
v 0.00549588 0.01716436 -0.00072906
v 0.00547322 0.01766437 -0.00086147
v 0.00530197 0.01716436 -0.00152720
v 0.00520563 0.01766437 -0.00179214
v 0.00496444 0.01716436 -0.00231213
v 0.00474166 0.01766437 -0.00268773
v 0.00448451 0.01716436 -0.00304557
v 0.00409222 0.01766437 -0.00348721
v 0.00387701 0.01716436 -0.00369004
v 0.00329274 0.01766436 -0.00413666
v 0.00316927 0.01716436 -0.00421480
v 0.00239716 0.01766436 -0.00460062
v 0.00239716 0.01716436 -0.00460062
v 0.00159936 0.01716436 -0.00484175
v 0.00239716 0.01666437 -0.00460062
v 0.00146650 0.01666437 -0.00486819
v 0.00107119 0.01716436 -0.00492514
v 0.00055669 0.01666437 -0.00495166
v 0.00055669 0.01716436 -0.00495166
v 0.00004219 0.01716436 -0.00492514
v 0.00055669 0.01766436 -0.00495166
v -0.00035313 0.01766436 -0.00486819
v 0.00146650 0.01766436 -0.00486819
v -0.00101883 0.01716436 -0.00469694
v -0.00128379 0.01766436 -0.00460062
v -0.00048599 0.01716436 -0.00484175
v -0.00035313 0.01666437 -0.00486819
v -0.00154591 0.01716436 -0.00448809
v -0.00217936 0.01766436 -0.00413666
v -0.00205590 0.01716436 -0.00421480
v -0.00253722 0.01716436 -0.00387949
v -0.00217936 0.01666437 -0.00413666
v -0.00297885 0.01666437 -0.00348721
v -0.00297885 0.01716436 -0.00348721
v -0.00337113 0.01716436 -0.00304557
v -0.00297885 0.01766436 -0.00348721
v -0.00362829 0.01766436 -0.00268773
v -0.00397973 0.01716436 -0.00205428
v -0.00409225 0.01766436 -0.00179214
v -0.00370646 0.01716436 -0.00256426
v -0.00362829 0.01666437 -0.00268773
v -0.00418860 0.01716436 -0.00152720
v -0.00435984 0.01766436 -0.00086147
v -0.00433339 0.01716436 -0.00099433
v -0.00441677 0.01716436 -0.00046618
v -0.00435984 0.01666437 -0.00086147
v -0.00409225 0.01666437 -0.00179214
v -0.00128379 0.01666437 -0.00460062
v 0.00329274 0.01666437 -0.00413666
v 0.00409222 0.01666437 -0.00348721
v 0.00474166 0.01666437 -0.00268773
v 0.00520563 0.01666437 -0.00179214
v 0.00350660 0.01666437 -0.00049756
v 0.00334605 0.01666437 -0.00105596
v 0.00306767 0.01666437 -0.00159330
v 0.00267801 0.01666437 -0.00207300
v 0.00219832 0.01666437 -0.00246266
v 0.00166097 0.01666437 -0.00274105
v 0.00110258 0.01666437 -0.00290159
v 0.00055669 0.01666437 -0.00295166
v 0.00001080 0.01666437 -0.00290159
v -0.00054760 0.01666437 -0.00274105
v -0.00108494 0.01666437 -0.00246266
v -0.00156463 0.01666437 -0.00207300
v -0.00195430 0.01666437 -0.00159330
v -0.00223268 0.01666437 -0.00105596
v -0.00239323 0.01666437 -0.00049756
v -0.00438251 0.02026436 -0.00072906
v -0.00435984 0.02086437 -0.00086147
v -0.00435984 0.01966436 -0.00086147
v -0.00418860 0.02026436 -0.00152720
v -0.00409226 0.01966436 -0.00179214
v -0.00385106 0.02026436 -0.00231213
v -0.00362829 0.01966436 -0.00268773
v -0.00337113 0.02026436 -0.00304557
v -0.00297885 0.01966436 -0.00348721
v -0.00276364 0.02026436 -0.00369004
v -0.00217936 0.01966436 -0.00413666
v -0.00205590 0.02026436 -0.00421480
v -0.00128379 0.01966436 -0.00460062
v -0.00128379 0.02026436 -0.00460062
v -0.00048599 0.02026436 -0.00484175
v -0.00128379 0.02086437 -0.00460062
v -0.00035313 0.02086437 -0.00486819
v 0.00004219 0.02026436 -0.00492514
v 0.00055669 0.02086437 -0.00495166
v 0.00055669 0.02026436 -0.00495166
v 0.00107119 0.02026437 -0.00492514
v 0.00055669 0.01966436 -0.00495166
v 0.00146650 0.01966436 -0.00486819
v -0.00035313 0.01966436 -0.00486819
v 0.00213221 0.02026437 -0.00469694
v 0.00239716 0.01966436 -0.00460062
v 0.00159936 0.02026437 -0.00484175
v 0.00146650 0.02086437 -0.00486819
v 0.00265929 0.02026437 -0.00448809
v 0.00329274 0.01966436 -0.00413666
v 0.00316927 0.02026437 -0.00421480
v 0.00365059 0.02026437 -0.00387949
v 0.00329274 0.02086437 -0.00413666
v 0.00409222 0.02086437 -0.00348721
v 0.00409222 0.02026437 -0.00348721
v 0.00448451 0.02026437 -0.00304557
v 0.00409222 0.01966436 -0.00348721
v 0.00474166 0.01966436 -0.00268773
v 0.00509310 0.02026437 -0.00205428
v 0.00520563 0.01966436 -0.00179214
v 0.00481983 0.02026437 -0.00256426
v 0.00474166 0.02086437 -0.00268773
v 0.00530197 0.02026437 -0.00152720
v 0.00547321 0.01966436 -0.00086147
v 0.00544676 0.02026437 -0.00099433
v 0.00553015 0.02026437 -0.00046618
v 0.00547321 0.02086437 -0.00086147
v 0.00520563 0.02086437 -0.00179214
v 0.00239716 0.02086437 -0.00460062
v -0.00217936 0.02086437 -0.00413666
v -0.00297885 0.02086437 -0.00348721
v -0.00362829 0.02086437 -0.00268773
v -0.00409226 0.02086437 -0.00179214
v -0.00096744 0.02086437 -0.00023372
v -0.00088448 0.02086437 -0.00052220
v -0.00074066 0.02086437 -0.00079984
v -0.00053933 0.02086437 -0.00104768
v -0.00029149 0.02086437 -0.00124902
v -0.00001386 0.02086437 -0.00139285
v 0.00027464 0.02086437 -0.00147579
v 0.00055669 0.02086437 -0.00150166
v 0.00083873 0.02086437 -0.00147579
v 0.00112723 0.02086437 -0.00139285
v 0.00140486 0.02086437 -0.00124902
v 0.00165270 0.02086437 -0.00104768
v 0.00185403 0.02086437 -0.00079984
v 0.00199786 0.02086437 -0.00052220
v 0.00208081 0.02086437 -0.00023372
v -0.00940286 0.01966436 -0.00085021
v -0.00941374 0.01866436 -0.00072021
v -0.00940286 0.01766436 -0.00085021
v -0.00932170 0.01866436 -0.00150649
v -0.00927637 0.01766436 -0.00177131
v -0.00916286 0.01866436 -0.00230334
v -0.00905730 0.01766436 -0.00270326
v -0.00893389 0.01866436 -0.00310270
v -0.00874120 0.01766436 -0.00363261
v -0.00863272 0.01866436 -0.00389562
v -0.00832615 0.01766436 -0.00454462
v -0.00825881 0.01866436 -0.00467259
v -0.00781327 0.01766436 -0.00542376
v -0.00781327 0.01866436 -0.00542376
v -0.00729895 0.01866436 -0.00613946
v -0.00781327 0.01966436 -0.00542376
v -0.00720684 0.01966436 -0.00625465
v -0.00672045 0.01866436 -0.00681049
v -0.00651438 0.01966436 -0.00702275
v -0.00608396 0.01866436 -0.00742842
v -0.00574629 0.01966436 -0.00771520
v -0.00539707 0.01866436 -0.00798614
v -0.00491541 0.01966436 -0.00832162
v -0.00466848 0.01866436 -0.00847796
v -0.00403626 0.01966436 -0.00883452
v -0.00390762 0.01866436 -0.00889985
v -0.00312426 0.01966436 -0.00924955
v -0.00312426 0.01866436 -0.00924955
v -0.00232815 0.01866436 -0.00952653
v -0.00312426 0.01766436 -0.00924955
v -0.00219489 0.01766436 -0.00956566
v -0.00720684 0.01766436 -0.00625465
v -0.00651438 0.01766436 -0.00702275
v -0.00574629 0.01766436 -0.00771520
v -0.00491541 0.01766436 -0.00832162
v -0.00403626 0.01766436 -0.00883452
v -0.00152866 0.01866436 -0.00973181
v -0.00126294 0.01766436 -0.00978474
v -0.00047231 0.01866436 -0.00989858
v -0.00034186 0.01766436 -0.00991122
v 0.00055669 0.01866436 -0.00995166
v 0.00055669 0.01766436 -0.00995166
v 0.00145523 0.01766436 -0.00991122
v 0.00158569 0.01866436 -0.00989858
v 0.00237632 0.01766436 -0.00978474
v 0.00264204 0.01866436 -0.00973181
v 0.00330827 0.01766436 -0.00956566
v 0.00370772 0.01866436 -0.00944225
v 0.00423764 0.01766436 -0.00924955
v 0.00476189 0.01866436 -0.00902451
v 0.00514963 0.01766436 -0.00883452
v 0.00578186 0.01866436 -0.00847796
v 0.00602879 0.01766436 -0.00832162
v 0.00674449 0.01866436 -0.00780732
v 0.00685967 0.01766436 -0.00771520
v 0.00762776 0.01866436 -0.00702275
v 0.00762776 0.01766437 -0.00702275
v 0.00832022 0.01766437 -0.00625465
v 0.00841233 0.01866436 -0.00613946
v 0.00892664 0.01766437 -0.00542376
v 0.00908297 0.01866436 -0.00517685
v 0.00943953 0.01766437 -0.00454462
v 0.00962952 0.01866436 -0.00415687
v 0.00985457 0.01766437 -0.00363261
v 0.01004726 0.01866436 -0.00310270
v 0.01017068 0.01766437 -0.00270326
v 0.01033684 0.01866436 -0.00203703
v 0.01038974 0.01766437 -0.00177131
v 0.01050360 0.01866436 -0.00098065
v 0.01051624 0.01766437 -0.00085021
v 0.01051624 0.01966436 -0.00085021
v 0.01038974 0.01966436 -0.00177131
v 0.01017068 0.01966436 -0.00270326
v 0.00985457 0.01966436 -0.00363261
v 0.00943953 0.01966436 -0.00454462
v 0.00892664 0.01966436 -0.00542376
v 0.00832022 0.01966436 -0.00625465
v 0.00762776 0.01966436 -0.00702275
v 0.00685967 0.01966436 -0.00771520
v 0.00602878 0.01966436 -0.00832162
v 0.00514963 0.01966436 -0.00883452
v 0.00423764 0.01966436 -0.00924955
v 0.00330827 0.01966436 -0.00956566
v 0.00237632 0.01966436 -0.00978474
v 0.00145523 0.01966436 -0.00991122
v 0.00055669 0.01966436 -0.00995166
v -0.00034186 0.01966436 -0.00991122
v -0.00126294 0.01966436 -0.00978474
v -0.00219489 0.01966436 -0.00956566
v -0.00832615 0.01966436 -0.00454462
v -0.00874120 0.01966436 -0.00363261
v -0.00905730 0.01966436 -0.00270326
v -0.00927637 0.01966436 -0.00177131
v 0.00834333 0.01766437 -0.00009725
v 0.00755669 0.01766437 -0.00075168
v 0.00770226 0.01766437 -0.00073830
v 0.00785116 0.01766437 -0.00069550
v 0.00629842 0.01766437 -0.00501434
v 0.00627349 0.01766437 -0.00512863
v 0.00623103 0.01766437 -0.00524048
v 0.00617161 0.01766437 -0.00534586
v 0.00609698 0.01766437 -0.00544111
v 0.00600990 0.01766437 -0.00552312
v 0.00591386 0.01766437 -0.00558991
v 0.00581258 0.01766437 -0.00564051
v 0.00570518 0.01766437 -0.00567634
v 0.00559005 0.01766436 -0.00569702
v 0.00547048 0.01766436 -0.00570060
v 0.00134333 0.01766436 -0.00709725
v 0.00055669 0.01766436 -0.00775168
v 0.00070226 0.01766436 -0.00773830
v 0.00085116 0.01766436 -0.00769550
v 0.00104834 0.01766436 -0.00904266
v 0.00102158 0.01766436 -0.00913573
v 0.00097519 0.01766436 -0.00922529
v 0.00091024 0.01766436 -0.00930522
v 0.00083029 0.01766436 -0.00937016
v 0.00074073 0.01766436 -0.00941656
v 0.00064767 0.01766436 -0.00944332
v 0.00055669 0.01766436 -0.00945166
v 0.00046571 0.01766436 -0.00944332
v 0.00037264 0.01766436 -0.00941656
v 0.00028308 0.01766436 -0.00937016
v 0.00020313 0.01766436 -0.00930522
v 0.00013819 0.01766436 -0.00922529
v 0.00009179 0.01766436 -0.00913573
v 0.00006504 0.01766436 -0.00904266
v -0.00011291 0.01766436 -0.00738943
v -0.00000900 0.01766436 -0.00751735
v -0.00022996 0.01766436 -0.00709725
v -0.00018714 0.01766436 -0.00724614
v -0.00439306 0.01766436 -0.00570143
v -0.00453863 0.01766436 -0.00568805
v -0.00468754 0.01766436 -0.00564525
v -0.00483083 0.01766436 -0.00557102
v -0.00495875 0.01766436 -0.00546709
v -0.00506266 0.01766436 -0.00533918
v -0.00513689 0.01766436 -0.00519589
v -0.00517971 0.01766436 -0.00504700
v -0.00644331 0.01766436 -0.00075168
v -0.00629774 0.01766436 -0.00073830
v -0.00360641 0.01766436 -0.00504700
v -0.00722996 0.01766436 -0.00009725
v -0.00718714 0.01766436 -0.00024614
v -0.00711291 0.01766436 -0.00038943
v -0.00506266 0.01766436 0.00456031
v -0.00495875 0.01766436 0.00443240
v -0.00483083 0.01766436 0.00432848
v -0.00513689 0.01766436 0.00470360
v -0.00517971 0.01766436 0.00485250
v 0.00134333 0.01766437 0.00690278
v 0.00130052 0.01766437 0.00675385
v 0.00122628 0.01766437 0.00661056
v 0.00112237 0.01766437 0.00648265
v 0.00099446 0.01766437 0.00637873
v 0.00085116 0.01766437 0.00630450
v 0.00070226 0.01766437 0.00626170
v 0.00629136 0.01766437 0.00484350
v 0.00624554 0.01766437 0.00469192
v 0.00617076 0.01766437 0.00455236
v 0.00607212 0.01766437 0.00443240
v 0.00598660 0.01766437 0.00435819
v 0.00588815 0.01766437 0.00429501
v 0.00577905 0.01766437 0.00424596
v 0.00566251 0.01766437 0.00421344
v 0.00554240 0.01766437 0.00419890
v 0.00520029 0.01766437 0.00425898
v 0.00530769 0.01766437 0.00422316
v 0.00542282 0.01766437 0.00420245
v 0.00478184 0.01766437 0.00465902
v 0.00484126 0.01766437 0.00455364
v 0.00491589 0.01766437 0.00445839
v 0.00471445 0.01766437 0.00488513
v 0.00055669 0.01766437 0.00624835
v 0.00041112 0.01766437 0.00626170
v 0.00026221 0.01766437 0.00630450
v 0.00011892 0.01766437 0.00637873
v -0.00000900 0.01766437 0.00648265
v -0.00011291 0.01766437 0.00661056
v -0.00018714 0.01766437 0.00675385
v -0.00022996 0.01766437 0.00690278
v -0.00364923 0.01766436 0.00470360
v -0.00360642 0.01766436 0.00485250
v -0.00409858 0.01766436 0.00425424
v -0.00395529 0.01766436 0.00432848
v -0.00382738 0.01766436 0.00443240
v -0.00439306 0.01766436 0.00419807
v -0.00424749 0.01766436 0.00421145
v -0.00569948 0.01766436 -0.00024614
v -0.00565667 0.01766436 -0.00009725
v -0.00600555 0.01766436 -0.00062127
v -0.00587763 0.01766436 -0.00051735
v -0.00577372 0.01766436 -0.00038943
v 0.00055669 0.01766436 -0.00570101
v -0.00364923 0.01766436 -0.00519589
v -0.00372346 0.01766436 -0.00533918
v -0.00382737 0.01766436 -0.00546709
v -0.00395529 0.01766436 -0.00557102
v -0.00409858 0.01766436 -0.00564525
v -0.00424749 0.01766436 -0.00568805
v 0.00494075 0.01766436 -0.00546709
v 0.00484211 0.01766436 -0.00534714
v 0.00476733 0.01766436 -0.00520758
v 0.00472151 0.01766436 -0.00505600
v 0.00741112 0.01766437 -0.00073830
v 0.00711892 0.01766437 -0.00062127
v 0.00726221 0.01766437 -0.00069550
v 0.00681286 0.01766437 -0.00024614
v 0.00688709 0.01766437 -0.00038943
v 0.00699100 0.01766437 -0.00051735
v 0.00799446 0.01766437 -0.00062127
v 0.00812238 0.01766437 -0.00051735
v 0.00822628 0.01766437 -0.00038943
v 0.00830052 0.01766437 -0.00024614
v 0.00677004 0.01766437 -0.00009725
v 0.00041112 0.01766436 -0.00773830
v 0.00026221 0.01766436 -0.00769550
v 0.00011892 0.01766436 -0.00762127
v 0.00502627 0.01766436 -0.00554130
v 0.00512472 0.01766436 -0.00560448
v 0.00523382 0.01766436 -0.00565354
v 0.00535036 0.01766436 -0.00568605
v 0.00099446 0.01766436 -0.00762127
v 0.00112237 0.01766436 -0.00751735
v 0.00122628 0.01766436 -0.00738943
v 0.00130052 0.01766436 -0.00724614
v -0.00700900 0.01766436 -0.00051735
v -0.00688108 0.01766436 -0.00062127
v -0.00673779 0.01766436 -0.00069550
v -0.00658888 0.01766436 -0.00073830
v -0.00614884 0.01766436 -0.00069550
v -0.00468754 0.01766436 0.00425424
v -0.00453863 0.01766436 0.00421145
v -0.00372346 0.01766436 0.00456031
v 0.00473938 0.01766437 0.00477087
v 0.00500297 0.01766437 0.00437637
v 0.00509901 0.01766437 0.00430959
v -0.00722996 0.01966436 -0.00009725
v -0.00711291 0.01966436 -0.00038943
v -0.00718714 0.01966436 -0.00024614
v -0.00688108 0.01966436 -0.00062127
v -0.00700900 0.01966436 -0.00051735
v -0.00658888 0.01966436 -0.00073830
v -0.00673779 0.01966436 -0.00069550
v -0.00518505 0.01966436 -0.00501437
v -0.00516011 0.01966436 -0.00512863
v -0.00511766 0.01966436 -0.00524048
v -0.00505824 0.01966436 -0.00534586
v -0.00498360 0.01966436 -0.00544111
v -0.00489653 0.01966436 -0.00552312
v -0.00480048 0.01966436 -0.00558991
v -0.00469921 0.01966436 -0.00564051
v -0.00459180 0.01966436 -0.00567634
v -0.00447667 0.01966436 -0.00569705
v -0.00435710 0.01966436 -0.00570060
v -0.00423699 0.01966436 -0.00568605
v -0.00412045 0.01966436 -0.00565354
v -0.00401135 0.01966436 -0.00560448
v -0.00391290 0.01966436 -0.00554130
v -0.00022996 0.01966436 -0.00709725
v -0.00018714 0.01966436 -0.00724614
v -0.00011291 0.01966436 -0.00738943
v 0.00006503 0.01966436 -0.00904266
v 0.00037264 0.01966436 -0.00941656
v 0.00028308 0.01966436 -0.00937016
v 0.00020313 0.01966436 -0.00930522
v 0.00074073 0.01966436 -0.00941656
v 0.00064767 0.01966436 -0.00944332
v 0.00055669 0.01966436 -0.00945166
v 0.00104834 0.01966436 -0.00904266
v 0.00102158 0.01966436 -0.00913573
v 0.00097519 0.01966436 -0.00922529
v 0.00122628 0.01966436 -0.00738943
v 0.00134333 0.01966436 -0.00709725
v 0.00130052 0.01966436 -0.00724614
v 0.00550644 0.01966436 -0.00570143
v 0.00565200 0.01966436 -0.00568805
v 0.00580091 0.01966436 -0.00564525
v 0.00594420 0.01966436 -0.00557102
v 0.00607212 0.01966436 -0.00546709
v 0.00617603 0.01966436 -0.00533918
v 0.00625027 0.01966436 -0.00519589
v 0.00629308 0.01966436 -0.00504697
v 0.00755669 0.01966436 -0.00075168
v 0.00741112 0.01966436 -0.00073830
v 0.00770226 0.01966436 -0.00073830
v 0.00785116 0.01966436 -0.00069550
v 0.00799446 0.01966436 -0.00062127
v 0.00812237 0.01966436 -0.00051735
v 0.00822628 0.01966436 -0.00038943
v 0.00830052 0.01966436 -0.00024614
v 0.00834333 0.01966436 -0.00009725
v 0.00607212 0.01966436 0.00443240
v 0.00594420 0.01966436 0.00432848
v 0.00580091 0.01966436 0.00425424
v 0.00565200 0.01966436 0.00421145
v 0.00617603 0.01966436 0.00456031
v 0.00625026 0.01966436 0.00470360
v 0.00629308 0.01966436 0.00485250
v 0.00134333 0.01966436 0.00690278
v 0.00130052 0.01966436 0.00675385
v -0.00022996 0.01966436 0.00690278
v -0.00018714 0.01966436 0.00675385
v -0.00011291 0.01966436 0.00661056
v -0.00000900 0.01966436 0.00648265
v 0.00011892 0.01966436 0.00637873
v 0.00026221 0.01966436 0.00630450
v 0.00041112 0.01966436 0.00626170
v 0.00055669 0.01966436 0.00624835
v 0.00055669 0.01966436 0.00579768
v 0.00070226 0.01966436 0.00626170
v 0.00085116 0.01966436 0.00630450
v 0.00099446 0.01966436 0.00637873
v 0.00112237 0.01966436 0.00648265
v 0.00122628 0.01966436 0.00661056
v -0.00517799 0.01966436 0.00484350
v -0.00513216 0.01966436 0.00469192
v -0.00505739 0.01966436 0.00455236
v -0.00495875 0.01966436 0.00443240
v -0.00487322 0.01966436 0.00435819
v -0.00477478 0.01966436 0.00429501
v -0.00466567 0.01966436 0.00424596
v -0.00454913 0.01966436 0.00421344
v -0.00442902 0.01966436 0.00419890
v -0.00430945 0.01966436 0.00420245
v -0.00419432 0.01966436 0.00422316
v -0.00408691 0.01966436 0.00425898
v -0.00398564 0.01966436 0.00430959
v -0.00388959 0.01966436 0.00437637
v -0.00380252 0.01966436 0.00445839
v -0.00372788 0.01966436 0.00455361
v -0.00366847 0.01966436 0.00465902
v -0.00362601 0.01966436 0.00477087
v -0.00360107 0.01966436 0.00488513
v 0.00681286 0.01966436 -0.00024614
v 0.00677004 0.01966436 -0.00009725
v 0.00711892 0.01966436 -0.00062127
v 0.00699100 0.01966436 -0.00051735
v 0.00688709 0.01966436 -0.00038943
v 0.00726221 0.01966436 -0.00069550
v 0.00471979 0.01966436 -0.00504697
v 0.00494075 0.01966436 -0.00546709
v 0.00483684 0.01966436 -0.00533918
v -0.00372873 0.01966436 -0.00534714
v -0.00382737 0.01966436 -0.00546709
v -0.00360814 0.01966436 -0.00505600
v -0.00365396 0.01966436 -0.00520758
v -0.00600555 0.01966436 -0.00062127
v -0.00614884 0.01966436 -0.00069550
v -0.00629774 0.01966436 -0.00073830
v -0.00569948 0.01966436 -0.00024614
v -0.00577372 0.01966436 -0.00038943
v -0.00587763 0.01966436 -0.00051735
v 0.00471979 0.01966436 0.00485250
v 0.00476260 0.01966436 0.00470360
v 0.00483684 0.01966436 0.00456031
v 0.00494075 0.01966436 0.00443240
v 0.00506867 0.01966436 0.00432848
v 0.00521196 0.01966436 0.00425424
v 0.00536086 0.01966436 0.00421145
v 0.00550643 0.01966436 0.00419807
v -0.00000900 0.01966436 -0.00751735
v 0.00011892 0.01966436 -0.00762127
v 0.00026221 0.01966436 -0.00769550
v 0.00041112 0.01966436 -0.00773830
v 0.00055669 0.01966436 -0.00775168
v 0.00070226 0.01966436 -0.00773830
v 0.00085116 0.01966436 -0.00769550
v 0.00099446 0.01966436 -0.00762127
v 0.00112237 0.01966436 -0.00751735
v 0.00091024 0.01966436 -0.00930522
v 0.00083029 0.01966436 -0.00937016
v 0.00046571 0.01966436 -0.00944332
v 0.00013819 0.01966436 -0.00922529
v 0.00009179 0.01966436 -0.00913573
v 0.00536086 0.01966436 -0.00568805
v 0.00521196 0.01966436 -0.00564525
v 0.00506867 0.01966436 -0.00557102
v 0.00476260 0.01966436 -0.00519589
v -0.00565667 0.01966436 -0.00009725
v -0.00644331 0.01966436 -0.00075168
v -0.00097446 0.02036436 -0.00019265
v -0.00096744 0.01986436 -0.00023372
v -0.00091435 0.02036436 -0.00044007
v -0.00080972 0.02036436 -0.00068340
v -0.00066094 0.02036436 -0.00091077
v -0.00047261 0.02036436 -0.00111056
v -0.00025322 0.02036436 -0.00127325
v -0.00001386 0.02036436 -0.00139285
v 0.00023346 0.02036436 -0.00146759
v -0.00001386 0.01986436 -0.00139285
v 0.00027465 0.01986436 -0.00147579
v 0.00055669 0.02036436 -0.00150166
v 0.00055669 0.01986436 -0.00150166
v 0.00083873 0.01986436 -0.00147579
v 0.00087992 0.02036436 -0.00146759
v 0.00112723 0.01986436 -0.00139285
v 0.00120849 0.02036436 -0.00135795
v 0.00140486 0.01986436 -0.00124902
v 0.00151580 0.02036436 -0.00116930
v 0.00165270 0.01986436 -0.00104768
v 0.00177431 0.02036436 -0.00091077
v 0.00185403 0.01986436 -0.00079984
v 0.00196298 0.02036436 -0.00060347
v 0.00199786 0.01986436 -0.00052220
v 0.00207261 0.02036436 -0.00027490
v 0.00208081 0.01986436 -0.00023372
v -0.00029149 0.01986436 -0.00124902
v -0.00053933 0.01986436 -0.00104768
v -0.00074066 0.01986436 -0.00079984
v -0.00088448 0.01986436 -0.00052220
v -0.00240683 0.01826437 -0.00041810
v -0.00239323 0.01986436 -0.00049756
v -0.00229049 0.01826437 -0.00089697
v -0.00223268 0.01986436 -0.00105596
v -0.00208796 0.01826437 -0.00136793
v -0.00195430 0.01986436 -0.00159330
v -0.00180000 0.01826437 -0.00180800
v -0.00156463 0.01986436 -0.00207300
v -0.00143551 0.01826437 -0.00219468
v -0.00108494 0.01986436 -0.00246266
v -0.00101086 0.01826437 -0.00250954
v -0.00054760 0.01986436 -0.00274105
v -0.00054760 0.01826437 -0.00274105
v -0.00006892 0.01826437 -0.00288571
v 0.00055669 0.01826437 -0.00295166
v 0.00118229 0.01826437 -0.00288571
v 0.00181825 0.01826437 -0.00267351
v 0.00241303 0.01826437 -0.00230835
v 0.00291338 0.01826437 -0.00180800
v 0.00327854 0.01826437 -0.00121323
v 0.00349073 0.01826437 -0.00057728
v 0.00350660 0.01986436 -0.00049756
v 0.00001080 0.01986436 -0.00290159
v 0.00055669 0.01986436 -0.00295166
v 0.00110258 0.01986436 -0.00290159
v 0.00166097 0.01986436 -0.00274105
v 0.00219832 0.01986436 -0.00246266
v 0.00267801 0.01986436 -0.00207300
v 0.00306767 0.01986436 -0.00159330
v 0.00334605 0.01986436 -0.00105596
v 0.00676642 0.01866436 -0.00007606
v 0.00679744 0.01866436 -0.00020374
v 0.00685145 0.01866436 -0.00032935
v 0.00692824 0.01866436 -0.00044668
v 0.00702544 0.01866436 -0.00054980
v 0.00713868 0.01866436 -0.00063378
v 0.00726221 0.01866436 -0.00069550
v 0.00738986 0.01866436 -0.00073407
v 0.00755669 0.01866436 -0.00075168
v 0.00772352 0.01866436 -0.00073407
v 0.00789310 0.01866436 -0.00067750
v 0.00805171 0.01866436 -0.00058011
v 0.00818514 0.01866436 -0.00044668
v 0.00828251 0.01866436 -0.00028808
v 0.00833910 0.01866436 -0.00011850
v 0.00006277 0.01866436 -0.00902940
v 0.00008216 0.01866436 -0.00910921
v 0.00011591 0.01866436 -0.00918771
v 0.00016391 0.01866436 -0.00926105
v 0.00022466 0.01866436 -0.00932551
v 0.00029543 0.01866436 -0.00937799
v 0.00037264 0.01866436 -0.00941656
v 0.00045242 0.01866436 -0.00944067
v 0.00055669 0.01866436 -0.00945166
v 0.00066096 0.01866436 -0.00944067
v 0.00076695 0.01866436 -0.00940532
v 0.00086608 0.01866436 -0.00934444
v 0.00094947 0.01866436 -0.00926105
v 0.00101033 0.01866436 -0.00916193
v 0.00104569 0.01866436 -0.00905595
v 0.00471616 0.01866436 -0.00502581
v 0.00474719 0.01866436 -0.00515348
v 0.00480120 0.01866436 -0.00527910
v 0.00487798 0.01866436 -0.00539643
v 0.00497518 0.01866436 -0.00549955
v 0.00508842 0.01866436 -0.00558353
v 0.00521196 0.01866436 -0.00564525
v 0.00533961 0.01866436 -0.00568382
v 0.00550644 0.01866436 -0.00570143
v 0.00567326 0.01866436 -0.00568382
v 0.00584285 0.01866436 -0.00562725
v 0.00600146 0.01866436 -0.00552986
v 0.00613489 0.01866436 -0.00539643
v 0.00623226 0.01866436 -0.00523783
v 0.00628885 0.01866436 -0.00506825
v -0.00023358 0.01866436 -0.00707606
v -0.00020256 0.01866436 -0.00720377
v -0.00014855 0.01866436 -0.00732935
v -0.00007176 0.01866436 -0.00744668
v 0.00002544 0.01866436 -0.00754980
v 0.00013867 0.01866436 -0.00763378
v 0.00026221 0.01866436 -0.00769550
v 0.00038986 0.01866436 -0.00773407
v 0.00055669 0.01866436 -0.00775168
v 0.00072352 0.01866436 -0.00773407
v 0.00089310 0.01866436 -0.00767750
v 0.00105171 0.01866436 -0.00758011
v 0.00118514 0.01866436 -0.00744668
v 0.00128252 0.01866436 -0.00728808
v 0.00133910 0.01866436 -0.00711850
v -0.00723358 0.01866436 -0.00007606
v -0.00720256 0.01866436 -0.00020377
v -0.00714855 0.01866436 -0.00032935
v -0.00707177 0.01866436 -0.00044668
v -0.00697456 0.01866436 -0.00054980
v -0.00686133 0.01866436 -0.00063378
v -0.00673779 0.01866436 -0.00069550
v -0.00661014 0.01866436 -0.00073407
v -0.00644331 0.01866436 -0.00075168
v -0.00627648 0.01866436 -0.00073407
v -0.00610690 0.01866436 -0.00067750
v -0.00594829 0.01866436 -0.00058011
v -0.00581486 0.01866436 -0.00044668
v -0.00571749 0.01866436 -0.00028808
v -0.00566090 0.01866436 -0.00011850
v -0.00518333 0.01866436 -0.00502581
v -0.00515231 0.01866436 -0.00515348
v -0.00509830 0.01866436 -0.00527910
v -0.00502151 0.01866436 -0.00539643
v -0.00492431 0.01866436 -0.00549955
v -0.00481107 0.01866436 -0.00558353
v -0.00468754 0.01866436 -0.00564525
v -0.00455989 0.01866436 -0.00568382
v -0.00439306 0.01866436 -0.00570143
v -0.00422623 0.01866436 -0.00568382
v -0.00405664 0.01866436 -0.00562725
v -0.00389804 0.01866436 -0.00552986
v -0.00376461 0.01866436 -0.00539643
v -0.00366723 0.01866436 -0.00523783
v -0.00361065 0.01866436 -0.00506825
v -0.00518333 0.01866436 0.00487369
v -0.00515231 0.01866436 0.00474598
v -0.00509830 0.01866436 0.00462040
v -0.00502151 0.01866436 0.00450306
v -0.00492431 0.01866436 0.00439995
v -0.00481107 0.01866436 0.00431596
v -0.00468754 0.01866436 0.00425424
v -0.00455989 0.01866436 0.00421568
v -0.00439306 0.01866436 0.00419807
v -0.00422623 0.01866436 0.00421568
v -0.00405665 0.01866436 0.00427224
v -0.00389804 0.01866436 0.00436964
v -0.00376461 0.01866436 0.00450306
v -0.00366723 0.01866436 0.00466167
v -0.00361065 0.01866436 0.00483125
v -0.00023359 0.01866436 0.00692394
v -0.00020256 0.01866436 0.00679626
v -0.00014855 0.01866436 0.00667065
v -0.00007176 0.01866436 0.00655331
v 0.00002543 0.01866436 0.00645020
v 0.00013867 0.01866436 0.00636622
v 0.00026221 0.01866436 0.00630450
v 0.00038986 0.01866436 0.00626593
v 0.00055669 0.01866436 0.00624835
v 0.00072351 0.01866436 0.00626593
v 0.00089310 0.01866436 0.00632250
v 0.00105171 0.01866436 0.00641989
v 0.00118514 0.01866436 0.00655331
v 0.00128251 0.01866436 0.00671192
v 0.00133910 0.01866436 0.00688150
v 0.00471616 0.01866436 0.00487369
v 0.00474719 0.01866436 0.00474601
v 0.00480120 0.01866436 0.00462040
v 0.00487798 0.01866436 0.00450306
v 0.00497518 0.01866436 0.00439995
v 0.00508842 0.01866436 0.00431596
v 0.00521196 0.01866436 0.00425424
v 0.00533961 0.01866436 0.00421568
v 0.00550644 0.01866436 0.00419807
v 0.00567326 0.01866436 0.00421568
v 0.00584285 0.01866436 0.00427224
v 0.00600146 0.01866436 0.00436964
v 0.00613489 0.01866436 0.00450306
v 0.00623226 0.01866436 0.00466167
v 0.00628885 0.01866436 0.00483125
v -0.00455439 0.00382919 0.02004834
v -0.00439981 0.00381411 0.02204835
v -0.00439981 0.00381411 0.02004834
v -0.00456664 0.00383170 0.02104833
v -0.00470596 0.00387501 0.02004834
v -0.00473623 0.00388829 0.02104833
v -0.00484554 0.00394979 0.02004834
v -0.00489484 0.00398566 0.02104833
v -0.00496550 0.00404842 0.02004834
v -0.00502826 0.00411908 0.02104833
v -0.00503969 0.00413395 0.02004834
v -0.00510287 0.00423240 0.02004834
v -0.00512564 0.00427769 0.02104833
v -0.00515193 0.00434150 0.02004834
v -0.00518223 0.00444728 0.02104833
v -0.00518444 0.00445804 0.02004834
v -0.00519900 0.00457816 0.02004834
v -0.00519981 0.00461411 0.02104833
v -0.00519543 0.00469772 0.02004834
v -0.00518223 0.00478095 0.02104833
v -0.00517473 0.00481285 0.02004834
v -0.00514364 0.00490859 0.02104833
v -0.00513892 0.00492026 0.02004834
v -0.00508192 0.00503212 0.02104833
v -0.00508829 0.00502154 0.02004834
v -0.00502152 0.00511758 0.02004834
v -0.00499795 0.00514537 0.02104833
v -0.00493950 0.00520466 0.02004834
v -0.00489484 0.00524257 0.02104833
v -0.00484427 0.00527929 0.02004834
v -0.00477749 0.00531935 0.02104833
v -0.00473887 0.00533871 0.02004834
v -0.00465189 0.00537336 0.02104833
v -0.00462704 0.00538116 0.02004834
v -0.00452420 0.00540438 0.02104833
v -0.00451275 0.00540609 0.02004834
v -0.00439981 0.00541411 0.02004834
v -0.00439981 0.00541411 0.02204835
v -0.00454538 0.00540076 0.02204835
v -0.00469429 0.00535795 0.02204835
v -0.00483758 0.00528371 0.02204835
v -0.00496550 0.00517979 0.02204835
v -0.00506941 0.00505188 0.02204835
v -0.00514364 0.00490859 0.02204835
v -0.00454538 0.00382747 0.02204835
v -0.00469429 0.00387028 0.02204835
v -0.00483758 0.00394451 0.02204835
v -0.00496550 0.00404842 0.02204835
v -0.00506941 0.00417635 0.02204835
v -0.00514364 0.00431964 0.02204835
v -0.00518646 0.00446854 0.02204835
v -0.00519981 0.00461411 0.02204835
v -0.00518646 0.00475968 0.02204835
v -0.00659564 -0.00112228 0.02004834
v -0.00645007 -0.00113563 0.02204835
v -0.00645007 -0.00113563 0.02004834
v -0.00661689 -0.00111805 0.02104833
v -0.00674454 -0.00107947 0.02004834
v -0.00678648 -0.00106146 0.02104833
v -0.00688783 -0.00100523 0.02004834
v -0.00694509 -0.00096409 0.02104833
v -0.00701575 -0.00090131 0.02004834
v -0.00707852 -0.00083065 0.02104833
v -0.00711966 -0.00077340 0.02004834
v -0.00717589 -0.00067204 0.02104833
v -0.00719390 -0.00063011 0.02004834
v -0.00723248 -0.00050247 0.02104833
v -0.00723671 -0.00048121 0.02004834
v -0.00725006 -0.00033564 0.02104833
v -0.00725006 -0.00033564 0.02004834
v -0.00723671 -0.00019007 0.02004834
v -0.00723248 -0.00016880 0.02104833
v -0.00719390 -0.00004116 0.02004834
v -0.00719390 -0.00004116 0.02104833
v -0.00713217 0.00008237 0.02104833
v -0.00719390 -0.00004116 0.02204835
v -0.00711966 0.00010213 0.02204835
v -0.00659564 -0.00112228 0.02204835
v -0.00674454 -0.00107947 0.02204835
v -0.00688783 -0.00100523 0.02204835
v -0.00701575 -0.00090131 0.02204835
v -0.00711966 -0.00077340 0.02204835
v -0.00719390 -0.00063011 0.02204835
v -0.00723671 -0.00048121 0.02204835
v -0.00725006 -0.00033564 0.02204835
v -0.00723671 -0.00019007 0.02204835
v -0.00704821 0.00019562 0.02104833
v -0.00701575 0.00023006 0.02204835
v -0.00694509 0.00029282 0.02104833
v -0.00688783 0.00033396 0.02204835
v -0.00682774 0.00036961 0.02104833
v -0.00674454 0.00040820 0.02204835
v -0.00670215 0.00042361 0.02104833
v -0.00659564 0.00045101 0.02204835
v -0.00657445 0.00045463 0.02104833
v -0.00645007 0.00046436 0.02204835
v -0.00645007 0.00046436 0.02004834
v -0.00659564 0.00045101 0.02004834
v -0.00674454 0.00040820 0.02004834
v -0.00688783 0.00033396 0.02004834
v -0.00701575 0.00023006 0.02004834
v -0.00711966 0.00010213 0.02004834
v -0.00454539 -0.00607203 0.02004834
v -0.00439981 -0.00608538 0.02204835
v -0.00439981 -0.00608538 0.02004834
v -0.00456664 -0.00606780 0.02104833
v -0.00469429 -0.00602922 0.02004834
v -0.00473623 -0.00601121 0.02104833
v -0.00483758 -0.00595498 0.02004834
v -0.00489484 -0.00591384 0.02104833
v -0.00496550 -0.00585106 0.02004834
v -0.00502826 -0.00578040 0.02104833
v -0.00506941 -0.00572315 0.02004834
v -0.00512564 -0.00562179 0.02104833
v -0.00514364 -0.00557986 0.02004834
v -0.00518223 -0.00545222 0.02104833
v -0.00518646 -0.00543095 0.02004834
v -0.00519981 -0.00528538 0.02104833
v -0.00519981 -0.00528538 0.02004834
v -0.00518646 -0.00513982 0.02004834
v -0.00518223 -0.00511855 0.02104833
v -0.00514364 -0.00499091 0.02004834
v -0.00514364 -0.00499091 0.02104833
v -0.00508192 -0.00486738 0.02104833
v -0.00510287 -0.00490366 0.02204835
v -0.00503969 -0.00480522 0.02204835
v -0.00451275 -0.00607737 0.02204835
v -0.00462704 -0.00605244 0.02204835
v -0.00473887 -0.00600998 0.02204835
v -0.00484427 -0.00595056 0.02204835
v -0.00493950 -0.00587592 0.02204835
v -0.00502152 -0.00578885 0.02204835
v -0.00508830 -0.00569280 0.02204835
v -0.00513892 -0.00559153 0.02204835
v -0.00517473 -0.00548412 0.02204835
v -0.00519543 -0.00536900 0.02204835
v -0.00519901 -0.00524943 0.02204835
v -0.00518444 -0.00512931 0.02204835
v -0.00515193 -0.00501277 0.02204835
v -0.00499795 -0.00475413 0.02104833
v -0.00496550 -0.00471969 0.02204835
v -0.00489484 -0.00465693 0.02104833
v -0.00484554 -0.00462106 0.02204835
v -0.00477749 -0.00458014 0.02104833
v -0.00470596 -0.00454629 0.02204835
v -0.00465190 -0.00452614 0.02104833
v -0.00455439 -0.00450045 0.02204835
v -0.00452420 -0.00449512 0.02104833
v -0.00439981 -0.00448539 0.02204835
v -0.00439981 -0.00448539 0.02004834
v -0.00454539 -0.00449874 0.02004834
v -0.00469429 -0.00454155 0.02004834
v -0.00483758 -0.00461579 0.02004834
v -0.00496550 -0.00471969 0.02004834
v -0.00506941 -0.00484762 0.02004834
v 0.00535411 -0.00607203 0.02004834
v 0.00549968 -0.00608538 0.02204835
v 0.00549968 -0.00608538 0.02004834
v 0.00533285 -0.00606780 0.02104833
v 0.00520521 -0.00602922 0.02004834
v 0.00516327 -0.00601121 0.02104833
v 0.00506192 -0.00595498 0.02004834
v 0.00500466 -0.00591384 0.02104833
v 0.00493400 -0.00585106 0.02004834
v 0.00487123 -0.00578040 0.02104833
v 0.00483009 -0.00572315 0.02004834
v 0.00477386 -0.00562179 0.02104833
v 0.00475585 -0.00557986 0.02004834
v 0.00471727 -0.00545222 0.02104833
v 0.00471304 -0.00543095 0.02004834
v 0.00469968 -0.00528538 0.02104833
v 0.00469968 -0.00528538 0.02004834
v 0.00471304 -0.00513982 0.02004834
v 0.00471727 -0.00511855 0.02104833
v 0.00475585 -0.00499091 0.02004834
v 0.00475585 -0.00499091 0.02104833
v 0.00481758 -0.00486738 0.02104833
v 0.00476058 -0.00497924 0.02204835
v 0.00481120 -0.00487796 0.02204835
v 0.00534511 -0.00607030 0.02204835
v 0.00519354 -0.00602448 0.02204835
v 0.00505396 -0.00594971 0.02204835
v 0.00493400 -0.00585106 0.02204835
v 0.00485980 -0.00576554 0.02204835
v 0.00479662 -0.00566709 0.02204835
v 0.00474756 -0.00555800 0.02204835
v 0.00471505 -0.00544146 0.02204835
v 0.00470049 -0.00532134 0.02204835
v 0.00470406 -0.00520177 0.02204835
v 0.00472476 -0.00508665 0.02204835
v 0.00487797 -0.00478192 0.02204835
v 0.00490154 -0.00475413 0.02104833
v 0.00483009 -0.00484762 0.02004834
v 0.00493400 -0.00471969 0.02004834
v 0.00500466 -0.00465693 0.02104833
v 0.00506192 -0.00461579 0.02004834
v 0.00512201 -0.00458014 0.02104833
v 0.00520521 -0.00454155 0.02004834
v 0.00524760 -0.00452614 0.02104833
v 0.00535411 -0.00449874 0.02004834
v 0.00537530 -0.00449512 0.02104833
v 0.00549968 -0.00448539 0.02004834
v 0.00538675 -0.00449340 0.02204835
v 0.00549968 -0.00448539 0.02204835
v 0.00496000 -0.00469484 0.02204835
v 0.00505523 -0.00462021 0.02204835
v 0.00516062 -0.00456079 0.02204835
v 0.00527246 -0.00451833 0.02204835
v 0.00040436 -0.00812228 0.02004834
v 0.00054993 -0.00813563 0.02204835
v 0.00054993 -0.00813563 0.02004834
v 0.00038311 -0.00811805 0.02104833
v 0.00025546 -0.00807947 0.02004834
v 0.00021352 -0.00806146 0.02104833
v 0.00011217 -0.00800523 0.02004834
v 0.00005491 -0.00796409 0.02104833
v -0.00001575 -0.00790133 0.02004834
v -0.00007852 -0.00783067 0.02104833
v -0.00011966 -0.00777340 0.02004834
v -0.00017589 -0.00767206 0.02104833
v -0.00019390 -0.00763011 0.02004834
v -0.00023248 -0.00750247 0.02104833
v -0.00023671 -0.00748120 0.02004834
v -0.00025007 -0.00733564 0.02104833
v -0.00025007 -0.00733564 0.02004834
v -0.00023671 -0.00719007 0.02004834
v -0.00023248 -0.00716880 0.02104833
v -0.00019390 -0.00704116 0.02004834
v -0.00019390 -0.00704116 0.02104833
v -0.00013217 -0.00691763 0.02104833
v -0.00019390 -0.00704116 0.02204835
v -0.00011966 -0.00689787 0.02204835
v 0.00040436 -0.00812228 0.02204835
v 0.00025546 -0.00807947 0.02204835
v 0.00011217 -0.00800523 0.02204835
v -0.00001575 -0.00790133 0.02204835
v -0.00011966 -0.00777340 0.02204835
v -0.00019390 -0.00763011 0.02204835
v -0.00023671 -0.00748120 0.02204835
v -0.00025007 -0.00733564 0.02204835
v -0.00023671 -0.00719007 0.02204835
v -0.00004821 -0.00680438 0.02104833
v -0.00001575 -0.00676996 0.02204835
v 0.00005491 -0.00670718 0.02104833
v 0.00011217 -0.00666604 0.02204835
v 0.00017226 -0.00663039 0.02104833
v 0.00025546 -0.00659180 0.02204835
v 0.00029785 -0.00657639 0.02104833
v 0.00040436 -0.00654899 0.02204835
v 0.00042555 -0.00654537 0.02104833
v 0.00054993 -0.00653564 0.02204835
v 0.00054993 -0.00653564 0.02004834
v 0.00040436 -0.00654899 0.02004834
v 0.00025546 -0.00659180 0.02004834
v 0.00011217 -0.00666604 0.02004834
v -0.00001575 -0.00676996 0.02004834
v -0.00011966 -0.00689787 0.02004834
v 0.00740436 -0.00112228 0.02004834
v 0.00754994 -0.00113563 0.02204835
v 0.00754994 -0.00113563 0.02004834
v 0.00738311 -0.00111805 0.02104833
v 0.00725546 -0.00107947 0.02004834
v 0.00721352 -0.00106146 0.02104833
v 0.00711217 -0.00100523 0.02004834
v 0.00705491 -0.00096409 0.02104833
v 0.00698425 -0.00090133 0.02004834
v 0.00692148 -0.00083067 0.02104833
v 0.00688034 -0.00077340 0.02004834
v 0.00682411 -0.00067206 0.02104833
v 0.00680610 -0.00063011 0.02004834
v 0.00676752 -0.00050247 0.02104833
v 0.00676329 -0.00048121 0.02004834
v 0.00674994 -0.00033564 0.02104833
v 0.00674994 -0.00033564 0.02004834
v 0.00676329 -0.00019007 0.02004834
v 0.00676752 -0.00016880 0.02104833
v 0.00680610 -0.00004116 0.02004834
v 0.00680610 -0.00004116 0.02104833
v 0.00686783 0.00008237 0.02104833
v 0.00680610 -0.00004116 0.02204835
v 0.00688034 0.00010213 0.02204835
v 0.00740436 -0.00112228 0.02204835
v 0.00725546 -0.00107947 0.02204835
v 0.00711217 -0.00100523 0.02204835
v 0.00698425 -0.00090133 0.02204835
v 0.00688034 -0.00077340 0.02204835
v 0.00680610 -0.00063011 0.02204835
v 0.00676329 -0.00048121 0.02204835
v 0.00674994 -0.00033564 0.02204835
v 0.00676329 -0.00019007 0.02204835
v 0.00695180 0.00019562 0.02104833
v 0.00698425 0.00023004 0.02204835
v 0.00705491 0.00029282 0.02104833
v 0.00711217 0.00033396 0.02204835
v 0.00717226 0.00036961 0.02104833
v 0.00725546 0.00040820 0.02204835
v 0.00729785 0.00042361 0.02104833
v 0.00740436 0.00045101 0.02204835
v 0.00742555 0.00045463 0.02104833
v 0.00754994 0.00046436 0.02204835
v 0.00754994 0.00046436 0.02004834
v 0.00740436 0.00045101 0.02004834
v 0.00725546 0.00040820 0.02004834
v 0.00711217 0.00033396 0.02004834
v 0.00698425 0.00023004 0.02004834
v 0.00688034 0.00010213 0.02004834
v 0.00538675 0.00382212 0.02004834
v 0.00549968 0.00381411 0.02204835
v 0.00549968 0.00381411 0.02004834
v 0.00533286 0.00383170 0.02104833
v 0.00527246 0.00384706 0.02004834
v 0.00516327 0.00388829 0.02104833
v 0.00516062 0.00388951 0.02004834
v 0.00505523 0.00394894 0.02004834
v 0.00500466 0.00398566 0.02104833
v 0.00496000 0.00402356 0.02004834
v 0.00487123 0.00411908 0.02104833
v 0.00487798 0.00411065 0.02004834
v 0.00481120 0.00420668 0.02004834
v 0.00477386 0.00427769 0.02104833
v 0.00476058 0.00430797 0.02004834
v 0.00471727 0.00444728 0.02104833
v 0.00472476 0.00441538 0.02004834
v 0.00470406 0.00453050 0.02004834
v 0.00469968 0.00461411 0.02104833
v 0.00470049 0.00465007 0.02004834
v 0.00471727 0.00478095 0.02104833
v 0.00471506 0.00477019 0.02004834
v 0.00474756 0.00488673 0.02004834
v 0.00475585 0.00490859 0.02104833
v 0.00479662 0.00499582 0.02004834
v 0.00481758 0.00503212 0.02104833
v 0.00485980 0.00509427 0.02004834
v 0.00490154 0.00514537 0.02104833
v 0.00493400 0.00517979 0.02004834
v 0.00500466 0.00524257 0.02104833
v 0.00505396 0.00527844 0.02004834
v 0.00512201 0.00531935 0.02104833
v 0.00519354 0.00535321 0.02004834
v 0.00524760 0.00537336 0.02104833
v 0.00534511 0.00539903 0.02004834
v 0.00537530 0.00540438 0.02104833
v 0.00549968 0.00541411 0.02004834
v 0.00549968 0.00541411 0.02204835
v 0.00535411 0.00540076 0.02204835
v 0.00520521 0.00535795 0.02204835
v 0.00506192 0.00528371 0.02204835
v 0.00493400 0.00517979 0.02204835
v 0.00483009 0.00505188 0.02204835
v 0.00475585 0.00490859 0.02204835
v 0.00535411 0.00382747 0.02204835
v 0.00520521 0.00387028 0.02204835
v 0.00506192 0.00394451 0.02204835
v 0.00493400 0.00404842 0.02204835
v 0.00483009 0.00417635 0.02204835
v 0.00475585 0.00431964 0.02204835
v 0.00471304 0.00446854 0.02204835
v 0.00469968 0.00461411 0.02204835
v 0.00471304 0.00475968 0.02204835
v 0.00945895 -0.00082729 0.02004834
v 0.00954994 -0.00083564 0.02204835
v 0.00954994 -0.00083564 0.02004834
v 0.00944567 -0.00082465 0.02104833
v 0.00936589 -0.00080054 0.02004834
v 0.00933967 -0.00078927 0.02104833
v 0.00927633 -0.00075414 0.02004834
v 0.00924054 -0.00072842 0.02104833
v 0.00919638 -0.00068920 0.02004834
v 0.00915715 -0.00064503 0.02104833
v 0.00913144 -0.00060924 0.02004834
v 0.00909629 -0.00054589 0.02104833
v 0.00908504 -0.00051968 0.02004834
v 0.00906093 -0.00043990 0.02104833
v 0.00905828 -0.00042662 0.02004834
v 0.00904994 -0.00033564 0.02104833
v 0.00904994 -0.00033564 0.02004834
v 0.00905828 -0.00024465 0.02004834
v 0.00906093 -0.00023137 0.02104833
v 0.00908504 -0.00015159 0.02004834
v 0.00908504 -0.00015159 0.02104833
v 0.00912362 -0.00007437 0.02104833
v 0.00908504 -0.00015159 0.02204835
v 0.00913144 -0.00006204 0.02204835
v 0.00945895 -0.00082729 0.02204835
v 0.00936589 -0.00080054 0.02204835
v 0.00927633 -0.00075414 0.02204835
v 0.00919638 -0.00068920 0.02204835
v 0.00913144 -0.00060924 0.02204835
v 0.00908504 -0.00051968 0.02204835
v 0.00905828 -0.00042662 0.02204835
v 0.00904994 -0.00033564 0.02204835
v 0.00905828 -0.00024465 0.02204835
v 0.00917610 -0.00000361 0.02104833
v 0.00919638 0.00001791 0.02204835
v 0.00924054 0.00005714 0.02104833
v 0.00927633 0.00008286 0.02204835
v 0.00931389 0.00010514 0.02104833
v 0.00936589 0.00012925 0.02204835
v 0.00939238 0.00013889 0.02104833
v 0.00945895 0.00015601 0.02204835
v 0.00947220 0.00015828 0.02104833
v 0.00954994 0.00016436 0.02204835
v 0.00954994 0.00016436 0.02004834
v 0.00945895 0.00015601 0.02004834
v 0.00936589 0.00012925 0.02004834
v 0.00927633 0.00008286 0.02004834
v 0.00919638 0.00001791 0.02004834
v 0.00913144 -0.00006204 0.02004834
v 0.00040437 0.00587772 0.02004834
v 0.00054993 0.00586436 0.02204835
v 0.00054993 0.00586436 0.02004834
v 0.00038311 0.00588195 0.02104833
v 0.00025546 0.00592053 0.02004834
v 0.00021352 0.00593854 0.02104833
v 0.00011217 0.00599476 0.02004834
v 0.00005491 0.00603591 0.02104833
v -0.00001575 0.00609869 0.02004834
v -0.00007852 0.00616935 0.02104833
v -0.00011966 0.00622660 0.02004834
v -0.00017589 0.00632795 0.02104833
v -0.00019390 0.00636989 0.02004834
v -0.00023248 0.00649753 0.02104833
v -0.00023671 0.00651879 0.02004834
v -0.00025006 0.00666436 0.02104833
v -0.00025006 0.00666436 0.02004834
v -0.00023671 0.00680993 0.02004834
v -0.00023248 0.00683120 0.02104833
v -0.00019390 0.00695884 0.02004834
v -0.00019390 0.00695884 0.02104833
v -0.00013217 0.00708237 0.02104833
v -0.00019390 0.00695884 0.02204835
v -0.00011966 0.00710213 0.02204835
v 0.00040437 0.00587772 0.02204835
v 0.00025546 0.00592053 0.02204835
v 0.00011217 0.00599476 0.02204835
v -0.00001575 0.00609869 0.02204835
v -0.00011966 0.00622660 0.02204835
v -0.00019390 0.00636989 0.02204835
v -0.00023671 0.00651879 0.02204835
v -0.00025006 0.00666436 0.02204835
v -0.00023671 0.00680993 0.02204835
v -0.00004821 0.00719562 0.02104833
v -0.00001575 0.00723006 0.02204835
v 0.00005491 0.00729282 0.02104833
v 0.00011217 0.00733396 0.02204835
v 0.00017226 0.00736961 0.02104833
v 0.00025546 0.00740820 0.02204835
v 0.00029785 0.00742361 0.02104833
v 0.00040437 0.00745101 0.02204835
v 0.00042555 0.00745463 0.02104833
v 0.00054994 0.00746436 0.02204835
v 0.00054994 0.00746436 0.02004834
v 0.00040437 0.00745101 0.02004834
v 0.00025546 0.00740820 0.02004834
v 0.00011217 0.00733396 0.02004834
v -0.00001575 0.00723006 0.02004834
v -0.00011966 0.00710213 0.02004834
v 0.00000405 -0.00328556 0.01984834
v 0.00054993 -0.00333564 0.02304833
v 0.00054993 -0.00333564 0.01984834
v -0.00007567 -0.00326967 0.02144834
v -0.00055435 -0.00312500 0.01984834
v -0.00071163 -0.00305748 0.02144834
v -0.00109169 -0.00284662 0.01984834
v -0.00130641 -0.00269233 0.02144834
v -0.00157139 -0.00245695 0.01984834
v -0.00180676 -0.00219198 0.02144834
v -0.00196105 -0.00197727 0.01984834
v -0.00217192 -0.00159720 0.02144834
v -0.00223943 -0.00143992 0.01984834
v -0.00238411 -0.00096125 0.02144834
v -0.00239998 -0.00088153 0.01984834
v -0.00245007 -0.00033564 0.02144834
v -0.00245007 -0.00033564 0.01984834
v -0.00239998 0.00021025 0.01984834
v -0.00238411 0.00028997 0.02144834
v -0.00223943 0.00076864 0.01984834
v -0.00223943 0.00076864 0.02144834
v -0.00200795 0.00123192 0.02144834
v -0.00223943 0.00076864 0.02304833
v -0.00196105 0.00130599 0.02304833
v 0.00000405 -0.00328556 0.02304833
v -0.00055435 -0.00312500 0.02304833
v -0.00109169 -0.00284662 0.02304833
v -0.00157139 -0.00245695 0.02304833
v -0.00196105 -0.00197727 0.02304833
v -0.00223943 -0.00143992 0.02304833
v -0.00239998 -0.00088153 0.02304833
v -0.00245007 -0.00033564 0.02304833
v -0.00239998 0.00021025 0.02304833
v -0.00169309 0.00165656 0.02144834
v -0.00157139 0.00178568 0.02304833
v -0.00130641 0.00202106 0.02144834
v -0.00109169 0.00217534 0.02304833
v -0.00086634 0.00230901 0.02144834
v -0.00055435 0.00245373 0.02304833
v -0.00039538 0.00251153 0.02144834
v 0.00000405 0.00261429 0.02304833
v 0.00008349 0.00262788 0.02144834
v 0.00054993 0.00266437 0.02304833
v 0.00054993 0.00266437 0.01984834
v 0.00000405 0.00261429 0.01984834
v -0.00055435 0.00245373 0.01984834
v -0.00109169 0.00217534 0.01984834
v -0.00157139 0.00178568 0.01984834
v -0.00196105 0.00130599 0.01984834
v 0.00026789 -0.00185976 0.01884835
v 0.00054993 -0.00188564 0.01984834
v 0.00054993 -0.00188564 0.01884835
v 0.00022670 -0.00185156 0.01934835
v -0.00002061 -0.00177680 0.01884835
v -0.00010187 -0.00174192 0.01934835
v -0.00029824 -0.00163298 0.01884835
v -0.00040917 -0.00155325 0.01934835
v -0.00054608 -0.00143165 0.01884835
v -0.00066769 -0.00129475 0.01934835
v -0.00074741 -0.00118381 0.01884835
v -0.00085635 -0.00098744 0.01934835
v -0.00089124 -0.00090619 0.01884835
v -0.00096599 -0.00065887 0.01934835
v -0.00097419 -0.00061769 0.01884835
v -0.00100007 -0.00033564 0.01934835
v -0.00100007 -0.00033564 0.01884835
v -0.00097419 -0.00005359 0.01884835
v -0.00096599 -0.00001240 0.01934835
v -0.00089124 0.00023491 0.01884835
v -0.00089124 0.00023491 0.01934835
v -0.00077164 0.00047427 0.01934835
v -0.00089124 0.00023491 0.01984834
v -0.00074741 0.00051254 0.01984834
v 0.00026789 -0.00185976 0.01984834
v -0.00002061 -0.00177680 0.01984834
v -0.00029824 -0.00163298 0.01984834
v -0.00054608 -0.00143165 0.01984834
v -0.00074741 -0.00118381 0.01984834
v -0.00089124 -0.00090619 0.01984834
v -0.00097419 -0.00061769 0.01984834
v -0.00100007 -0.00033564 0.01984834
v -0.00097419 -0.00005359 0.01984834
v -0.00060896 0.00069366 0.01934835
v -0.00054608 0.00076037 0.01984834
v -0.00040917 0.00088198 0.01934835
v -0.00029824 0.00096170 0.01984834
v -0.00018181 0.00103077 0.01934835
v -0.00002061 0.00110553 0.01984834
v 0.00006153 0.00113541 0.01934835
v 0.00026789 0.00118848 0.01984834
v 0.00030894 0.00119552 0.01934835
v 0.00054993 0.00121437 0.01984834
v 0.00054993 0.00121437 0.01884835
v 0.00026789 0.00118848 0.01884835
v -0.00002061 0.00110553 0.01884835
v -0.00029824 0.00096170 0.01884835
v -0.00054608 0.00076037 0.01884835
v -0.00074741 0.00051254 0.01884835
v -0.00034861 -0.01029519 0.02204835
v 0.00054993 -0.01033564 0.02004834
v 0.00054993 -0.01033564 0.02204835
v -0.00047906 -0.01028255 0.02104833
v -0.00126970 -0.01016869 0.02204835
v -0.00153542 -0.01011579 0.02104833
v -0.00220165 -0.00994963 0.02204835
v -0.00260110 -0.00982622 0.02104833
v -0.00313101 -0.00963351 0.02204835
v -0.00365527 -0.00940846 0.02104833
v -0.00404301 -0.00921847 0.02204835
v -0.00467524 -0.00886192 0.02104833
v -0.00492216 -0.00870559 0.02204835
v -0.00563787 -0.00819128 0.02104833
v -0.00575305 -0.00809917 0.02204835
v -0.00652113 -0.00740670 0.02104833
v -0.00652113 -0.00740670 0.02204835
v -0.00721360 -0.00663862 0.02204835
v -0.00730571 -0.00652343 0.02104833
v -0.00782002 -0.00580773 0.02204835
v -0.00797635 -0.00556080 0.02104833
v -0.00833291 -0.00492858 0.02204835
v -0.00852290 -0.00454083 0.02104833
v -0.00874795 -0.00401658 0.02204835
v -0.00894064 -0.00348667 0.02104833
v -0.00906406 -0.00308722 0.02204835
v -0.00923022 -0.00242099 0.02104833
v -0.00928312 -0.00215526 0.02204835
v -0.00939698 -0.00136464 0.02104833
v -0.00940961 -0.00123418 0.02204835
v -0.00945007 -0.00033564 0.02104833
v -0.00945007 -0.00033564 0.02204835
v -0.00940961 0.00056290 0.02204835
v -0.00939698 0.00069336 0.02104833
v -0.00928312 0.00148399 0.02204835
v -0.00923022 0.00174972 0.02104833
v -0.00906406 0.00241595 0.02204835
v -0.00902491 0.00254920 0.02104833
v -0.00874795 0.00334531 0.02204835
v -0.00874795 0.00334531 0.02104833
v -0.00839825 0.00412868 0.02104833
v -0.00874795 0.00334531 0.02004834
v -0.00833291 0.00425730 0.02004834
v -0.00034861 -0.01029519 0.02004834
v -0.00126970 -0.01016869 0.02004834
v -0.00220165 -0.00994963 0.02004834
v -0.00313101 -0.00963351 0.02004834
v -0.00404301 -0.00921847 0.02004834
v -0.00492216 -0.00870559 0.02004834
v -0.00575305 -0.00809917 0.02004834
v -0.00652113 -0.00740670 0.02004834
v -0.00721360 -0.00663862 0.02004834
v -0.00782002 -0.00580773 0.02004834
v -0.00833291 -0.00492858 0.02004834
v -0.00874795 -0.00401658 0.02004834
v -0.00906406 -0.00308722 0.02004834
v -0.00928312 -0.00215526 0.02004834
v -0.00940961 -0.00123418 0.02004834
v -0.00945007 -0.00033564 0.02004834
v -0.00940961 0.00056290 0.02004834
v -0.00928312 0.00148399 0.02004834
v -0.00906406 0.00241595 0.02004834
v -0.00797635 0.00488953 0.02104833
v -0.00782002 0.00513646 0.02004834
v -0.00748453 0.00561812 0.02104833
v -0.00721360 0.00596735 0.02004834
v -0.00692682 0.00630501 0.02104833
v -0.00652113 0.00673543 0.02004834
v -0.00630887 0.00694149 0.02104833
v -0.00575305 0.00742790 0.02004834
v -0.00563787 0.00752000 0.02104833
v -0.00492216 0.00803432 0.02004834
v -0.00492216 0.00803432 0.02104833
v -0.00417098 0.00847986 0.02104833
v -0.00492216 0.00803432 0.02204835
v -0.00404301 0.00854720 0.02204835
v -0.00339402 0.00885378 0.02104833
v -0.00313101 0.00896224 0.02204835
v -0.00260110 0.00915494 0.02104833
v -0.00220165 0.00927835 0.02204835
v -0.00180173 0.00938391 0.02104833
v -0.00126969 0.00949742 0.02204835
v -0.00100487 0.00954276 0.02104833
v -0.00034861 0.00962391 0.02204835
v -0.00021862 0.00963479 0.02104833
v 0.00054994 0.00966437 0.02204835
v 0.00054994 0.00966437 0.02004834
v -0.00034861 0.00962391 0.02004834
v -0.00126969 0.00949742 0.02004834
v -0.00220165 0.00927835 0.02004834
v -0.00313101 0.00896224 0.02004834
v -0.00404301 0.00854720 0.02004834
v -0.00575305 0.00742790 0.02204835
v -0.00652113 0.00673543 0.02204835
v -0.00721360 0.00596735 0.02204835
v -0.00782002 0.00513646 0.02204835
v -0.00833291 0.00425730 0.02204835
v 0.00003543 -0.00530909 0.01944833
v 0.00054993 -0.00533563 0.02004834
v -0.00035988 -0.00525217 0.02004834
v 0.00054993 -0.00533563 0.01884835
v -0.00035988 -0.00525217 0.01884835
v -0.00102558 -0.00508093 0.01944833
v -0.00129054 -0.00498457 0.01884835
v -0.00049274 -0.00522571 0.01944833
v -0.00155267 -0.00487206 0.01944833
v -0.00218611 -0.00452061 0.01884835
v -0.00206265 -0.00459878 0.01944833
v -0.00254397 -0.00426346 0.01944833
v -0.00218611 -0.00452061 0.02004834
v -0.00298560 -0.00387117 0.02004834
v -0.00298560 -0.00387117 0.01944833
v -0.00337789 -0.00342953 0.01944833
v -0.00298560 -0.00387117 0.01884835
v -0.00363504 -0.00307168 0.01884835
v -0.00398648 -0.00243823 0.01944833
v -0.00409901 -0.00217611 0.01884835
v -0.00371321 -0.00294823 0.01944833
v -0.00363504 -0.00307168 0.02004834
v -0.00419535 -0.00191115 0.01944833
v -0.00436659 -0.00124546 0.01884835
v -0.00434014 -0.00137832 0.01944833
v -0.00442352 -0.00085013 0.01944833
v -0.00436659 -0.00124546 0.02004834
v -0.00445007 -0.00033564 0.02004834
v -0.00445007 -0.00033564 0.01944833
v -0.00442352 0.00017887 0.01944833
v -0.00445007 -0.00033564 0.01884835
v -0.00436659 0.00057418 0.01884835
v -0.00434014 0.00070704 0.01944833
v -0.00409901 0.00150484 0.01884835
v -0.00409901 0.00150484 0.01944833
v -0.00371321 0.00227695 0.01944833
v -0.00409901 0.00150484 0.02004834
v -0.00363504 0.00240041 0.02004834
v -0.00318844 0.00298469 0.01944833
v -0.00298560 0.00319990 0.02004834
v -0.00254397 0.00359219 0.01944833
v -0.00218611 0.00384934 0.02004834
v -0.00181052 0.00407211 0.01944833
v -0.00129054 0.00431330 0.02004834
v -0.00102558 0.00440965 0.01944833
v -0.00035988 0.00458090 0.02004834
v -0.00022747 0.00460356 0.01944833
v 0.00054993 0.00466436 0.02004834
v 0.00054993 0.00466436 0.01884835
v -0.00035988 0.00458090 0.01884835
v -0.00129054 0.00431330 0.01884835
v -0.00218611 0.00384934 0.01884835
v -0.00298560 0.00319990 0.01884835
v -0.00363504 0.00240041 0.01884835
v -0.00436659 0.00057418 0.02004834
v -0.00409901 -0.00217611 0.02004834
v -0.00129054 -0.00498457 0.02004834
v 0.00003544 0.00463782 0.02254834
v 0.00054993 0.00466436 0.02204835
v -0.00035988 0.00458090 0.02204835
v 0.00054993 0.00466436 0.02304833
v -0.00035988 0.00458090 0.02304833
v -0.00102558 0.00440965 0.02254834
v -0.00129054 0.00431330 0.02304833
v -0.00049274 0.00455443 0.02254834
v -0.00155267 0.00420078 0.02254834
v -0.00218611 0.00384934 0.02304833
v -0.00206265 0.00392751 0.02254834
v -0.00254397 0.00359219 0.02254834
v -0.00218611 0.00384934 0.02204835
v -0.00298560 0.00319990 0.02204835
v -0.00298560 0.00319990 0.02254834
v -0.00337788 0.00275826 0.02254834
v -0.00298560 0.00319990 0.02304833
v -0.00363504 0.00240041 0.02304833
v -0.00398648 0.00176696 0.02254834
v -0.00409901 0.00150484 0.02304833
v -0.00371321 0.00227695 0.02254834
v -0.00363504 0.00240041 0.02204835
v -0.00419535 0.00123988 0.02254834
v -0.00436659 0.00057418 0.02304833
v -0.00434014 0.00070704 0.02254834
v -0.00442352 0.00017887 0.02254834
v -0.00436659 0.00057418 0.02204835
v -0.00445007 -0.00033564 0.02204835
v -0.00445007 -0.00033564 0.02254834
v -0.00442352 -0.00085013 0.02254834
v -0.00445007 -0.00033564 0.02304833
v -0.00436659 -0.00124546 0.02304833
v -0.00434014 -0.00137832 0.02254834
v -0.00409901 -0.00217611 0.02304833
v -0.00409901 -0.00217611 0.02254834
v -0.00371321 -0.00294823 0.02254834
v -0.00409901 -0.00217611 0.02204835
v -0.00363504 -0.00307168 0.02204835
v -0.00318844 -0.00365596 0.02254834
v -0.00298560 -0.00387117 0.02204835
v -0.00254397 -0.00426346 0.02254834
v -0.00218611 -0.00452061 0.02204835
v -0.00181052 -0.00474338 0.02254834
v -0.00129054 -0.00498457 0.02204835
v -0.00102558 -0.00508093 0.02254834
v -0.00035988 -0.00525217 0.02204835
v -0.00022747 -0.00527483 0.02254834
v 0.00054993 -0.00533563 0.02204835
v 0.00054993 -0.00533563 0.02304833
v -0.00035988 -0.00525217 0.02304833
v -0.00129054 -0.00498457 0.02304833
v -0.00218611 -0.00452061 0.02304833
v -0.00298560 -0.00387117 0.02304833
v -0.00363504 -0.00307168 0.02304833
v -0.00436659 -0.00124546 0.02204835
v -0.00409901 0.00150484 0.02204835
v -0.00129054 0.00431330 0.02204835
v 0.00132734 0.00460356 0.02254834
v 0.00145975 0.00458090 0.02304833
v 0.00145975 0.00458090 0.02204835
v 0.00212545 0.00440965 0.02254834
v 0.00239041 0.00431330 0.02204835
v 0.00291039 0.00407211 0.02254834
v 0.00328598 0.00384934 0.02204835
v 0.00364384 0.00359219 0.02254834
v 0.00408547 0.00319990 0.02204835
v 0.00428831 0.00298469 0.02254834
v 0.00473491 0.00240041 0.02204835
v 0.00481308 0.00227695 0.02254834
v 0.00519888 0.00150484 0.02204835
v 0.00519888 0.00150484 0.02254834
v 0.00544001 0.00070704 0.02254834
v 0.00519888 0.00150484 0.02304833
v 0.00546646 0.00057418 0.02304833
v 0.00552339 0.00017886 0.02254834
v 0.00554994 -0.00033564 0.02304833
v 0.00554994 -0.00033564 0.02254834
v 0.00552339 -0.00085014 0.02254834
v 0.00554994 -0.00033564 0.02204835
v 0.00546646 -0.00124546 0.02204835
v 0.00546646 0.00057418 0.02204835
v 0.00529522 -0.00191115 0.02254834
v 0.00519888 -0.00217611 0.02204835
v 0.00544001 -0.00137832 0.02254834
v 0.00546646 -0.00124546 0.02304833
v 0.00508635 -0.00243823 0.02254834
v 0.00473491 -0.00307168 0.02204835
v 0.00481308 -0.00294823 0.02254834
v 0.00447776 -0.00342953 0.02254834
v 0.00473491 -0.00307168 0.02304833
v 0.00408547 -0.00387117 0.02304833
v 0.00408547 -0.00387117 0.02254834
v 0.00364384 -0.00426346 0.02254834
v 0.00408547 -0.00387117 0.02204835
v 0.00328598 -0.00452061 0.02204835
v 0.00265254 -0.00487206 0.02254834
v 0.00239041 -0.00498457 0.02204835
v 0.00316252 -0.00459878 0.02254834
v 0.00328598 -0.00452061 0.02304833
v 0.00212545 -0.00508093 0.02254834
v 0.00145975 -0.00525217 0.02204835
v 0.00159261 -0.00522571 0.02254834
v 0.00106443 -0.00530909 0.02254834
v 0.00145975 -0.00525217 0.02304833
v 0.00239041 -0.00498457 0.02304833
v 0.00519888 -0.00217611 0.02304833
v 0.00473491 0.00240041 0.02304833
v 0.00408547 0.00319990 0.02304833
v 0.00328598 0.00384934 0.02304833
v 0.00239041 0.00431330 0.02304833
v 0.00109582 0.00261429 0.02304833
v 0.00165422 0.00245373 0.02304833
v 0.00219156 0.00217534 0.02304833
v 0.00267125 0.00178568 0.02304833
v 0.00306092 0.00130599 0.02304833
v 0.00333930 0.00076864 0.02304833
v 0.00349985 0.00021025 0.02304833
v 0.00354994 -0.00033564 0.02304833
v 0.00349985 -0.00088153 0.02304833
v 0.00333930 -0.00143992 0.02304833
v 0.00306092 -0.00197727 0.02304833
v 0.00267125 -0.00245695 0.02304833
v 0.00219156 -0.00284662 0.02304833
v 0.00165422 -0.00312500 0.02304833
v 0.00109582 -0.00328556 0.02304833
v 0.00132734 -0.00527483 0.01944833
v 0.00145975 -0.00525217 0.01884835
v 0.00145975 -0.00525217 0.02004834
v 0.00212545 -0.00508093 0.01944833
v 0.00239041 -0.00498457 0.02004834
v 0.00291039 -0.00474338 0.01944833
v 0.00328598 -0.00452061 0.02004834
v 0.00364384 -0.00426346 0.01944833
v 0.00408547 -0.00387117 0.02004834
v 0.00428831 -0.00365596 0.01944833
v 0.00473491 -0.00307168 0.02004834
v 0.00481308 -0.00294823 0.01944833
v 0.00519888 -0.00217611 0.02004834
v 0.00519888 -0.00217611 0.01944833
v 0.00544001 -0.00137832 0.01944833
v 0.00519888 -0.00217611 0.01884835
v 0.00546646 -0.00124546 0.01884835
v 0.00552339 -0.00085014 0.01944833
v 0.00554994 -0.00033564 0.01884835
v 0.00554994 -0.00033564 0.01944833
v 0.00552339 0.00017886 0.01944833
v 0.00554994 -0.00033564 0.02004834
v 0.00546646 0.00057418 0.02004834
v 0.00546646 -0.00124546 0.02004834
v 0.00529522 0.00123988 0.01944833
v 0.00519888 0.00150484 0.02004834
v 0.00544001 0.00070704 0.01944833
v 0.00546646 0.00057418 0.01884835
v 0.00508635 0.00176696 0.01944833
v 0.00473491 0.00240041 0.02004834
v 0.00481308 0.00227695 0.01944833
v 0.00447776 0.00275826 0.01944833
v 0.00473491 0.00240041 0.01884835
v 0.00408547 0.00319990 0.01884835
v 0.00408547 0.00319990 0.01944833
v 0.00364384 0.00359219 0.01944833
v 0.00408547 0.00319990 0.02004834
v 0.00328598 0.00384934 0.02004834
v 0.00265254 0.00420078 0.01944833
v 0.00239041 0.00431330 0.02004834
v 0.00316252 0.00392751 0.01944833
v 0.00328598 0.00384934 0.01884835
v 0.00212545 0.00440965 0.01944833
v 0.00145975 0.00458090 0.02004834
v 0.00159261 0.00455443 0.01944833
v 0.00106443 0.00463782 0.01944833
v 0.00145975 0.00458090 0.01884835
v 0.00239041 0.00431330 0.01884835
v 0.00519888 0.00150484 0.01884835
v 0.00473491 -0.00307168 0.01884835
v 0.00408547 -0.00387117 0.01884835
v 0.00328598 -0.00452061 0.01884835
v 0.00239041 -0.00498457 0.01884835
v 0.00083198 -0.00185976 0.01884835
v 0.00112048 -0.00177680 0.01884835
v 0.00139811 -0.00163298 0.01884835
v 0.00164595 -0.00143165 0.01884835
v 0.00184728 -0.00118381 0.01884835
v 0.00199111 -0.00090619 0.01884835
v 0.00207406 -0.00061769 0.01884835
v 0.00209993 -0.00033564 0.01884835
v 0.00207406 -0.00005359 0.01884835
v 0.00199111 0.00023491 0.01884835
v 0.00184728 0.00051254 0.01884835
v 0.00164595 0.00076037 0.01884835
v 0.00139811 0.00096170 0.01884835
v 0.00112048 0.00110553 0.01884835
v 0.00083198 0.00118848 0.01884835
v 0.00131849 -0.01030606 0.02104833
v 0.00144848 -0.01029519 0.02004834
v 0.00144848 -0.01029519 0.02204835
v 0.00210474 -0.01021403 0.02104833
v 0.00236956 -0.01016869 0.02204835
v 0.00290160 -0.01005519 0.02104833
v 0.00330152 -0.00994963 0.02204835
v 0.00370097 -0.00982622 0.02104833
v 0.00423088 -0.00963351 0.02204835
v 0.00449389 -0.00952505 0.02104833
v 0.00514288 -0.00921847 0.02204835
v 0.00527085 -0.00915113 0.02104833
v 0.00602203 -0.00870559 0.02204835
v 0.00602203 -0.00870559 0.02104833
v 0.00673774 -0.00819128 0.02104833
v 0.00602203 -0.00870559 0.02004834
v 0.00685292 -0.00809917 0.02004834
v 0.00740874 -0.00761277 0.02104833
v 0.00762100 -0.00740670 0.02004834
v 0.00802669 -0.00697628 0.02104833
v 0.00831347 -0.00663862 0.02004834
v 0.00858440 -0.00628940 0.02104833
v 0.00891989 -0.00580773 0.02004834
v 0.00907622 -0.00556080 0.02104833
v 0.00943278 -0.00492858 0.02004834
v 0.00949812 -0.00479995 0.02104833
v 0.00984782 -0.00401658 0.02004834
v 0.00984782 -0.00401658 0.02104833
v 0.01012478 -0.00322047 0.02104833
v 0.00984782 -0.00401658 0.02204835
v 0.01016392 -0.00308722 0.02204835
v 0.00685292 -0.00809917 0.02204835
v 0.00762100 -0.00740670 0.02204835
v 0.00831347 -0.00663862 0.02204835
v 0.00891989 -0.00580773 0.02204835
v 0.00943278 -0.00492858 0.02204835
v 0.01033009 -0.00242099 0.02104833
v 0.01038299 -0.00215526 0.02204835
v 0.01049685 -0.00136464 0.02104833
v 0.01050949 -0.00123418 0.02204835
v 0.01054993 -0.00033564 0.02104833
v 0.01054993 -0.00033564 0.02204835
v 0.01050949 0.00056290 0.02204835
v 0.01049685 0.00069336 0.02104833
v 0.01038299 0.00148399 0.02204835
v 0.01033009 0.00174972 0.02104833
v 0.01016392 0.00241595 0.02204835
v 0.01004051 0.00281539 0.02104833
v 0.00984782 0.00334531 0.02204835
v 0.00962277 0.00386956 0.02104833
v 0.00943278 0.00425730 0.02204835
v 0.00907622 0.00488953 0.02104833
v 0.00891989 0.00513646 0.02204835
v 0.00840558 0.00585216 0.02104833
v 0.00831347 0.00596735 0.02204835
v 0.00762100 0.00673543 0.02104833
v 0.00762100 0.00673543 0.02204835
v 0.00685292 0.00742790 0.02204835
v 0.00673774 0.00752000 0.02104833
v 0.00602203 0.00803432 0.02204835
v 0.00577511 0.00819064 0.02104833
v 0.00514288 0.00854720 0.02204835
v 0.00475514 0.00873719 0.02104833
v 0.00423088 0.00896224 0.02204835
v 0.00370097 0.00915494 0.02104833
v 0.00330152 0.00927835 0.02204835
v 0.00263529 0.00944452 0.02104833
v 0.00236957 0.00949742 0.02204835
v 0.00157893 0.00961128 0.02104833
v 0.00144848 0.00962391 0.02204835
v 0.00144848 0.00962391 0.02004834
v 0.00236957 0.00949742 0.02004834
v 0.00330152 0.00927835 0.02004834
v 0.00423088 0.00896224 0.02004834
v 0.00514288 0.00854720 0.02004834
v 0.00602203 0.00803432 0.02004834
v 0.00685292 0.00742790 0.02004834
v 0.00762100 0.00673543 0.02004834
v 0.00831347 0.00596735 0.02004834
v 0.00891989 0.00513646 0.02004834
v 0.00943278 0.00425730 0.02004834
v 0.00984782 0.00334531 0.02004834
v 0.01016392 0.00241595 0.02004834
v 0.01038299 0.00148399 0.02004834
v 0.01050949 0.00056290 0.02004834
v 0.01054993 -0.00033564 0.02004834
v 0.01050949 -0.00123418 0.02004834
v 0.01038299 -0.00215526 0.02004834
v 0.01016392 -0.00308722 0.02004834
v 0.00514288 -0.00921847 0.02004834
v 0.00423088 -0.00963351 0.02004834
v 0.00330152 -0.00994963 0.02004834
v 0.00236956 -0.01016869 0.02004834
v 0.00069551 0.00745101 0.02204835
v 0.00134994 0.00666436 0.02204835
v 0.00133658 0.00680993 0.02204835
v 0.00129377 0.00695884 0.02204835
v 0.00561262 0.00540609 0.02204835
v 0.00572691 0.00538116 0.02204835
v 0.00583874 0.00533871 0.02204835
v 0.00594414 0.00527929 0.02204835
v 0.00603937 0.00520465 0.02204835
v 0.00612139 0.00511758 0.02204835
v 0.00618817 0.00502153 0.02204835
v 0.00623879 0.00492026 0.02204835
v 0.00627460 0.00481285 0.02204835
v 0.00629530 0.00469772 0.02204835
v 0.00629888 0.00457816 0.02204835
v 0.00769551 0.00045101 0.02204835
v 0.00834993 -0.00033564 0.02204835
v 0.00833658 -0.00019007 0.02204835
v 0.00829376 -0.00004116 0.02204835
v 0.00964092 0.00015601 0.02204835
v 0.00973398 0.00012925 0.02204835
v 0.00982354 0.00008286 0.02204835
v 0.00990349 0.00001791 0.02204835
v 0.00996844 -0.00006204 0.02204835
v 0.01001483 -0.00015159 0.02204835
v 0.01004159 -0.00024465 0.02204835
v 0.01004994 -0.00033564 0.02204835
v 0.01004159 -0.00042662 0.02204835
v 0.01001483 -0.00051968 0.02204835
v 0.00996844 -0.00060924 0.02204835
v 0.00990349 -0.00068920 0.02204835
v 0.00982354 -0.00075414 0.02204835
v 0.00973398 -0.00080054 0.02204835
v 0.00964092 -0.00082729 0.02204835
v 0.00798770 -0.00100523 0.02204835
v 0.00811562 -0.00090133 0.02204835
v 0.00769551 -0.00112228 0.02204835
v 0.00784441 -0.00107947 0.02204835
v 0.00629968 -0.00528538 0.02204835
v 0.00628633 -0.00543095 0.02204835
v 0.00624351 -0.00557986 0.02204835
v 0.00616928 -0.00572315 0.02204835
v 0.00606537 -0.00585106 0.02204835
v 0.00593745 -0.00595498 0.02204835
v 0.00579416 -0.00602922 0.02204835
v 0.00564525 -0.00607203 0.02204835
v 0.00134993 -0.00733564 0.02204835
v 0.00133658 -0.00719007 0.02204835
v 0.00564525 -0.00449874 0.02204835
v 0.00069550 -0.00812228 0.02204835
v 0.00084441 -0.00807947 0.02204835
v 0.00098770 -0.00800523 0.02204835
v -0.00396205 -0.00595498 0.02204835
v -0.00383413 -0.00585106 0.02204835
v -0.00373022 -0.00572315 0.02204835
v -0.00410534 -0.00602922 0.02204835
v -0.00425424 -0.00607203 0.02204835
v -0.00630450 0.00045101 0.02204835
v -0.00615559 0.00040820 0.02204835
v -0.00601230 0.00033396 0.02204835
v -0.00588438 0.00023006 0.02204835
v -0.00578047 0.00010213 0.02204835
v -0.00570623 -0.00004116 0.02204835
v -0.00566342 -0.00019007 0.02204835
v -0.00424524 0.00539903 0.02204835
v -0.00409367 0.00535321 0.02204835
v -0.00395409 0.00527844 0.02204835
v -0.00383413 0.00517979 0.02204835
v -0.00375993 0.00509427 0.02204835
v -0.00369675 0.00499582 0.02204835
v -0.00364769 0.00488673 0.02204835
v -0.00361518 0.00477019 0.02204835
v -0.00360062 0.00465007 0.02204835
v -0.00366071 0.00430797 0.02204835
v -0.00362489 0.00441538 0.02204835
v -0.00360419 0.00453050 0.02204835
v -0.00406075 0.00388951 0.02204835
v -0.00395536 0.00394894 0.02204835
v -0.00386013 0.00402356 0.02204835
v -0.00428688 0.00382213 0.02204835
v -0.00565007 -0.00033564 0.02204835
v -0.00566342 -0.00048121 0.02204835
v -0.00570623 -0.00063011 0.02204835
v -0.00578047 -0.00077340 0.02204835
v -0.00588438 -0.00090131 0.02204835
v -0.00601230 -0.00100523 0.02204835
v -0.00615559 -0.00107947 0.02204835
v -0.00630450 -0.00112228 0.02204835
v -0.00410534 -0.00454155 0.02204835
v -0.00425424 -0.00449874 0.02204835
v -0.00365598 -0.00499091 0.02204835
v -0.00373022 -0.00484762 0.02204835
v -0.00383413 -0.00471969 0.02204835
v -0.00359981 -0.00528538 0.02204835
v -0.00361317 -0.00513982 0.02204835
v 0.00084441 -0.00659180 0.02204835
v 0.00069550 -0.00654899 0.02204835
v 0.00121953 -0.00689787 0.02204835
v 0.00111562 -0.00676996 0.02204835
v 0.00098770 -0.00666604 0.02204835
v 0.00629928 -0.00033564 0.02204835
v 0.00579416 -0.00454155 0.02204835
v 0.00593745 -0.00461579 0.02204835
v 0.00606537 -0.00471969 0.02204835
v 0.00616928 -0.00484762 0.02204835
v 0.00624351 -0.00499091 0.02204835
v 0.00628633 -0.00513982 0.02204835
v 0.00606537 0.00404842 0.02204835
v 0.00594541 0.00394979 0.02204835
v 0.00580583 0.00387501 0.02204835
v 0.00565425 0.00382918 0.02204835
v 0.00133658 0.00651879 0.02204835
v 0.00121953 0.00622660 0.02204835
v 0.00129377 0.00636989 0.02204835
v 0.00084441 0.00592053 0.02204835
v 0.00098770 0.00599476 0.02204835
v 0.00111562 0.00609869 0.02204835
v 0.00121953 0.00710213 0.02204835
v 0.00111562 0.00723006 0.02204835
v 0.00098770 0.00733396 0.02204835
v 0.00084441 0.00740820 0.02204835
v 0.00069551 0.00587772 0.02204835
v 0.00833658 -0.00048121 0.02204835
v 0.00829376 -0.00063011 0.02204835
v 0.00821953 -0.00077340 0.02204835
v 0.00613956 0.00413395 0.02204835
v 0.00620274 0.00423239 0.02204835
v 0.00625180 0.00434150 0.02204835
v 0.00628431 0.00445804 0.02204835
v 0.00821953 0.00010213 0.02204835
v 0.00811562 0.00023004 0.02204835
v 0.00798770 0.00033396 0.02204835
v 0.00784441 0.00040820 0.02204835
v 0.00111562 -0.00790133 0.02204835
v 0.00121953 -0.00777340 0.02204835
v 0.00129377 -0.00763011 0.02204835
v 0.00133658 -0.00748120 0.02204835
v 0.00129377 -0.00704116 0.02204835
v -0.00365598 -0.00557986 0.02204835
v -0.00361317 -0.00543095 0.02204835
v -0.00396205 -0.00461579 0.02204835
v -0.00417259 0.00384706 0.02204835
v -0.00377810 0.00411065 0.02204835
v -0.00371133 0.00420668 0.02204835
v 0.00069550 -0.00812228 0.02004834
v 0.00098770 -0.00800523 0.02004834
v 0.00084441 -0.00807947 0.02004834
v 0.00121953 -0.00777340 0.02004834
v 0.00111562 -0.00790133 0.02004834
v 0.00133658 -0.00748120 0.02004834
v 0.00129377 -0.00763011 0.02004834
v 0.00561262 -0.00607737 0.02004834
v 0.00572691 -0.00605244 0.02004834
v 0.00583874 -0.00600998 0.02004834
v 0.00594414 -0.00595056 0.02004834
v 0.00603937 -0.00587593 0.02004834
v 0.00612139 -0.00578885 0.02004834
v 0.00618816 -0.00569281 0.02004834
v 0.00623879 -0.00559153 0.02004834
v 0.00627460 -0.00548412 0.02004834
v 0.00629530 -0.00536900 0.02004834
v 0.00629887 -0.00524943 0.02004834
v 0.00628431 -0.00512931 0.02004834
v 0.00625180 -0.00501277 0.02004834
v 0.00620274 -0.00490368 0.02004834
v 0.00613956 -0.00480522 0.02004834
v 0.00769551 -0.00112228 0.02004834
v 0.00784441 -0.00107947 0.02004834
v 0.00798770 -0.00100523 0.02004834
v 0.00964092 -0.00082729 0.02004834
v 0.01001483 -0.00051968 0.02004834
v 0.00996844 -0.00060924 0.02004834
v 0.00990349 -0.00068920 0.02004834
v 0.01001483 -0.00015159 0.02004834
v 0.01004159 -0.00024465 0.02004834
v 0.01004994 -0.00033564 0.02004834
v 0.00964092 0.00015601 0.02004834
v 0.00973398 0.00012925 0.02004834
v 0.00982354 0.00008286 0.02004834
v 0.00798770 0.00033396 0.02004834
v 0.00769551 0.00045101 0.02004834
v 0.00784441 0.00040820 0.02004834
v 0.00629968 0.00461411 0.02004834
v 0.00628633 0.00475968 0.02004834
v 0.00624351 0.00490859 0.02004834
v 0.00616928 0.00505188 0.02004834
v 0.00606537 0.00517979 0.02004834
v 0.00593745 0.00528371 0.02004834
v 0.00579416 0.00535795 0.02004834
v 0.00564525 0.00540076 0.02004834
v 0.00134994 0.00666436 0.02004834
v 0.00133658 0.00651879 0.02004834
v 0.00133658 0.00680993 0.02004834
v 0.00129377 0.00695884 0.02004834
v 0.00121953 0.00710213 0.02004834
v 0.00111562 0.00723006 0.02004834
v 0.00098770 0.00733396 0.02004834
v 0.00084441 0.00740820 0.02004834
v 0.00069551 0.00745101 0.02004834
v -0.00383413 0.00517979 0.02004834
v -0.00373022 0.00505188 0.02004834
v -0.00365598 0.00490859 0.02004834
v -0.00361317 0.00475968 0.02004834
v -0.00396205 0.00528371 0.02004834
v -0.00410534 0.00535795 0.02004834
v -0.00425424 0.00540076 0.02004834
v -0.00630450 0.00045101 0.02004834
v -0.00615559 0.00040820 0.02004834
v -0.00630450 -0.00112228 0.02004834
v -0.00615559 -0.00107947 0.02004834
v -0.00601230 -0.00100523 0.02004834
v -0.00588438 -0.00090131 0.02004834
v -0.00578047 -0.00077340 0.02004834
v -0.00570623 -0.00063011 0.02004834
v -0.00566342 -0.00048121 0.02004834
v -0.00565007 -0.00033564 0.02004834
v -0.00519941 -0.00033564 0.02004834
v -0.00566342 -0.00019007 0.02004834
v -0.00570623 -0.00004116 0.02004834
v -0.00578047 0.00010213 0.02004834
v -0.00588438 0.00023006 0.02004834
v -0.00601230 0.00033396 0.02004834
v -0.00424524 -0.00607030 0.02004834
v -0.00409367 -0.00602448 0.02004834
v -0.00395409 -0.00594971 0.02004834
v -0.00383413 -0.00585106 0.02004834
v -0.00375993 -0.00576554 0.02004834
v -0.00369675 -0.00566709 0.02004834
v -0.00364769 -0.00555800 0.02004834
v -0.00361519 -0.00544146 0.02004834
v -0.00360062 -0.00532134 0.02004834
v -0.00360419 -0.00520177 0.02004834
v -0.00362489 -0.00508665 0.02004834
v -0.00366071 -0.00497924 0.02004834
v -0.00371133 -0.00487796 0.02004834
v -0.00377811 -0.00478192 0.02004834
v -0.00386013 -0.00469484 0.02004834
v -0.00395536 -0.00462021 0.02004834
v -0.00406075 -0.00456079 0.02004834
v -0.00417259 -0.00451833 0.02004834
v -0.00428688 -0.00449339 0.02004834
v 0.00084441 0.00592053 0.02004834
v 0.00069551 0.00587772 0.02004834
v 0.00121953 0.00622660 0.02004834
v 0.00111562 0.00609869 0.02004834
v 0.00098770 0.00599476 0.02004834
v 0.00129377 0.00636989 0.02004834
v 0.00564525 0.00382747 0.02004834
v 0.00606537 0.00404842 0.02004834
v 0.00593745 0.00394451 0.02004834
v 0.00594541 -0.00462106 0.02004834
v 0.00606537 -0.00471969 0.02004834
v 0.00565425 -0.00450047 0.02004834
v 0.00580583 -0.00454629 0.02004834
v 0.00121953 -0.00689787 0.02004834
v 0.00129377 -0.00704116 0.02004834
v 0.00133658 -0.00719007 0.02004834
v 0.00084441 -0.00659180 0.02004834
v 0.00098770 -0.00666604 0.02004834
v 0.00111562 -0.00676996 0.02004834
v -0.00425424 0.00382747 0.02004834
v -0.00410534 0.00387028 0.02004834
v -0.00396205 0.00394451 0.02004834
v -0.00383413 0.00404842 0.02004834
v -0.00373022 0.00417635 0.02004834
v -0.00365598 0.00431964 0.02004834
v -0.00361317 0.00446854 0.02004834
v -0.00359981 0.00461411 0.02004834
v 0.00811562 -0.00090133 0.02004834
v 0.00821953 -0.00077340 0.02004834
v 0.00829376 -0.00063011 0.02004834
v 0.00833658 -0.00048121 0.02004834
v 0.00834993 -0.00033564 0.02004834
v 0.00833658 -0.00019007 0.02004834
v 0.00829376 -0.00004116 0.02004834
v 0.00821953 0.00010213 0.02004834
v 0.00811562 0.00023004 0.02004834
v 0.00990349 0.00001791 0.02004834
v 0.00996844 -0.00006204 0.02004834
v 0.01004159 -0.00042662 0.02004834
v 0.00982354 -0.00075414 0.02004834
v 0.00973398 -0.00080054 0.02004834
v 0.00628633 0.00446854 0.02004834
v 0.00624351 0.00431964 0.02004834
v 0.00616928 0.00417635 0.02004834
v 0.00579416 0.00387028 0.02004834
v 0.00069550 -0.00654899 0.02004834
v 0.00134993 -0.00733564 0.02004834
v 0.00079093 -0.00186679 0.01934835
v 0.00083198 -0.00185976 0.01984834
v 0.00103834 -0.00180668 0.01934835
v 0.00128168 -0.00170204 0.01934835
v 0.00150904 -0.00155325 0.01934835
v 0.00170883 -0.00136493 0.01934835
v 0.00187151 -0.00114554 0.01934835
v 0.00199111 -0.00090619 0.01934835
v 0.00206586 -0.00065887 0.01934835
v 0.00199111 -0.00090619 0.01984834
v 0.00207406 -0.00061769 0.01984834
v 0.00209993 -0.00033564 0.01934835
v 0.00209993 -0.00033564 0.01984834
v 0.00207406 -0.00005359 0.01984834
v 0.00206586 -0.00001240 0.01934835
v 0.00199111 0.00023491 0.01984834
v 0.00195622 0.00031617 0.01934835
v 0.00184728 0.00051254 0.01984834
v 0.00176756 0.00062348 0.01934835
v 0.00164595 0.00076037 0.01984834
v 0.00150904 0.00088198 0.01934835
v 0.00139811 0.00096170 0.01984834
v 0.00120174 0.00107065 0.01934835
v 0.00112048 0.00110553 0.01984834
v 0.00087317 0.00118029 0.01934835
v 0.00083198 0.00118848 0.01984834
v 0.00184728 -0.00118381 0.01984834
v 0.00164595 -0.00143165 0.01984834
v 0.00139811 -0.00163298 0.01984834
v 0.00112048 -0.00177680 0.01984834
v 0.00101638 -0.00329915 0.02144834
v 0.00109582 -0.00328556 0.01984834
v 0.00149525 -0.00318280 0.02144834
v 0.00165422 -0.00312500 0.01984834
v 0.00196621 -0.00298028 0.02144834
v 0.00219156 -0.00284662 0.01984834
v 0.00240628 -0.00269233 0.02144834
v 0.00267125 -0.00245695 0.01984834
v 0.00279296 -0.00232783 0.02144834
v 0.00306092 -0.00197727 0.01984834
v 0.00310782 -0.00190319 0.02144834
v 0.00333930 -0.00143992 0.01984834
v 0.00333930 -0.00143992 0.02144834
v 0.00348398 -0.00096125 0.02144834
v 0.00354994 -0.00033564 0.02144834
v 0.00348398 0.00028997 0.02144834
v 0.00327178 0.00092593 0.02144834
v 0.00290663 0.00152071 0.02144834
v 0.00240628 0.00202106 0.02144834
v 0.00181150 0.00238621 0.02144834
v 0.00117554 0.00259840 0.02144834
v 0.00109582 0.00261429 0.01984834
v 0.00349985 -0.00088153 0.01984834
v 0.00354994 -0.00033564 0.01984834
v 0.00349985 0.00021025 0.01984834
v 0.00333930 0.00076864 0.01984834
v 0.00306092 0.00130599 0.01984834
v 0.00267125 0.00178568 0.01984834
v 0.00219156 0.00217534 0.01984834
v 0.00165422 0.00245373 0.01984834
v 0.00067432 0.00587410 0.02104833
v 0.00080202 0.00590512 0.02104833
v 0.00092761 0.00595912 0.02104833
v 0.00104496 0.00603591 0.02104833
v 0.00114808 0.00613311 0.02104833
v 0.00123204 0.00624636 0.02104833
v 0.00129377 0.00636989 0.02104833
v 0.00133235 0.00649753 0.02104833
v 0.00134994 0.00666436 0.02104833
v 0.00133235 0.00683120 0.02104833
v 0.00127576 0.00700079 0.02104833
v 0.00117839 0.00715939 0.02104833
v 0.00104496 0.00729282 0.02104833
v 0.00088635 0.00739018 0.02104833
v 0.00071676 0.00744678 0.02104833
v 0.00962768 -0.00082955 0.02104833
v 0.00970749 -0.00081016 0.02104833
v 0.00978598 -0.00077641 0.02104833
v 0.00985933 -0.00072842 0.02104833
v 0.00992377 -0.00066766 0.02104833
v 0.00997625 -0.00059690 0.02104833
v 0.01001483 -0.00051968 0.02104833
v 0.01003894 -0.00043990 0.02104833
v 0.01004994 -0.00033564 0.02104833
v 0.01003894 -0.00023137 0.02104833
v 0.01000358 -0.00012538 0.02104833
v 0.00994272 -0.00002624 0.02104833
v 0.00985933 0.00005714 0.02104833
v 0.00976020 0.00011800 0.02104833
v 0.00965420 0.00015338 0.02104833
v 0.00562407 0.00382384 0.02104833
v 0.00575177 0.00385487 0.02104833
v 0.00587736 0.00390887 0.02104833
v 0.00599471 0.00398566 0.02104833
v 0.00609782 0.00408286 0.02104833
v 0.00618179 0.00419611 0.02104833
v 0.00624351 0.00431964 0.02104833
v 0.00628209 0.00444728 0.02104833
v 0.00629968 0.00461411 0.02104833
v 0.00628209 0.00478095 0.02104833
v 0.00622551 0.00495052 0.02104833
v 0.00612813 0.00510913 0.02104833
v 0.00599471 0.00524257 0.02104833
v 0.00583610 0.00533993 0.02104833
v 0.00566651 0.00539653 0.02104833
v 0.00767432 -0.00112590 0.02104833
v 0.00780202 -0.00109488 0.02104833
v 0.00792761 -0.00104088 0.02104833
v 0.00804496 -0.00096409 0.02104833
v 0.00814808 -0.00086689 0.02104833
v 0.00823204 -0.00075364 0.02104833
v 0.00829376 -0.00063011 0.02104833
v 0.00833235 -0.00050247 0.02104833
v 0.00834993 -0.00033564 0.02104833
v 0.00833235 -0.00016880 0.02104833
v 0.00827576 0.00000077 0.02104833
v 0.00817838 0.00015938 0.02104833
v 0.00804496 0.00029282 0.02104833
v 0.00788635 0.00039018 0.02104833
v 0.00771676 0.00044678 0.02104833
v 0.00067432 -0.00812590 0.02104833
v 0.00080202 -0.00809488 0.02104833
v 0.00092761 -0.00804088 0.02104833
v 0.00104496 -0.00796409 0.02104833
v 0.00114807 -0.00786689 0.02104833
v 0.00123204 -0.00775364 0.02104833
v 0.00129377 -0.00763011 0.02104833
v 0.00133235 -0.00750247 0.02104833
v 0.00134993 -0.00733564 0.02104833
v 0.00133235 -0.00716880 0.02104833
v 0.00127576 -0.00699923 0.02104833
v 0.00117839 -0.00684062 0.02104833
v 0.00104496 -0.00670718 0.02104833
v 0.00088635 -0.00660981 0.02104833
v 0.00071676 -0.00655322 0.02104833
v 0.00562407 -0.00607565 0.02104833
v 0.00575176 -0.00604463 0.02104833
v 0.00587736 -0.00599063 0.02104833
v 0.00599471 -0.00591384 0.02104833
v 0.00609782 -0.00581664 0.02104833
v 0.00618179 -0.00570339 0.02104833
v 0.00624351 -0.00557986 0.02104833
v 0.00628209 -0.00545222 0.02104833
v 0.00629968 -0.00528538 0.02104833
v 0.00628209 -0.00511855 0.02104833
v 0.00622551 -0.00494896 0.02104833
v 0.00612813 -0.00479035 0.02104833
v 0.00599471 -0.00465693 0.02104833
v 0.00583610 -0.00455956 0.02104833
v 0.00566651 -0.00450297 0.02104833
v -0.00427543 -0.00607565 0.02104833
v -0.00414773 -0.00604463 0.02104833
v -0.00402214 -0.00599063 0.02104833
v -0.00390479 -0.00591384 0.02104833
v -0.00380167 -0.00581664 0.02104833
v -0.00371771 -0.00570339 0.02104833
v -0.00365598 -0.00557986 0.02104833
v -0.00361740 -0.00545222 0.02104833
v -0.00359981 -0.00528538 0.02104833
v -0.00361740 -0.00511855 0.02104833
v -0.00367399 -0.00494896 0.02104833
v -0.00377136 -0.00479035 0.02104833
v -0.00390479 -0.00465693 0.02104833
v -0.00406340 -0.00455956 0.02104833
v -0.00423299 -0.00450297 0.02104833
v -0.00632568 -0.00112590 0.02104833
v -0.00619798 -0.00109488 0.02104833
v -0.00607239 -0.00104088 0.02104833
v -0.00595504 -0.00096409 0.02104833
v -0.00585193 -0.00086689 0.02104833
v -0.00576796 -0.00075364 0.02104833
v -0.00570623 -0.00063011 0.02104833
v -0.00566765 -0.00050247 0.02104833
v -0.00565007 -0.00033564 0.02104833
v -0.00566765 -0.00016880 0.02104833
v -0.00572424 0.00000079 0.02104833
v -0.00582161 0.00015940 0.02104833
v -0.00595504 0.00029282 0.02104833
v -0.00611365 0.00039018 0.02104833
v -0.00628324 0.00044678 0.02104833
v -0.00427543 0.00382384 0.02104833
v -0.00414773 0.00385487 0.02104833
v -0.00402214 0.00390887 0.02104833
v -0.00390479 0.00398566 0.02104833
v -0.00380167 0.00408286 0.02104833
v -0.00371771 0.00419611 0.02104833
v -0.00365598 0.00431964 0.02104833
v -0.00361740 0.00444728 0.02104833
v -0.00359981 0.00461411 0.02104833
v -0.00361740 0.00478095 0.02104833
v -0.00367399 0.00495052 0.02104833
v -0.00377136 0.00510913 0.02104833
v -0.00390479 0.00524257 0.02104833
v -0.00406340 0.00533993 0.02104833
v -0.00423298 0.00539653 0.02104833
f 1 2 3
f 4 2 1
f 5 4 1
f 6 5 1
f 7 5 6
f 8 7 6
f 9 7 8
f 10 9 8
f 11 9 10
f 12 11 10
f 13 11 12
f 14 13 12
f 15 13 14
f 16 15 14
f 17 15 16
f 18 17 16
f 19 17 18
f 20 17 19
f 21 20 19
f 22 20 21
f 23 20 22
f 24 23 22
f 25 23 24
f 26 25 24
f 27 25 26
f 28 27 26
f 29 27 28
f 30 29 28
f 31 29 30
f 32 31 30
f 33 31 32
f 34 33 32
f 35 33 34
f 36 33 35
f 37 36 35
f 17 38 15
f 20 38 17
f 20 39 38
f 40 39 20
f 23 40 20
f 41 40 23
f 25 41 23
f 42 41 25
f 27 42 25
f 43 42 27
f 29 43 27
f 44 43 29
f 31 44 29
f 45 44 31
f 33 45 31
f 36 45 33
f 14 18 16
f 46 18 14
f 12 46 14
f 47 46 12
f 10 47 12
f 48 47 10
f 8 48 10
f 49 48 8
f 6 49 8
f 3 49 6
f 1 3 6
f 50 51 52
f 53 51 50
f 54 53 50
f 55 53 54
f 56 55 54
f 57 55 56
f 58 57 56
f 59 57 58
f 60 59 58
f 61 59 60
f 62 61 60
f 63 61 62
f 64 63 62
f 65 63 64
f 66 65 64
f 67 65 66
f 68 65 67
f 69 68 67
f 70 68 69
f 71 70 69
f 72 70 71
f 73 72 71
f 53 74 51
f 75 74 53
f 55 75 53
f 76 75 55
f 57 76 55
f 77 76 57
f 59 77 57
f 78 77 59
f 61 78 59
f 79 78 61
f 63 79 61
f 80 79 63
f 65 80 63
f 81 80 65
f 82 81 65
f 68 82 65
f 72 82 68
f 70 72 68
f 83 73 71
f 84 73 83
f 85 84 83
f 86 84 85
f 87 86 85
f 88 86 87
f 89 88 87
f 90 88 89
f 91 90 89
f 92 90 91
f 93 92 91
f 91 94 93
f 89 94 91
f 89 95 94
f 87 95 89
f 87 96 95
f 85 96 87
f 85 97 96
f 83 97 85
f 83 98 97
f 71 98 83
f 71 69 98
f 99 100 101
f 102 100 99
f 103 102 99
f 104 102 103
f 105 104 103
f 106 104 105
f 107 106 105
f 108 106 107
f 109 108 107
f 110 108 109
f 111 110 109
f 112 110 111
f 113 112 111
f 114 112 113
f 115 114 113
f 116 114 115
f 117 114 116
f 118 117 116
f 119 117 118
f 120 119 118
f 121 119 120
f 122 121 120
f 102 123 100
f 124 123 102
f 104 124 102
f 125 124 104
f 106 125 104
f 126 125 106
f 108 126 106
f 127 126 108
f 110 127 108
f 128 127 110
f 112 128 110
f 129 128 112
f 114 129 112
f 130 129 114
f 131 130 114
f 117 131 114
f 121 131 117
f 119 121 117
f 132 122 120
f 133 122 132
f 134 133 132
f 135 133 134
f 136 135 134
f 137 135 136
f 138 137 136
f 139 137 138
f 140 139 138
f 141 139 140
f 142 141 140
f 140 143 142
f 138 143 140
f 138 144 143
f 136 144 138
f 136 145 144
f 134 145 136
f 134 146 145
f 132 146 134
f 132 147 146
f 120 147 132
f 120 118 147
f 148 149 150
f 151 149 148
f 152 151 148
f 153 151 152
f 154 153 152
f 155 153 154
f 156 155 154
f 157 155 156
f 158 157 156
f 159 157 158
f 160 159 158
f 161 159 160
f 162 161 160
f 163 161 162
f 164 163 162
f 165 163 164
f 166 163 165
f 167 166 165
f 168 166 167
f 169 168 167
f 170 168 169
f 171 170 169
f 151 172 149
f 173 172 151
f 153 173 151
f 174 173 153
f 155 174 153
f 175 174 155
f 157 175 155
f 176 175 157
f 159 176 157
f 177 176 159
f 161 177 159
f 178 177 161
f 163 178 161
f 179 178 163
f 180 179 163
f 166 180 163
f 170 180 166
f 168 170 166
f 181 171 169
f 182 171 181
f 183 182 181
f 184 182 183
f 185 184 183
f 186 184 185
f 187 186 185
f 188 186 187
f 189 188 187
f 190 188 189
f 191 190 189
f 189 192 191
f 187 192 189
f 187 193 192
f 185 193 187
f 185 194 193
f 183 194 185
f 183 195 194
f 181 195 183
f 181 196 195
f 169 196 181
f 169 167 196
f 197 198 199
f 200 198 197
f 201 200 197
f 202 200 201
f 203 202 201
f 204 202 203
f 205 204 203
f 206 204 205
f 207 206 205
f 208 206 207
f 209 208 207
f 210 208 209
f 211 210 209
f 212 210 211
f 213 212 211
f 214 212 213
f 215 212 214
f 216 215 214
f 217 215 216
f 218 217 216
f 219 217 218
f 220 219 218
f 200 221 198
f 222 221 200
f 202 222 200
f 223 222 202
f 204 223 202
f 224 223 204
f 206 224 204
f 225 224 206
f 208 225 206
f 226 225 208
f 210 226 208
f 227 226 210
f 212 227 210
f 228 227 212
f 229 228 212
f 215 229 212
f 219 229 215
f 217 219 215
f 230 220 218
f 231 220 230
f 232 231 230
f 233 231 232
f 234 233 232
f 235 233 234
f 236 235 234
f 237 235 236
f 238 237 236
f 239 237 238
f 240 239 238
f 238 241 240
f 236 241 238
f 236 242 241
f 234 242 236
f 234 243 242
f 232 243 234
f 232 244 243
f 230 244 232
f 230 245 244
f 218 245 230
f 218 216 245
f 246 247 248
f 249 247 246
f 250 249 246
f 251 249 250
f 252 251 250
f 253 251 252
f 254 253 252
f 255 253 254
f 256 255 254
f 257 255 256
f 258 257 256
f 259 257 258
f 260 259 258
f 261 259 260
f 262 261 260
f 263 261 262
f 264 261 263
f 265 264 263
f 266 264 265
f 267 266 265
f 268 266 267
f 269 268 267
f 249 270 247
f 271 270 249
f 251 271 249
f 272 271 251
f 253 272 251
f 273 272 253
f 255 273 253
f 274 273 255
f 257 274 255
f 275 274 257
f 259 275 257
f 276 275 259
f 261 276 259
f 277 276 261
f 278 277 261
f 264 278 261
f 268 278 264
f 266 268 264
f 279 269 267
f 280 269 279
f 281 280 279
f 282 280 281
f 283 282 281
f 284 282 283
f 285 284 283
f 286 284 285
f 287 286 285
f 288 286 287
f 289 288 287
f 287 290 289
f 285 290 287
f 285 291 290
f 283 291 285
f 283 292 291
f 281 292 283
f 281 293 292
f 279 293 281
f 279 294 293
f 267 294 279
f 267 265 294
f 295 296 297
f 298 296 295
f 299 298 295
f 300 298 299
f 301 300 299
f 302 300 301
f 303 302 301
f 304 302 303
f 305 304 303
f 306 304 305
f 307 306 305
f 308 306 307
f 309 308 307
f 310 308 309
f 311 310 309
f 312 310 311
f 313 310 312
f 314 313 312
f 315 313 314
f 316 315 314
f 317 315 316
f 318 317 316
f 298 319 296
f 320 319 298
f 300 320 298
f 321 320 300
f 302 321 300
f 322 321 302
f 304 322 302
f 323 322 304
f 306 323 304
f 324 323 306
f 308 324 306
f 325 324 308
f 310 325 308
f 326 325 310
f 327 326 310
f 313 327 310
f 317 327 313
f 315 317 313
f 328 318 316
f 329 318 328
f 330 329 328
f 331 329 330
f 332 331 330
f 333 331 332
f 334 333 332
f 335 333 334
f 336 335 334
f 337 335 336
f 338 337 336
f 336 339 338
f 334 339 336
f 334 340 339
f 332 340 334
f 332 341 340
f 330 341 332
f 330 342 341
f 328 342 330
f 328 343 342
f 316 343 328
f 316 314 343
f 344 345 346
f 347 345 344
f 348 347 344
f 349 347 348
f 350 349 348
f 351 349 350
f 352 351 350
f 353 351 352
f 354 353 352
f 355 353 354
f 356 355 354
f 357 355 356
f 358 357 356
f 359 357 358
f 360 359 358
f 361 359 360
f 362 359 361
f 363 362 361
f 364 362 363
f 365 364 363
f 366 364 365
f 367 366 365
f 347 368 345
f 369 368 347
f 349 369 347
f 370 369 349
f 351 370 349
f 371 370 351
f 353 371 351
f 372 371 353
f 355 372 353
f 373 372 355
f 357 373 355
f 374 373 357
f 359 374 357
f 375 374 359
f 376 375 359
f 362 376 359
f 366 376 362
f 364 366 362
f 377 367 365
f 378 367 377
f 379 378 377
f 380 378 379
f 381 380 379
f 382 380 381
f 383 382 381
f 384 382 383
f 385 384 383
f 386 384 385
f 387 386 385
f 385 388 387
f 383 388 385
f 383 389 388
f 381 389 383
f 381 390 389
f 379 390 381
f 379 391 390
f 377 391 379
f 377 392 391
f 365 392 377
f 365 363 392
f 393 394 395
f 396 394 393
f 397 396 393
f 398 396 397
f 399 398 397
f 400 398 399
f 401 400 399
f 402 400 401
f 403 402 401
f 404 402 403
f 405 404 403
f 406 404 405
f 407 406 405
f 408 406 407
f 409 408 407
f 410 408 409
f 411 408 410
f 412 411 410
f 413 411 412
f 414 413 412
f 415 413 414
f 416 415 414
f 396 417 394
f 418 417 396
f 398 418 396
f 419 418 398
f 400 419 398
f 420 419 400
f 402 420 400
f 421 420 402
f 404 421 402
f 422 421 404
f 406 422 404
f 423 422 406
f 408 423 406
f 424 423 408
f 425 424 408
f 411 425 408
f 415 425 411
f 413 415 411
f 426 416 414
f 427 416 426
f 428 427 426
f 429 427 428
f 430 429 428
f 431 429 430
f 432 431 430
f 433 431 432
f 434 433 432
f 435 433 434
f 436 435 434
f 434 437 436
f 432 437 434
f 432 438 437
f 430 438 432
f 430 439 438
f 428 439 430
f 428 440 439
f 426 440 428
f 426 441 440
f 414 441 426
f 414 412 441
f 442 443 444
f 445 443 442
f 446 445 442
f 447 445 446
f 448 447 446
f 449 447 448
f 450 449 448
f 451 449 450
f 452 451 450
f 453 451 452
f 454 453 452
f 455 453 454
f 456 455 454
f 457 455 456
f 458 457 456
f 459 457 458
f 460 457 459
f 461 460 459
f 462 460 461
f 463 462 461
f 464 462 463
f 465 464 463
f 445 466 443
f 467 466 445
f 447 467 445
f 468 467 447
f 449 468 447
f 469 468 449
f 451 469 449
f 470 469 451
f 453 470 451
f 471 470 453
f 455 471 453
f 472 471 455
f 457 472 455
f 473 472 457
f 474 473 457
f 460 474 457
f 464 474 460
f 462 464 460
f 475 465 463
f 476 465 475
f 477 476 475
f 478 476 477
f 479 478 477
f 480 478 479
f 481 480 479
f 482 480 481
f 483 482 481
f 484 482 483
f 485 484 483
f 483 486 485
f 481 486 483
f 481 487 486
f 479 487 481
f 479 488 487
f 477 488 479
f 477 489 488
f 475 489 477
f 475 490 489
f 463 490 475
f 463 461 490
f 491 492 493
f 494 492 491
f 495 494 491
f 496 494 495
f 497 496 495
f 498 496 497
f 499 498 497
f 500 498 499
f 501 500 499
f 502 500 501
f 503 502 501
f 504 502 503
f 505 504 503
f 506 504 505
f 507 506 505
f 508 506 507
f 509 506 508
f 510 509 508
f 511 509 510
f 512 511 510
f 513 511 512
f 514 513 512
f 494 515 492
f 516 515 494
f 496 516 494
f 517 516 496
f 498 517 496
f 518 517 498
f 500 518 498
f 519 518 500
f 502 519 500
f 520 519 502
f 504 520 502
f 521 520 504
f 506 521 504
f 522 521 506
f 523 522 506
f 509 523 506
f 513 523 509
f 511 513 509
f 524 514 512
f 525 514 524
f 526 525 524
f 527 525 526
f 528 527 526
f 529 527 528
f 530 529 528
f 531 529 530
f 532 531 530
f 533 531 532
f 534 533 532
f 532 535 534
f 530 535 532
f 530 536 535
f 528 536 530
f 528 537 536
f 526 537 528
f 526 538 537
f 524 538 526
f 524 539 538
f 512 539 524
f 512 510 539
f 540 541 542
f 543 541 540
f 544 543 540
f 545 543 544
f 546 545 544
f 547 545 546
f 548 547 546
f 549 547 548
f 550 549 548
f 551 549 550
f 552 551 550
f 553 551 552
f 554 553 552
f 555 553 554
f 556 555 554
f 557 555 556
f 558 555 557
f 559 558 557
f 560 558 559
f 561 560 559
f 562 560 561
f 563 562 561
f 543 564 541
f 565 564 543
f 545 565 543
f 566 565 545
f 547 566 545
f 567 566 547
f 549 567 547
f 568 567 549
f 551 568 549
f 569 568 551
f 553 569 551
f 570 569 553
f 555 570 553
f 571 570 555
f 572 571 555
f 558 572 555
f 562 572 558
f 560 562 558
f 573 563 561
f 574 563 573
f 575 574 573
f 576 574 575
f 577 576 575
f 578 576 577
f 579 578 577
f 580 578 579
f 581 580 579
f 582 580 581
f 583 582 581
f 581 584 583
f 579 584 581
f 579 585 584
f 577 585 579
f 577 586 585
f 575 586 577
f 575 587 586
f 573 587 575
f 573 588 587
f 561 588 573
f 561 559 588
f 589 590 591
f 592 590 589
f 593 592 589
f 594 592 593
f 595 594 593
f 596 594 595
f 597 596 595
f 598 596 597
f 599 598 597
f 600 598 599
f 601 600 599
f 602 600 601
f 603 602 601
f 604 602 603
f 605 604 603
f 606 604 605
f 607 604 606
f 608 607 606
f 609 607 608
f 610 609 608
f 611 609 610
f 612 611 610
f 592 613 590
f 614 613 592
f 594 614 592
f 615 614 594
f 596 615 594
f 616 615 596
f 598 616 596
f 617 616 598
f 600 617 598
f 618 617 600
f 602 618 600
f 619 618 602
f 604 619 602
f 620 619 604
f 621 620 604
f 607 621 604
f 611 621 607
f 609 611 607
f 622 612 610
f 623 612 622
f 624 623 622
f 625 623 624
f 626 625 624
f 627 625 626
f 628 627 626
f 629 627 628
f 630 629 628
f 631 629 630
f 632 631 630
f 630 633 632
f 628 633 630
f 628 634 633
f 626 634 628
f 626 635 634
f 624 635 626
f 624 636 635
f 622 636 624
f 622 637 636
f 610 637 622
f 610 608 637
f 638 639 640
f 641 639 638
f 642 641 638
f 643 641 642
f 644 643 642
f 645 643 644
f 646 645 644
f 647 645 646
f 648 647 646
f 649 647 648
f 650 649 648
f 651 649 650
f 652 651 650
f 653 651 652
f 654 653 652
f 655 653 654
f 656 653 655
f 657 656 655
f 658 656 657
f 659 658 657
f 660 658 659
f 661 660 659
f 641 662 639
f 663 662 641
f 643 663 641
f 664 663 643
f 645 664 643
f 665 664 645
f 647 665 645
f 666 665 647
f 649 666 647
f 667 666 649
f 651 667 649
f 668 667 651
f 653 668 651
f 669 668 653
f 670 669 653
f 656 670 653
f 660 670 656
f 658 660 656
f 671 661 659
f 672 661 671
f 673 672 671
f 674 672 673
f 675 674 673
f 676 674 675
f 677 676 675
f 678 676 677
f 679 678 677
f 680 678 679
f 681 680 679
f 679 682 681
f 677 682 679
f 677 683 682
f 675 683 677
f 675 684 683
f 673 684 675
f 673 685 684
f 671 685 673
f 671 686 685
f 659 686 671
f 659 657 686
f 687 688 689
f 690 688 687
f 691 690 687
f 692 690 691
f 693 692 691
f 694 692 693
f 695 694 693
f 696 694 695
f 697 696 695
f 698 696 697
f 699 698 697
f 700 698 699
f 701 700 699
f 702 700 701
f 703 702 701
f 704 702 703
f 705 702 704
f 706 705 704
f 707 705 706
f 708 707 706
f 709 707 708
f 710 709 708
f 690 711 688
f 712 711 690
f 692 712 690
f 713 712 692
f 694 713 692
f 714 713 694
f 696 714 694
f 715 714 696
f 698 715 696
f 716 715 698
f 700 716 698
f 717 716 700
f 702 717 700
f 718 717 702
f 719 718 702
f 705 719 702
f 709 719 705
f 707 709 705
f 720 710 708
f 721 710 720
f 722 721 720
f 723 721 722
f 724 723 722
f 725 723 724
f 726 725 724
f 727 725 726
f 728 727 726
f 729 727 728
f 730 729 728
f 728 731 730
f 726 731 728
f 726 732 731
f 724 732 726
f 724 733 732
f 722 733 724
f 722 734 733
f 720 734 722
f 720 735 734
f 708 735 720
f 708 706 735
f 736 737 738
f 739 737 736
f 740 739 736
f 741 739 740
f 742 741 740
f 743 741 742
f 744 743 742
f 745 743 744
f 746 745 744
f 747 745 746
f 748 747 746
f 749 747 748
f 750 749 748
f 751 749 750
f 752 751 750
f 753 751 752
f 754 751 753
f 755 754 753
f 756 754 755
f 757 756 755
f 758 756 757
f 759 758 757
f 739 760 737
f 761 760 739
f 741 761 739
f 762 761 741
f 743 762 741
f 763 762 743
f 745 763 743
f 764 763 745
f 747 764 745
f 765 764 747
f 749 765 747
f 766 765 749
f 751 766 749
f 767 766 751
f 768 767 751
f 754 768 751
f 758 768 754
f 756 758 754
f 769 759 757
f 770 759 769
f 771 770 769
f 772 770 771
f 773 772 771
f 774 772 773
f 775 774 773
f 776 774 775
f 777 776 775
f 778 776 777
f 779 778 777
f 777 780 779
f 775 780 777
f 775 781 780
f 773 781 775
f 773 782 781
f 771 782 773
f 771 783 782
f 769 783 771
f 769 784 783
f 757 784 769
f 757 755 784
f 785 786 787
f 788 786 785
f 789 788 785
f 790 788 789
f 791 790 789
f 792 790 791
f 793 792 791
f 794 792 793
f 795 794 793
f 796 794 795
f 797 796 795
f 798 796 797
f 799 798 797
f 800 798 799
f 801 800 799
f 802 800 801
f 803 800 802
f 804 803 802
f 805 803 804
f 806 805 804
f 807 805 806
f 808 807 806
f 788 809 786
f 810 809 788
f 790 810 788
f 811 810 790
f 792 811 790
f 812 811 792
f 794 812 792
f 813 812 794
f 796 813 794
f 814 813 796
f 798 814 796
f 815 814 798
f 800 815 798
f 816 815 800
f 817 816 800
f 803 817 800
f 807 817 803
f 805 807 803
f 818 808 806
f 819 808 818
f 820 819 818
f 821 819 820
f 822 821 820
f 823 821 822
f 824 823 822
f 825 823 824
f 826 825 824
f 827 825 826
f 828 827 826
f 826 829 828
f 824 829 826
f 824 830 829
f 822 830 824
f 822 831 830
f 820 831 822
f 820 832 831
f 818 832 820
f 818 833 832
f 806 833 818
f 806 804 833
f 834 835 836
f 837 835 834
f 838 837 834
f 839 837 838
f 840 839 838
f 841 839 840
f 842 841 840
f 843 841 842
f 844 843 842
f 845 843 844
f 846 845 844
f 847 845 846
f 848 847 846
f 849 847 848
f 850 849 848
f 851 849 850
f 852 849 851
f 853 852 851
f 854 852 853
f 855 854 853
f 856 854 855
f 857 856 855
f 837 858 835
f 859 858 837
f 839 859 837
f 860 859 839
f 841 860 839
f 861 860 841
f 843 861 841
f 862 861 843
f 845 862 843
f 863 862 845
f 847 863 845
f 864 863 847
f 849 864 847
f 865 864 849
f 866 865 849
f 852 866 849
f 856 866 852
f 854 856 852
f 867 857 855
f 868 857 867
f 869 868 867
f 870 868 869
f 871 870 869
f 872 870 871
f 873 872 871
f 874 872 873
f 875 874 873
f 876 874 875
f 877 876 875
f 875 878 877
f 873 878 875
f 873 879 878
f 871 879 873
f 871 880 879
f 869 880 871
f 869 881 880
f 867 881 869
f 867 882 881
f 855 882 867
f 855 853 882
f 883 884 885
f 886 884 883
f 887 886 883
f 888 886 887
f 889 888 887
f 890 888 889
f 891 890 889
f 892 890 891
f 893 892 891
f 894 892 893
f 895 894 893
f 896 894 895
f 897 896 895
f 898 896 897
f 899 898 897
f 900 898 899
f 901 898 900
f 902 901 900
f 903 901 902
f 904 903 902
f 905 903 904
f 906 905 904
f 886 907 884
f 908 907 886
f 888 908 886
f 909 908 888
f 890 909 888
f 910 909 890
f 892 910 890
f 911 910 892
f 894 911 892
f 912 911 894
f 896 912 894
f 913 912 896
f 898 913 896
f 914 913 898
f 915 914 898
f 901 915 898
f 905 915 901
f 903 905 901
f 916 906 904
f 917 906 916
f 918 917 916
f 919 917 918
f 920 919 918
f 921 919 920
f 922 921 920
f 923 921 922
f 924 923 922
f 925 923 924
f 926 925 924
f 924 927 926
f 922 927 924
f 922 928 927
f 920 928 922
f 920 929 928
f 918 929 920
f 918 930 929
f 916 930 918
f 916 931 930
f 904 931 916
f 904 902 931
f 932 933 934
f 935 933 932
f 936 935 932
f 937 935 936
f 938 937 936
f 939 937 938
f 940 939 938
f 941 939 940
f 942 941 940
f 943 941 942
f 944 943 942
f 945 943 944
f 946 945 944
f 947 945 946
f 948 947 946
f 949 947 948
f 950 947 949
f 951 950 949
f 952 950 951
f 953 952 951
f 954 952 953
f 955 954 953
f 935 956 933
f 957 956 935
f 937 957 935
f 958 957 937
f 939 958 937
f 959 958 939
f 941 959 939
f 960 959 941
f 943 960 941
f 961 960 943
f 945 961 943
f 962 961 945
f 947 962 945
f 963 962 947
f 964 963 947
f 950 964 947
f 954 964 950
f 952 954 950
f 965 955 953
f 966 955 965
f 967 966 965
f 968 966 967
f 969 968 967
f 970 968 969
f 971 970 969
f 972 970 971
f 973 972 971
f 974 972 973
f 975 974 973
f 973 976 975
f 971 976 973
f 971 977 976
f 969 977 971
f 969 978 977
f 967 978 969
f 967 979 978
f 965 979 967
f 965 980 979
f 953 980 965
f 953 951 980
f 981 982 983
f 984 982 981
f 985 984 981
f 986 984 985
f 987 986 985
f 988 986 987
f 989 988 987
f 990 988 989
f 991 990 989
f 992 990 991
f 993 992 991
f 994 992 993
f 995 994 993
f 996 994 995
f 997 996 995
f 998 996 997
f 999 996 998
f 1000 999 998
f 1001 999 1000
f 1002 1001 1000
f 1003 1001 1002
f 1004 1003 1002
f 984 1005 982
f 1006 1005 984
f 986 1006 984
f 1007 1006 986
f 988 1007 986
f 1008 1007 988
f 990 1008 988
f 1009 1008 990
f 992 1009 990
f 1010 1009 992
f 994 1010 992
f 1011 1010 994
f 996 1011 994
f 1012 1011 996
f 1013 1012 996
f 999 1013 996
f 1003 1013 999
f 1001 1003 999
f 1014 1004 1002
f 1015 1004 1014
f 1016 1015 1014
f 1017 1015 1016
f 1018 1017 1016
f 1019 1017 1018
f 1020 1019 1018
f 1021 1019 1020
f 1022 1021 1020
f 1023 1021 1022
f 1024 1023 1022
f 1022 1025 1024
f 1020 1025 1022
f 1020 1026 1025
f 1018 1026 1020
f 1018 1027 1026
f 1016 1027 1018
f 1016 1028 1027
f 1014 1028 1016
f 1014 1029 1028
f 1002 1029 1014
f 1002 1000 1029
f 1030 1031 1032
f 1033 1031 1030
f 1034 1033 1030
f 1035 1033 1034
f 1036 1035 1034
f 1037 1035 1036
f 1038 1037 1036
f 1039 1037 1038
f 1040 1039 1038
f 1041 1039 1040
f 1042 1041 1040
f 1043 1041 1042
f 1044 1043 1042
f 1045 1043 1044
f 1046 1045 1044
f 1047 1045 1046
f 1048 1045 1047
f 1049 1048 1047
f 1050 1048 1049
f 1051 1050 1049
f 1052 1050 1051
f 1053 1052 1051
f 1033 1054 1031
f 1055 1054 1033
f 1035 1055 1033
f 1056 1055 1035
f 1037 1056 1035
f 1057 1056 1037
f 1039 1057 1037
f 1058 1057 1039
f 1041 1058 1039
f 1059 1058 1041
f 1043 1059 1041
f 1060 1059 1043
f 1045 1060 1043
f 1061 1060 1045
f 1062 1061 1045
f 1048 1062 1045
f 1052 1062 1048
f 1050 1052 1048
f 1063 1053 1051
f 1064 1053 1063
f 1065 1064 1063
f 1066 1064 1065
f 1067 1066 1065
f 1068 1066 1067
f 1069 1068 1067
f 1070 1068 1069
f 1071 1070 1069
f 1072 1070 1071
f 1073 1072 1071
f 1071 1074 1073
f 1069 1074 1071
f 1069 1075 1074
f 1067 1075 1069
f 1067 1076 1075
f 1065 1076 1067
f 1065 1077 1076
f 1063 1077 1065
f 1063 1078 1077
f 1051 1078 1063
f 1051 1049 1078
f 1079 1080 1081
f 1082 1080 1079
f 1083 1082 1079
f 1084 1082 1083
f 1085 1084 1083
f 1086 1084 1085
f 1087 1086 1085
f 1088 1086 1087
f 1089 1088 1087
f 1090 1088 1089
f 1091 1090 1089
f 1092 1090 1091
f 1093 1092 1091
f 1094 1092 1093
f 1095 1094 1093
f 1096 1094 1095
f 1097 1094 1096
f 1098 1097 1096
f 1099 1097 1098
f 1100 1099 1098
f 1101 1099 1100
f 1102 1101 1100
f 1082 1103 1080
f 1104 1103 1082
f 1084 1104 1082
f 1105 1104 1084
f 1086 1105 1084
f 1106 1105 1086
f 1088 1106 1086
f 1107 1106 1088
f 1090 1107 1088
f 1108 1107 1090
f 1092 1108 1090
f 1109 1108 1092
f 1094 1109 1092
f 1110 1109 1094
f 1111 1110 1094
f 1097 1111 1094
f 1101 1111 1097
f 1099 1101 1097
f 1112 1102 1100
f 1113 1102 1112
f 1114 1113 1112
f 1115 1113 1114
f 1116 1115 1114
f 1117 1115 1116
f 1118 1117 1116
f 1119 1117 1118
f 1120 1119 1118
f 1121 1119 1120
f 1122 1121 1120
f 1120 1123 1122
f 1118 1123 1120
f 1118 1124 1123
f 1116 1124 1118
f 1116 1125 1124
f 1114 1125 1116
f 1114 1126 1125
f 1112 1126 1114
f 1112 1127 1126
f 1100 1127 1112
f 1100 1098 1127
f 1128 1129 1130
f 1131 1129 1128
f 1132 1131 1128
f 1133 1131 1132
f 1134 1133 1132
f 1135 1133 1134
f 1136 1135 1134
f 1137 1135 1136
f 1138 1137 1136
f 1139 1137 1138
f 1140 1139 1138
f 1141 1139 1140
f 1142 1141 1140
f 1143 1141 1142
f 1144 1143 1142
f 1145 1143 1144
f 1146 1143 1145
f 1147 1146 1145
f 1148 1146 1147
f 1149 1148 1147
f 1150 1148 1149
f 1151 1150 1149
f 1131 1152 1129
f 1153 1152 1131
f 1133 1153 1131
f 1154 1153 1133
f 1135 1154 1133
f 1155 1154 1135
f 1137 1155 1135
f 1156 1155 1137
f 1139 1156 1137
f 1157 1156 1139
f 1141 1157 1139
f 1158 1157 1141
f 1143 1158 1141
f 1159 1158 1143
f 1160 1159 1143
f 1146 1160 1143
f 1150 1160 1146
f 1148 1150 1146
f 1161 1151 1149
f 1162 1151 1161
f 1163 1162 1161
f 1164 1162 1163
f 1165 1164 1163
f 1166 1164 1165
f 1167 1166 1165
f 1168 1166 1167
f 1169 1168 1167
f 1170 1168 1169
f 1171 1170 1169
f 1169 1172 1171
f 1167 1172 1169
f 1167 1173 1172
f 1165 1173 1167
f 1165 1174 1173
f 1163 1174 1165
f 1163 1175 1174
f 1161 1175 1163
f 1161 1176 1175
f 1149 1176 1161
f 1149 1147 1176
f 1177 1178 1179
f 1180 1178 1177
f 1181 1180 1177
f 1182 1180 1181
f 1183 1182 1181
f 1184 1182 1183
f 1185 1184 1183
f 1186 1184 1185
f 1187 1186 1185
f 1188 1186 1187
f 1189 1188 1187
f 1190 1188 1189
f 1191 1190 1189
f 1192 1190 1191
f 1193 1192 1191
f 1194 1192 1193
f 1195 1192 1194
f 1196 1195 1194
f 1197 1195 1196
f 1198 1197 1196
f 1199 1197 1198
f 1200 1199 1198
f 1180 1201 1178
f 1202 1201 1180
f 1182 1202 1180
f 1203 1202 1182
f 1184 1203 1182
f 1204 1203 1184
f 1186 1204 1184
f 1205 1204 1186
f 1188 1205 1186
f 1206 1205 1188
f 1190 1206 1188
f 1207 1206 1190
f 1192 1207 1190
f 1208 1207 1192
f 1209 1208 1192
f 1195 1209 1192
f 1199 1209 1195
f 1197 1199 1195
f 1210 1200 1198
f 1211 1200 1210
f 1212 1211 1210
f 1213 1211 1212
f 1214 1213 1212
f 1215 1213 1214
f 1216 1215 1214
f 1217 1215 1216
f 1218 1217 1216
f 1219 1217 1218
f 1220 1219 1218
f 1218 1221 1220
f 1216 1221 1218
f 1216 1222 1221
f 1214 1222 1216
f 1214 1223 1222
f 1212 1223 1214
f 1212 1224 1223
f 1210 1224 1212
f 1210 1225 1224
f 1198 1225 1210
f 1198 1196 1225
f 1226 1227 1228
f 1229 1227 1226
f 1230 1229 1226
f 1231 1229 1230
f 1232 1231 1230
f 1233 1231 1232
f 1234 1233 1232
f 1235 1233 1234
f 1236 1235 1234
f 1237 1235 1236
f 1238 1237 1236
f 1239 1237 1238
f 1240 1239 1238
f 1241 1239 1240
f 1242 1241 1240
f 1243 1241 1242
f 1244 1241 1243
f 1245 1244 1243
f 1246 1244 1245
f 1247 1246 1245
f 1248 1246 1247
f 1249 1248 1247
f 1229 1250 1227
f 1251 1250 1229
f 1231 1251 1229
f 1252 1251 1231
f 1233 1252 1231
f 1253 1252 1233
f 1235 1253 1233
f 1254 1253 1235
f 1237 1254 1235
f 1255 1254 1237
f 1239 1255 1237
f 1256 1255 1239
f 1241 1256 1239
f 1257 1256 1241
f 1258 1257 1241
f 1244 1258 1241
f 1248 1258 1244
f 1246 1248 1244
f 1259 1249 1247
f 1260 1249 1259
f 1261 1260 1259
f 1262 1260 1261
f 1263 1262 1261
f 1264 1262 1263
f 1265 1264 1263
f 1266 1264 1265
f 1267 1266 1265
f 1268 1266 1267
f 1269 1268 1267
f 1267 1270 1269
f 1265 1270 1267
f 1265 1271 1270
f 1263 1271 1265
f 1263 1272 1271
f 1261 1272 1263
f 1261 1273 1272
f 1259 1273 1261
f 1259 1274 1273
f 1247 1274 1259
f 1247 1245 1274
f 1275 1276 1277
f 1278 1276 1275
f 1279 1278 1275
f 1280 1278 1279
f 1281 1280 1279
f 1282 1280 1281
f 1283 1282 1281
f 1284 1282 1283
f 1285 1284 1283
f 1286 1284 1285
f 1287 1286 1285
f 1288 1286 1287
f 1289 1288 1287
f 1290 1288 1289
f 1291 1290 1289
f 1292 1290 1291
f 1293 1290 1292
f 1294 1293 1292
f 1295 1293 1294
f 1296 1295 1294
f 1297 1295 1296
f 1298 1297 1296
f 1278 1299 1276
f 1300 1299 1278
f 1280 1300 1278
f 1301 1300 1280
f 1282 1301 1280
f 1302 1301 1282
f 1284 1302 1282
f 1303 1302 1284
f 1286 1303 1284
f 1304 1303 1286
f 1288 1304 1286
f 1305 1304 1288
f 1290 1305 1288
f 1306 1305 1290
f 1307 1306 1290
f 1293 1307 1290
f 1297 1307 1293
f 1295 1297 1293
f 1308 1298 1296
f 1309 1298 1308
f 1310 1309 1308
f 1311 1309 1310
f 1312 1311 1310
f 1313 1311 1312
f 1314 1313 1312
f 1315 1313 1314
f 1316 1315 1314
f 1317 1315 1316
f 1318 1317 1316
f 1316 1319 1318
f 1314 1319 1316
f 1314 1320 1319
f 1312 1320 1314
f 1312 1321 1320
f 1310 1321 1312
f 1310 1322 1321
f 1308 1322 1310
f 1308 1323 1322
f 1296 1323 1308
f 1296 1294 1323
f 1324 1276 1325
f 1277 1276 1324
f 1326 1277 1324
f 1327 1326 1324
f 1328 1326 1327
f 1329 1328 1327
f 1330 1328 1329
f 1331 1330 1329
f 1332 1330 1331
f 1333 1332 1331
f 1334 1332 1333
f 1335 1334 1333
f 1336 1334 1335
f 1337 1336 1335
f 1338 1336 1337
f 1339 1338 1337
f 1340 1338 1339
f 1341 1338 1340
f 1342 1341 1340
f 1343 1341 1342
f 1344 1341 1343
f 1345 1344 1343
f 1346 1344 1345
f 1347 1346 1345
f 1348 1346 1347
f 1349 1348 1347
f 1350 1348 1349
f 1351 1350 1349
f 1352 1350 1351
f 1353 1352 1351
f 1354 1352 1353
f 1355 1354 1353
f 1317 1354 1355
f 1356 1354 1317
f 1318 1356 1317
f 1338 1357 1336
f 1341 1357 1338
f 1341 1358 1357
f 1359 1358 1341
f 1344 1359 1341
f 1360 1359 1344
f 1346 1360 1344
f 1361 1360 1346
f 1348 1361 1346
f 1362 1361 1348
f 1350 1362 1348
f 1363 1362 1350
f 1352 1363 1350
f 1364 1363 1352
f 1354 1364 1352
f 1356 1364 1354
f 1335 1339 1337
f 1365 1339 1335
f 1333 1365 1335
f 1366 1365 1333
f 1331 1366 1333
f 1367 1366 1331
f 1329 1367 1331
f 1368 1367 1329
f 1327 1368 1329
f 1325 1368 1327
f 1324 1325 1327
f 1369 1227 1370
f 1228 1227 1369
f 1371 1228 1369
f 1372 1371 1369
f 1373 1371 1372
f 1374 1373 1372
f 1375 1373 1374
f 1376 1375 1374
f 1377 1375 1376
f 1378 1377 1376
f 1379 1377 1378
f 1380 1379 1378
f 1381 1379 1380
f 1382 1381 1380
f 1383 1381 1382
f 1384 1383 1382
f 1385 1383 1384
f 1386 1383 1385
f 1387 1386 1385
f 1388 1386 1387
f 1389 1386 1388
f 1390 1389 1388
f 1391 1389 1390
f 1392 1391 1390
f 1393 1391 1392
f 1394 1393 1392
f 1395 1393 1394
f 1396 1395 1394
f 1397 1395 1396
f 1398 1397 1396
f 1399 1397 1398
f 1400 1399 1398
f 1268 1399 1400
f 1401 1399 1268
f 1269 1401 1268
f 1383 1402 1381
f 1386 1402 1383
f 1386 1403 1402
f 1404 1403 1386
f 1389 1404 1386
f 1405 1404 1389
f 1391 1405 1389
f 1406 1405 1391
f 1393 1406 1391
f 1407 1406 1393
f 1395 1407 1393
f 1408 1407 1395
f 1397 1408 1395
f 1409 1408 1397
f 1399 1409 1397
f 1401 1409 1399
f 1380 1384 1382
f 1410 1384 1380
f 1378 1410 1380
f 1411 1410 1378
f 1376 1411 1378
f 1412 1411 1376
f 1374 1412 1376
f 1413 1412 1374
f 1372 1413 1374
f 1370 1413 1372
f 1369 1370 1372
f 1414 1178 1415
f 1179 1178 1414
f 1416 1179 1414
f 1417 1416 1414
f 1418 1416 1417
f 1419 1418 1417
f 1420 1418 1419
f 1421 1420 1419
f 1422 1420 1421
f 1423 1422 1421
f 1424 1422 1423
f 1425 1424 1423
f 1426 1424 1425
f 1427 1426 1425
f 1428 1426 1427
f 1429 1428 1427
f 1430 1428 1429
f 1431 1428 1430
f 1432 1431 1430
f 1433 1431 1432
f 1434 1431 1433
f 1435 1434 1433
f 1436 1434 1435
f 1437 1436 1435
f 1438 1436 1437
f 1439 1438 1437
f 1440 1438 1439
f 1441 1440 1439
f 1442 1440 1441
f 1443 1442 1441
f 1444 1442 1443
f 1445 1444 1443
f 1219 1444 1445
f 1446 1444 1219
f 1220 1446 1219
f 1428 1447 1426
f 1431 1447 1428
f 1431 1448 1447
f 1449 1448 1431
f 1434 1449 1431
f 1450 1449 1434
f 1436 1450 1434
f 1451 1450 1436
f 1438 1451 1436
f 1452 1451 1438
f 1440 1452 1438
f 1453 1452 1440
f 1442 1453 1440
f 1454 1453 1442
f 1444 1454 1442
f 1446 1454 1444
f 1425 1429 1427
f 1455 1429 1425
f 1423 1455 1425
f 1456 1455 1423
f 1421 1456 1423
f 1457 1456 1421
f 1419 1457 1421
f 1458 1457 1419
f 1417 1458 1419
f 1415 1458 1417
f 1414 1415 1417
f 1459 1129 1460
f 1130 1129 1459
f 1461 1130 1459
f 1462 1461 1459
f 1463 1461 1462
f 1464 1463 1462
f 1465 1463 1464
f 1466 1465 1464
f 1467 1465 1466
f 1468 1467 1466
f 1469 1467 1468
f 1470 1469 1468
f 1471 1469 1470
f 1472 1471 1470
f 1473 1471 1472
f 1474 1473 1472
f 1475 1473 1474
f 1476 1473 1475
f 1477 1476 1475
f 1478 1476 1477
f 1479 1476 1478
f 1480 1479 1478
f 1481 1479 1480
f 1482 1481 1480
f 1483 1481 1482
f 1484 1483 1482
f 1485 1483 1484
f 1486 1485 1484
f 1487 1485 1486
f 1488 1487 1486
f 1489 1487 1488
f 1490 1489 1488
f 1170 1489 1490
f 1491 1489 1170
f 1171 1491 1170
f 1473 1492 1471
f 1476 1492 1473
f 1476 1493 1492
f 1494 1493 1476
f 1479 1494 1476
f 1495 1494 1479
f 1481 1495 1479
f 1496 1495 1481
f 1483 1496 1481
f 1497 1496 1483
f 1485 1497 1483
f 1498 1497 1485
f 1487 1498 1485
f 1499 1498 1487
f 1489 1499 1487
f 1491 1499 1489
f 1470 1474 1472
f 1500 1474 1470
f 1468 1500 1470
f 1501 1500 1468
f 1466 1501 1468
f 1502 1501 1466
f 1464 1502 1466
f 1503 1502 1464
f 1462 1503 1464
f 1460 1503 1462
f 1459 1460 1462
f 1504 1505 1506
f 1507 1505 1504
f 1508 1507 1504
f 1504 1506 1508
f 1509 1505 1510
f 1506 1505 1509
f 1511 1506 1509
f 1509 1510 1511
f 1512 925 1513
f 923 925 1512
f 921 923 1512
f 1512 919 921
f 917 919 1512
f 1121 917 1512
f 1514 917 1121
f 906 917 1514
f 1515 906 1514
f 905 906 1515
f 1516 905 1515
f 915 905 1516
f 1517 915 1516
f 914 915 1517
f 1518 914 1517
f 913 914 1518
f 1519 913 1518
f 1520 913 1519
f 1521 1520 1519
f 1522 1520 1521
f 1523 1522 1521
f 1524 1522 1523
f 1525 1522 1524
f 1526 1522 1525
f 1527 1526 1525
f 1528 1526 1527
f 1529 1526 1528
f 1530 1526 1529
f 1531 1530 1529
f 1532 1530 1531
f 1080 1530 1532
f 1103 1530 1080
f 1533 1530 1103
f 1104 1533 1103
f 1534 1533 1104
f 1105 1534 1104
f 1535 1534 1105
f 1106 1535 1105
f 974 1535 1106
f 1107 974 1106
f 972 974 1107
f 1108 972 1107
f 970 972 1108
f 968 970 1108
f 1520 912 913
f 911 912 1520
f 1536 911 1520
f 910 911 1536
f 909 910 1536
f 1536 908 909
f 1537 908 1536
f 907 908 1537
f 884 907 1537
f 1537 1538 884
f 1539 1538 1537
f 1540 1539 1537
f 1541 1540 1537
f 1542 1540 1541
f 1543 1542 1541
f 1541 1544 1543
f 1545 1544 1541
f 1546 1545 1541
f 1547 1546 1541
f 1548 1546 1547
f 1549 1548 1547
f 1547 1550 1549
f 1551 1550 1547
f 1552 1551 1547
f 1512 1552 1547
f 1553 1552 1512
f 1513 1553 1512
f 1109 968 1108
f 966 968 1109
f 1110 966 1109
f 1554 966 1110
f 1111 1554 1110
f 1101 1554 1111
f 1102 1554 1101
f 1113 1554 1102
f 1115 1554 1113
f 1117 1554 1115
f 1512 1554 1117
f 1119 1512 1117
f 1121 1512 1119
f 1554 955 966
f 954 955 1554
f 964 954 1554
f 1554 963 964
f 1555 963 1554
f 962 963 1555
f 961 962 1555
f 1555 960 961
f 959 960 1555
f 1061 959 1555
f 1062 959 1061
f 958 959 1062
f 1052 958 1062
f 957 958 1052
f 956 957 1052
f 1053 956 1052
f 933 956 1053
f 1064 933 1053
f 1556 933 1064
f 1066 1556 1064
f 1557 1556 1066
f 1068 1557 1066
f 1558 1557 1068
f 1070 1558 1068
f 1559 1558 1070
f 1072 1559 1070
f 1560 1559 1072
f 1561 1559 1560
f 1562 1559 1561
f 1563 1559 1562
f 1564 1563 1562
f 1565 1563 1564
f 1566 1563 1565
f 1567 1563 1566
f 1568 1567 1566
f 1569 1567 1568
f 1570 1567 1569
f 1571 1567 1570
f 1572 1571 1570
f 1013 1571 1572
f 1573 1013 1572
f 1012 1013 1573
f 1574 1012 1573
f 1011 1012 1574
f 1575 1011 1574
f 1010 1011 1575
f 1576 1010 1575
f 1009 1010 1576
f 1577 1009 1576
f 1008 1009 1577
f 1031 1008 1577
f 1508 1008 1031
f 1054 1508 1031
f 1055 1508 1054
f 1555 1508 1055
f 1056 1555 1055
f 1057 1555 1056
f 1058 1555 1057
f 1059 1555 1058
f 1060 1555 1059
f 1061 1555 1060
f 1558 1578 1557
f 1579 1578 1558
f 1580 1579 1558
f 1581 1579 1580
f 1582 1581 1580
f 1583 1582 1580
f 1584 1582 1583
f 1585 1584 1583
f 1586 1584 1585
f 1587 1586 1585
f 1583 1587 1585
f 1588 1587 1583
f 1589 1588 1583
f 1590 1588 1589
f 1591 1590 1589
f 1533 1591 1589
f 1592 1591 1533
f 1534 1592 1533
f 1593 1023 1594
f 1021 1023 1593
f 1019 1021 1593
f 1595 1019 1593
f 1017 1019 1595
f 1015 1017 1595
f 1595 1004 1015
f 1571 1004 1595
f 1003 1004 1571
f 1013 1003 1571
f 1508 1007 1008
f 1006 1007 1508
f 1005 1006 1508
f 1508 982 1005
f 1596 982 1508
f 1597 1596 1508
f 1508 1598 1597
f 1506 1598 1508
f 1599 1598 1506
f 1600 1599 1506
f 1506 1601 1600
f 1602 1601 1506
f 1603 1602 1506
f 1511 1603 1506
f 1604 1603 1511
f 1605 1604 1511
f 1511 1606 1605
f 1607 1606 1511
f 1608 1607 1511
f 1593 1608 1511
f 1609 1608 1593
f 1594 1609 1593
f 1610 1611 1512
f 1612 1611 1610
f 1547 1612 1610
f 1610 1512 1547
f 1613 1547 1541
f 1612 1547 1613
f 1614 1612 1613
f 1613 1541 1614
f 1507 1615 1505
f 1616 1615 1507
f 1617 1616 1507
f 1505 1618 1510
f 1619 1618 1505
f 1620 1619 1505
f 1510 1621 1622
f 1623 1621 1510
f 1624 1623 1510
f 1622 1026 1625
f 1025 1026 1622
f 1024 1025 1622
f 1625 1028 1626
f 1027 1028 1625
f 1026 1027 1625
f 1626 1627 1628
f 1629 1627 1626
f 1000 1629 1626
f 1630 1629 1000
f 998 1630 1000
f 1631 1630 998
f 997 1631 998
f 1632 1631 997
f 995 1632 997
f 1633 1632 995
f 993 1633 995
f 991 1633 993
f 1634 1633 991
f 989 1634 991
f 1032 1634 989
f 1507 1032 989
f 1030 1032 1507
f 1034 1030 1507
f 1628 1635 1636
f 1637 1635 1628
f 1638 1637 1628
f 1636 1639 1640
f 1641 1639 1636
f 1642 1641 1636
f 1640 1074 1643
f 1073 1074 1640
f 1644 1073 1640
f 1643 1645 1646
f 1647 1645 1643
f 1648 1647 1643
f 1646 1649 1650
f 1651 1649 1646
f 1652 1651 1646
f 1650 1653 1654
f 1655 1653 1650
f 1656 1655 1650
f 1654 1657 1658
f 1659 1657 1654
f 1660 1659 1654
f 1658 1079 1661
f 1083 1079 1658
f 1662 1083 1658
f 1085 1083 1662
f 975 1085 1662
f 1087 1085 975
f 976 1087 975
f 1089 1087 976
f 977 1089 976
f 1091 1089 977
f 978 1091 977
f 1093 1091 978
f 979 1093 978
f 1095 1093 979
f 1663 1095 979
f 1664 1095 1663
f 1665 1664 1663
f 1661 1666 1667
f 1668 1666 1661
f 1081 1668 1661
f 1667 1669 1670
f 1671 1669 1667
f 1672 1671 1667
f 1670 1673 1674
f 1675 1673 1670
f 1676 1675 1670
f 1674 891 1677
f 893 891 1674
f 895 893 1674
f 1677 887 1678
f 889 887 1677
f 891 889 1677
f 1678 1679 1614
f 1680 1679 1678
f 1681 1680 1678
f 1614 1682 1612
f 1683 1682 1614
f 1684 1683 1614
f 1612 1685 1611
f 1686 1685 1612
f 1687 1686 1612
f 1611 1124 1664
f 1123 1124 1611
f 1122 1123 1611
f 1665 1034 1507
f 1036 1034 1665
f 1038 1036 1665
f 1611 926 927
f 1688 926 1611
f 1689 1688 1611
f 1611 1685 1689
f 1612 1690 1687
f 1691 1690 1612
f 1682 1691 1612
f 1614 1692 1684
f 1693 1692 1614
f 1679 1693 1614
f 1678 885 1681
f 883 885 1678
f 887 883 1678
f 895 1694 897
f 1695 1694 895
f 1674 1695 895
f 1673 1695 1674
f 1696 897 1694
f 899 897 1696
f 1697 899 1696
f 900 899 1697
f 1698 900 1697
f 902 900 1698
f 931 902 1698
f 1699 931 1698
f 930 931 1699
f 1122 930 1699
f 1611 930 1122
f 1611 929 930
f 928 929 1611
f 927 928 1611
f 1658 1700 1662
f 1657 1700 1658
f 1654 1653 1660
f 1650 1701 1656
f 1649 1701 1650
f 1646 1645 1652
f 1648 1076 934
f 1075 1076 1648
f 1643 1075 1648
f 1074 1075 1643
f 1077 934 1076
f 932 934 1077
f 1078 932 1077
f 936 932 1078
f 1049 936 1078
f 938 936 1049
f 1047 938 1049
f 940 938 1047
f 1046 940 1047
f 1663 940 1046
f 1665 1663 1046
f 1663 942 940
f 944 942 1663
f 946 944 1663
f 1663 948 946
f 949 948 1663
f 951 949 1663
f 1663 980 951
f 979 980 1663
f 1622 1702 1024
f 1703 1702 1622
f 1621 1703 1622
f 1510 1704 1624
f 1705 1704 1510
f 1618 1705 1510
f 1505 1706 1620
f 1707 1706 1505
f 1615 1707 1505
f 1507 983 1617
f 981 983 1507
f 985 981 1507
f 1507 987 985
f 989 987 1507
f 1626 1029 1000
f 1028 1029 1626
f 1640 1639 1644
f 1636 1635 1642
f 1628 1708 1638
f 1627 1708 1628
f 1665 1040 1038
f 1042 1040 1665
f 1044 1042 1665
f 1665 1046 1044
f 1670 1709 1676
f 1669 1709 1670
f 1667 1666 1672
f 1661 1079 1081
f 1664 1096 1095
f 1098 1096 1664
f 1127 1098 1664
f 1664 1126 1127
f 1125 1126 1664
f 1124 1125 1664
f 1710 1711 1712
f 1713 1711 1710
f 1714 1713 1710
f 1710 1712 1714
f 1715 1711 1716
f 1712 1711 1715
f 1717 1712 1715
f 1715 1716 1717
f 680 1718 678
f 770 1718 680
f 1719 770 680
f 759 770 1719
f 1720 759 1719
f 758 759 1720
f 1721 758 1720
f 768 758 1721
f 1722 768 1721
f 767 768 1722
f 1723 767 1722
f 766 767 1723
f 1724 766 1723
f 1725 766 1724
f 1726 1725 1724
f 1727 1725 1726
f 1728 1727 1726
f 1729 1727 1728
f 1730 1727 1729
f 1731 1727 1730
f 1732 1731 1730
f 1733 1731 1732
f 1734 1731 1733
f 1735 1731 1734
f 1736 1735 1734
f 1737 1735 1736
f 639 1735 1737
f 662 1735 639
f 1738 1735 662
f 663 1738 662
f 1739 1738 663
f 664 1739 663
f 1740 1739 664
f 665 1740 664
f 876 1740 665
f 666 876 665
f 874 876 666
f 667 874 666
f 872 874 667
f 870 872 667
f 1718 676 678
f 1741 676 1718
f 674 676 1741
f 672 674 1741
f 1741 661 672
f 660 661 1741
f 670 660 1741
f 1741 669 670
f 868 669 1741
f 857 868 1741
f 868 668 669
f 870 668 868
f 667 668 870
f 1742 729 1743
f 727 729 1742
f 1744 727 1742
f 725 727 1744
f 1745 725 1744
f 723 725 1745
f 1746 723 1745
f 721 723 1746
f 835 721 1746
f 710 721 835
f 858 710 835
f 709 710 858
f 859 709 858
f 860 709 859
f 719 709 860
f 861 719 860
f 718 719 861
f 1747 718 861
f 717 718 1747
f 716 717 1747
f 1747 715 716
f 714 715 1747
f 713 714 1747
f 1747 712 713
f 1714 712 1747
f 711 712 1714
f 688 711 1714
f 812 688 1714
f 1748 688 812
f 813 1748 812
f 1749 1748 813
f 814 1749 813
f 1750 1749 814
f 815 1750 814
f 1751 1750 815
f 816 1751 815
f 1752 1751 816
f 817 1752 816
f 1753 1752 817
f 1754 1753 817
f 1755 1753 1754
f 1756 1755 1754
f 1757 1755 1756
f 1758 1757 1756
f 1756 1759 1758
f 1760 1759 1756
f 1761 1759 1760
f 1762 1761 1760
f 1760 1763 1762
f 1742 1763 1760
f 1764 1763 1742
f 1743 1764 1742
f 1718 778 1765
f 776 778 1718
f 774 776 1718
f 1718 772 774
f 770 772 1718
f 1725 765 766
f 764 765 1725
f 1766 764 1725
f 763 764 1766
f 762 763 1766
f 1766 761 762
f 1767 761 1766
f 760 761 1767
f 737 760 1767
f 1767 1768 737
f 1769 1768 1767
f 1770 1769 1767
f 1771 1770 1767
f 1772 1770 1771
f 1773 1772 1771
f 1771 1774 1773
f 1775 1774 1771
f 1776 1775 1771
f 1777 1776 1771
f 1778 1776 1777
f 1779 1778 1777
f 1777 1780 1779
f 1781 1780 1777
f 1782 1781 1777
f 1718 1782 1777
f 1783 1782 1718
f 1765 1783 1718
f 1784 827 1785
f 825 827 1784
f 823 825 1784
f 1786 823 1784
f 821 823 1786
f 819 821 1786
f 1786 808 819
f 1754 808 1786
f 807 808 1754
f 817 807 1754
f 1714 811 812
f 810 811 1714
f 809 810 1714
f 1714 786 809
f 1787 786 1714
f 1788 1787 1714
f 1714 1789 1788
f 1712 1789 1714
f 1790 1789 1712
f 1791 1790 1712
f 1712 1792 1791
f 1793 1792 1712
f 1794 1793 1712
f 1717 1794 1712
f 1795 1794 1717
f 1796 1795 1717
f 1717 1797 1796
f 1798 1797 1717
f 1799 1798 1717
f 1784 1799 1717
f 1800 1799 1784
f 1785 1800 1784
f 1741 856 857
f 866 856 1741
f 865 866 1741
f 1747 865 1741
f 864 865 1747
f 863 864 1747
f 1747 862 863
f 861 862 1747
f 1744 1801 1745
f 1802 1801 1744
f 1803 1802 1744
f 1804 1802 1803
f 1805 1804 1803
f 1803 1805 1806
f 1806 1805 1807
f 1806 1807 1808
f 1808 1807 1809
f 1808 1809 1810
f 1808 1810 1806
f 1811 1810 1806
f 1812 1811 1806
f 1813 1811 1812
f 1814 1813 1812
f 1812 1814 1738
f 1815 1814 1738
f 1739 1815 1738
f 1816 1817 1718
f 1818 1817 1816
f 1777 1818 1816
f 1816 1718 1777
f 1819 1777 1771
f 1818 1777 1819
f 1820 1818 1819
f 1819 1771 1820
f 1713 1821 1711
f 1822 1821 1713
f 1823 1822 1713
f 1711 1824 1716
f 1825 1824 1711
f 1826 1825 1711
f 1716 1827 1828
f 1829 1827 1716
f 1830 1829 1716
f 1828 830 1831
f 829 830 1828
f 828 829 1828
f 1831 832 1832
f 831 832 1831
f 830 831 1831
f 1832 1833 1834
f 1835 1833 1832
f 804 1835 1832
f 1836 1835 804
f 802 1836 804
f 1837 1836 802
f 801 1837 802
f 1838 1837 801
f 799 1838 801
f 1839 1838 799
f 797 1839 799
f 795 1839 797
f 1840 1839 795
f 793 1840 795
f 689 1840 793
f 1713 689 793
f 687 689 1713
f 691 687 1713
f 1834 1841 1842
f 1843 1841 1834
f 1844 1843 1834
f 1842 1845 1846
f 1847 1845 1842
f 1848 1847 1842
f 1846 731 1849
f 730 731 1846
f 1850 730 1846
f 1849 1851 1852
f 1853 1851 1849
f 1854 1853 1849
f 1852 1855 1856
f 1857 1855 1852
f 1858 1857 1852
f 1856 1859 1860
f 1861 1859 1856
f 1862 1861 1856
f 1860 1863 1864
f 1865 1863 1860
f 1866 1865 1860
f 1864 638 1867
f 642 638 1864
f 1868 642 1864
f 644 642 1868
f 877 644 1868
f 646 644 877
f 878 646 877
f 648 646 878
f 879 648 878
f 650 648 879
f 880 650 879
f 652 650 880
f 881 652 880
f 654 652 881
f 1869 654 881
f 1870 654 1869
f 1871 1870 1869
f 1867 1872 1873
f 1874 1872 1867
f 640 1874 1867
f 1873 1875 1876
f 1877 1875 1873
f 1878 1877 1873
f 1876 1879 1880
f 1881 1879 1876
f 1882 1881 1876
f 1880 744 1883
f 746 744 1880
f 748 746 1880
f 1883 740 1884
f 742 740 1883
f 744 742 1883
f 1884 1885 1820
f 1886 1885 1884
f 1887 1886 1884
f 1820 1888 1818
f 1889 1888 1820
f 1890 1889 1820
f 1818 1891 1817
f 1892 1891 1818
f 1893 1892 1818
f 1817 683 1870
f 682 683 1817
f 681 682 1817
f 1871 691 1713
f 693 691 1871
f 695 693 1871
f 783 681 1817
f 1894 681 783
f 784 1894 783
f 1895 1894 784
f 755 1895 784
f 753 1895 755
f 1896 1895 753
f 752 1896 753
f 1897 1896 752
f 750 1897 752
f 1898 1897 750
f 748 1898 750
f 1899 1898 748
f 1880 1899 748
f 1879 1899 1880
f 1876 1900 1882
f 1875 1900 1876
f 1873 1872 1878
f 1867 638 640
f 1870 655 654
f 657 655 1870
f 686 657 1870
f 1870 685 686
f 684 685 1870
f 683 684 1870
f 1846 1845 1850
f 1842 1841 1848
f 1834 1901 1844
f 1833 1901 1834
f 1871 697 695
f 699 697 1871
f 701 699 1871
f 1871 703 701
f 1869 703 1871
f 842 703 1869
f 704 703 842
f 840 704 842
f 706 704 840
f 838 706 840
f 735 706 838
f 834 735 838
f 734 735 834
f 836 734 834
f 733 734 836
f 1854 733 836
f 732 733 1854
f 1849 732 1854
f 731 732 1849
f 1817 779 780
f 1902 779 1817
f 1903 1902 1817
f 1817 1891 1903
f 1818 1904 1893
f 1905 1904 1818
f 1888 1905 1818
f 1820 1906 1890
f 1907 1906 1820
f 1885 1907 1820
f 1884 738 1887
f 736 738 1884
f 740 736 1884
f 1817 782 783
f 781 782 1817
f 780 781 1817
f 1828 1908 828
f 1909 1908 1828
f 1827 1909 1828
f 1716 1910 1830
f 1911 1910 1716
f 1824 1911 1716
f 1711 1912 1826
f 1913 1912 1711
f 1821 1913 1711
f 1713 787 1823
f 785 787 1713
f 789 785 1713
f 1713 791 789
f 793 791 1713
f 1832 833 804
f 832 833 1832
f 1864 1914 1868
f 1863 1914 1864
f 1860 1859 1866
f 1856 1915 1862
f 1855 1915 1856
f 1852 1851 1858
f 1869 844 842
f 846 844 1869
f 848 846 1869
f 1869 850 848
f 851 850 1869
f 853 851 1869
f 1869 882 853
f 881 882 1869
f 1916 1080 1532
f 1081 1080 1916
f 1668 1081 1916
f 1917 1668 1916
f 1666 1668 1917
f 1918 1666 1917
f 1672 1666 1918
f 1919 1672 1918
f 1671 1672 1919
f 1920 1671 1919
f 1669 1671 1920
f 1921 1669 1920
f 1709 1669 1921
f 1922 1709 1921
f 1923 1709 1922
f 1525 1923 1922
f 1524 1923 1525
f 1924 1923 1524
f 1523 1924 1524
f 1521 1924 1523
f 1925 1924 1521
f 1519 1925 1521
f 1926 1925 1519
f 1518 1926 1519
f 1927 1926 1518
f 1517 1927 1518
f 1928 1927 1517
f 1516 1928 1517
f 1929 1928 1516
f 1515 1929 1516
f 1930 1929 1515
f 1514 1930 1515
f 1121 1930 1514
f 1699 1930 1121
f 1122 1699 1121
f 1923 1676 1709
f 1924 1676 1923
f 1924 1675 1676
f 1673 1675 1924
f 1925 1673 1924
f 1695 1673 1925
f 1926 1695 1925
f 1694 1695 1926
f 1927 1694 1926
f 1696 1694 1927
f 1928 1696 1927
f 1697 1696 1928
f 1929 1697 1928
f 1698 1697 1929
f 1930 1698 1929
f 1699 1698 1930
f 1921 1525 1922
f 1527 1525 1921
f 1920 1527 1921
f 1528 1527 1920
f 1919 1528 1920
f 1529 1528 1919
f 1918 1529 1919
f 1531 1529 1918
f 1917 1531 1918
f 1532 1531 1917
f 1916 1532 1917
f 1931 1031 1577
f 1032 1031 1931
f 1634 1032 1931
f 1932 1634 1931
f 1633 1634 1932
f 1933 1633 1932
f 1632 1633 1933
f 1934 1632 1933
f 1631 1632 1934
f 1935 1631 1934
f 1630 1631 1935
f 1936 1630 1935
f 1629 1630 1936
f 1937 1629 1936
f 1938 1629 1937
f 1572 1938 1937
f 1570 1938 1572
f 1939 1938 1570
f 1569 1939 1570
f 1568 1939 1569
f 1940 1939 1568
f 1566 1940 1568
f 1941 1940 1566
f 1565 1941 1566
f 1942 1941 1565
f 1564 1942 1565
f 1943 1942 1564
f 1562 1943 1564
f 1944 1943 1562
f 1561 1944 1562
f 1945 1944 1561
f 1560 1945 1561
f 1072 1945 1560
f 1644 1945 1072
f 1073 1644 1072
f 1938 1627 1629
f 1939 1627 1938
f 1939 1708 1627
f 1638 1708 1939
f 1940 1638 1939
f 1637 1638 1940
f 1941 1637 1940
f 1635 1637 1941
f 1942 1635 1941
f 1642 1635 1942
f 1943 1642 1942
f 1641 1642 1943
f 1944 1641 1943
f 1639 1641 1944
f 1945 1639 1944
f 1644 1639 1945
f 1936 1572 1937
f 1573 1572 1936
f 1935 1573 1936
f 1574 1573 1935
f 1934 1574 1935
f 1575 1574 1934
f 1933 1575 1934
f 1576 1575 1933
f 1932 1576 1933
f 1577 1576 1932
f 1931 1577 1932
f 1946 982 1596
f 983 982 1946
f 1617 983 1946
f 1947 1617 1946
f 1616 1617 1947
f 1948 1616 1947
f 1615 1616 1948
f 1949 1615 1948
f 1707 1615 1949
f 1950 1707 1949
f 1706 1707 1950
f 1951 1706 1950
f 1620 1706 1951
f 1952 1620 1951
f 1953 1620 1952
f 1601 1953 1952
f 1602 1953 1601
f 1954 1953 1602
f 1603 1954 1602
f 1604 1954 1603
f 1955 1954 1604
f 1605 1955 1604
f 1956 1955 1605
f 1606 1956 1605
f 1957 1956 1606
f 1607 1957 1606
f 1958 1957 1607
f 1608 1958 1607
f 1959 1958 1608
f 1609 1959 1608
f 1960 1959 1609
f 1594 1960 1609
f 1023 1960 1594
f 1702 1960 1023
f 1024 1702 1023
f 1953 1619 1620
f 1954 1619 1953
f 1954 1618 1619
f 1705 1618 1954
f 1955 1705 1954
f 1704 1705 1955
f 1956 1704 1955
f 1624 1704 1956
f 1957 1624 1956
f 1623 1624 1957
f 1958 1623 1957
f 1621 1623 1958
f 1959 1621 1958
f 1703 1621 1959
f 1960 1703 1959
f 1702 1703 1960
f 1951 1601 1952
f 1600 1601 1951
f 1950 1600 1951
f 1599 1600 1950
f 1949 1599 1950
f 1598 1599 1949
f 1948 1598 1949
f 1597 1598 1948
f 1947 1597 1948
f 1596 1597 1947
f 1946 1596 1947
f 1961 933 1556
f 934 933 1961
f 1648 934 1961
f 1962 1648 1961
f 1647 1648 1962
f 1963 1647 1962
f 1645 1647 1963
f 1964 1645 1963
f 1652 1645 1964
f 1965 1652 1964
f 1651 1652 1965
f 1966 1651 1965
f 1649 1651 1966
f 1967 1649 1966
f 1968 1649 1967
f 1582 1968 1967
f 1584 1968 1582
f 1969 1968 1584
f 1586 1969 1584
f 1587 1969 1586
f 1970 1969 1587
f 1588 1970 1587
f 1971 1970 1588
f 1590 1971 1588
f 1972 1971 1590
f 1591 1972 1590
f 1973 1972 1591
f 1592 1973 1591
f 1974 1973 1592
f 1534 1974 1592
f 1975 1974 1534
f 1535 1975 1534
f 974 1975 1535
f 1662 1975 974
f 975 1662 974
f 1968 1701 1649
f 1969 1701 1968
f 1969 1656 1701
f 1655 1656 1969
f 1970 1655 1969
f 1653 1655 1970
f 1971 1653 1970
f 1660 1653 1971
f 1972 1660 1971
f 1659 1660 1972
f 1973 1659 1972
f 1657 1659 1973
f 1974 1657 1973
f 1700 1657 1974
f 1975 1700 1974
f 1662 1700 1975
f 1966 1582 1967
f 1581 1582 1966
f 1965 1581 1966
f 1579 1581 1965
f 1964 1579 1965
f 1578 1579 1964
f 1963 1578 1964
f 1557 1578 1963
f 1962 1557 1963
f 1556 1557 1962
f 1961 1556 1962
f 1976 884 1538
f 885 884 1976
f 1681 885 1976
f 1977 1681 1976
f 1680 1681 1977
f 1978 1680 1977
f 1679 1680 1978
f 1979 1679 1978
f 1693 1679 1979
f 1980 1693 1979
f 1692 1693 1980
f 1981 1692 1980
f 1684 1692 1981
f 1982 1684 1981
f 1983 1684 1982
f 1544 1983 1982
f 1545 1983 1544
f 1984 1983 1545
f 1546 1984 1545
f 1548 1984 1546
f 1985 1984 1548
f 1549 1985 1548
f 1986 1985 1549
f 1550 1986 1549
f 1987 1986 1550
f 1551 1987 1550
f 1988 1987 1551
f 1552 1988 1551
f 1989 1988 1552
f 1553 1989 1552
f 1990 1989 1553
f 1513 1990 1553
f 925 1990 1513
f 1688 1990 925
f 926 1688 925
f 1983 1683 1684
f 1984 1683 1983
f 1984 1682 1683
f 1691 1682 1984
f 1985 1691 1984
f 1690 1691 1985
f 1986 1690 1985
f 1687 1690 1986
f 1987 1687 1986
f 1686 1687 1987
f 1988 1686 1987
f 1685 1686 1988
f 1989 1685 1988
f 1689 1685 1989
f 1990 1689 1989
f 1688 1689 1990
f 1981 1544 1982
f 1543 1544 1981
f 1980 1543 1981
f 1542 1543 1980
f 1979 1542 1980
f 1540 1542 1979
f 1978 1540 1979
f 1539 1540 1978
f 1977 1539 1978
f 1538 1539 1977
f 1976 1538 1977
f 1991 835 1746
f 836 835 1991
f 1854 836 1991
f 1992 1854 1991
f 1853 1854 1992
f 1993 1853 1992
f 1851 1853 1993
f 1994 1851 1993
f 1858 1851 1994
f 1995 1858 1994
f 1857 1858 1995
f 1996 1857 1995
f 1855 1857 1996
f 1997 1855 1996
f 1998 1855 1997
f 1997 1998 1805
f 1805 1998 1807
f 1807 1998 1999
f 1807 1999 1809
f 1809 1999 1810
f 2000 1999 1810
f 1811 2000 1810
f 2001 2000 1811
f 1813 2001 1811
f 2002 2001 1813
f 1814 2002 1813
f 2003 2002 1814
f 1815 2003 1814
f 2004 2003 1815
f 1739 2004 1815
f 2005 2004 1739
f 1740 2005 1739
f 876 2005 1740
f 1868 2005 876
f 877 1868 876
f 1998 1915 1855
f 1999 1915 1998
f 1999 1862 1915
f 1861 1862 1999
f 2000 1861 1999
f 1859 1861 2000
f 2001 1859 2000
f 1866 1859 2001
f 2002 1866 2001
f 1865 1866 2002
f 2003 1865 2002
f 1863 1865 2003
f 2004 1863 2003
f 1914 1863 2004
f 2005 1914 2004
f 1868 1914 2005
f 1996 1805 1997
f 1804 1805 1996
f 1995 1804 1996
f 1802 1804 1995
f 1994 1802 1995
f 1801 1802 1994
f 1993 1801 1994
f 1745 1801 1993
f 1992 1745 1993
f 1746 1745 1992
f 1991 1746 1992
f 2006 786 1787
f 787 786 2006
f 1823 787 2006
f 2007 1823 2006
f 1822 1823 2007
f 2008 1822 2007
f 1821 1822 2008
f 2009 1821 2008
f 1913 1821 2009
f 2010 1913 2009
f 1912 1913 2010
f 2011 1912 2010
f 1826 1912 2011
f 2012 1826 2011
f 2013 1826 2012
f 1792 2013 2012
f 1793 2013 1792
f 2014 2013 1793
f 1794 2014 1793
f 1795 2014 1794
f 2015 2014 1795
f 1796 2015 1795
f 2016 2015 1796
f 1797 2016 1796
f 2017 2016 1797
f 1798 2017 1797
f 2018 2017 1798
f 1799 2018 1798
f 2019 2018 1799
f 1800 2019 1799
f 2020 2019 1800
f 1785 2020 1800
f 827 2020 1785
f 1908 2020 827
f 828 1908 827
f 2013 1825 1826
f 2014 1825 2013
f 2014 1824 1825
f 1911 1824 2014
f 2015 1911 2014
f 1910 1911 2015
f 2016 1910 2015
f 1830 1910 2016
f 2017 1830 2016
f 1829 1830 2017
f 2018 1829 2017
f 1827 1829 2018
f 2019 1827 2018
f 1909 1827 2019
f 2020 1909 2019
f 1908 1909 2020
f 2011 1792 2012
f 1791 1792 2011
f 2010 1791 2011
f 1790 1791 2010
f 2009 1790 2010
f 1789 1790 2009
f 2008 1789 2009
f 1788 1789 2008
f 2007 1788 2008
f 1787 1788 2007
f 2006 1787 2007
f 2021 737 1768
f 738 737 2021
f 1887 738 2021
f 2022 1887 2021
f 1886 1887 2022
f 2023 1886 2022
f 1885 1886 2023
f 2024 1885 2023
f 1907 1885 2024
f 2025 1907 2024
f 1906 1907 2025
f 2026 1906 2025
f 1890 1906 2026
f 2027 1890 2026
f 2028 1890 2027
f 1774 2028 2027
f 1775 2028 1774
f 2029 2028 1775
f 1776 2029 1775
f 1778 2029 1776
f 2030 2029 1778
f 1779 2030 1778
f 2031 2030 1779
f 1780 2031 1779
f 2032 2031 1780
f 1781 2032 1780
f 2033 2032 1781
f 1782 2033 1781
f 2034 2033 1782
f 1783 2034 1782
f 2035 2034 1783
f 1765 2035 1783
f 778 2035 1765
f 1902 2035 778
f 779 1902 778
f 2028 1889 1890
f 2029 1889 2028
f 2029 1888 1889
f 1905 1888 2029
f 2030 1905 2029
f 1904 1905 2030
f 2031 1904 2030
f 1893 1904 2031
f 2032 1893 2031
f 1892 1893 2032
f 2033 1892 2032
f 1891 1892 2033
f 2034 1891 2033
f 1903 1891 2034
f 2035 1903 2034
f 1902 1903 2035
f 2026 1774 2027
f 1773 1774 2026
f 2025 1773 2026
f 1772 1773 2025
f 2024 1772 2025
f 1770 1772 2024
f 2023 1770 2024
f 1769 1770 2023
f 2022 1769 2023
f 1768 1769 2022
f 2021 1768 2022
f 2036 688 1748
f 689 688 2036
f 1840 689 2036
f 2037 1840 2036
f 1839 1840 2037
f 2038 1839 2037
f 1838 1839 2038
f 2039 1838 2038
f 1837 1838 2039
f 2040 1837 2039
f 1836 1837 2040
f 2041 1836 2040
f 1835 1836 2041
f 2042 1835 2041
f 2043 1835 2042
f 1753 2043 2042
f 1755 2043 1753
f 2044 2043 1755
f 1757 2044 1755
f 1758 2044 1757
f 2045 2044 1758
f 1759 2045 1758
f 2046 2045 1759
f 1761 2046 1759
f 2047 2046 1761
f 1762 2047 1761
f 2048 2047 1762
f 1763 2048 1762
f 2049 2048 1763
f 1764 2049 1763
f 2050 2049 1764
f 1743 2050 1764
f 729 2050 1743
f 1850 2050 729
f 730 1850 729
f 2043 1833 1835
f 2044 1833 2043
f 2044 1901 1833
f 1844 1901 2044
f 2045 1844 2044
f 1843 1844 2045
f 2046 1843 2045
f 1841 1843 2046
f 2047 1841 2046
f 1848 1841 2047
f 2048 1848 2047
f 1847 1848 2048
f 2049 1847 2048
f 1845 1847 2049
f 2050 1845 2049
f 1850 1845 2050
f 2041 1753 2042
f 1752 1753 2041
f 2040 1752 2041
f 1751 1752 2040
f 2039 1751 2040
f 1750 1751 2039
f 2038 1750 2039
f 1749 1750 2038
f 2037 1749 2038
f 1748 1749 2037
f 2036 1748 2037
f 2051 639 1737
f 640 639 2051
f 1874 640 2051
f 2052 1874 2051
f 1872 1874 2052
f 2053 1872 2052
f 1878 1872 2053
f 2054 1878 2053
f 1877 1878 2054
f 2055 1877 2054
f 1875 1877 2055
f 2056 1875 2055
f 1900 1875 2056
f 2057 1900 2056
f 2058 1900 2057
f 1730 2058 2057
f 1729 2058 1730
f 2059 2058 1729
f 1728 2059 1729
f 1726 2059 1728
f 2060 2059 1726
f 1724 2060 1726
f 2061 2060 1724
f 1723 2061 1724
f 2062 2061 1723
f 1722 2062 1723
f 2063 2062 1722
f 1721 2063 1722
f 2064 2063 1721
f 1720 2064 1721
f 2065 2064 1720
f 1719 2065 1720
f 680 2065 1719
f 1894 2065 680
f 681 1894 680
f 2058 1882 1900
f 2059 1882 2058
f 2059 1881 1882
f 1879 1881 2059
f 2060 1879 2059
f 1899 1879 2060
f 2061 1899 2060
f 1898 1899 2061
f 2062 1898 2061
f 1897 1898 2062
f 2063 1897 2062
f 1896 1897 2063
f 2064 1896 2063
f 1895 1896 2064
f 2065 1895 2064
f 1894 1895 2065
f 2056 1730 2057
f 1732 1730 2056
f 2055 1732 2056
f 1733 1732 2055
f 2054 1733 2055
f 1734 1733 2054
f 2053 1734 2054
f 1736 1734 2053
f 2052 1736 2053
f 1737 1736 2052
f 2051 1737 2052
f 2066 1593 1622
f 1595 1593 2066
f 2067 1595 2066
f 1571 1595 2067
f 2068 1571 2067
f 1567 1571 2068
f 2069 1567 2068
f 1563 1567 2069
f 2070 1563 2069
f 1559 1563 2070
f 2071 1559 2070
f 1558 1559 2071
f 2072 1558 2071
f 2073 1558 2072
f 1643 2073 2072
f 1646 2073 1643
f 2074 2073 1646
f 1650 2074 1646
f 1654 2074 1650
f 2075 2074 1654
f 1658 2075 1654
f 2076 2075 1658
f 1661 2076 1658
f 2077 2076 1661
f 1667 2077 1661
f 2078 2077 1667
f 1670 2078 1667
f 2079 2078 1670
f 1674 2079 1670
f 2080 2079 1674
f 1677 2080 1674
f 1678 2080 1677
f 1536 2080 1678
f 1537 1536 1678
f 2073 1580 1558
f 2074 1580 2073
f 2074 1583 1580
f 1589 1583 2074
f 2075 1589 2074
f 1533 1589 2075
f 2076 1533 2075
f 1530 1533 2076
f 2077 1530 2076
f 1526 1530 2077
f 2078 1526 2077
f 1522 1526 2078
f 2079 1522 2078
f 1520 1522 2079
f 2080 1520 2079
f 1536 1520 2080
f 2071 1643 2072
f 1640 1643 2071
f 2070 1640 2071
f 1636 1640 2070
f 2069 1636 2070
f 1628 1636 2069
f 2068 1628 2069
f 1626 1628 2068
f 2067 1626 2068
f 1625 1626 2067
f 2066 1625 2067
f 1622 1625 2066
f 1784 2081 1786
f 1831 2081 1784
f 1828 1831 1784
f 2081 1754 1786
f 2082 1754 2081
f 1832 2082 2081
f 1834 2082 1832
f 2083 2082 1834
f 1842 2083 1834
f 2084 2083 1842
f 1846 2084 1842
f 2085 2084 1846
f 1849 2085 1846
f 2086 2085 1849
f 1852 2086 1849
f 2087 2086 1852
f 1856 2087 1852
f 1860 2087 1856
f 2088 2087 1860
f 1864 2088 1860
f 2089 2088 1864
f 2090 2089 1864
f 1738 2089 2090
f 1735 1738 2090
f 2082 1756 1754
f 2083 1756 2082
f 2083 1760 1756
f 2084 1760 2083
f 2084 1742 1760
f 2085 1742 2084
f 2085 1744 1742
f 2086 1744 2085
f 2086 1803 1744
f 2087 1803 2086
f 2087 1806 1803
f 1812 1806 2087
f 2088 1812 2087
f 1738 1812 2088
f 2089 1738 2088
f 2091 1735 2090
f 1731 1735 2091
f 2092 1731 2091
f 1727 1731 2092
f 2093 1727 2092
f 1725 1727 2093
f 2094 1725 2093
f 1766 1725 2094
f 2095 1766 2094
f 1767 1766 2095
f 1884 1767 2095
f 2095 1883 1884
f 2094 1883 2095
f 2094 1880 1883
f 2093 1880 2094
f 2093 1876 1880
f 2092 1876 2093
f 2092 1873 1876
f 2091 1873 2092
f 2091 1867 1873
f 2090 1867 2091
f 2090 1864 1867
f 2081 1831 1832
f 2096 1511 1510
f 1593 1511 2096
f 1622 1593 2096
f 2096 1510 1622
f 2097 1537 1678
f 1541 1537 2097
f 1614 1541 2097
f 2097 1678 1614
f 2098 1717 1716
f 1784 1717 2098
f 1828 1784 2098
f 2098 1716 1828
f 2099 1767 1884
f 1771 1767 2099
f 1820 1771 2099
f 2099 1884 1820
f 1276 337 1325
f 335 337 1276
f 333 335 1276
f 337 1368 1325
f 1367 1368 337
f 1366 1367 337
f 337 1365 1366
f 1339 1365 337
f 1340 1339 337
f 2100 1340 337
f 1342 1340 2100
f 1343 1342 2100
f 2100 1345 1343
f 1347 1345 2100
f 1349 1347 2100
f 2100 1351 1349
f 1353 1351 2100
f 1355 1353 2100
f 2100 1317 1355
f 2101 1317 2100
f 2102 2101 2100
f 1317 492 1315
f 2103 492 1317
f 2104 2103 1317
f 492 1313 1315
f 1311 1313 492
f 1309 1311 492
f 515 1309 492
f 1298 1309 515
f 516 1298 515
f 1297 1298 516
f 517 1297 516
f 518 1297 517
f 1307 1297 518
f 519 1307 518
f 1306 1307 519
f 520 1306 519
f 1305 1306 520
f 1741 1305 520
f 277 1305 1741
f 1555 277 1741
f 1209 277 1555
f 611 1209 1555
f 1208 1209 611
f 612 1208 611
f 1207 1208 612
f 623 1207 612
f 1206 1207 623
f 625 1206 623
f 627 1206 625
f 1205 1206 627
f 629 1205 627
f 1204 1205 629
f 631 1204 629
f 1203 1204 631
f 2105 1203 631
f 1202 1203 2105
f 2106 1202 2105
f 1201 1202 2106
f 2107 1201 2106
f 1178 1201 2107
f 2108 1178 2107
f 1415 1178 2108
f 2109 1415 2108
f 1458 1415 2109
f 2110 1458 2109
f 1457 1458 2110
f 2111 1457 2110
f 1456 1457 2111
f 2112 1456 2111
f 1455 1456 2112
f 1429 1455 2112
f 278 1305 277
f 1304 1305 278
f 268 1304 278
f 1303 1304 268
f 1302 1303 268
f 269 1302 268
f 1301 1302 269
f 280 1301 269
f 1300 1301 280
f 229 1300 280
f 1299 1300 229
f 219 1299 229
f 1276 1299 219
f 220 1276 219
f 231 1276 220
f 233 1276 231
f 235 1276 233
f 237 1276 235
f 239 1276 237
f 318 1276 239
f 317 318 239
f 1227 478 1370
f 476 478 1227
f 1250 476 1227
f 465 476 1250
f 1251 465 1250
f 464 465 1251
f 1252 464 1251
f 474 464 1252
f 1253 474 1252
f 473 474 1253
f 1254 473 1253
f 1255 473 1254
f 472 473 1255
f 2113 472 1255
f 471 472 2113
f 470 471 2113
f 480 1370 478
f 1413 1370 480
f 482 1413 480
f 1412 1413 482
f 484 1412 482
f 1411 1412 484
f 2114 1411 484
f 1410 1411 2114
f 2115 1410 2114
f 1384 1410 2115
f 2116 1384 2115
f 2117 1384 2116
f 1385 1384 2117
f 2118 1385 2117
f 1387 1385 2118
f 2119 1387 2118
f 1388 1387 2119
f 1554 1388 2119
f 2120 1388 1554
f 1747 2120 1554
f 1475 2120 1747
f 2121 1475 1747
f 1477 1475 2121
f 2122 1477 2121
f 1478 1477 2122
f 2123 1478 2122
f 1480 1478 2123
f 2124 1480 2123
f 2125 1480 2124
f 1482 1480 2125
f 2126 1482 2125
f 1484 1482 2126
f 541 1484 2126
f 1486 1484 541
f 564 1486 541
f 1488 1486 564
f 565 1488 564
f 1490 1488 565
f 566 1490 565
f 1170 1490 566
f 567 1170 566
f 568 1170 567
f 569 1170 568
f 570 1170 569
f 2100 1170 570
f 571 2100 570
f 2127 2100 571
f 572 2127 571
f 562 2127 572
f 563 2127 562
f 574 2127 563
f 576 2127 574
f 578 2127 576
f 580 2127 578
f 582 2127 580
f 1747 2127 582
f 2128 1747 582
f 2129 1747 2128
f 2130 1747 2129
f 2131 1747 2130
f 2132 1747 2131
f 2133 1747 2132
f 2134 1747 2133
f 2135 1747 2134
f 2136 1747 2135
f 2121 1747 2136
f 2137 1388 2120
f 1390 1388 2137
f 2138 1390 2137
f 1392 1390 2138
f 1394 1392 2138
f 2139 1394 2138
f 1396 1394 2139
f 2140 1396 2139
f 1398 1396 2140
f 2141 1398 2140
f 1400 1398 2141
f 2142 1400 2141
f 1268 1400 2142
f 1266 1268 2142
f 2143 1266 2142
f 1264 1266 2143
f 2144 1264 2143
f 2145 1264 2144
f 2146 1264 2145
f 2147 1264 2146
f 100 1264 2147
f 123 1264 100
f 1262 1264 123
f 1260 1262 123
f 123 1249 1260
f 1248 1249 123
f 1258 1248 123
f 1258 2148 1257
f 2149 2148 1258
f 124 2149 1258
f 125 2149 124
f 2150 2149 125
f 2151 2150 125
f 2113 1257 2148
f 1256 1257 2113
f 1255 1256 2113
f 1429 2113 1430
f 2152 2113 1429
f 2112 2152 1429
f 2113 1432 1430
f 2148 1432 2113
f 2148 1433 1432
f 394 1433 2148
f 2153 394 2148
f 394 1435 1433
f 1437 1435 394
f 1439 1437 394
f 394 1441 1439
f 1443 1441 394
f 1445 1443 394
f 394 1219 1445
f 417 1219 394
f 418 1219 417
f 419 1219 418
f 420 1219 419
f 421 1219 420
f 2154 1219 421
f 2155 2154 421
f 1219 79 1217
f 78 79 1219
f 77 78 1219
f 80 1217 79
f 1215 1217 80
f 273 1215 80
f 1213 1215 273
f 274 1213 273
f 1211 1213 274
f 275 1211 274
f 1200 1211 275
f 1199 1200 275
f 276 1199 275
f 1209 1199 276
f 277 1209 276
f 2156 1129 1152
f 1460 1129 2156
f 2157 1460 2156
f 1503 1460 2157
f 2158 1503 2157
f 1502 1503 2158
f 2159 1502 2158
f 1501 1502 2159
f 2160 1501 2159
f 1500 1501 2160
f 1474 1500 2160
f 2161 1474 2160
f 1475 1474 2161
f 2120 1475 2161
f 2100 1168 1170
f 1166 1168 2100
f 1164 1166 2100
f 2100 1162 1164
f 1151 1162 2100
f 1150 1151 2100
f 2100 1160 1150
f 1159 1160 2100
f 2162 1159 2100
f 1158 1159 2162
f 2163 1158 2162
f 190 1158 2163
f 2164 190 2163
f 2165 190 2164
f 2166 190 2165
f 2167 190 2166
f 2168 190 2167
f 2169 190 2168
f 2170 190 2169
f 188 190 2170
f 186 188 2170
f 190 1157 1158
f 2171 1157 190
f 1156 1157 2171
f 2172 1156 2171
f 1155 1156 2172
f 2173 1155 2172
f 2174 1155 2173
f 1154 1155 2174
f 1153 1154 2174
f 2175 1153 2174
f 1152 1153 2175
f 2156 1152 2175
f 1555 590 613
f 2176 590 1555
f 2177 2176 1555
f 1555 2178 2177
f 2113 2178 1555
f 1554 2113 1555
f 468 2113 1554
f 467 468 1554
f 2113 2179 2178
f 2180 2179 2113
f 2181 2180 2113
f 2113 2152 2181
f 1555 621 611
f 620 621 1555
f 619 620 1555
f 1555 618 619
f 617 618 1555
f 616 617 1555
f 1555 615 616
f 614 615 1555
f 613 614 1555
f 1317 2182 2104
f 2183 2182 1317
f 2184 2183 1317
f 1317 2185 2184
f 2101 2185 1317
f 2127 2102 2100
f 2186 2102 2127
f 2187 2186 2127
f 2127 2188 2187
f 2189 2188 2127
f 2190 2189 2127
f 2127 2191 2190
f 2192 2191 2127
f 533 2192 2127
f 1741 533 2127
f 531 533 1741
f 529 531 1741
f 1741 527 529
f 525 527 1741
f 514 525 1741
f 1741 513 514
f 523 513 1741
f 522 523 1741
f 1741 521 522
f 520 521 1741
f 1554 443 466
f 2193 443 1554
f 2194 2193 1554
f 1554 2195 2194
f 2196 2195 1554
f 2197 2196 1554
f 1554 2198 2197
f 2199 2198 1554
f 2200 2199 1554
f 1554 2201 2200
f 2119 2201 1554
f 2113 469 470
f 468 469 2113
f 1554 466 467
f 2148 2202 2153
f 2203 2202 2148
f 2204 2203 2148
f 2148 2149 2204
f 125 2205 2151
f 2206 2205 125
f 2207 2206 125
f 125 2208 2207
f 2209 2208 125
f 2210 2209 125
f 125 2211 2210
f 2212 2211 125
f 435 2212 125
f 435 21 433
f 22 21 435
f 24 22 435
f 21 431 433
f 19 431 21
f 429 431 19
f 427 429 19
f 19 416 427
f 18 416 19
f 415 416 18
f 425 415 18
f 18 424 425
f 2213 424 18
f 46 2213 18
f 2214 2213 46
f 2215 2214 46
f 2216 424 2213
f 423 424 2216
f 2217 423 2216
f 422 423 2217
f 2155 422 2217
f 421 422 2155
f 2218 345 368
f 2219 345 2218
f 2220 2219 2218
f 2221 2219 2220
f 2222 2221 2220
f 2223 2221 2222
f 2140 2223 2222
f 2224 2158 2157
f 2225 2158 2224
f 2226 2225 2224
f 2227 2226 2224
f 2228 2226 2227
f 2229 2228 2227
f 386 2228 2229
f 2230 386 2229
f 2231 386 2230
f 2232 386 2231
f 2233 386 2232
f 2234 2233 2232
f 2235 2233 2234
f 149 2233 2235
f 172 2233 149
f 2236 2233 172
f 173 2236 172
f 174 2236 173
f 175 2236 174
f 2237 2236 175
f 176 2237 175
f 177 2237 176
f 178 2237 177
f 2238 2237 178
f 179 2238 178
f 180 2238 179
f 2239 2238 180
f 2240 2239 180
f 2233 384 386
f 382 384 2233
f 380 382 2233
f 2233 378 380
f 2241 378 2233
f 367 378 2241
f 366 367 2241
f 2241 376 366
f 35 376 2241
f 375 376 35
f 374 375 35
f 34 374 35
f 373 374 34
f 372 373 34
f 34 371 372
f 32 371 34
f 2242 371 32
f 2243 2242 32
f 2244 371 2242
f 370 371 2244
f 2245 370 2244
f 369 370 2245
f 2246 369 2245
f 368 369 2246
f 2218 368 2246
f 2247 296 319
f 2248 296 2247
f 2249 2248 2247
f 2247 2170 2249
f 180 2170 2247
f 2240 180 2247
f 2100 2250 2162
f 2251 2250 2100
f 2252 2251 2100
f 2100 2253 2252
f 337 2253 2100
f 1276 331 333
f 329 331 1276
f 318 329 1276
f 239 327 317
f 326 327 239
f 325 326 239
f 239 324 325
f 323 324 239
f 322 323 239
f 239 321 322
f 2254 321 239
f 2255 321 2254
f 2256 321 2255
f 2257 321 2256
f 2258 321 2257
f 2259 321 2258
f 2260 2259 2258
f 2261 2259 2260
f 2262 2261 2260
f 2263 2261 2262
f 2264 2261 2263
f 2265 2261 2264
f 2266 2265 2264
f 2267 2265 2266
f 2268 2265 2267
f 2269 2265 2268
f 2270 2269 2268
f 2271 2269 2270
f 2272 2269 2271
f 2273 2269 2272
f 198 2273 2272
f 221 2273 198
f 222 2273 221
f 223 2273 222
f 288 2273 223
f 224 288 223
f 225 288 224
f 226 288 225
f 286 288 226
f 227 286 226
f 284 286 227
f 228 284 227
f 282 284 228
f 280 282 228
f 2274 321 2259
f 320 321 2274
f 2247 320 2274
f 319 320 2247
f 72 247 270
f 2275 247 72
f 73 2275 72
f 2276 2275 73
f 84 2276 73
f 2277 2276 84
f 86 2277 84
f 2278 2277 86
f 88 2278 86
f 49 2278 88
f 90 49 88
f 92 49 90
f 48 49 92
f 47 48 92
f 3 2278 49
f 2279 2278 3
f 2280 2279 3
f 3 2281 2280
f 2 2281 3
f 2282 2281 2
f 2283 2282 2
f 2284 2283 2
f 2285 2283 2284
f 2286 2285 2284
f 2284 2287 2286
f 2273 2287 2284
f 2288 2287 2273
f 2289 2288 2273
f 2273 2290 2289
f 288 2290 2273
f 81 273 80
f 272 273 81
f 271 272 81
f 82 271 81
f 270 271 82
f 72 270 82
f 280 228 229
f 2170 184 186
f 182 184 2170
f 171 182 2170
f 2170 170 171
f 180 170 2170
f 2140 2222 2141
f 32 141 2243
f 30 141 32
f 28 141 30
f 139 141 28
f 137 139 28
f 28 135 137
f 133 135 28
f 122 133 28
f 28 121 122
f 131 121 28
f 26 131 28
f 130 131 26
f 129 130 26
f 26 128 129
f 24 128 26
f 127 128 24
f 126 127 24
f 435 126 24
f 125 126 435
f 1258 123 124
f 1219 51 74
f 2291 51 1219
f 2154 2291 1219
f 46 2292 2215
f 47 2292 46
f 2293 2292 47
f 2294 2293 47
f 47 2295 2294
f 2296 2295 47
f 2297 2296 47
f 47 2298 2297
f 92 2298 47
f 1219 76 77
f 75 76 1219
f 74 75 1219
f 2127 1747 1741
f 2299 590 2176
f 591 590 2299
f 2300 591 2299
f 2301 2300 2299
f 2302 2300 2301
f 2303 2302 2301
f 2304 2302 2303
f 2305 2304 2303
f 2306 2304 2305
f 2307 2306 2305
f 2308 2306 2307
f 2309 2308 2307
f 2310 2308 2309
f 2311 2310 2309
f 2312 2310 2311
f 2181 2312 2311
f 2152 2312 2181
f 2313 2312 2152
f 2112 2313 2152
f 2111 2313 2112
f 2314 2313 2111
f 2110 2314 2111
f 2315 2314 2110
f 2109 2315 2110
f 2316 2315 2109
f 2108 2316 2109
f 2317 2316 2108
f 2107 2317 2108
f 2318 2317 2107
f 2106 2318 2107
f 2319 2318 2106
f 2105 2319 2106
f 631 2319 2105
f 2320 2319 631
f 632 2320 631
f 2312 2321 2310
f 2313 2321 2312
f 2313 2322 2321
f 2323 2322 2313
f 2314 2323 2313
f 2324 2323 2314
f 2315 2324 2314
f 2325 2324 2315
f 2316 2325 2315
f 2326 2325 2316
f 2317 2326 2316
f 2327 2326 2317
f 2318 2327 2317
f 2328 2327 2318
f 2319 2328 2318
f 2320 2328 2319
f 2309 2181 2311
f 2180 2181 2309
f 2307 2180 2309
f 2179 2180 2307
f 2305 2179 2307
f 2178 2179 2305
f 2303 2178 2305
f 2177 2178 2303
f 2301 2177 2303
f 2176 2177 2301
f 2299 2176 2301
f 2329 541 2126
f 542 541 2329
f 2330 542 2329
f 2331 2330 2329
f 2332 2330 2331
f 2333 2332 2331
f 2334 2332 2333
f 2335 2334 2333
f 2336 2334 2335
f 2337 2336 2335
f 2338 2336 2337
f 2339 2338 2337
f 2340 2338 2339
f 2341 2340 2339
f 2342 2340 2341
f 2121 2342 2341
f 2136 2342 2121
f 2343 2342 2136
f 2135 2343 2136
f 2134 2343 2135
f 2344 2343 2134
f 2133 2344 2134
f 2345 2344 2133
f 2132 2345 2133
f 2346 2345 2132
f 2131 2346 2132
f 2347 2346 2131
f 2130 2347 2131
f 2348 2347 2130
f 2129 2348 2130
f 2349 2348 2129
f 2128 2349 2129
f 582 2349 2128
f 2350 2349 582
f 583 2350 582
f 2342 2351 2340
f 2343 2351 2342
f 2343 2352 2351
f 2353 2352 2343
f 2344 2353 2343
f 2354 2353 2344
f 2345 2354 2344
f 2355 2354 2345
f 2346 2355 2345
f 2356 2355 2346
f 2347 2356 2346
f 2357 2356 2347
f 2348 2357 2347
f 2358 2357 2348
f 2349 2358 2348
f 2350 2358 2349
f 2339 2121 2341
f 2122 2121 2339
f 2337 2122 2339
f 2123 2122 2337
f 2335 2123 2337
f 2124 2123 2335
f 2333 2124 2335
f 2125 2124 2333
f 2331 2125 2333
f 2126 2125 2331
f 2329 2126 2331
f 2359 492 2103
f 493 492 2359
f 2360 493 2359
f 2361 2360 2359
f 2362 2360 2361
f 2363 2362 2361
f 2364 2362 2363
f 2365 2364 2363
f 2366 2364 2365
f 2367 2366 2365
f 2368 2366 2367
f 2369 2368 2367
f 2370 2368 2369
f 2371 2370 2369
f 2372 2370 2371
f 2185 2372 2371
f 2101 2372 2185
f 2373 2372 2101
f 2102 2373 2101
f 2186 2373 2102
f 2374 2373 2186
f 2187 2374 2186
f 2375 2374 2187
f 2188 2375 2187
f 2376 2375 2188
f 2189 2376 2188
f 2377 2376 2189
f 2190 2377 2189
f 2378 2377 2190
f 2191 2378 2190
f 2379 2378 2191
f 2192 2379 2191
f 533 2379 2192
f 2380 2379 533
f 534 2380 533
f 2372 2381 2370
f 2373 2381 2372
f 2373 2382 2381
f 2383 2382 2373
f 2374 2383 2373
f 2384 2383 2374
f 2375 2384 2374
f 2385 2384 2375
f 2376 2385 2375
f 2386 2385 2376
f 2377 2386 2376
f 2387 2386 2377
f 2378 2387 2377
f 2388 2387 2378
f 2379 2388 2378
f 2380 2388 2379
f 2369 2185 2371
f 2184 2185 2369
f 2367 2184 2369
f 2183 2184 2367
f 2365 2183 2367
f 2182 2183 2365
f 2363 2182 2365
f 2104 2182 2363
f 2361 2104 2363
f 2103 2104 2361
f 2359 2103 2361
f 2389 443 2193
f 444 443 2389
f 2390 444 2389
f 2391 2390 2389
f 2392 2390 2391
f 2393 2392 2391
f 2394 2392 2393
f 2395 2394 2393
f 2396 2394 2395
f 2397 2396 2395
f 2398 2396 2397
f 2399 2398 2397
f 2400 2398 2399
f 2401 2400 2399
f 2402 2400 2401
f 2198 2402 2401
f 2199 2402 2198
f 2403 2402 2199
f 2200 2403 2199
f 2201 2403 2200
f 2404 2403 2201
f 2119 2404 2201
f 2405 2404 2119
f 2118 2405 2119
f 2406 2405 2118
f 2117 2406 2118
f 2407 2406 2117
f 2116 2407 2117
f 2408 2407 2116
f 2115 2408 2116
f 2409 2408 2115
f 2114 2409 2115
f 484 2409 2114
f 2410 2409 484
f 485 2410 484
f 2402 2411 2400
f 2403 2411 2402
f 2403 2412 2411
f 2413 2412 2403
f 2404 2413 2403
f 2414 2413 2404
f 2405 2414 2404
f 2415 2414 2405
f 2406 2415 2405
f 2416 2415 2406
f 2407 2416 2406
f 2417 2416 2407
f 2408 2417 2407
f 2418 2417 2408
f 2409 2418 2408
f 2410 2418 2409
f 2399 2198 2401
f 2197 2198 2399
f 2397 2197 2399
f 2196 2197 2397
f 2395 2196 2397
f 2195 2196 2395
f 2393 2195 2395
f 2194 2195 2393
f 2391 2194 2393
f 2193 2194 2391
f 2389 2193 2391
f 2419 394 2153
f 395 394 2419
f 2420 395 2419
f 2421 2420 2419
f 2422 2420 2421
f 2423 2422 2421
f 2424 2422 2423
f 2425 2424 2423
f 2426 2424 2425
f 2427 2426 2425
f 2428 2426 2427
f 2429 2428 2427
f 2430 2428 2429
f 2431 2430 2429
f 2432 2430 2431
f 2150 2432 2431
f 2151 2432 2150
f 2433 2432 2151
f 2205 2433 2151
f 2206 2433 2205
f 2434 2433 2206
f 2207 2434 2206
f 2435 2434 2207
f 2208 2435 2207
f 2436 2435 2208
f 2209 2436 2208
f 2437 2436 2209
f 2210 2437 2209
f 2438 2437 2210
f 2211 2438 2210
f 2439 2438 2211
f 2212 2439 2211
f 435 2439 2212
f 2440 2439 435
f 436 2440 435
f 2432 2441 2430
f 2433 2441 2432
f 2433 2442 2441
f 2443 2442 2433
f 2434 2443 2433
f 2444 2443 2434
f 2435 2444 2434
f 2445 2444 2435
f 2436 2445 2435
f 2446 2445 2436
f 2437 2446 2436
f 2447 2446 2437
f 2438 2447 2437
f 2448 2447 2438
f 2439 2448 2438
f 2440 2448 2439
f 2429 2150 2431
f 2149 2150 2429
f 2427 2149 2429
f 2204 2149 2427
f 2425 2204 2427
f 2203 2204 2425
f 2423 2203 2425
f 2202 2203 2423
f 2421 2202 2423
f 2153 2202 2421
f 2419 2153 2421
f 2449 345 2219
f 346 345 2449
f 2450 346 2449
f 2451 2450 2449
f 2452 2450 2451
f 2453 2452 2451
f 2454 2452 2453
f 2455 2454 2453
f 2456 2454 2455
f 2457 2456 2455
f 2458 2456 2457
f 2459 2458 2457
f 2460 2458 2459
f 2461 2460 2459
f 2462 2460 2461
f 2138 2462 2461
f 2137 2462 2138
f 2463 2462 2137
f 2120 2463 2137
f 2161 2463 2120
f 2464 2463 2161
f 2160 2464 2161
f 2465 2464 2160
f 2159 2465 2160
f 2466 2465 2159
f 2158 2466 2159
f 2467 2466 2158
f 2225 2467 2158
f 2468 2467 2225
f 2226 2468 2225
f 2469 2468 2226
f 2228 2469 2226
f 386 2469 2228
f 2470 2469 386
f 387 2470 386
f 2462 2471 2460
f 2463 2471 2462
f 2463 2472 2471
f 2473 2472 2463
f 2464 2473 2463
f 2474 2473 2464
f 2465 2474 2464
f 2475 2474 2465
f 2466 2475 2465
f 2476 2475 2466
f 2467 2476 2466
f 2477 2476 2467
f 2468 2477 2467
f 2478 2477 2468
f 2469 2478 2468
f 2470 2478 2469
f 2459 2138 2461
f 2139 2138 2459
f 2457 2139 2459
f 2140 2139 2457
f 2455 2140 2457
f 2223 2140 2455
f 2453 2223 2455
f 2221 2223 2453
f 2451 2221 2453
f 2219 2221 2451
f 2449 2219 2451
f 2479 296 2248
f 297 296 2479
f 2480 297 2479
f 2481 2480 2479
f 2482 2480 2481
f 2483 2482 2481
f 2484 2482 2483
f 2485 2484 2483
f 2486 2484 2485
f 2487 2486 2485
f 2488 2486 2487
f 2489 2488 2487
f 2490 2488 2489
f 2491 2490 2489
f 2492 2490 2491
f 2167 2492 2491
f 2166 2492 2167
f 2493 2492 2166
f 2165 2493 2166
f 2164 2493 2165
f 2494 2493 2164
f 2163 2494 2164
f 2495 2494 2163
f 2162 2495 2163
f 2496 2495 2162
f 2250 2496 2162
f 2497 2496 2250
f 2251 2497 2250
f 2498 2497 2251
f 2252 2498 2251
f 2499 2498 2252
f 2253 2499 2252
f 337 2499 2253
f 2500 2499 337
f 338 2500 337
f 2492 2501 2490
f 2493 2501 2492
f 2493 2502 2501
f 2503 2502 2493
f 2494 2503 2493
f 2504 2503 2494
f 2495 2504 2494
f 2505 2504 2495
f 2496 2505 2495
f 2506 2505 2496
f 2497 2506 2496
f 2507 2506 2497
f 2498 2507 2497
f 2508 2507 2498
f 2499 2508 2498
f 2500 2508 2499
f 2489 2167 2491
f 2168 2167 2489
f 2487 2168 2489
f 2169 2168 2487
f 2485 2169 2487
f 2170 2169 2485
f 2483 2170 2485
f 2249 2170 2483
f 2481 2249 2483
f 2248 2249 2481
f 2479 2248 2481
f 2509 247 2275
f 248 247 2509
f 2510 248 2509
f 2511 2510 2509
f 2512 2510 2511
f 2513 2512 2511
f 2514 2512 2513
f 2515 2514 2513
f 2516 2514 2515
f 2517 2516 2515
f 2518 2516 2517
f 2519 2518 2517
f 2520 2518 2519
f 2521 2520 2519
f 2522 2520 2521
f 2280 2522 2521
f 2281 2522 2280
f 2523 2522 2281
f 2282 2523 2281
f 2283 2523 2282
f 2524 2523 2283
f 2285 2524 2283
f 2525 2524 2285
f 2286 2525 2285
f 2526 2525 2286
f 2287 2526 2286
f 2527 2526 2287
f 2288 2527 2287
f 2528 2527 2288
f 2289 2528 2288
f 2529 2528 2289
f 2290 2529 2289
f 288 2529 2290
f 2530 2529 288
f 289 2530 288
f 2522 2531 2520
f 2523 2531 2522
f 2523 2532 2531
f 2533 2532 2523
f 2524 2533 2523
f 2534 2533 2524
f 2525 2534 2524
f 2535 2534 2525
f 2526 2535 2525
f 2536 2535 2526
f 2527 2536 2526
f 2537 2536 2527
f 2528 2537 2527
f 2538 2537 2528
f 2529 2538 2528
f 2530 2538 2529
f 2519 2280 2521
f 2279 2280 2519
f 2517 2279 2519
f 2278 2279 2517
f 2515 2278 2517
f 2277 2278 2515
f 2513 2277 2515
f 2276 2277 2513
f 2511 2276 2513
f 2275 2276 2511
f 2509 2275 2511
f 2539 198 2272
f 199 198 2539
f 2540 199 2539
f 2541 2540 2539
f 2542 2540 2541
f 2543 2542 2541
f 2544 2542 2543
f 2545 2544 2543
f 2546 2544 2545
f 2547 2546 2545
f 2548 2546 2547
f 2549 2548 2547
f 2550 2548 2549
f 2551 2550 2549
f 2552 2550 2551
f 2266 2552 2551
f 2264 2552 2266
f 2553 2552 2264
f 2263 2553 2264
f 2262 2553 2263
f 2554 2553 2262
f 2260 2554 2262
f 2555 2554 2260
f 2258 2555 2260
f 2556 2555 2258
f 2257 2556 2258
f 2557 2556 2257
f 2256 2557 2257
f 2558 2557 2256
f 2255 2558 2256
f 2559 2558 2255
f 2254 2559 2255
f 239 2559 2254
f 2560 2559 239
f 240 2560 239
f 2552 2561 2550
f 2553 2561 2552
f 2553 2562 2561
f 2563 2562 2553
f 2554 2563 2553
f 2564 2563 2554
f 2555 2564 2554
f 2565 2564 2555
f 2556 2565 2555
f 2566 2565 2556
f 2557 2566 2556
f 2567 2566 2557
f 2558 2567 2557
f 2568 2567 2558
f 2559 2568 2558
f 2560 2568 2559
f 2549 2266 2551
f 2267 2266 2549
f 2547 2267 2549
f 2268 2267 2547
f 2545 2268 2547
f 2270 2268 2545
f 2543 2270 2545
f 2271 2270 2543
f 2541 2271 2543
f 2272 2271 2541
f 2539 2272 2541
f 2569 149 2235
f 150 149 2569
f 2570 150 2569
f 2571 2570 2569
f 2572 2570 2571
f 2573 2572 2571
f 2574 2572 2573
f 2575 2574 2573
f 2576 2574 2575
f 2577 2576 2575
f 2578 2576 2577
f 2579 2578 2577
f 2580 2578 2579
f 2581 2580 2579
f 2582 2580 2581
f 2229 2582 2581
f 2227 2582 2229
f 2583 2582 2227
f 2224 2583 2227
f 2157 2583 2224
f 2584 2583 2157
f 2156 2584 2157
f 2585 2584 2156
f 2175 2585 2156
f 2586 2585 2175
f 2174 2586 2175
f 2587 2586 2174
f 2173 2587 2174
f 2588 2587 2173
f 2172 2588 2173
f 2589 2588 2172
f 2171 2589 2172
f 190 2589 2171
f 2590 2589 190
f 191 2590 190
f 2582 2591 2580
f 2583 2591 2582
f 2583 2592 2591
f 2593 2592 2583
f 2584 2593 2583
f 2594 2593 2584
f 2585 2594 2584
f 2595 2594 2585
f 2586 2595 2585
f 2596 2595 2586
f 2587 2596 2586
f 2597 2596 2587
f 2588 2597 2587
f 2598 2597 2588
f 2589 2598 2588
f 2590 2598 2589
f 2579 2229 2581
f 2230 2229 2579
f 2577 2230 2579
f 2231 2230 2577
f 2575 2231 2577
f 2232 2231 2575
f 2573 2232 2575
f 2234 2232 2573
f 2571 2234 2573
f 2235 2234 2571
f 2569 2235 2571
f 2599 100 2147
f 101 100 2599
f 2600 101 2599
f 2601 2600 2599
f 2602 2600 2601
f 2603 2602 2601
f 2604 2602 2603
f 2605 2604 2603
f 2606 2604 2605
f 2607 2606 2605
f 2608 2606 2607
f 2609 2608 2607
f 2610 2608 2609
f 2611 2610 2609
f 2612 2610 2611
f 2142 2612 2611
f 2141 2612 2142
f 2613 2612 2141
f 2222 2613 2141
f 2220 2613 2222
f 2614 2613 2220
f 2218 2614 2220
f 2615 2614 2218
f 2246 2615 2218
f 2616 2615 2246
f 2245 2616 2246
f 2617 2616 2245
f 2244 2617 2245
f 2618 2617 2244
f 2242 2618 2244
f 2619 2618 2242
f 2243 2619 2242
f 141 2619 2243
f 2620 2619 141
f 142 2620 141
f 2612 2621 2610
f 2613 2621 2612
f 2613 2622 2621
f 2623 2622 2613
f 2614 2623 2613
f 2624 2623 2614
f 2615 2624 2614
f 2625 2624 2615
f 2616 2625 2615
f 2626 2625 2616
f 2617 2626 2616
f 2627 2626 2617
f 2618 2627 2617
f 2628 2627 2618
f 2619 2628 2618
f 2620 2628 2619
f 2609 2142 2611
f 2143 2142 2609
f 2607 2143 2609
f 2144 2143 2607
f 2605 2144 2607
f 2145 2144 2605
f 2603 2145 2605
f 2146 2145 2603
f 2601 2146 2603
f 2147 2146 2601
f 2599 2147 2601
f 2629 51 2291
f 52 51 2629
f 2630 52 2629
f 2631 2630 2629
f 2632 2630 2631
f 2633 2632 2631
f 2634 2632 2633
f 2635 2634 2633
f 2636 2634 2635
f 2637 2636 2635
f 2638 2636 2637
f 2639 2638 2637
f 2640 2638 2639
f 2641 2640 2639
f 2642 2640 2641
f 2213 2642 2641
f 2214 2642 2213
f 2643 2642 2214
f 2215 2643 2214
f 2292 2643 2215
f 2644 2643 2292
f 2293 2644 2292
f 2645 2644 2293
f 2294 2645 2293
f 2646 2645 2294
f 2295 2646 2294
f 2647 2646 2295
f 2296 2647 2295
f 2648 2647 2296
f 2297 2648 2296
f 2649 2648 2297
f 2298 2649 2297
f 92 2649 2298
f 2650 2649 92
f 93 2650 92
f 2642 2651 2640
f 2643 2651 2642
f 2643 2652 2651
f 2653 2652 2643
f 2644 2653 2643
f 2654 2653 2644
f 2645 2654 2644
f 2655 2654 2645
f 2646 2655 2645
f 2656 2655 2646
f 2647 2656 2646
f 2657 2656 2647
f 2648 2657 2647
f 2658 2657 2648
f 2649 2658 2648
f 2650 2658 2649
f 2639 2213 2641
f 2216 2213 2639
f 2637 2216 2639
f 2217 2216 2637
f 2635 2217 2637
f 2155 2217 2635
f 2633 2155 2635
f 2154 2155 2633
f 2631 2154 2633
f 2291 2154 2631
f 2629 2291 2631
f 2659 2 4
f 2660 2 2659
f 2661 2660 2659
f 2662 2660 2661
f 2663 2662 2661
f 2664 2662 2663
f 2665 2664 2663
f 2666 2664 2665
f 2667 2666 2665
f 2668 2666 2667
f 2669 2668 2667
f 2670 2668 2669
f 2671 2670 2669
f 2672 2670 2671
f 2673 2672 2671
f 2674 2672 2673
f 2675 2672 2674
f 2676 2675 2674
f 2677 2675 2676
f 2678 2677 2676
f 2239 2677 2678
f 2238 2239 2678
f 2660 2284 2
f 2273 2284 2660
f 2662 2273 2660
f 2269 2273 2662
f 2664 2269 2662
f 2265 2269 2664
f 2666 2265 2664
f 2261 2265 2666
f 2668 2261 2666
f 2259 2261 2668
f 2670 2259 2668
f 2274 2259 2670
f 2672 2274 2670
f 2247 2274 2672
f 2240 2247 2672
f 2675 2240 2672
f 2239 2240 2675
f 2677 2239 2675
f 2679 2238 2678
f 2237 2238 2679
f 2680 2237 2679
f 2236 2237 2680
f 2681 2236 2680
f 2233 2236 2681
f 2682 2233 2681
f 2241 2233 2682
f 2683 2241 2682
f 35 2241 2683
f 37 35 2683
f 2683 2684 37
f 2682 2684 2683
f 2682 2685 2684
f 2681 2685 2682
f 2681 2686 2685
f 2680 2686 2681
f 2680 2687 2686
f 2679 2687 2680
f 2679 2688 2687
f 2678 2688 2679
f 2678 2676 2688
f 1555 1507 1508
f 1665 1507 1555
f 1870 1665 1555
f 1741 1870 1555
f 1817 1870 1741
f 1718 1817 1741
f 1611 1554 1512
f 1664 1554 1611
f 1747 1554 1664
f 1871 1747 1664
f 1713 1747 1871
f 1714 1747 1713
f 1318 2689 1356
f 2382 2689 1318
f 2381 2382 1318
f 2689 1364 1356
f 1363 1364 2689
f 1362 1363 2689
f 2689 1361 1362
f 1360 1361 2689
f 1359 1360 2689
f 2689 1358 1359
f 343 1358 2689
f 342 343 2689
f 1358 240 1357
f 314 240 1358
f 343 314 1358
f 240 1336 1357
f 241 1336 240
f 242 1336 241
f 1334 1336 242
f 243 1334 242
f 1332 1334 243
f 244 1332 243
f 1330 1332 244
f 245 1330 244
f 1328 1330 245
f 216 1328 245
f 1326 1328 216
f 1277 1326 216
f 214 1277 216
f 1275 1277 214
f 1279 1275 214
f 293 1279 214
f 1281 1279 293
f 294 1281 293
f 1283 1281 294
f 265 1283 294
f 1285 1283 265
f 263 1285 265
f 1287 1285 263
f 1289 1287 263
f 1289 503 1291
f 505 503 1289
f 262 505 1289
f 606 505 262
f 1194 606 262
f 608 606 1194
f 1193 608 1194
f 637 608 1193
f 1191 637 1193
f 636 637 1191
f 635 636 1191
f 501 1291 503
f 1292 1291 501
f 499 1292 501
f 497 1292 499
f 1294 1292 497
f 495 1294 497
f 1323 1294 495
f 491 1323 495
f 1322 1323 491
f 493 1322 491
f 1321 1322 493
f 2360 1321 493
f 2362 1321 2360
f 1320 1321 2362
f 2364 1320 2362
f 1319 1320 2364
f 2366 1319 2364
f 1318 1319 2366
f 2368 1318 2366
f 2370 1318 2368
f 2381 1318 2370
f 1269 2621 1401
f 2610 2621 1269
f 2608 2610 1269
f 2621 1409 1401
f 2456 1409 2621
f 2622 2456 2621
f 2454 2456 2622
f 2452 2454 2622
f 2456 1408 1409
f 2458 1408 2456
f 1407 1408 2458
f 2460 1407 2458
f 1406 1407 2460
f 2471 1406 2460
f 1405 1406 2471
f 1404 1405 2471
f 1404 2414 1403
f 2413 2414 1404
f 2472 2413 1404
f 2351 2413 2472
f 1492 2351 2472
f 2340 2351 1492
f 1493 2340 1492
f 2338 2340 1493
f 1494 2338 1493
f 2336 2338 1494
f 2334 2336 1494
f 2415 1403 2414
f 1402 1403 2415
f 2416 1402 2415
f 2417 1402 2416
f 1381 1402 2417
f 2418 1381 2417
f 1379 1381 2418
f 2410 1379 2418
f 1377 1379 2410
f 485 1377 2410
f 1375 1377 485
f 1373 1375 485
f 485 1371 1373
f 1228 1371 485
f 486 1228 485
f 487 1228 486
f 488 1228 487
f 489 1228 488
f 490 1228 489
f 1226 1228 490
f 1230 1226 490
f 461 1230 490
f 1232 1230 461
f 459 1232 461
f 1234 1232 459
f 458 1234 459
f 1236 1234 458
f 456 1236 458
f 1238 1236 456
f 2690 1238 456
f 1240 1238 2690
f 1242 1240 2690
f 2691 1242 2690
f 1243 1242 2691
f 1245 1243 2691
f 2691 1274 1245
f 1273 1274 2691
f 1272 1273 2691
f 2691 1271 1272
f 1270 1271 2691
f 1269 1270 2691
f 1220 2691 1446
f 2632 2691 1220
f 2630 2632 1220
f 2691 1454 1446
f 1453 1454 2691
f 1452 1453 2691
f 2691 1451 1452
f 1450 1451 2691
f 1449 1450 2691
f 2691 1448 1449
f 2690 1448 2691
f 2690 1447 1448
f 1426 1447 2690
f 1424 1426 2690
f 2690 1422 1424
f 2321 1422 2690
f 2310 2321 2690
f 1422 2323 1420
f 2322 2323 1422
f 2321 2322 1422
f 1420 2328 1418
f 2327 2328 1420
f 2326 2327 1420
f 2328 1416 1418
f 1179 1416 2328
f 2320 1179 2328
f 1177 1179 2320
f 1181 1177 2320
f 2320 1183 1181
f 632 1183 2320
f 1185 1183 632
f 633 1185 632
f 1187 1185 633
f 634 1187 633
f 1189 1187 634
f 635 1189 634
f 1191 1189 635
f 260 1194 262
f 1196 1194 260
f 1225 1196 260
f 258 1225 260
f 1224 1225 258
f 256 1224 258
f 1223 1224 256
f 254 1223 256
f 1222 1223 254
f 64 1222 254
f 1221 1222 64
f 1220 1221 64
f 1171 542 1491
f 540 542 1171
f 544 540 1171
f 542 1499 1491
f 1498 1499 542
f 1497 1498 542
f 2330 1497 542
f 1496 1497 2330
f 2332 1496 2330
f 1495 1496 2332
f 2334 1495 2332
f 1494 1495 2334
f 2473 1492 2472
f 1471 1492 2473
f 1469 1471 2473
f 2474 1469 2473
f 1467 1469 2474
f 2475 1467 2474
f 1465 1467 2475
f 2476 1465 2475
f 1463 1465 2476
f 2593 1463 2476
f 1461 1463 2593
f 1130 1461 2593
f 1130 338 1128
f 2500 338 1130
f 2508 2500 1130
f 338 1132 1128
f 1134 1132 338
f 1136 1134 338
f 338 1138 1136
f 1140 1138 338
f 1142 1140 338
f 2689 1142 338
f 1144 1142 2689
f 1145 1144 2689
f 2689 1147 1145
f 1176 1147 2689
f 1175 1176 2689
f 2689 1174 1175
f 1173 1174 2689
f 1172 1173 2689
f 2689 1171 1172
f 556 1171 2689
f 2692 556 2689
f 557 556 2692
f 559 557 2692
f 1420 2325 2326
f 2324 2325 1420
f 2323 2324 1420
f 2690 2308 2310
f 2306 2308 2690
f 1665 2306 2690
f 2304 2306 1665
f 2302 2304 1665
f 1665 2300 2302
f 591 2300 1665
f 589 591 1665
f 1665 593 589
f 595 593 1665
f 597 595 1665
f 1665 599 597
f 601 599 1665
f 603 601 1665
f 1665 605 603
f 606 605 1665
f 1870 606 1665
f 505 606 1870
f 507 505 1870
f 583 1871 2350
f 2692 1871 583
f 584 2692 583
f 585 2692 584
f 586 2692 585
f 587 2692 586
f 588 2692 587
f 559 2692 588
f 1871 2358 2350
f 2357 2358 1871
f 2356 2357 1871
f 1871 2355 2356
f 2354 2355 1871
f 2353 2354 1871
f 1871 2352 2353
f 2351 2352 1871
f 2413 2351 1871
f 1171 546 544
f 548 546 1171
f 550 548 1171
f 1171 552 550
f 554 552 1171
f 556 554 1171
f 534 2692 2380
f 1870 2692 534
f 535 1870 534
f 536 1870 535
f 537 1870 536
f 538 1870 537
f 539 1870 538
f 510 1870 539
f 508 1870 510
f 507 1870 508
f 2692 2388 2380
f 2387 2388 2692
f 2386 2387 2692
f 2692 2385 2386
f 2384 2385 2692
f 2383 2384 2692
f 2692 2382 2383
f 2689 2382 2692
f 1664 2413 1871
f 2412 2413 1664
f 2411 2412 1664
f 1664 2400 2411
f 2398 2400 1664
f 2396 2398 1664
f 1664 2394 2396
f 2392 2394 1664
f 2390 2392 1664
f 1664 444 2390
f 442 444 1664
f 446 442 1664
f 1664 448 446
f 450 448 1664
f 2690 450 1664
f 452 450 2690
f 454 452 2690
f 2690 456 454
f 436 39 2440
f 38 39 436
f 15 38 436
f 39 2448 2440
f 40 2448 39
f 2447 2448 40
f 2446 2447 40
f 40 2445 2446
f 2444 2445 40
f 41 2444 40
f 2443 2444 41
f 2442 2443 41
f 2442 111 2441
f 42 111 2442
f 41 42 2442
f 2441 107 2430
f 109 107 2441
f 111 109 2441
f 105 2430 107
f 2428 2430 105
f 103 2428 105
f 1269 2428 103
f 99 1269 103
f 101 1269 99
f 2600 1269 101
f 2602 1269 2600
f 2604 1269 2602
f 2606 1269 2604
f 2608 1269 2606
f 1269 2426 2428
f 2424 2426 1269
f 2422 2424 1269
f 1269 2420 2422
f 395 2420 1269
f 2691 395 1269
f 393 395 2691
f 397 393 2691
f 2691 399 397
f 401 399 2691
f 403 401 2691
f 2691 405 403
f 2634 405 2691
f 2632 2634 2691
f 2634 407 405
f 409 407 2634
f 410 409 2634
f 2634 412 410
f 441 412 2634
f 440 441 2634
f 2634 439 440
f 438 439 2634
f 437 438 2634
f 2634 436 437
f 2636 436 2634
f 15 436 2636
f 2638 15 2636
f 2640 15 2638
f 13 15 2640
f 2651 13 2640
f 2652 13 2651
f 2653 13 2652
f 11 13 2653
f 2654 11 2653
f 2655 11 2654
f 2656 11 2655
f 2657 11 2656
f 2658 11 2657
f 2650 11 2658
f 93 11 2650
f 9 11 93
f 7 9 93
f 387 2591 2470
f 2580 2591 387
f 2578 2580 387
f 2591 2478 2470
f 2592 2478 2591
f 2477 2478 2592
f 2476 2477 2592
f 1404 2471 2472
f 2623 2452 2622
f 2450 2452 2623
f 346 2450 2623
f 2624 346 2623
f 344 346 2624
f 2625 344 2624
f 348 344 2625
f 2626 348 2625
f 350 348 2626
f 2627 350 2626
f 352 350 2627
f 2628 352 2627
f 354 352 2628
f 36 354 2628
f 356 354 36
f 358 356 36
f 37 358 36
f 360 358 37
f 361 360 37
f 2684 361 37
f 363 361 2684
f 392 363 2684
f 2685 392 2684
f 391 392 2685
f 390 391 2685
f 2685 389 390
f 388 389 2685
f 387 388 2685
f 1130 2507 2508
f 2506 2507 1130
f 2505 2506 1130
f 191 2505 1130
f 2504 2505 191
f 2503 2504 191
f 191 2502 2503
f 2501 2502 191
f 2490 2501 191
f 191 2488 2490
f 2486 2488 191
f 2484 2486 191
f 2484 2674 2482
f 2676 2674 2484
f 196 2676 2484
f 167 2676 196
f 2688 2676 167
f 165 2688 167
f 164 2688 165
f 162 2688 164
f 2687 2688 162
f 160 2687 162
f 158 2687 160
f 156 2687 158
f 2686 2687 156
f 154 2686 156
f 152 2686 154
f 148 2686 152
f 2685 2686 148
f 150 2685 148
f 2570 2685 150
f 2572 2685 2570
f 2574 2685 2572
f 387 2685 2574
f 2576 387 2574
f 2578 387 2576
f 2673 2482 2674
f 2480 2482 2673
f 297 2480 2673
f 2673 295 297
f 299 295 2673
f 301 299 2673
f 301 240 303
f 2560 240 301
f 2568 2560 301
f 240 305 303
f 307 305 240
f 309 307 240
f 240 311 309
f 312 311 240
f 314 312 240
f 2689 341 342
f 340 341 2689
f 339 340 2689
f 2689 338 339
f 289 2661 2530
f 203 2661 289
f 205 203 289
f 2661 2538 2530
f 2537 2538 2661
f 2536 2537 2661
f 2661 2535 2536
f 2659 2535 2661
f 2534 2535 2659
f 2533 2534 2659
f 4 2533 2659
f 2532 2533 4
f 2531 2532 4
f 5 2531 4
f 2520 2531 5
f 2518 2520 5
f 95 2518 5
f 2516 2518 95
f 96 2516 95
f 2514 2516 96
f 97 2514 96
f 2512 2514 97
f 98 2512 97
f 2510 2512 98
f 69 2510 98
f 248 2510 69
f 67 248 69
f 246 248 67
f 250 246 67
f 66 250 67
f 252 250 66
f 254 252 66
f 1289 263 262
f 213 293 214
f 292 293 213
f 291 292 213
f 211 291 213
f 290 291 211
f 289 290 211
f 301 2567 2568
f 2566 2567 301
f 2565 2566 301
f 301 2564 2565
f 2563 2564 301
f 2673 2563 301
f 2671 2563 2673
f 2669 2563 2671
f 2667 2563 2669
f 2562 2563 2667
f 2561 2562 2667
f 2665 2561 2667
f 2550 2561 2665
f 2548 2550 2665
f 2665 2546 2548
f 2663 2546 2665
f 2544 2546 2663
f 2542 2544 2663
f 2663 2540 2542
f 2661 2540 2663
f 199 2540 2661
f 197 199 2661
f 2661 201 197
f 203 201 2661
f 289 207 205
f 209 207 289
f 211 209 289
f 1130 2590 191
f 2598 2590 1130
f 2597 2598 1130
f 1130 2596 2597
f 2595 2596 1130
f 2594 2595 1130
f 1130 2593 2594
f 2476 2592 2593
f 2484 195 196
f 194 195 2484
f 193 194 2484
f 2484 192 193
f 191 192 2484
f 142 45 2620
f 44 45 142
f 43 44 142
f 45 2628 2620
f 36 2628 45
f 42 113 111
f 115 113 42
f 116 115 42
f 43 116 42
f 118 116 43
f 147 118 43
f 43 146 147
f 145 146 43
f 144 145 43
f 43 143 144
f 142 143 43
f 1220 52 2630
f 50 52 1220
f 54 50 1220
f 1220 56 54
f 58 56 1220
f 60 58 1220
f 1220 62 60
f 64 62 1220
f 254 66 64
f 7 95 5
f 94 95 7
f 93 94 7
f 2690 1664 1665
f 2692 1870 1871
f 2693 2694 2695
f 2696 2694 2693
f 2697 2696 2693
f 2698 2696 2697
f 2697 2698 2699
f 2699 2698 2700
f 2699 2700 2701
f 2701 2700 2702
f 2701 2702 2703
f 2703 2702 2704
f 2704 2702 2705
f 2704 2705 2706
f 2706 2705 2707
f 2706 2707 2708
f 2708 2707 2709
f 2709 2707 2710
f 2709 2710 2711
f 2711 2710 2712
f 2711 2712 2713
f 2713 2712 2714
f 2713 2714 2715
f 2715 2714 2716
f 2715 2716 2717
f 2717 2716 2718
f 2718 2716 2719
f 2718 2719 2720
f 2720 2719 2721
f 2720 2721 2722
f 2722 2721 2723
f 2722 2723 2724
f 2724 2723 2725
f 2724 2725 2726
f 2726 2725 2727
f 2726 2727 2728
f 2728 2727 2729
f 2729 2727 2730
f 2730 2727 2731
f 2731 2727 2725
f 2731 2725 2732
f 2732 2725 2723
f 2732 2723 2733
f 2733 2723 2721
f 2733 2721 2734
f 2734 2721 2719
f 2734 2719 2735
f 2735 2719 2716
f 2735 2716 2736
f 2736 2716 2714
f 2736 2714 2712
f 2696 2737 2694
f 2738 2737 2696
f 2698 2738 2696
f 2698 2738 2739
f 2698 2739 2700
f 2700 2739 2740
f 2700 2740 2702
f 2702 2740 2741
f 2702 2741 2705
f 2705 2741 2742
f 2705 2742 2707
f 2707 2742 2743
f 2707 2743 2710
f 2710 2743 2744
f 2710 2744 2745
f 2710 2745 2712
f 2712 2745 2736
f 2746 2747 2748
f 2748 2747 2749
f 2748 2749 2750
f 2750 2749 2751
f 2750 2751 2752
f 2752 2751 2753
f 2752 2753 2754
f 2754 2753 2755
f 2754 2755 2756
f 2756 2755 2757
f 2756 2757 2758
f 2758 2757 2759
f 2758 2759 2760
f 2760 2759 2761
f 2760 2761 2762
f 2762 2761 2763
f 2763 2761 2764
f 2763 2764 2765
f 2765 2764 2766
f 2765 2766 2767
f 2767 2766 2768
f 2767 2768 2769
f 2747 2770 2749
f 2749 2770 2771
f 2749 2771 2751
f 2751 2771 2772
f 2751 2772 2753
f 2753 2772 2773
f 2753 2773 2755
f 2755 2773 2774
f 2755 2774 2757
f 2757 2774 2775
f 2757 2775 2759
f 2759 2775 2776
f 2759 2776 2761
f 2761 2776 2777
f 2761 2777 2778
f 2761 2778 2764
f 2764 2778 2768
f 2764 2768 2766
f 2767 2769 2779
f 2779 2769 2780
f 2779 2780 2781
f 2781 2780 2782
f 2781 2782 2783
f 2783 2782 2784
f 2783 2784 2785
f 2785 2784 2786
f 2785 2786 2787
f 2787 2786 2788
f 2787 2788 2789
f 2789 2790 2787
f 2787 2790 2785
f 2790 2791 2785
f 2785 2791 2783
f 2791 2792 2783
f 2783 2792 2781
f 2792 2793 2781
f 2781 2793 2779
f 2793 2794 2779
f 2779 2794 2767
f 2794 2765 2767
f 2795 2796 2797
f 2797 2796 2798
f 2797 2798 2799
f 2799 2798 2800
f 2799 2800 2801
f 2801 2800 2802
f 2801 2802 2803
f 2803 2802 2804
f 2803 2804 2805
f 2805 2804 2806
f 2805 2806 2807
f 2807 2806 2808
f 2807 2808 2809
f 2809 2808 2810
f 2809 2810 2811
f 2811 2810 2812
f 2812 2810 2813
f 2812 2813 2814
f 2814 2813 2815
f 2814 2815 2816
f 2816 2815 2817
f 2816 2817 2818
f 2796 2819 2798
f 2798 2819 2820
f 2798 2820 2800
f 2800 2820 2821
f 2800 2821 2822
f 2800 2822 2802
f 2802 2822 2823
f 2802 2823 2804
f 2804 2823 2824
f 2804 2824 2825
f 2804 2825 2806
f 2806 2825 2826
f 2806 2826 2808
f 2808 2826 2827
f 2808 2827 2828
f 2808 2828 2810
f 2810 2828 2829
f 2810 2829 2813
f 2813 2829 2830
f 2813 2830 2831
f 2813 2831 2815
f 2815 2831 2817
f 2816 2818 2832
f 2832 2818 2833
f 2832 2833 2834
f 2834 2833 2835
f 2834 2835 2836
f 2836 2835 2837
f 2836 2837 2838
f 2838 2837 2839
f 2838 2839 2840
f 2840 2839 2841
f 2840 2841 2842
f 2842 2843 2840
f 2840 2843 2838
f 2843 2844 2838
f 2838 2844 2836
f 2844 2845 2836
f 2836 2845 2834
f 2845 2846 2834
f 2834 2846 2832
f 2846 2847 2832
f 2832 2847 2816
f 2847 2814 2816
f 2848 2849 2850
f 2851 2849 2848
f 2852 2851 2848
f 2853 2851 2852
f 2854 2853 2852
f 2855 2853 2854
f 2856 2855 2854
f 2857 2855 2856
f 2858 2857 2856
f 2859 2857 2858
f 2860 2859 2858
f 2861 2859 2860
f 2862 2861 2860
f 2863 2861 2862
f 2864 2863 2862
f 2865 2863 2864
f 2866 2863 2865
f 2867 2866 2865
f 2868 2866 2867
f 2869 2868 2867
f 2870 2868 2869
f 2871 2870 2869
f 2851 2872 2849
f 2873 2872 2851
f 2853 2873 2851
f 2874 2873 2853
f 2855 2874 2853
f 2875 2874 2855
f 2857 2875 2855
f 2876 2875 2857
f 2877 2876 2857
f 2859 2877 2857
f 2878 2877 2859
f 2861 2878 2859
f 2879 2878 2861
f 2880 2879 2861
f 2863 2880 2861
f 2881 2880 2863
f 2866 2881 2863
f 2882 2881 2866
f 2868 2882 2866
f 2870 2882 2868
f 2869 2883 2871
f 2884 2883 2869
f 2885 2884 2869
f 2886 2884 2885
f 2887 2884 2886
f 2888 2887 2886
f 2889 2887 2888
f 2890 2889 2888
f 2891 2889 2890
f 2892 2891 2890
f 2893 2891 2892
f 2894 2893 2892
f 2895 2893 2894
f 2896 2895 2894
f 2884 2897 2883
f 2887 2897 2884
f 2887 2898 2897
f 2889 2898 2887
f 2889 2899 2898
f 2891 2899 2889
f 2891 2900 2899
f 2893 2900 2891
f 2893 2895 2900
f 2869 2867 2885
f 2901 2902 2903
f 2903 2902 2904
f 2903 2904 2905
f 2905 2904 2906
f 2905 2906 2907
f 2907 2906 2908
f 2907 2908 2909
f 2909 2908 2910
f 2909 2910 2911
f 2911 2910 2912
f 2911 2912 2913
f 2913 2912 2914
f 2913 2914 2915
f 2915 2914 2916
f 2915 2916 2917
f 2917 2916 2918
f 2918 2916 2919
f 2918 2919 2920
f 2920 2919 2921
f 2920 2921 2922
f 2922 2921 2923
f 2922 2923 2924
f 2902 2925 2904
f 2904 2925 2926
f 2904 2926 2906
f 2906 2926 2927
f 2906 2927 2908
f 2908 2927 2928
f 2908 2928 2910
f 2910 2928 2929
f 2910 2929 2912
f 2912 2929 2930
f 2912 2930 2914
f 2914 2930 2931
f 2914 2931 2916
f 2916 2931 2932
f 2916 2932 2933
f 2916 2933 2919
f 2919 2933 2923
f 2919 2923 2921
f 2922 2924 2934
f 2934 2924 2935
f 2934 2935 2936
f 2936 2935 2937
f 2936 2937 2938
f 2938 2937 2939
f 2938 2939 2940
f 2940 2939 2941
f 2940 2941 2942
f 2942 2941 2943
f 2942 2943 2944
f 2944 2945 2942
f 2942 2945 2940
f 2945 2946 2940
f 2940 2946 2938
f 2946 2947 2938
f 2938 2947 2936
f 2947 2948 2936
f 2936 2948 2934
f 2948 2949 2934
f 2934 2949 2922
f 2949 2920 2922
f 2950 2951 2952
f 2953 2951 2950
f 2954 2953 2950
f 2955 2953 2954
f 2956 2955 2954
f 2957 2955 2956
f 2958 2957 2956
f 2959 2957 2958
f 2960 2959 2958
f 2961 2959 2960
f 2962 2961 2960
f 2963 2961 2962
f 2964 2963 2962
f 2965 2963 2964
f 2966 2965 2964
f 2967 2965 2966
f 2968 2965 2967
f 2969 2968 2967
f 2970 2968 2969
f 2971 2970 2969
f 2972 2970 2971
f 2973 2972 2971
f 2953 2974 2951
f 2975 2974 2953
f 2955 2975 2953
f 2976 2975 2955
f 2957 2976 2955
f 2977 2976 2957
f 2959 2977 2957
f 2978 2977 2959
f 2961 2978 2959
f 2979 2978 2961
f 2963 2979 2961
f 2980 2979 2963
f 2965 2980 2963
f 2981 2980 2965
f 2982 2981 2965
f 2968 2982 2965
f 2972 2982 2968
f 2970 2972 2968
f 2983 2973 2971
f 2984 2973 2983
f 2985 2984 2983
f 2986 2984 2985
f 2987 2986 2985
f 2988 2986 2987
f 2989 2988 2987
f 2990 2988 2989
f 2991 2990 2989
f 2992 2990 2991
f 2993 2992 2991
f 2991 2994 2993
f 2989 2994 2991
f 2989 2995 2994
f 2987 2995 2989
f 2987 2996 2995
f 2985 2996 2987
f 2985 2997 2996
f 2983 2997 2985
f 2983 2998 2997
f 2971 2998 2983
f 2971 2969 2998
f 2999 3000 3001
f 3002 3000 2999
f 3003 3002 2999
f 3004 3002 3003
f 3005 3004 3003
f 3006 3004 3005
f 3007 3004 3006
f 3008 3007 3006
f 3009 3007 3008
f 3010 3009 3008
f 3011 3009 3010
f 3012 3009 3011
f 3013 3012 3011
f 3014 3012 3013
f 3015 3014 3013
f 3016 3014 3015
f 3017 3014 3016
f 3018 3017 3016
f 3019 3017 3018
f 3020 3019 3018
f 3021 3019 3020
f 3022 3019 3021
f 3023 3022 3021
f 3024 3022 3023
f 3025 3024 3023
f 3026 3024 3025
f 3027 3026 3025
f 3028 3026 3027
f 3029 3028 3027
f 3030 3028 3029
f 3031 3030 3029
f 3032 3030 3031
f 3033 3032 3031
f 3034 3032 3033
f 3035 3034 3033
f 3036 3034 3035
f 3037 3034 3036
f 3032 3034 3037
f 3038 3032 3037
f 3030 3032 3038
f 3039 3030 3038
f 3028 3030 3039
f 3040 3028 3039
f 3026 3028 3040
f 3041 3026 3040
f 3024 3026 3041
f 3042 3024 3041
f 3022 3024 3042
f 3019 3022 3042
f 3002 3043 3000
f 3044 3043 3002
f 3004 3044 3002
f 3045 3044 3004
f 3007 3045 3004
f 3046 3045 3007
f 3009 3046 3007
f 3047 3046 3009
f 3012 3047 3009
f 3048 3047 3012
f 3014 3048 3012
f 3049 3048 3014
f 3017 3049 3014
f 3050 3049 3017
f 3051 3050 3017
f 3019 3051 3017
f 3042 3051 3019
f 3052 3053 3054
f 3055 3053 3052
f 3056 3055 3052
f 3057 3055 3056
f 3058 3057 3056
f 3059 3057 3058
f 3060 3059 3058
f 3061 3059 3060
f 3062 3061 3060
f 3063 3061 3062
f 3064 3063 3062
f 3065 3063 3064
f 3066 3065 3064
f 3067 3065 3066
f 3068 3067 3066
f 3069 3067 3068
f 3070 3067 3069
f 3071 3070 3069
f 3072 3070 3071
f 3073 3072 3071
f 3074 3072 3073
f 3075 3074 3073
f 3055 3076 3053
f 3077 3076 3055
f 3057 3077 3055
f 3078 3077 3057
f 3059 3078 3057
f 3079 3078 3059
f 3061 3079 3059
f 3080 3079 3061
f 3063 3080 3061
f 3081 3080 3063
f 3065 3081 3063
f 3082 3081 3065
f 3067 3082 3065
f 3083 3082 3067
f 3084 3083 3067
f 3070 3084 3067
f 3074 3084 3070
f 3072 3074 3070
f 3085 3075 3073
f 3086 3075 3085
f 3087 3086 3085
f 3088 3086 3087
f 3089 3088 3087
f 3090 3088 3089
f 3091 3090 3089
f 3092 3090 3091
f 3093 3092 3091
f 3094 3092 3093
f 3095 3094 3093
f 3093 3096 3095
f 3091 3096 3093
f 3091 3097 3096
f 3089 3097 3091
f 3089 3098 3097
f 3087 3098 3089
f 3087 3099 3098
f 3085 3099 3087
f 3085 3100 3099
f 3073 3100 3085
f 3073 3071 3100
f 3101 3102 3103
f 3103 3102 3104
f 3103 3104 3105
f 3105 3104 3106
f 3105 3106 3107
f 3107 3106 3108
f 3107 3108 3109
f 3109 3108 3110
f 3109 3110 3111
f 3111 3110 3112
f 3111 3112 3113
f 3113 3112 3114
f 3113 3114 3115
f 3115 3114 3116
f 3115 3116 3117
f 3117 3116 3118
f 3118 3116 3119
f 3118 3119 3120
f 3120 3119 3121
f 3120 3121 3122
f 3122 3121 3123
f 3122 3123 3124
f 3102 3125 3104
f 3104 3125 3126
f 3104 3126 3106
f 3106 3126 3127
f 3106 3127 3108
f 3108 3127 3128
f 3108 3128 3110
f 3110 3128 3129
f 3110 3129 3112
f 3112 3129 3130
f 3112 3130 3114
f 3114 3130 3131
f 3114 3131 3116
f 3116 3131 3132
f 3116 3132 3133
f 3116 3133 3119
f 3119 3133 3123
f 3119 3123 3121
f 3122 3124 3134
f 3134 3124 3135
f 3134 3135 3136
f 3136 3135 3137
f 3136 3137 3138
f 3138 3137 3139
f 3138 3139 3140
f 3140 3139 3141
f 3140 3141 3142
f 3142 3141 3143
f 3142 3143 3144
f 3144 3145 3142
f 3142 3145 3140
f 3145 3146 3140
f 3140 3146 3138
f 3146 3147 3138
f 3138 3147 3136
f 3147 3148 3136
f 3136 3148 3134
f 3148 3149 3134
f 3134 3149 3122
f 3149 3120 3122
f 3150 3151 3152
f 3153 3151 3150
f 3154 3153 3150
f 3155 3153 3154
f 3156 3155 3154
f 3157 3155 3156
f 3158 3157 3156
f 3159 3157 3158
f 3160 3159 3158
f 3161 3159 3160
f 3162 3161 3160
f 3163 3161 3162
f 3164 3163 3162
f 3165 3163 3164
f 3166 3165 3164
f 3167 3165 3166
f 3168 3165 3167
f 3169 3168 3167
f 3170 3168 3169
f 3171 3170 3169
f 3172 3170 3171
f 3173 3172 3171
f 3153 3174 3151
f 3175 3174 3153
f 3155 3175 3153
f 3176 3175 3155
f 3157 3176 3155
f 3177 3176 3157
f 3159 3177 3157
f 3178 3177 3159
f 3161 3178 3159
f 3179 3178 3161
f 3163 3179 3161
f 3180 3179 3163
f 3165 3180 3163
f 3181 3180 3165
f 3182 3181 3165
f 3168 3182 3165
f 3172 3182 3168
f 3170 3172 3168
f 3183 3173 3171
f 3184 3173 3183
f 3185 3184 3183
f 3186 3184 3185
f 3187 3186 3185
f 3188 3186 3187
f 3189 3188 3187
f 3190 3188 3189
f 3191 3190 3189
f 3192 3190 3191
f 3193 3192 3191
f 3191 3194 3193
f 3189 3194 3191
f 3189 3195 3194
f 3187 3195 3189
f 3195 3196 3187
f 3185 3196 3187
f 3185 3197 3196
f 3183 3197 3185
f 3183 3198 3197
f 3171 3198 3183
f 3171 3169 3198
f 3199 3200 3201
f 3202 3200 3199
f 3203 3202 3199
f 3204 3202 3203
f 3205 3204 3203
f 3206 3204 3205
f 3207 3206 3205
f 3208 3206 3207
f 3209 3208 3207
f 3210 3208 3209
f 3211 3210 3209
f 3212 3210 3211
f 3213 3212 3211
f 3214 3212 3213
f 3215 3214 3213
f 3216 3214 3215
f 3217 3214 3216
f 3218 3217 3216
f 3219 3217 3218
f 3220 3219 3218
f 3221 3219 3220
f 3222 3221 3220
f 3202 3223 3200
f 3224 3223 3202
f 3204 3224 3202
f 3225 3224 3204
f 3206 3225 3204
f 3226 3225 3206
f 3208 3226 3206
f 3227 3226 3208
f 3210 3227 3208
f 3228 3227 3210
f 3212 3228 3210
f 3229 3228 3212
f 3214 3229 3212
f 3230 3229 3214
f 3231 3230 3214
f 3217 3231 3214
f 3221 3231 3217
f 3219 3221 3217
f 3232 3222 3220
f 3233 3222 3232
f 3232 3233 3234
f 3234 3233 3235
f 3234 3235 3236
f 3236 3235 3237
f 3238 3237 3236
f 3239 3237 3238
f 3240 3239 3238
f 3241 3239 3240
f 3242 3241 3240
f 3240 3243 3242
f 3238 3243 3240
f 3238 3244 3243
f 3236 3244 3238
f 3236 3245 3244
f 3236 3245 3234
f 3245 3246 3234
f 3234 3246 3232
f 3246 3247 3232
f 3220 3247 3232
f 3220 3218 3247
f 3248 3249 3250
f 3250 3249 3251
f 3250 3251 3252
f 3252 3251 3253
f 3252 3253 3254
f 3254 3253 3255
f 3254 3255 3256
f 3256 3255 3257
f 3256 3257 3258
f 3258 3257 3259
f 3258 3259 3260
f 3260 3259 3261
f 3260 3261 3262
f 3262 3261 3263
f 3262 3263 3264
f 3264 3263 3265
f 3265 3263 3266
f 3265 3266 3267
f 3267 3266 3268
f 3267 3268 3269
f 3269 3268 3270
f 3269 3270 3271
f 3271 3270 3272
f 3271 3272 3273
f 3273 3272 3274
f 3273 3274 3275
f 3275 3274 3276
f 3275 3276 3277
f 3277 3276 3278
f 3277 3278 3279
f 3279 3278 3280
f 3280 3278 3281
f 3280 3281 3282
f 3282 3281 3283
f 3282 3283 3284
f 3284 3283 3285
f 3284 3285 3286
f 3286 3285 3287
f 3286 3287 3288
f 3288 3287 3289
f 3288 3289 3290
f 3249 3291 3251
f 3251 3291 3292
f 3251 3292 3253
f 3253 3292 3293
f 3253 3293 3255
f 3255 3293 3294
f 3255 3294 3257
f 3257 3294 3295
f 3257 3295 3259
f 3259 3295 3296
f 3259 3296 3261
f 3261 3296 3297
f 3261 3297 3263
f 3263 3297 3298
f 3263 3298 3299
f 3263 3299 3266
f 3266 3299 3300
f 3266 3300 3268
f 3268 3300 3301
f 3268 3301 3270
f 3270 3301 3302
f 3270 3302 3272
f 3272 3302 3303
f 3272 3303 3274
f 3274 3303 3304
f 3274 3304 3276
f 3276 3304 3305
f 3276 3305 3278
f 3278 3305 3306
f 3278 3306 3307
f 3278 3307 3281
f 3281 3307 3308
f 3281 3308 3283
f 3283 3308 3309
f 3283 3309 3285
f 3285 3309 3289
f 3285 3289 3287
f 3288 3290 3310
f 3310 3290 3311
f 3310 3311 3312
f 3312 3311 3313
f 3312 3313 3314
f 3314 3313 3315
f 3314 3315 3316
f 3316 3315 3317
f 3316 3317 3318
f 3318 3317 3319
f 3318 3319 3320
f 3320 3319 3321
f 3320 3321 3322
f 3322 3321 3323
f 3323 3321 3324
f 3323 3324 3325
f 3325 3324 3326
f 3325 3326 3327
f 3327 3326 3328
f 3327 3328 3329
f 3329 3328 3330
f 3329 3330 3331
f 3331 3330 3332
f 3331 3332 3333
f 3333 3332 3334
f 3334 3332 3335
f 3335 3332 3330
f 3335 3330 3336
f 3336 3330 3328
f 3336 3328 3337
f 3337 3328 3326
f 3337 3326 3338
f 3338 3326 3324
f 3338 3324 3339
f 3339 3324 3321
f 3339 3321 3319
f 3320 3322 3318
f 3318 3322 3340
f 3318 3340 3316
f 3316 3340 3341
f 3316 3341 3314
f 3314 3341 3342
f 3314 3342 3312
f 3312 3342 3343
f 3312 3343 3310
f 3310 3343 3344
f 3310 3344 3288
f 3288 3344 3286
f 3345 1784 1786
f 3346 1784 3345
f 3347 3346 3345
f 3347 3348 3349
f 3350 3348 3347
f 3345 3350 3347
f 1786 3350 3345
f 3351 3349 3348
f 3352 3349 3351
f 3353 3352 3351
f 3354 3352 3353
f 1756 3354 3353
f 1760 3354 1756
f 3355 3354 1760
f 3356 3355 1760
f 3357 3355 3356
f 3358 3357 3356
f 3354 3357 3352
f 3355 3357 3354
f 3358 3359 3360
f 3361 3359 3358
f 3356 3361 3358
f 1742 3361 3356
f 1760 1742 3356
f 3362 3360 3359
f 3363 3360 3362
f 3364 3363 3362
f 3365 3363 3364
f 1803 3365 3364
f 1803 3365 1806
f 1806 3365 3366
f 1806 3366 3367
f 3367 3366 3368
f 3367 3368 3369
f 3365 3368 3363
f 3365 3368 3366
f 3370 3369 3367
f 3371 3369 3370
f 3370 3371 3372
f 3372 3371 3373
f 3372 3373 1738
f 1738 3373 1735
f 1735 3373 3374
f 1731 3374 1735
f 3375 3374 1731
f 1727 3375 1731
f 3376 3375 1727
f 1725 3376 1727
f 3377 3376 1725
f 1766 3377 1725
f 3378 3377 1766
f 1767 3378 1766
f 3379 3378 1767
f 3380 3378 3379
f 3377 3378 3380
f 3381 3377 3380
f 3376 3377 3381
f 3382 3376 3381
f 3375 3376 3382
f 3383 3375 3382
f 3374 3375 3383
f 3383 3374 3384
f 3384 3374 3373
f 3384 3373 3371
f 3372 1738 3370
f 3370 1738 1812
f 3367 1812 3370
f 1806 1812 3367
f 3362 1803 3364
f 1744 1803 3362
f 3359 1744 3362
f 1742 1744 3359
f 3361 1742 3359
f 3351 1756 3353
f 1754 1756 3351
f 3348 1754 3351
f 1786 1754 3348
f 3350 1786 3348
f 3385 3386 3387
f 3387 3386 3388
f 3387 3388 3389
f 3390 3391 3389
f 3389 3391 3392
f 3389 3392 3387
f 3387 3392 3385
f 3391 3390 3393
f 3393 3390 3394
f 3393 3394 3395
f 3396 3394 3395
f 3397 3396 3395
f 3398 3396 3397
f 3399 3396 3398
f 3400 3399 3398
f 3401 3399 3400
f 3402 3401 3400
f 3396 3401 3394
f 3399 3401 3396
f 3402 3403 3404
f 3405 3403 3402
f 3400 3405 3402
f 3406 3405 3400
f 3398 3406 3400
f 3407 3404 3403
f 3408 3404 3407
f 3409 3408 3407
f 3410 3408 3409
f 3411 3410 3409
f 3411 3410 3412
f 3412 3410 3413
f 3412 3413 3414
f 3415 3413 3414
f 3416 3415 3414
f 3410 3415 3408
f 3413 3415 3410
f 3417 3416 3414
f 3418 3416 3417
f 3417 3418 3419
f 3419 3418 3420
f 3419 3420 3421
f 3421 3420 3422
f 3422 3420 3423
f 3422 3423 3424
f 3424 3423 3425
f 3424 3425 3426
f 3426 3425 3427
f 3426 3427 3428
f 3428 3427 3429
f 3428 3429 3430
f 3430 3429 3431
f 3430 3431 3432
f 3432 3431 3433
f 3433 3431 3434
f 3434 3431 3429
f 3434 3429 3435
f 3435 3429 3427
f 3435 3427 3436
f 3436 3427 3425
f 3436 3425 3437
f 3437 3425 3423
f 3437 3423 3438
f 3438 3423 3420
f 3438 3420 3418
f 3419 3421 3417
f 3417 3421 3439
f 3417 3439 3414
f 3414 3439 3412
f 3409 3411 3407
f 3407 3411 3440
f 3403 3440 3407
f 3406 3440 3403
f 3405 3406 3403
f 3395 3397 3393
f 3393 3397 3441
f 3393 3441 3391
f 3391 3441 3385
f 3391 3385 3392
f 3442 3388 3443
f 3443 3388 3386
f 3443 3386 3444
f 3443 3444 3445
f 3445 3444 3446
f 3445 3446 3447
f 3447 3446 3448
f 3447 3448 3449
f 3450 3448 3449
f 3451 3450 3449
f 3452 3450 3451
f 3453 3452 3451
f 3454 3452 3453
f 3455 3454 3453
f 3456 3454 3455
f 3457 3456 3455
f 3458 3456 3457
f 3459 3456 3458
f 3460 3459 3458
f 3461 3459 3460
f 3462 3461 3460
f 3463 3461 3462
f 3464 3463 3462
f 3456 3465 3454
f 3459 3465 3456
f 3459 3463 3465
f 3461 3463 3459
f 3464 3466 3467
f 3468 3466 3464
f 3462 3468 3464
f 3469 3468 3462
f 3460 3469 3462
f 3470 3467 3466
f 3471 3467 3470
f 3472 3471 3470
f 3473 3471 3472
f 3474 3473 3472
f 3475 3473 3474
f 3476 3473 3475
f 3477 3476 3475
f 3478 3476 3477
f 3479 3478 3477
f 3473 3478 3471
f 3476 3478 3473
f 3479 3480 3481
f 3482 3480 3479
f 3477 3482 3479
f 3483 3482 3477
f 3475 3483 3477
f 3484 3481 3480
f 3485 3481 3484
f 3484 3485 3486
f 3486 3485 3487
f 3486 3487 3488
f 3488 3487 3433
f 3433 3487 3432
f 3432 3487 3485
f 3486 3488 3484
f 3484 3488 3489
f 3480 3489 3484
f 3483 3489 3480
f 3482 3483 3480
f 3470 3474 3472
f 3490 3474 3470
f 3466 3490 3470
f 3469 3490 3466
f 3468 3469 3466
f 3453 3457 3455
f 3491 3457 3453
f 3451 3491 3453
f 3492 3491 3451
f 3449 3492 3451
f 3493 3492 3449
f 3449 3493 3447
f 3447 3493 3494
f 3447 3494 3445
f 3445 3494 3442
f 3445 3442 3443
f 3488 3433 3151
f 3151 3433 3434
f 3151 3434 3174
f 3174 3434 3435
f 3174 3435 3175
f 3175 3435 3436
f 3175 3436 3176
f 3176 3436 3437
f 3177 3437 3176
f 3438 3437 3177
f 3178 3438 3177
f 3418 3438 3178
f 3179 3418 3178
f 3416 3418 3179
f 3180 3416 3179
f 3415 3416 3180
f 3181 3415 3180
f 3182 3415 3181
f 3408 3415 3182
f 3172 3408 3182
f 3404 3408 3172
f 3173 3404 3172
f 3402 3404 3173
f 3184 3402 3173
f 3401 3402 3184
f 3186 3401 3184
f 3394 3401 3186
f 3188 3394 3186
f 3390 3394 3188
f 3190 3390 3188
f 3190 3390 3389
f 3190 3389 3192
f 3192 3389 3388
f 3192 3388 3442
f 3192 3442 3495
f 3495 3442 3494
f 3495 3494 3496
f 3496 3494 3493
f 3497 3493 3496
f 3492 3493 3497
f 3498 3492 3497
f 3491 3492 3498
f 3499 3491 3498
f 3457 3491 3499
f 3500 3457 3499
f 3458 3457 3500
f 3501 3458 3500
f 3460 3458 3501
f 3502 3460 3501
f 3503 3460 3502
f 3469 3460 3503
f 3504 3469 3503
f 3490 3469 3504
f 3505 3490 3504
f 3474 3490 3505
f 3506 3474 3505
f 3475 3474 3506
f 3507 3475 3506
f 3483 3475 3507
f 3508 3483 3507
f 3489 3483 3508
f 3509 3489 3508
f 3488 3489 3509
f 3151 3488 3509
f 3510 3346 3511
f 1784 3346 3510
f 3512 1784 3510
f 3513 3512 3510
f 3514 3512 3513
f 3515 3514 3513
f 3516 3514 3515
f 3517 3516 3515
f 3518 3516 3517
f 3519 3518 3517
f 3520 3518 3519
f 3521 3520 3519
f 3522 3520 3521
f 3523 3522 3521
f 3524 3522 3523
f 3525 3524 3523
f 3526 3524 3525
f 3527 3524 3526
f 3528 3527 3526
f 3529 3527 3528
f 3530 3529 3528
f 3531 3529 3530
f 3532 3531 3530
f 3524 3533 3522
f 3527 3533 3524
f 3527 3531 3533
f 3529 3531 3527
f 3532 3534 3535
f 3536 3534 3532
f 3530 3536 3532
f 3537 3536 3530
f 3528 3537 3530
f 3538 3535 3534
f 3539 3535 3538
f 3540 3539 3538
f 3541 3539 3540
f 3542 3541 3540
f 3543 3541 3542
f 3544 3541 3543
f 3545 3544 3543
f 3546 3544 3545
f 3547 3546 3545
f 3541 3546 3539
f 3544 3546 3541
f 3547 3548 3549
f 3550 3548 3547
f 3545 3550 3547
f 3551 3550 3545
f 3543 3551 3545
f 3552 3549 3548
f 3553 3549 3552
f 3554 3553 3552
f 3555 3553 3554
f 3556 3555 3554
f 3379 3555 3556
f 1767 3555 3379
f 3553 3555 1767
f 3552 3556 3554
f 3557 3556 3552
f 3548 3557 3552
f 3551 3557 3548
f 3550 3551 3548
f 3538 3542 3540
f 3558 3542 3538
f 3534 3558 3538
f 3537 3558 3534
f 3536 3537 3534
f 3521 3525 3523
f 3559 3525 3521
f 3519 3559 3521
f 3560 3559 3519
f 3517 3560 3519
f 3561 3560 3517
f 3515 3561 3517
f 3562 3561 3515
f 3513 3562 3515
f 3511 3562 3513
f 3510 3511 3513
f 3201 3346 3347
f 3511 3346 3201
f 3563 3511 3201
f 3562 3511 3563
f 3564 3562 3563
f 3561 3562 3564
f 3565 3561 3564
f 3560 3561 3565
f 3566 3560 3565
f 3559 3560 3566
f 3567 3559 3566
f 3525 3559 3567
f 3568 3525 3567
f 3526 3525 3568
f 3569 3526 3568
f 3528 3526 3569
f 3570 3528 3569
f 3571 3528 3570
f 3537 3528 3571
f 3572 3537 3571
f 3558 3537 3572
f 3573 3558 3572
f 3542 3558 3573
f 3574 3542 3573
f 3543 3542 3574
f 3575 3543 3574
f 3551 3543 3575
f 3576 3551 3575
f 3557 3551 3576
f 3577 3557 3576
f 3556 3557 3577
f 3242 3556 3577
f 3379 3556 3242
f 3380 3379 3242
f 3243 3380 3242
f 3381 3380 3243
f 3244 3381 3243
f 3382 3381 3244
f 3245 3382 3244
f 3383 3382 3245
f 3245 3383 3246
f 3246 3383 3384
f 3246 3384 3247
f 3247 3384 3371
f 3218 3371 3247
f 3369 3371 3218
f 3216 3369 3218
f 3368 3369 3216
f 3215 3368 3216
f 3213 3368 3215
f 3363 3368 3213
f 3211 3363 3213
f 3360 3363 3211
f 3358 3360 3211
f 3211 3357 3358
f 3352 3357 3211
f 3209 3352 3211
f 3207 3352 3209
f 3205 3352 3207
f 3203 3352 3205
f 3349 3352 3203
f 3199 3349 3203
f 3347 3349 3199
f 3201 3347 3199
f 3578 3249 3579
f 3579 3249 3248
f 3579 3248 3580
f 3579 3580 3581
f 3582 3580 3581
f 3583 3582 3581
f 3584 3582 3583
f 3585 3584 3583
f 3586 3584 3585
f 3587 3586 3585
f 3588 3586 3587
f 3589 3588 3587
f 3590 3588 3589
f 3591 3590 3589
f 3592 3590 3591
f 3593 3592 3591
f 3594 3592 3593
f 3595 3592 3594
f 3596 3595 3594
f 3597 3595 3596
f 3598 3597 3596
f 3599 3597 3598
f 3600 3599 3598
f 3601 3599 3600
f 3602 3601 3600
f 3603 3601 3602
f 3604 3603 3602
f 3605 3603 3604
f 3606 3605 3604
f 3607 3605 3606
f 3608 3607 3606
f 3592 3609 3590
f 3595 3609 3592
f 3595 3610 3609
f 3597 3610 3595
f 3597 3611 3610
f 3599 3611 3597
f 3599 3612 3611
f 3601 3612 3599
f 3601 3613 3612
f 3603 3613 3601
f 3603 3607 3613
f 3605 3607 3603
f 3614 3608 3606
f 3615 3608 3614
f 3616 3615 3614
f 3617 3615 3616
f 3618 3617 3616
f 3619 3617 3618
f 3620 3619 3618
f 3621 3620 3618
f 3622 3620 3621
f 3623 3622 3621
f 3624 3622 3623
f 3625 3624 3623
f 3626 3624 3625
f 3627 3626 3625
f 3628 3626 3627
f 3629 3628 3627
f 3630 3628 3629
f 3631 3630 3629
f 3632 3630 3631
f 3633 3632 3631
f 3634 3632 3633
f 3635 3634 3633
f 3636 3635 3633
f 3637 3635 3636
f 3638 3637 3636
f 3639 3637 3638
f 3640 3639 3638
f 3641 3639 3640
f 3642 3641 3640
f 3643 3641 3642
f 3644 3643 3642
f 3645 3643 3644
f 3646 3645 3644
f 3647 3645 3646
f 3646 3647 3334
f 3334 3647 3333
f 3334 3648 3646
f 3646 3648 3649
f 3644 3649 3646
f 3650 3649 3644
f 3642 3650 3644
f 3651 3650 3642
f 3640 3651 3642
f 3652 3651 3640
f 3638 3652 3640
f 3653 3652 3638
f 3636 3653 3638
f 3654 3653 3636
f 3633 3654 3636
f 3655 3654 3633
f 3656 3655 3633
f 3631 3656 3633
f 3657 3656 3631
f 3629 3657 3631
f 3658 3657 3629
f 3627 3658 3629
f 3659 3658 3627
f 3625 3659 3627
f 3660 3659 3625
f 3623 3660 3625
f 3661 3660 3623
f 3621 3661 3623
f 3662 3661 3621
f 3618 3662 3621
f 3663 3662 3618
f 3664 3663 3618
f 3616 3664 3618
f 3665 3664 3616
f 3614 3665 3616
f 3666 3665 3614
f 3606 3666 3614
f 3604 3666 3606
f 3589 3593 3591
f 3667 3593 3589
f 3587 3667 3589
f 3668 3667 3587
f 3585 3668 3587
f 3669 3668 3585
f 3583 3669 3585
f 3670 3669 3583
f 3581 3670 3583
f 3581 3670 3578
f 3581 3578 3579
f 3647 3671 3333
f 3333 3671 3143
f 3333 3143 3141
f 3647 3672 3645
f 3673 3672 3647
f 3674 3673 3647
f 3672 3643 3645
f 3641 3643 3672
f 3040 3641 3672
f 3039 3641 3040
f 3639 3641 3039
f 3038 3639 3039
f 3637 3639 3038
f 3037 3637 3038
f 3036 3637 3037
f 3675 3637 3036
f 3635 3637 3675
f 3676 3635 3675
f 3677 3635 3676
f 3678 3635 3677
f 3634 3635 3678
f 3679 3634 3678
f 3680 3634 3679
f 3681 3634 3680
f 3632 3634 3681
f 3682 3632 3681
f 3683 3632 3682
f 3684 3632 3683
f 3630 3632 3684
f 3685 3630 3684
f 3686 3630 3685
f 2992 3686 3685
f 3630 3687 3628
f 3688 3687 3630
f 3689 3688 3630
f 3687 3626 3628
f 3624 3626 3687
f 3088 3624 3687
f 3090 3624 3088
f 3622 3624 3090
f 3092 3622 3090
f 3094 3622 3092
f 3690 3622 3094
f 3620 3622 3690
f 3691 3620 3690
f 3692 3620 3691
f 3693 3620 3692
f 3694 3620 3693
f 3695 3620 3694
f 3619 3620 3695
f 3696 3619 3695
f 3697 3619 3696
f 3617 3619 3697
f 3615 3617 3697
f 3697 3608 3615
f 3698 3608 3697
f 3699 3608 3698
f 3700 3608 3699
f 3701 3608 3700
f 3702 3608 3701
f 3703 3608 3702
f 3704 3608 3703
f 3053 3608 3704
f 3076 3608 3053
f 3077 3608 3076
f 3705 3608 3077
f 3706 3705 3077
f 3608 3707 3607
f 3708 3707 3608
f 3705 3708 3608
f 3607 3709 3613
f 2951 3709 3607
f 3707 2951 3607
f 3709 3612 3613
f 3710 3612 3709
f 3611 3612 3710
f 3711 3611 3710
f 3712 3611 3711
f 3610 3611 3712
f 3713 3610 3712
f 3714 3610 3713
f 3609 3610 3714
f 3715 3609 3714
f 3716 3609 3715
f 3590 3609 3716
f 2849 3590 3716
f 2872 3590 2849
f 3588 3590 2872
f 2873 3588 2872
f 2874 3588 2873
f 3586 3588 2874
f 2875 3586 2874
f 3717 3586 2875
f 2876 3717 2875
f 3718 3717 2876
f 2877 3718 2876
f 3481 3718 2877
f 2878 3481 2877
f 3479 3481 2878
f 2879 3479 2878
f 2880 3479 2879
f 2881 3479 2880
f 2882 3479 2881
f 2870 3479 2882
f 3478 3479 2870
f 2871 3478 2870
f 2883 3478 2871
f 2897 3478 2883
f 2898 3478 2897
f 2899 3478 2898
f 3471 3478 2899
f 2900 3471 2899
f 2895 3471 2900
f 2896 3471 2895
f 3719 3471 2896
f 3467 3471 3719
f 3464 3467 3719
f 3717 3584 3586
f 3582 3584 3717
f 3580 3582 3717
f 3248 3720 3580
f 3580 3720 3721
f 3580 3721 3722
f 3250 2925 3248
f 3248 2925 2902
f 3248 2902 3720
f 3252 2927 3250
f 3250 2927 2926
f 3250 2926 2925
f 3254 2929 3252
f 3252 2929 2928
f 3252 2928 2927
f 3256 2931 3254
f 3254 2931 2930
f 3254 2930 2929
f 3258 3723 3256
f 3256 3723 3724
f 3256 3724 3725
f 3723 3258 3726
f 3726 3258 3260
f 3726 3260 3727
f 3727 3260 2796
f 2796 3260 2819
f 2819 3260 3262
f 2819 3262 2820
f 2820 3262 2821
f 2821 3262 2822
f 2822 3262 3264
f 2822 3264 2823
f 2823 3264 2824
f 2824 3264 2825
f 2825 3264 3265
f 2825 3265 2826
f 2826 3265 2827
f 2827 3265 2828
f 2828 3265 3267
f 2828 3267 2829
f 2829 3267 2830
f 2830 3267 2831
f 2831 3267 3269
f 2831 3269 2817
f 2817 3269 2818
f 2818 3269 3271
f 2818 3271 2747
f 2747 3271 2770
f 2770 3271 3273
f 2770 3273 2771
f 2771 3273 2772
f 2772 3273 3275
f 2772 3275 2773
f 2773 3275 2774
f 2774 3275 3277
f 2774 3277 2775
f 2775 3277 2776
f 2776 3277 3279
f 2776 3279 2777
f 2777 3279 2778
f 2778 3279 3280
f 2778 3280 2768
f 2768 3280 2769
f 2769 3280 3282
f 2769 3282 2780
f 2780 3282 2782
f 2782 3282 3284
f 2782 3284 2784
f 2784 3284 2786
f 2786 3284 3286
f 2786 3286 2788
f 2788 3286 2742
f 2788 2742 3728
f 3728 2742 3729
f 3729 2742 3730
f 3730 2742 3731
f 3731 2742 3732
f 3732 2742 3733
f 3733 2742 3734
f 3734 2742 2741
f 3734 2741 2740
f 3286 3344 2742
f 2742 3344 3343
f 2742 3343 2743
f 2743 3343 2744
f 2744 3343 2745
f 2745 3343 3342
f 2745 3342 2736
f 2736 3342 2735
f 2735 3342 3341
f 2735 3341 2734
f 2734 3341 2733
f 2733 3341 3340
f 2733 3340 2732
f 2732 3340 2731
f 2731 3340 3322
f 2731 3322 2730
f 2730 3322 3735
f 3735 3322 3323
f 3735 3323 3736
f 3736 3323 3737
f 3737 3323 3325
f 3737 3325 3738
f 3738 3325 3739
f 3739 3325 3740
f 3740 3325 3741
f 3741 3325 3742
f 3742 3325 3743
f 3743 3325 3132
f 3743 3132 3131
f 3132 3325 3133
f 3133 3325 3327
f 3133 3327 3123
f 3123 3327 3124
f 3124 3327 3329
f 3124 3329 3135
f 3135 3329 3137
f 3137 3329 3331
f 3137 3331 3139
f 3139 3331 3141
f 3141 3331 3333
f 3385 3126 3386
f 3386 3126 3125
f 3386 3125 3102
f 3441 3129 3385
f 3385 3129 3128
f 3385 3128 3127
f 3397 3743 3441
f 3441 3743 3131
f 3441 3131 3130
f 3398 3744 3397
f 3397 3744 3745
f 3397 3745 3746
f 3398 3747 3406
f 3398 3747 3748
f 3398 3748 3749
f 3406 2737 3440
f 2694 2737 3406
f 3750 2694 3406
f 3411 3734 3440
f 3440 3734 2740
f 3440 2740 2739
f 3411 3412 3734
f 3734 3412 3751
f 3751 3412 3752
f 3752 3412 3753
f 3753 3412 3439
f 3753 3439 3754
f 3754 3439 3755
f 3755 3439 3756
f 3756 3439 3421
f 3756 3421 3757
f 3757 3421 3758
f 3758 3421 2835
f 3758 2835 2833
f 3422 2839 3421
f 3421 2839 2837
f 3421 2837 2835
f 3424 3759 3422
f 3422 3759 3760
f 3422 3760 2841
f 3426 3761 3424
f 3424 3761 3762
f 3424 3762 3763
f 3428 3764 3426
f 3426 3764 3765
f 3426 3765 3761
f 3430 2924 3428
f 3428 2924 2923
f 3428 2923 2933
f 3432 2939 3430
f 3430 2939 2937
f 3430 2937 2935
f 3485 3766 3432
f 3432 3766 3767
f 3432 3767 2943
f 3485 3768 3481
f 3769 3768 3485
f 3770 3769 3485
f 3719 3463 3464
f 3771 3463 3719
f 3772 3771 3719
f 3773 3771 3772
f 3774 3771 3773
f 3775 3771 3774
f 3776 3771 3775
f 3777 3771 3776
f 3709 3771 3777
f 2981 3771 3709
f 2980 2981 3709
f 3771 3465 3463
f 3454 3465 3771
f 3778 3454 3771
f 3779 3454 3778
f 3780 3454 3779
f 3781 3454 3780
f 3452 3454 3781
f 3000 3452 3781
f 3043 3452 3000
f 3044 3452 3043
f 3450 3452 3044
f 3045 3450 3044
f 3046 3450 3045
f 3047 3450 3046
f 3048 3450 3047
f 3448 3450 3048
f 3049 3448 3048
f 3050 3448 3049
f 3051 3448 3050
f 3051 3448 3446
f 3042 3446 3051
f 3041 3446 3042
f 3782 3446 3041
f 3040 3782 3041
f 3672 3782 3040
f 3446 3783 3444
f 3784 3783 3446
f 3782 3784 3446
f 3386 3785 3444
f 3444 3785 3786
f 3787 3786 3444
f 3647 3788 3674
f 3789 3788 3647
f 3790 3789 3647
f 3790 3791 3647
f 3647 3791 3671
f 3130 3129 3441
f 3127 3126 3385
f 3102 3792 3386
f 3386 3792 3785
f 3444 3783 3787
f 3687 3086 3088
f 3075 3086 3687
f 3074 3075 3687
f 3687 3084 3074
f 3083 3084 3687
f 3082 3083 3687
f 3793 3082 3687
f 3081 3082 3793
f 3794 3081 3793
f 3080 3081 3794
f 3795 3080 3794
f 3079 3080 3795
f 3706 3079 3795
f 3078 3079 3706
f 3077 3078 3706
f 3771 3796 3778
f 3797 3796 3771
f 3798 3797 3771
f 3771 3799 3798
f 3685 3799 3771
f 2984 3685 3771
f 2986 3685 2984
f 2988 3685 2986
f 2990 3685 2988
f 2992 3685 2990
f 3630 3800 3689
f 3801 3800 3630
f 3802 3801 3630
f 3630 3803 3802
f 3686 3803 3630
f 3771 2973 2984
f 2972 2973 3771
f 2982 2972 3771
f 3771 2981 2982
f 3709 2979 2980
f 2978 2979 3709
f 2977 2978 3709
f 3709 2976 2977
f 2975 2976 3709
f 2974 2975 3709
f 3709 2951 2974
f 2931 3256 2932
f 2932 3256 3764
f 2932 3764 2933
f 2933 3764 3428
f 3580 3804 3722
f 3805 3804 3580
f 3806 3805 3580
f 3580 3807 3806
f 3717 3807 3580
f 3481 3808 3718
f 3768 3808 3481
f 3770 3766 3485
f 2943 2941 3432
f 3432 2941 2939
f 2935 2924 3430
f 3758 2833 2747
f 2747 2833 2818
f 3725 3809 3256
f 3256 3809 3810
f 3256 3810 3764
f 3763 3811 3424
f 3424 3811 3759
f 2841 2839 3422
f 2739 2738 3440
f 2737 2738 3440
f 3406 3812 3750
f 3747 3812 3406
f 3749 3813 3398
f 3398 3813 3814
f 3398 3814 3744
f 3746 3743 3397
f 3578 3815 3249
f 3249 3815 2901
f 3249 2901 2903
f 3670 3816 3578
f 3578 3816 3817
f 3578 3817 3815
f 3670 3818 3669
f 3819 3818 3670
f 3816 3819 3670
f 3669 3820 3668
f 3821 3820 3669
f 3818 3821 3669
f 3668 2854 3667
f 2856 2854 3668
f 2858 2856 3668
f 2852 3667 2854
f 3593 3667 2852
f 2848 3593 2852
f 2850 3593 2848
f 3822 3593 2850
f 3594 3593 3822
f 3823 3594 3822
f 3824 3594 3823
f 3825 3594 3824
f 3596 3594 3825
f 3826 3596 3825
f 3827 3596 3826
f 3828 3596 3827
f 3598 3596 3828
f 3829 3598 3828
f 3830 3598 3829
f 3831 3598 3830
f 3600 3598 3831
f 3832 3600 3831
f 3833 3600 3832
f 3834 3600 3833
f 3835 3600 3834
f 3836 3600 3835
f 3837 3600 3836
f 2952 3837 3836
f 3837 3602 3600
f 3838 3602 3837
f 3839 3602 3838
f 3604 3602 3839
f 3666 3604 3839
f 3839 3665 3666
f 3056 3665 3839
f 3058 3056 3839
f 3665 3840 3664
f 3054 3840 3665
f 3052 3054 3665
f 3664 3841 3663
f 3842 3841 3664
f 3843 3842 3664
f 3663 3844 3662
f 3845 3844 3663
f 3846 3845 3663
f 3662 3847 3661
f 3848 3847 3662
f 3849 3848 3662
f 3661 3850 3660
f 3097 3850 3661
f 3096 3097 3661
f 3660 3851 3659
f 3852 3851 3660
f 3850 3852 3660
f 3659 3853 3658
f 2993 3853 3659
f 3851 2993 3659
f 3853 3657 3658
f 3854 3657 3853
f 3656 3657 3854
f 3855 3656 3854
f 3856 3656 3855
f 3655 3656 3856
f 3857 3655 3856
f 3858 3655 3857
f 3654 3655 3858
f 3859 3654 3858
f 3860 3654 3859
f 3653 3654 3860
f 3035 3653 3860
f 3033 3653 3035
f 3652 3653 3033
f 3031 3652 3033
f 3029 3652 3031
f 3651 3652 3029
f 3027 3651 3029
f 3025 3651 3027
f 3023 3651 3025
f 3021 3651 3023
f 3020 3651 3021
f 3018 3651 3020
f 3861 3651 3018
f 3862 3861 3018
f 3863 3651 3861
f 3650 3651 3863
f 3864 3650 3863
f 3865 3650 3864
f 3649 3650 3865
f 3866 3649 3865
f 3867 3649 3866
f 3867 3649 3648
f 3867 3648 3868
f 3868 3648 3869
f 3869 3648 3334
f 3869 3334 3144
f 3144 3334 3145
f 3145 3334 3335
f 3145 3335 3146
f 3146 3335 3147
f 3147 3335 3148
f 3148 3335 3149
f 3149 3335 3120
f 3120 3335 3118
f 3118 3335 3117
f 3117 3335 3336
f 3117 3336 3337
f 3337 3338 3117
f 3117 3338 3870
f 3117 3870 3115
f 3115 3870 3871
f 3115 3871 1725
f 1725 3871 3872
f 1725 3872 3873
f 3870 3338 3874
f 3874 3338 3339
f 3874 3339 3875
f 3875 3339 3319
f 3875 3319 3876
f 3876 3319 2729
f 2729 3319 2728
f 2728 3319 3317
f 2728 3317 2726
f 2726 3317 2724
f 2724 3317 2722
f 2722 3317 3315
f 2722 3315 2720
f 2720 3315 2718
f 2718 3315 2717
f 2717 3315 3313
f 2717 3313 2715
f 2715 3313 2713
f 2713 3313 2711
f 2711 3313 3311
f 2711 3311 2709
f 2709 3311 3290
f 2709 3290 3289
f 3309 2790 3289
f 3289 2790 2789
f 3289 2789 2709
f 2709 2789 3877
f 2709 3877 3878
f 3308 2792 3309
f 3309 2792 2791
f 3309 2791 2790
f 3307 2794 3308
f 3308 2794 2793
f 3308 2793 2792
f 3306 2763 3307
f 3307 2763 2765
f 3307 2765 2794
f 2763 3306 2762
f 2762 3306 3305
f 2762 3305 3304
f 3304 3303 2762
f 2762 3303 3302
f 2762 3302 3301
f 3301 3300 2762
f 2762 3300 2760
f 2760 3300 2758
f 2758 3300 2756
f 2756 3300 2754
f 2754 3300 2752
f 2752 3300 2750
f 2750 3300 2748
f 2748 3300 2811
f 2748 2811 2746
f 2746 2811 3879
f 3879 2811 3880
f 3880 2811 3881
f 3881 2811 3882
f 3882 2811 3883
f 3883 2811 3884
f 3884 2811 3885
f 3885 2811 3886
f 3886 2811 3887
f 3886 3887 3888
f 3888 3887 3889
f 3889 3887 3890
f 3890 3887 3891
f 3891 3887 2709
f 3891 2709 3892
f 3892 2709 3878
f 2811 3300 2809
f 2809 3300 3299
f 2809 3299 2807
f 2807 3299 2805
f 2805 3299 3298
f 2805 3298 2803
f 2803 3298 2801
f 2801 3298 3297
f 2801 3297 2799
f 2799 3297 2797
f 2797 3297 3296
f 2797 3296 2795
f 2795 3296 3893
f 3893 3296 3295
f 3893 3295 3894
f 3894 3295 3895
f 3895 3295 3294
f 3895 3294 3896
f 3896 3294 2917
f 3896 2917 3897
f 3897 2917 2918
f 3897 2918 3898
f 3898 2918 1754
f 3898 1754 3899
f 3899 1754 1756
f 3899 1756 3900
f 3900 1756 3901
f 3901 1756 3902
f 3902 1756 3903
f 3903 1756 3904
f 3904 1756 1760
f 3904 1760 3905
f 3905 1760 3906
f 3906 1760 3907
f 3907 1760 3908
f 3908 1760 3909
f 3909 1760 1742
f 3909 1742 3910
f 3910 1742 3911
f 3911 1742 2842
f 2842 1742 2843
f 2843 1742 1744
f 2843 1744 1803
f 3294 3293 2917
f 2917 3293 3292
f 2917 3292 3291
f 3249 2903 3291
f 3291 2903 2905
f 3291 2905 2907
f 1767 3912 3553
f 1767 3912 3913
f 1767 3913 3101
f 3553 3914 3549
f 3915 3914 3553
f 3916 3915 3553
f 3549 3018 3547
f 3862 3018 3549
f 3917 3862 3549
f 3547 3013 3546
f 3015 3013 3547
f 3016 3015 3547
f 3546 3005 3539
f 3006 3005 3546
f 3008 3006 3546
f 3539 3918 3535
f 3001 3918 3539
f 2999 3001 3539
f 3535 2966 3532
f 3919 2966 3535
f 3920 3919 3535
f 2966 3531 3532
f 2964 3531 2966
f 2962 3531 2964
f 3533 3531 2962
f 2960 3533 2962
f 2958 3533 2960
f 2956 3533 2958
f 3522 3533 2956
f 2954 3522 2956
f 2950 3522 2954
f 3921 3522 2950
f 3922 3921 2950
f 3522 3923 3520
f 3924 3923 3522
f 3921 3924 3522
f 3520 2890 3518
f 2892 2890 3520
f 2894 2892 3520
f 3518 2867 3516
f 2885 2867 3518
f 2886 2885 3518
f 3516 2864 3514
f 2865 2864 3516
f 2867 2865 3516
f 3514 3925 3512
f 3926 3925 3514
f 3927 3926 3514
f 3512 3928 1784
f 3929 3928 3512
f 3930 3929 3512
f 1786 2946 1784
f 1784 2946 2945
f 1784 2945 2944
f 1754 2949 1786
f 1786 2949 2948
f 1786 2948 2947
f 1803 1806 2843
f 2843 1806 3887
f 2843 3887 2844
f 2844 3887 2845
f 2845 3887 2846
f 2846 3887 2847
f 2847 3887 2814
f 2814 3887 2812
f 2812 3887 2811
f 1806 1812 3887
f 3887 1812 1738
f 3887 1738 2701
f 2701 1738 2699
f 2699 1738 2697
f 2693 1738 2697
f 1735 1738 2693
f 2695 1735 2693
f 3931 1735 2695
f 3931 1735 3932
f 3932 1735 1731
f 3932 1731 3933
f 3933 1731 3934
f 3934 1731 3935
f 3935 1731 3936
f 3936 1731 1727
f 3936 1727 3937
f 3937 1727 3938
f 3938 1727 3873
f 3873 1727 1725
f 1766 3111 1725
f 1725 3111 3113
f 1725 3113 3115
f 1767 3105 1766
f 1766 3105 3107
f 1766 3107 3109
f 3101 3103 1767
f 1767 3103 3105
f 3109 3111 1766
f 3549 3914 3917
f 3553 3912 3916
f 3665 3056 3052
f 3839 3060 3058
f 3062 3060 3839
f 3064 3062 3839
f 3939 3064 3839
f 3066 3064 3939
f 3940 3066 3939
f 3941 3066 3940
f 3942 3066 3941
f 3943 3066 3942
f 3068 3066 3943
f 3069 3068 3943
f 3944 3069 3943
f 3071 3069 3944
f 3945 3071 3944
f 3100 3071 3945
f 3946 3100 3945
f 3099 3100 3946
f 3947 3099 3946
f 3098 3099 3947
f 3097 3098 3947
f 3661 3095 3096
f 3847 3095 3661
f 3662 3948 3849
f 3949 3948 3662
f 3844 3949 3662
f 3663 3950 3846
f 3841 3950 3663
f 3664 3951 3843
f 3952 3951 3664
f 3840 3952 3664
f 3539 3003 2999
f 3005 3003 3539
f 3546 3010 3008
f 3011 3010 3546
f 3013 3011 3546
f 3547 3018 3016
f 3853 2966 3953
f 2967 2966 3853
f 2969 2967 3853
f 2966 3954 3953
f 3955 3954 2966
f 3919 3955 2966
f 3535 3956 3920
f 3918 3956 3535
f 3922 2952 3836
f 2950 2952 3922
f 3853 2998 2969
f 2997 2998 3853
f 2996 2997 3853
f 3853 2995 2996
f 2994 2995 3853
f 2993 2994 3853
f 3097 3947 3850
f 2944 3957 1784
f 1784 3957 3928
f 3512 3925 3930
f 2864 3927 3514
f 3958 3927 2864
f 3668 3958 2864
f 3820 3958 3668
f 2907 2909 3291
f 3291 2909 2911
f 3291 2911 2913
f 2913 2915 3291
f 3291 2915 2917
f 2918 2920 1754
f 1754 2920 2949
f 2947 2946 1786
f 3520 3923 2894
f 3668 2860 2858
f 2862 2860 3668
f 2864 2862 3668
f 3518 2888 2886
f 2890 2888 3518
f 2701 2703 3887
f 3887 2703 2704
f 3887 2704 2706
f 2706 2708 3887
f 3887 2708 2709
f 3959 3200 3960
f 3201 3200 3959
f 3563 3201 3959
f 3961 3563 3959
f 3564 3563 3961
f 3962 3564 3961
f 3565 3564 3962
f 3963 3565 3962
f 3566 3565 3963
f 3964 3566 3963
f 3567 3566 3964
f 3965 3567 3964
f 3568 3567 3965
f 3966 3568 3965
f 3967 3568 3966
f 3968 3967 3966
f 3969 3967 3968
f 3970 3967 3969
f 3971 3970 3969
f 3972 3970 3971
f 3973 3970 3972
f 3974 3973 3972
f 3975 3973 3974
f 3976 3975 3974
f 3977 3975 3976
f 3978 3977 3976
f 3979 3977 3978
f 3980 3979 3978
f 3981 3979 3980
f 3982 3981 3980
f 3983 3981 3982
f 3984 3983 3982
f 3241 3983 3984
f 3577 3983 3241
f 3242 3577 3241
f 3967 3569 3568
f 3970 3569 3967
f 3970 3570 3569
f 3571 3570 3970
f 3973 3571 3970
f 3572 3571 3973
f 3975 3572 3973
f 3573 3572 3975
f 3977 3573 3975
f 3574 3573 3977
f 3979 3574 3977
f 3575 3574 3979
f 3981 3575 3979
f 3576 3575 3981
f 3983 3576 3981
f 3577 3576 3983
f 3965 3968 3966
f 3985 3968 3965
f 3964 3985 3965
f 3986 3985 3964
f 3963 3986 3964
f 3987 3986 3963
f 3962 3987 3963
f 3988 3987 3962
f 3961 3988 3962
f 3960 3988 3961
f 3959 3960 3961
f 3989 3151 3509
f 3152 3151 3989
f 3990 3152 3989
f 3991 3990 3989
f 3992 3990 3991
f 3993 3992 3991
f 3994 3992 3993
f 3995 3994 3993
f 3996 3994 3995
f 3997 3996 3995
f 3998 3996 3997
f 3999 3998 3997
f 4000 3998 3999
f 4001 4000 3999
f 4002 4000 4001
f 3504 4002 4001
f 3503 4002 3504
f 4003 4002 3503
f 3502 4003 3503
f 3501 4003 3502
f 4004 4003 3501
f 3500 4004 3501
f 4005 4004 3500
f 3499 4005 3500
f 4006 4005 3499
f 3498 4006 3499
f 4007 4006 3498
f 3497 4007 3498
f 4008 4007 3497
f 3496 4008 3497
f 4009 4008 3496
f 3495 4009 3496
f 3192 4009 3495
f 4010 4009 3192
f 3193 4010 3192
f 4002 4011 4000
f 4003 4011 4002
f 4003 4012 4011
f 4013 4012 4003
f 4004 4013 4003
f 4014 4013 4004
f 4005 4014 4004
f 4015 4014 4005
f 4006 4015 4005
f 4016 4015 4006
f 4007 4016 4006
f 4017 4016 4007
f 4008 4017 4007
f 4018 4017 4008
f 4009 4018 4008
f 4010 4018 4009
f 3999 3504 4001
f 3505 3504 3999
f 3997 3505 3999
f 3506 3505 3997
f 3995 3506 3997
f 3507 3506 3995
f 3993 3507 3995
f 3508 3507 3993
f 3991 3508 3993
f 3509 3508 3991
f 3989 3509 3991
f 3241 3193 3194
f 4010 3193 3241
f 3984 4010 3241
f 4018 4010 3984
f 3982 4018 3984
f 4017 4018 3982
f 3980 4017 3982
f 4016 4017 3980
f 3978 4016 3980
f 4015 4016 3978
f 3976 4015 3978
f 4014 4015 3976
f 3974 4014 3976
f 4013 4014 3974
f 3972 4013 3974
f 4012 4013 3972
f 3971 4012 3972
f 3969 4012 3971
f 4011 4012 3969
f 3968 4011 3969
f 4000 4011 3968
f 3985 4000 3968
f 3998 4000 3985
f 3986 3998 3985
f 3996 3998 3986
f 3987 3996 3986
f 3994 3996 3987
f 3988 3994 3987
f 3992 3994 3988
f 3960 3992 3988
f 3990 3992 3960
f 3200 3990 3960
f 3152 3990 3200
f 3150 3152 3200
f 3223 3150 3200
f 3154 3150 3223
f 3224 3154 3223
f 3156 3154 3224
f 3225 3156 3224
f 3158 3156 3225
f 3226 3158 3225
f 3160 3158 3226
f 3227 3160 3226
f 3162 3160 3227
f 3228 3162 3227
f 3164 3162 3228
f 3229 3164 3228
f 3166 3164 3229
f 3230 3166 3229
f 3231 3166 3230
f 3167 3166 3231
f 3221 3167 3231
f 3169 3167 3221
f 3222 3169 3221
f 3198 3169 3222
f 3233 3198 3222
f 3197 3198 3233
f 3235 3197 3233
f 3196 3197 3235
f 3235 3196 3237
f 3237 3196 3195
f 3239 3195 3237
f 3194 3195 3239
f 3241 3194 3239
f 3792 3102 4019
f 4019 3102 3101
f 4019 3101 3913
f 4019 3913 4020
f 4020 3913 3912
f 4020 3912 4021
f 3916 3912 4021
f 4022 3916 4021
f 3915 3916 4022
f 4023 3915 4022
f 3914 3915 4023
f 4024 3914 4023
f 3917 3914 4024
f 4025 3917 4024
f 4026 3917 4025
f 3784 4026 4025
f 3782 4026 3784
f 4027 4026 3782
f 3672 4027 3782
f 3673 4027 3672
f 4028 4027 3673
f 3674 4028 3673
f 4029 4028 3674
f 3788 4029 3674
f 4030 4029 3788
f 3789 4030 3788
f 4031 4030 3789
f 3790 4031 3789
f 3790 4031 4032
f 3790 4032 3791
f 3791 4032 4033
f 3791 4033 3671
f 3671 4033 3143
f 3143 4033 3869
f 3143 3869 3144
f 4026 3862 3917
f 4027 3862 4026
f 4027 3861 3862
f 3863 3861 4027
f 4028 3863 4027
f 3864 3863 4028
f 4029 3864 4028
f 3865 3864 4029
f 4030 3865 4029
f 3866 3865 4030
f 4031 3866 4030
f 3867 3866 4031
f 4032 3867 4031
f 4032 3867 3868
f 4032 3868 4033
f 4033 3868 3869
f 4024 3784 4025
f 3783 3784 4024
f 4023 3783 4024
f 3787 3783 4023
f 4022 3787 4023
f 3786 3787 4022
f 4021 3786 4022
f 4021 3786 3785
f 4021 3785 4020
f 4020 3785 3792
f 4020 3792 4019
f 4034 3053 3704
f 3054 3053 4034
f 3840 3054 4034
f 4035 3840 4034
f 3952 3840 4035
f 4036 3952 4035
f 3951 3952 4036
f 4037 3951 4036
f 3843 3951 4037
f 4038 3843 4037
f 3842 3843 4038
f 4039 3842 4038
f 3841 3842 4039
f 4040 3841 4039
f 4041 3841 4040
f 3699 4041 4040
f 3698 4041 3699
f 4042 4041 3698
f 3697 4042 3698
f 3696 4042 3697
f 4043 4042 3696
f 3695 4043 3696
f 4044 4043 3695
f 3694 4044 3695
f 4045 4044 3694
f 3693 4045 3694
f 4046 4045 3693
f 3692 4046 3693
f 4047 4046 3692
f 3691 4047 3692
f 4048 4047 3691
f 3690 4048 3691
f 3094 4048 3690
f 3847 4048 3094
f 3095 3847 3094
f 4041 3950 3841
f 4042 3950 4041
f 4042 3846 3950
f 3845 3846 4042
f 4043 3845 4042
f 3844 3845 4043
f 4044 3844 4043
f 3949 3844 4044
f 4045 3949 4044
f 3948 3949 4045
f 4046 3948 4045
f 3849 3948 4046
f 4047 3849 4046
f 3848 3849 4047
f 4048 3848 4047
f 3847 3848 4048
f 4039 3699 4040
f 3700 3699 4039
f 4038 3700 4039
f 3701 3700 4038
f 4037 3701 4038
f 3702 3701 4037
f 4036 3702 4037
f 3703 3702 4036
f 4035 3703 4036
f 3704 3703 4035
f 4034 3704 4035
f 4049 3000 3781
f 3001 3000 4049
f 3918 3001 4049
f 4050 3918 4049
f 3956 3918 4050
f 4051 3956 4050
f 3920 3956 4051
f 4052 3920 4051
f 3919 3920 4052
f 4053 3919 4052
f 3955 3919 4053
f 4054 3955 4053
f 3954 3955 4054
f 4055 3954 4054
f 4056 3954 4055
f 3798 4056 4055
f 3799 4056 3798
f 3685 4056 3799
f 4057 4056 3685
f 3684 4057 3685
f 4058 4057 3684
f 3683 4058 3684
f 3682 4058 3683
f 4059 4058 3682
f 3681 4059 3682
f 4060 4059 3681
f 3680 4060 3681
f 3679 4060 3680
f 4061 4060 3679
f 3678 4061 3679
f 4062 4061 3678
f 3677 4062 3678
f 3676 4062 3677
f 4063 4062 3676
f 3675 4063 3676
f 3036 4063 3675
f 3860 4063 3036
f 3035 3860 3036
f 4056 3953 3954
f 4057 3953 4056
f 4057 3853 3953
f 3854 3853 4057
f 4058 3854 4057
f 3855 3854 4058
f 4059 3855 4058
f 3856 3855 4059
f 4060 3856 4059
f 3857 3856 4060
f 4061 3857 4060
f 3858 3857 4061
f 4062 3858 4061
f 3859 3858 4062
f 4063 3859 4062
f 3860 3859 4063
f 4055 3797 3798
f 4054 3797 4055
f 4054 3796 3797
f 4053 3796 4054
f 4053 3778 3796
f 4052 3778 4053
f 4052 3779 3778
f 4051 3779 4052
f 4051 3780 3779
f 4050 3780 4051
f 4050 3781 3780
f 4049 3781 4050
f 4064 2951 3707
f 2952 2951 4064
f 3837 2952 4064
f 4065 3837 4064
f 3838 3837 4065
f 4066 3838 4065
f 3839 3838 4066
f 4067 3839 4066
f 3939 3839 4067
f 4068 3939 4067
f 3940 3939 4068
f 4069 3940 4068
f 3941 3940 4069
f 4070 3941 4069
f 4071 3941 4070
f 3794 4071 4070
f 3793 4071 3794
f 4072 4071 3793
f 3687 4072 3793
f 3688 4072 3687
f 4073 4072 3688
f 3689 4073 3688
f 4074 4073 3689
f 3800 4074 3689
f 4075 4074 3800
f 3801 4075 3800
f 4076 4075 3801
f 3802 4076 3801
f 4077 4076 3802
f 3803 4077 3802
f 4078 4077 3803
f 3686 4078 3803
f 2992 4078 3686
f 3851 4078 2992
f 2993 3851 2992
f 4071 3942 3941
f 4072 3942 4071
f 4072 3943 3942
f 3944 3943 4072
f 4073 3944 4072
f 3945 3944 4073
f 4074 3945 4073
f 3946 3945 4074
f 4075 3946 4074
f 3947 3946 4075
f 4076 3947 4075
f 3850 3947 4076
f 4077 3850 4076
f 3852 3850 4077
f 4078 3852 4077
f 3851 3852 4078
f 4069 3794 4070
f 3795 3794 4069
f 4068 3795 4069
f 3706 3795 4068
f 4067 3706 4068
f 3705 3706 4067
f 4066 3705 4067
f 3708 3705 4066
f 4065 3708 4066
f 3707 3708 4065
f 4064 3707 4065
f 3720 2902 4079
f 4079 2902 2901
f 4079 2901 3815
f 4079 3815 4080
f 4080 3815 3817
f 4080 3817 4081
f 4081 3817 3816
f 4081 3816 4082
f 3819 3816 4082
f 4083 3819 4082
f 3818 3819 4083
f 4084 3818 4083
f 3821 3818 4084
f 4085 3821 4084
f 4086 3821 4085
f 3806 4086 4085
f 3807 4086 3806
f 4087 4086 3807
f 3717 4087 3807
f 3718 4087 3717
f 4088 4087 3718
f 3808 4088 3718
f 4089 4088 3808
f 3768 4089 3808
f 4090 4089 3768
f 3769 4090 3768
f 4091 4090 3769
f 3770 4091 3769
f 4092 4091 3770
f 3770 4092 3766
f 3766 4092 4093
f 3766 4093 3767
f 3767 4093 2943
f 2943 4093 3957
f 2943 3957 2944
f 4086 3820 3821
f 4087 3820 4086
f 4087 3958 3820
f 3927 3958 4087
f 4088 3927 4087
f 3926 3927 4088
f 4089 3926 4088
f 3925 3926 4089
f 4090 3925 4089
f 3930 3925 4090
f 4091 3930 4090
f 3929 3930 4091
f 4092 3929 4091
f 3928 3929 4092
f 4092 3928 4093
f 4093 3928 3957
f 4084 3806 4085
f 3805 3806 4084
f 4083 3805 4084
f 3804 3805 4083
f 4082 3804 4083
f 3722 3804 4082
f 4082 3722 4081
f 4081 3722 3721
f 4081 3721 4080
f 4080 3721 3720
f 4080 3720 4079
f 4094 2849 3716
f 2850 2849 4094
f 3822 2850 4094
f 4094 3823 3822
f 4095 3823 4094
f 3716 4095 4094
f 3715 4095 3716
f 4096 4095 3715
f 3714 4096 3715
f 4097 4096 3714
f 3713 4097 3714
f 4098 4097 3713
f 3712 4098 3713
f 4099 4098 3712
f 3711 4099 3712
f 4100 4099 3711
f 4101 4100 3711
f 3830 4100 4101
f 3831 3830 4101
f 4095 3824 3823
f 4096 3824 4095
f 4096 3825 3824
f 4097 3825 4096
f 4097 3826 3825
f 4098 3826 4097
f 4098 3827 3826
f 4099 3827 4098
f 4099 3828 3827
f 3829 3828 4099
f 4100 3829 4099
f 3830 3829 4100
f 4102 3831 4101
f 3832 3831 4102
f 4103 3832 4102
f 3833 3832 4103
f 3834 3833 4103
f 4104 3834 4103
f 3835 3834 4104
f 4105 3835 4104
f 3836 3835 4105
f 3922 3836 4105
f 4106 3922 4105
f 3921 3922 4106
f 4107 3921 4106
f 3924 3921 4107
f 4108 3924 4107
f 3923 3924 4108
f 2896 3923 4108
f 2894 3923 2896
f 4108 3719 2896
f 3772 3719 4108
f 4107 3772 4108
f 3773 3772 4107
f 4106 3773 4107
f 3774 3773 4106
f 4105 3774 4106
f 3775 3774 4105
f 4104 3775 4105
f 3776 3775 4104
f 4103 3776 4104
f 3777 3776 4103
f 4102 3777 4103
f 3709 3777 4102
f 3710 3709 4102
f 4101 3710 4102
f 3711 3710 4101
f 3727 2796 4109
f 4109 2796 2795
f 4109 2795 3893
f 4109 3893 4110
f 4110 3893 3894
f 4110 3894 4111
f 4111 3894 3895
f 4111 3895 4112
f 4112 3895 3896
f 4112 3896 4113
f 4113 3896 3897
f 4113 3897 4114
f 4114 3897 3898
f 4114 3898 4115
f 4115 3898 3899
f 4115 3899 4116
f 4116 3899 3900
f 4116 3900 3901
f 4116 3901 4117
f 4117 3901 3902
f 4117 3902 4118
f 4118 3902 3903
f 4118 3903 3904
f 4118 3904 4119
f 4119 3904 3905
f 4119 3905 4120
f 4120 3905 3906
f 4120 3906 3907
f 4120 3907 4121
f 4121 3907 3908
f 4121 3908 4122
f 4122 3908 3909
f 4122 3909 3910
f 4122 3910 4123
f 4123 3910 3911
f 4123 3911 2841
f 2841 3911 2842
f 2841 3760 4123
f 4123 3760 3759
f 4123 3759 4122
f 4122 3759 3811
f 4122 3811 4121
f 4121 3811 3763
f 4121 3763 4120
f 4120 3763 3762
f 4120 3762 4119
f 4119 3762 3761
f 4119 3761 4118
f 4118 3761 3765
f 4118 3765 4117
f 4117 3765 3764
f 4117 3764 3810
f 4117 3810 4116
f 4116 3810 3809
f 4116 3809 4115
f 4115 3809 4114
f 3809 3725 4114
f 4114 3725 4113
f 3725 3724 4113
f 4113 3724 4112
f 3724 3723 4112
f 4112 3723 4111
f 3723 3726 4111
f 4111 3726 4110
f 3726 3727 4110
f 4110 3727 4109
f 3758 2747 4124
f 4124 2747 2746
f 4124 2746 3879
f 4124 3879 4125
f 4125 3879 3880
f 4125 3880 4126
f 4126 3880 3881
f 4126 3881 4127
f 4127 3881 3882
f 4127 3882 4128
f 4128 3882 3883
f 4128 3883 4129
f 4129 3883 3884
f 4129 3884 4130
f 4130 3884 4131
f 4130 4131 3753
f 3753 4131 3752
f 3752 4131 4132
f 3752 4132 3751
f 3751 4132 3734
f 3734 4132 4133
f 3734 4133 3733
f 3733 4133 4134
f 3733 4134 3732
f 3732 4134 4135
f 3732 4135 3731
f 3731 4135 4136
f 3731 4136 3730
f 3730 4136 4137
f 3730 4137 3729
f 3729 4137 4138
f 3729 4138 3728
f 3728 4138 2788
f 2788 4138 3877
f 2788 3877 2789
f 3884 3885 4131
f 4131 3885 4132
f 3885 3886 4132
f 4132 3886 3888
f 4132 3888 4133
f 4133 3888 3889
f 4133 3889 4134
f 4134 3889 3890
f 4134 3890 4135
f 4135 3890 3891
f 4135 3891 4136
f 4136 3891 3892
f 4136 3892 4137
f 4137 3892 3878
f 4137 3878 4138
f 4138 3878 3877
f 4130 3753 4129
f 4129 3753 3754
f 4129 3754 4128
f 4128 3754 3755
f 4128 3755 4127
f 4127 3755 3756
f 4127 3756 4126
f 4126 3756 3757
f 4126 3757 4125
f 4125 3757 3758
f 4125 3758 4124
f 3750 2695 2694
f 4139 2695 3750
f 3812 4139 3750
f 4140 4139 3812
f 3747 4140 3812
f 3747 4140 4141
f 3747 4141 3748
f 3748 4141 4142
f 3748 4142 3749
f 3749 4142 4143
f 3749 4143 3813
f 3813 4143 4144
f 3813 4144 3814
f 3814 4144 3744
f 3744 4144 4145
f 3744 4145 3745
f 3745 4145 4146
f 3745 4146 3746
f 3746 4146 4147
f 3746 4147 3743
f 3743 4147 4148
f 3743 4148 3742
f 3742 4148 3741
f 3741 4148 4149
f 3741 4149 3740
f 3740 4149 4150
f 3740 4150 3739
f 3739 4150 3738
f 3738 4150 4151
f 3738 4151 3737
f 3737 4151 4152
f 3737 4152 3736
f 3736 4152 4153
f 3736 4153 3735
f 3735 4153 2730
f 2730 4153 3876
f 2730 3876 2729
f 4139 3931 2695
f 4140 3931 4139
f 3931 3932 4140
f 4140 3932 4141
f 3932 3933 4141
f 4141 3933 4142
f 3933 3934 4142
f 4142 3934 4143
f 3934 3935 4143
f 4143 3935 4144
f 3935 3936 4144
f 4144 3936 4145
f 4145 3936 4146
f 4146 3936 3937
f 4146 3937 4147
f 4147 3937 3938
f 4147 3938 3873
f 4147 3873 4148
f 4148 3873 3872
f 4148 3872 4149
f 4149 3872 3871
f 4149 3871 4150
f 4150 3871 3870
f 4150 3870 4151
f 4151 3870 3874
f 4151 3874 4152
f 4152 3874 3875
f 4152 3875 4153
f 4153 3875 3876
f 4154 4155 4156
f 4157 4155 4154
f 4158 4157 4154
f 4159 4157 4158
f 4160 4159 4158
f 4161 4159 4160
f 4162 4161 4160
f 4163 4161 4162
f 4164 4163 4162
f 4165 4163 4164
f 4166 4163 4165
f 4167 4166 4165
f 4168 4166 4167
f 4169 4168 4167
f 4170 4168 4169
f 4171 4168 4170
f 4172 4171 4170
f 4173 4171 4172
f 4174 4173 4172
f 4175 4173 4174
f 4176 4175 4174
f 4177 4175 4176
f 4178 4177 4176
f 4179 4177 4178
f 4180 4177 4179
f 4181 4180 4179
f 4182 4180 4181
f 4183 4182 4181
f 4184 4182 4183
f 4185 4184 4183
f 4186 4184 4185
f 4187 4186 4185
f 4188 4186 4187
f 4189 4188 4187
f 4190 4188 4189
f 4191 4188 4190
f 4192 4188 4191
f 4186 4188 4192
f 4193 4186 4192
f 4184 4186 4193
f 4194 4184 4193
f 4182 4184 4194
f 4195 4182 4194
f 4180 4182 4195
f 4196 4180 4195
f 4177 4180 4196
f 4197 4177 4196
f 4175 4177 4197
f 4173 4175 4197
f 4157 4198 4155
f 4199 4198 4157
f 4159 4199 4157
f 4200 4199 4159
f 4161 4200 4159
f 4201 4200 4161
f 4163 4201 4161
f 4202 4201 4163
f 4166 4202 4163
f 4203 4202 4166
f 4168 4203 4166
f 4204 4203 4168
f 4171 4204 4168
f 4205 4204 4171
f 4206 4205 4171
f 4173 4206 4171
f 4197 4206 4173
f 4207 4208 4209
f 4210 4208 4207
f 4211 4210 4207
f 4212 4210 4211
f 4213 4212 4211
f 4214 4212 4213
f 4215 4214 4213
f 4216 4214 4215
f 4217 4216 4215
f 4218 4216 4217
f 4219 4218 4217
f 4220 4218 4219
f 4221 4220 4219
f 4222 4220 4221
f 4223 4222 4221
f 4224 4222 4223
f 4225 4222 4224
f 4226 4225 4224
f 4227 4225 4226
f 4228 4227 4226
f 4229 4227 4228
f 4230 4229 4228
f 4210 4231 4208
f 4232 4231 4210
f 4212 4232 4210
f 4233 4232 4212
f 4214 4233 4212
f 4234 4233 4214
f 4216 4234 4214
f 4235 4234 4216
f 4218 4235 4216
f 4236 4235 4218
f 4220 4236 4218
f 4237 4236 4220
f 4222 4237 4220
f 4238 4237 4222
f 4239 4238 4222
f 4225 4239 4222
f 4229 4239 4225
f 4227 4229 4225
f 4240 4230 4228
f 4241 4230 4240
f 4242 4241 4240
f 4243 4241 4242
f 4244 4243 4242
f 4245 4243 4244
f 4246 4245 4244
f 4247 4245 4246
f 4248 4247 4246
f 4249 4247 4248
f 4250 4249 4248
f 4248 4251 4250
f 4246 4251 4248
f 4246 4252 4251
f 4244 4252 4246
f 4244 4253 4252
f 4242 4253 4244
f 4242 4254 4253
f 4240 4254 4242
f 4240 4255 4254
f 4228 4255 4240
f 4228 4226 4255
f 4256 4257 4258
f 4259 4257 4256
f 4260 4259 4256
f 4261 4259 4260
f 4262 4261 4260
f 4263 4261 4262
f 4264 4263 4262
f 4265 4263 4264
f 4266 4265 4264
f 4267 4265 4266
f 4268 4267 4266
f 4269 4267 4268
f 4270 4269 4268
f 4271 4269 4270
f 4272 4271 4270
f 4273 4271 4272
f 4274 4271 4273
f 4275 4274 4273
f 4276 4274 4275
f 4277 4276 4275
f 4278 4276 4277
f 4279 4278 4277
f 4259 4280 4257
f 4281 4280 4259
f 4261 4281 4259
f 4282 4281 4261
f 4283 4282 4261
f 4263 4283 4261
f 4284 4283 4263
f 4265 4284 4263
f 4285 4284 4265
f 4286 4285 4265
f 4267 4286 4265
f 4287 4286 4267
f 4269 4287 4267
f 4288 4287 4269
f 4289 4288 4269
f 4271 4289 4269
f 4290 4289 4271
f 4274 4290 4271
f 4291 4290 4274
f 4292 4291 4274
f 4276 4292 4274
f 4278 4292 4276
f 4293 4279 4277
f 4294 4279 4293
f 4295 4294 4293
f 4296 4294 4295
f 4297 4296 4295
f 4298 4296 4297
f 4299 4298 4297
f 4300 4298 4299
f 4301 4300 4299
f 4302 4300 4301
f 4303 4302 4301
f 4301 4304 4303
f 4299 4304 4301
f 4299 4305 4304
f 4297 4305 4299
f 4297 4306 4305
f 4295 4306 4297
f 4295 4307 4306
f 4293 4307 4295
f 4293 4308 4307
f 4277 4308 4293
f 4277 4275 4308
f 4309 4310 4311
f 4312 4310 4309
f 4313 4312 4309
f 4314 4312 4313
f 4315 4314 4313
f 4316 4314 4315
f 4317 4316 4315
f 4318 4316 4317
f 4319 4318 4317
f 4320 4318 4319
f 4321 4320 4319
f 4322 4320 4321
f 4323 4322 4321
f 4324 4322 4323
f 4325 4324 4323
f 4326 4324 4325
f 4327 4324 4326
f 4328 4327 4326
f 4329 4327 4328
f 4330 4329 4328
f 4331 4329 4330
f 4332 4331 4330
f 4312 4333 4310
f 4334 4333 4312
f 4314 4334 4312
f 4335 4334 4314
f 4316 4335 4314
f 4336 4335 4316
f 4318 4336 4316
f 4337 4336 4318
f 4338 4337 4318
f 4320 4338 4318
f 4339 4338 4320
f 4322 4339 4320
f 4340 4339 4322
f 4341 4340 4322
f 4324 4341 4322
f 4342 4341 4324
f 4327 4342 4324
f 4343 4342 4327
f 4329 4343 4327
f 4331 4343 4329
f 4330 4344 4332
f 4345 4344 4330
f 4346 4345 4330
f 4347 4345 4346
f 4348 4345 4347
f 4349 4348 4347
f 4350 4348 4349
f 4351 4350 4349
f 4352 4350 4351
f 4353 4352 4351
f 4354 4352 4353
f 4355 4354 4353
f 4356 4354 4355
f 4357 4356 4355
f 4345 4358 4344
f 4348 4358 4345
f 4348 4359 4358
f 4350 4359 4348
f 4350 4360 4359
f 4352 4360 4350
f 4352 4361 4360
f 4354 4361 4352
f 4354 4356 4361
f 4330 4328 4346
f 4362 4363 4364
f 4365 4363 4362
f 4366 4365 4362
f 4367 4365 4366
f 4368 4367 4366
f 4369 4367 4368
f 4370 4369 4368
f 4371 4369 4370
f 4372 4371 4370
f 4373 4371 4372
f 4374 4373 4372
f 4375 4373 4374
f 4376 4375 4374
f 4377 4375 4376
f 4378 4377 4376
f 4379 4377 4378
f 4380 4377 4379
f 4381 4380 4379
f 4382 4380 4381
f 4383 4382 4381
f 4384 4382 4383
f 4385 4384 4383
f 4365 4386 4363
f 4387 4386 4365
f 4367 4387 4365
f 4388 4387 4367
f 4369 4388 4367
f 4389 4388 4369
f 4371 4389 4369
f 4390 4389 4371
f 4373 4390 4371
f 4391 4390 4373
f 4375 4391 4373
f 4392 4391 4375
f 4377 4392 4375
f 4393 4392 4377
f 4394 4393 4377
f 4380 4394 4377
f 4384 4394 4380
f 4382 4384 4380
f 4395 4385 4383
f 4396 4385 4395
f 4397 4396 4395
f 4398 4396 4397
f 4399 4398 4397
f 4400 4398 4399
f 4401 4400 4399
f 4402 4400 4401
f 4403 4402 4401
f 4404 4402 4403
f 4405 4404 4403
f 4403 4406 4405
f 4401 4406 4403
f 4401 4407 4406
f 4399 4407 4401
f 4399 4408 4407
f 4397 4408 4399
f 4397 4409 4408
f 4395 4409 4397
f 4395 4410 4409
f 4383 4410 4395
f 4383 4381 4410
f 4411 4412 4413
f 4414 4412 4411
f 4415 4414 4411
f 4416 4414 4415
f 4417 4416 4415
f 4418 4416 4417
f 4419 4418 4417
f 4420 4418 4419
f 4421 4420 4419
f 4422 4420 4421
f 4423 4422 4421
f 4424 4422 4423
f 4425 4424 4423
f 4426 4424 4425
f 4427 4426 4425
f 4428 4426 4427
f 4429 4426 4428
f 4430 4429 4428
f 4431 4429 4430
f 4432 4431 4430
f 4433 4431 4432
f 4434 4433 4432
f 4414 4435 4412
f 4436 4435 4414
f 4416 4436 4414
f 4437 4436 4416
f 4418 4437 4416
f 4438 4437 4418
f 4420 4438 4418
f 4439 4438 4420
f 4422 4439 4420
f 4440 4439 4422
f 4424 4440 4422
f 4441 4440 4424
f 4426 4441 4424
f 4442 4441 4426
f 4443 4442 4426
f 4429 4443 4426
f 4433 4443 4429
f 4431 4433 4429
f 4444 4434 4432
f 4445 4434 4444
f 4446 4445 4444
f 4447 4445 4446
f 4448 4447 4446
f 4449 4447 4448
f 4450 4449 4448
f 4451 4449 4450
f 4452 4451 4450
f 4453 4451 4452
f 4454 4453 4452
f 4452 4455 4454
f 4450 4455 4452
f 4450 4456 4455
f 4448 4456 4450
f 4448 4457 4456
f 4446 4457 4448
f 4446 4458 4457
f 4444 4458 4446
f 4444 4459 4458
f 4432 4459 4444
f 4432 4430 4459
f 4460 4461 4462
f 4463 4461 4460
f 4464 4463 4460
f 4465 4463 4464
f 4466 4465 4464
f 4467 4465 4466
f 4468 4465 4467
f 4469 4468 4467
f 4470 4468 4469
f 4471 4470 4469
f 4472 4470 4471
f 4473 4470 4472
f 4474 4473 4472
f 4475 4473 4474
f 4476 4475 4474
f 4477 4475 4476
f 4478 4475 4477
f 4479 4478 4477
f 4480 4478 4479
f 4481 4480 4479
f 4482 4480 4481
f 4483 4480 4482
f 4484 4483 4482
f 4485 4483 4484
f 4486 4485 4484
f 4487 4485 4486
f 4488 4487 4486
f 4489 4487 4488
f 4490 4489 4488
f 4491 4489 4490
f 4492 4491 4490
f 4493 4491 4492
f 4494 4493 4492
f 4495 4493 4494
f 4496 4495 4494
f 4497 4495 4496
f 4498 4495 4497
f 4493 4495 4498
f 4499 4493 4498
f 4491 4493 4499
f 4500 4491 4499
f 4489 4491 4500
f 4501 4489 4500
f 4487 4489 4501
f 4502 4487 4501
f 4485 4487 4502
f 4503 4485 4502
f 4483 4485 4503
f 4480 4483 4503
f 4463 4504 4461
f 4505 4504 4463
f 4465 4505 4463
f 4506 4505 4465
f 4468 4506 4465
f 4507 4506 4468
f 4470 4507 4468
f 4508 4507 4470
f 4473 4508 4470
f 4509 4508 4473
f 4475 4509 4473
f 4510 4509 4475
f 4478 4510 4475
f 4511 4510 4478
f 4512 4511 4478
f 4480 4512 4478
f 4503 4512 4480
f 4513 4514 4515
f 4516 4514 4513
f 4517 4516 4513
f 4518 4516 4517
f 4519 4518 4517
f 4520 4518 4519
f 4521 4520 4519
f 4522 4520 4521
f 4523 4522 4521
f 4524 4522 4523
f 4525 4524 4523
f 4526 4524 4525
f 4527 4526 4525
f 4528 4526 4527
f 4529 4528 4527
f 4530 4528 4529
f 4531 4528 4530
f 4532 4531 4530
f 4533 4531 4532
f 4534 4533 4532
f 4535 4533 4534
f 4536 4535 4534
f 4516 4537 4514
f 4538 4537 4516
f 4518 4538 4516
f 4539 4538 4518
f 4520 4539 4518
f 4540 4539 4520
f 4522 4540 4520
f 4541 4540 4522
f 4524 4541 4522
f 4542 4541 4524
f 4526 4542 4524
f 4543 4542 4526
f 4528 4543 4526
f 4544 4543 4528
f 4545 4544 4528
f 4531 4545 4528
f 4535 4545 4531
f 4533 4535 4531
f 4546 4536 4534
f 4547 4536 4546
f 4548 4547 4546
f 4549 4547 4548
f 4550 4549 4548
f 4551 4549 4550
f 4552 4551 4550
f 4553 4551 4552
f 4554 4553 4552
f 4555 4553 4554
f 4556 4555 4554
f 4554 4557 4556
f 4552 4557 4554
f 4552 4558 4557
f 4550 4558 4552
f 4550 4559 4558
f 4548 4559 4550
f 4548 4560 4559
f 4546 4560 4548
f 4546 4561 4560
f 4534 4561 4546
f 4534 4532 4561
f 4562 4563 4564
f 4565 4563 4562
f 4566 4565 4562
f 4567 4565 4566
f 4568 4567 4566
f 4569 4567 4568
f 4570 4569 4568
f 4571 4569 4570
f 4572 4571 4570
f 4573 4571 4572
f 4574 4573 4572
f 4575 4573 4574
f 4576 4575 4574
f 4577 4575 4576
f 4578 4577 4576
f 4579 4577 4578
f 4580 4577 4579
f 4581 4580 4579
f 4582 4580 4581
f 4583 4582 4581
f 4584 4582 4583
f 4585 4584 4583
f 4565 4586 4563
f 4587 4586 4565
f 4567 4587 4565
f 4588 4587 4567
f 4569 4588 4567
f 4589 4588 4569
f 4571 4589 4569
f 4590 4589 4571
f 4573 4590 4571
f 4591 4590 4573
f 4575 4591 4573
f 4592 4591 4575
f 4577 4592 4575
f 4593 4592 4577
f 4594 4593 4577
f 4580 4594 4577
f 4584 4594 4580
f 4582 4584 4580
f 4595 4585 4583
f 4596 4585 4595
f 4597 4596 4595
f 4598 4596 4597
f 4599 4598 4597
f 4600 4598 4599
f 4601 4600 4599
f 4602 4600 4601
f 4603 4602 4601
f 4604 4602 4603
f 4605 4604 4603
f 4603 4606 4605
f 4601 4606 4603
f 4601 4607 4606
f 4599 4607 4601
f 4599 4608 4607
f 4597 4608 4599
f 4597 4609 4608
f 4595 4609 4597
f 4595 4610 4609
f 4583 4610 4595
f 4583 4581 4610
f 4611 4612 4613
f 4614 4612 4611
f 4615 4614 4611
f 4616 4614 4615
f 4617 4616 4615
f 4618 4616 4617
f 4619 4618 4617
f 4620 4618 4619
f 4621 4620 4619
f 4622 4620 4621
f 4623 4622 4621
f 4624 4622 4623
f 4625 4624 4623
f 4626 4624 4625
f 4627 4626 4625
f 4628 4626 4627
f 4629 4626 4628
f 4630 4629 4628
f 4631 4629 4630
f 4632 4631 4630
f 4633 4631 4632
f 4634 4633 4632
f 4614 4635 4612
f 4636 4635 4614
f 4616 4636 4614
f 4637 4636 4616
f 4618 4637 4616
f 4638 4637 4618
f 4620 4638 4618
f 4639 4638 4620
f 4622 4639 4620
f 4640 4639 4622
f 4624 4640 4622
f 4641 4640 4624
f 4626 4641 4624
f 4642 4641 4626
f 4643 4642 4626
f 4629 4643 4626
f 4633 4643 4629
f 4631 4633 4629
f 4644 4634 4632
f 4645 4634 4644
f 4646 4645 4644
f 4647 4645 4646
f 4648 4647 4646
f 4649 4647 4648
f 4650 4649 4648
f 4651 4649 4650
f 4652 4651 4650
f 4653 4651 4652
f 4654 4653 4652
f 4652 4655 4654
f 4650 4655 4652
f 4650 4656 4655
f 4648 4656 4650
f 4648 4657 4656
f 4646 4657 4648
f 4646 4658 4657
f 4644 4658 4646
f 4644 4659 4658
f 4632 4659 4644
f 4632 4630 4659
f 4660 4661 4662
f 4663 4661 4660
f 4664 4663 4660
f 4665 4663 4664
f 4666 4665 4664
f 4667 4665 4666
f 4668 4667 4666
f 4669 4667 4668
f 4670 4669 4668
f 4671 4669 4670
f 4672 4671 4670
f 4673 4671 4672
f 4674 4673 4672
f 4675 4673 4674
f 4676 4675 4674
f 4677 4675 4676
f 4678 4675 4677
f 4679 4678 4677
f 4680 4678 4679
f 4681 4680 4679
f 4682 4680 4681
f 4683 4682 4681
f 4663 4684 4661
f 4685 4684 4663
f 4665 4685 4663
f 4686 4685 4665
f 4667 4686 4665
f 4687 4686 4667
f 4669 4687 4667
f 4688 4687 4669
f 4671 4688 4669
f 4689 4688 4671
f 4673 4689 4671
f 4690 4689 4673
f 4675 4690 4673
f 4691 4690 4675
f 4692 4691 4675
f 4678 4692 4675
f 4682 4692 4678
f 4680 4682 4678
f 4693 4683 4681
f 4694 4683 4693
f 4695 4694 4693
f 4696 4694 4695
f 4697 4696 4695
f 4698 4696 4697
f 4699 4698 4697
f 4700 4698 4699
f 4701 4700 4699
f 4702 4700 4701
f 4703 4702 4701
f 4701 4704 4703
f 4699 4704 4701
f 4699 4705 4704
f 4697 4705 4699
f 4697 4706 4705
f 4695 4706 4697
f 4695 4707 4706
f 4693 4707 4695
f 4693 4708 4707
f 4681 4708 4693
f 4681 4679 4708
f 4709 4710 4711
f 4712 4710 4709
f 4713 4712 4709
f 4714 4712 4713
f 4715 4714 4713
f 4716 4714 4715
f 4717 4716 4715
f 4718 4716 4717
f 4719 4718 4717
f 4720 4718 4719
f 4721 4720 4719
f 4722 4720 4721
f 4723 4722 4721
f 4724 4722 4723
f 4725 4724 4723
f 4726 4724 4725
f 4727 4724 4726
f 4728 4727 4726
f 4729 4727 4728
f 4730 4729 4728
f 4731 4729 4730
f 4732 4731 4730
f 4733 4731 4732
f 4734 4733 4732
f 4735 4733 4734
f 4736 4735 4734
f 4737 4735 4736
f 4738 4737 4736
f 4739 4737 4738
f 4740 4739 4738
f 4741 4739 4740
f 4742 4739 4741
f 4743 4742 4741
f 4744 4742 4743
f 4745 4744 4743
f 4746 4744 4745
f 4747 4746 4745
f 4748 4746 4747
f 4749 4748 4747
f 4750 4748 4749
f 4751 4750 4749
f 4712 4752 4710
f 4753 4752 4712
f 4714 4753 4712
f 4754 4753 4714
f 4716 4754 4714
f 4755 4754 4716
f 4718 4755 4716
f 4756 4755 4718
f 4720 4756 4718
f 4757 4756 4720
f 4722 4757 4720
f 4758 4757 4722
f 4724 4758 4722
f 4759 4758 4724
f 4760 4759 4724
f 4727 4760 4724
f 4761 4760 4727
f 4729 4761 4727
f 4762 4761 4729
f 4731 4762 4729
f 4763 4762 4731
f 4733 4763 4731
f 4764 4763 4733
f 4735 4764 4733
f 4765 4764 4735
f 4737 4765 4735
f 4766 4765 4737
f 4739 4766 4737
f 4767 4766 4739
f 4768 4767 4739
f 4742 4768 4739
f 4769 4768 4742
f 4744 4769 4742
f 4770 4769 4744
f 4746 4770 4744
f 4750 4770 4746
f 4748 4750 4746
f 4771 4751 4749
f 4772 4751 4771
f 4773 4772 4771
f 4774 4772 4773
f 4775 4774 4773
f 4776 4774 4775
f 4777 4776 4775
f 4778 4776 4777
f 4779 4778 4777
f 4780 4778 4779
f 4781 4780 4779
f 4782 4780 4781
f 4783 4782 4781
f 4784 4782 4783
f 4785 4782 4784
f 4786 4785 4784
f 4787 4785 4786
f 4788 4787 4786
f 4789 4787 4788
f 4790 4789 4788
f 4791 4789 4790
f 4792 4791 4790
f 4793 4791 4792
f 4794 4793 4792
f 4795 4793 4794
f 4796 4793 4795
f 4791 4793 4796
f 4797 4791 4796
f 4789 4791 4797
f 4798 4789 4797
f 4787 4789 4798
f 4799 4787 4798
f 4785 4787 4799
f 4800 4785 4799
f 4782 4785 4800
f 4780 4782 4800
f 4779 4783 4781
f 4801 4783 4779
f 4777 4801 4779
f 4802 4801 4777
f 4775 4802 4777
f 4803 4802 4775
f 4773 4803 4775
f 4804 4803 4773
f 4771 4804 4773
f 4805 4804 4771
f 4749 4805 4771
f 4747 4805 4749
f 4806 4807 4808
f 4809 4807 4806
f 4810 4809 4806
f 4810 4811 4812
f 4813 4811 4810
f 4806 4813 4810
f 4808 4813 4806
f 4814 4812 4811
f 4815 4812 4814
f 4816 4815 4814
f 4817 4815 4816
f 4818 4817 4816
f 4819 4817 4818
f 4820 4817 4819
f 4821 4820 4819
f 4822 4820 4821
f 4823 4822 4821
f 4817 4822 4815
f 4820 4822 4817
f 4823 4824 4825
f 4826 4824 4823
f 4821 4826 4823
f 4827 4826 4821
f 4819 4827 4821
f 4828 4825 4824
f 4829 4825 4828
f 4830 4829 4828
f 4831 4829 4830
f 4832 4831 4830
f 4833 4831 4832
f 4834 4831 4833
f 4835 4834 4833
f 4836 4834 4835
f 4837 4836 4835
f 4831 4836 4829
f 4834 4836 4831
f 4838 4837 4835
f 4839 4837 4838
f 4840 4839 4838
f 4841 4839 4840
f 4842 4841 4840
f 4843 4841 4842
f 4844 4841 4843
f 4845 4844 4843
f 4846 4844 4845
f 4847 4846 4845
f 4848 4846 4847
f 4849 4848 4847
f 4850 4848 4849
f 4851 4850 4849
f 4852 4850 4851
f 4853 4852 4851
f 4854 4852 4853
f 4855 4852 4854
f 4850 4852 4855
f 4856 4850 4855
f 4848 4850 4856
f 4857 4848 4856
f 4846 4848 4857
f 4858 4846 4857
f 4844 4846 4858
f 4859 4844 4858
f 4841 4844 4859
f 4839 4841 4859
f 4838 4842 4840
f 4860 4842 4838
f 4835 4860 4838
f 4833 4860 4835
f 4828 4832 4830
f 4861 4832 4828
f 4824 4861 4828
f 4827 4861 4824
f 4826 4827 4824
f 4814 4818 4816
f 4862 4818 4814
f 4811 4862 4814
f 4808 4862 4811
f 4813 4808 4811
f 4863 4864 4865
f 4866 4864 4863
f 4867 4866 4863
f 4867 4868 4869
f 4870 4868 4867
f 4863 4870 4867
f 4865 4870 4863
f 4871 4869 4868
f 4872 4869 4871
f 4873 4872 4871
f 4874 4872 4873
f 4875 4874 4873
f 4876 4874 4875
f 4877 4874 4876
f 4878 4877 4876
f 4879 4877 4878
f 4880 4879 4878
f 4874 4879 4872
f 4877 4879 4874
f 4880 4881 4882
f 4883 4881 4880
f 4878 4883 4880
f 4884 4883 4878
f 4876 4884 4878
f 4885 4882 4881
f 4886 4882 4885
f 4887 4886 4885
f 4888 4886 4887
f 4889 4888 4887
f 4890 4888 4889
f 4891 4888 4890
f 4892 4891 4890
f 4893 4891 4892
f 4894 4893 4892
f 4888 4893 4886
f 4891 4893 4888
f 4895 4894 4892
f 4896 4894 4895
f 4897 4896 4895
f 4898 4896 4897
f 4899 4898 4897
f 4900 4898 4899
f 4901 4898 4900
f 4902 4901 4900
f 4903 4901 4902
f 4904 4903 4902
f 4905 4903 4904
f 4906 4905 4904
f 4907 4905 4906
f 4908 4907 4906
f 4909 4907 4908
f 4910 4909 4908
f 4911 4909 4910
f 4912 4909 4911
f 4907 4909 4912
f 4913 4907 4912
f 4905 4907 4913
f 4914 4905 4913
f 4903 4905 4914
f 4915 4903 4914
f 4901 4903 4915
f 4916 4901 4915
f 4898 4901 4916
f 4896 4898 4916
f 4895 4899 4897
f 4917 4899 4895
f 4892 4917 4895
f 4890 4917 4892
f 4885 4889 4887
f 4918 4889 4885
f 4881 4918 4885
f 4884 4918 4881
f 4883 4884 4881
f 4871 4875 4873
f 4919 4875 4871
f 4868 4919 4871
f 4865 4919 4868
f 4870 4865 4868
f 4920 4866 4921
f 4864 4866 4920
f 4922 4864 4920
f 4923 4922 4920
f 4924 4922 4923
f 4925 4924 4923
f 4926 4924 4925
f 4927 4926 4925
f 4928 4926 4927
f 4929 4928 4927
f 4930 4928 4929
f 4931 4930 4929
f 4932 4930 4931
f 4933 4932 4931
f 4934 4932 4933
f 4935 4934 4933
f 4936 4934 4935
f 4937 4934 4936
f 4938 4937 4936
f 4939 4937 4938
f 4940 4939 4938
f 4941 4939 4940
f 4942 4941 4940
f 4934 4943 4932
f 4937 4943 4934
f 4937 4941 4943
f 4939 4941 4937
f 4942 4944 4945
f 4946 4944 4942
f 4940 4946 4942
f 4947 4946 4940
f 4938 4947 4940
f 4948 4945 4944
f 4949 4945 4948
f 4950 4949 4948
f 4951 4949 4950
f 4952 4951 4950
f 4953 4951 4952
f 4954 4951 4953
f 4955 4954 4953
f 4956 4954 4955
f 4957 4956 4955
f 4951 4956 4949
f 4954 4956 4951
f 4957 4958 4959
f 4960 4958 4957
f 4955 4960 4957
f 4961 4960 4955
f 4953 4961 4955
f 4962 4959 4958
f 4963 4959 4962
f 4964 4963 4962
f 4965 4963 4964
f 4966 4965 4964
f 4911 4965 4966
f 4910 4965 4911
f 4963 4965 4910
f 4962 4966 4964
f 4967 4966 4962
f 4958 4967 4962
f 4961 4967 4958
f 4960 4961 4958
f 4948 4952 4950
f 4968 4952 4948
f 4944 4968 4948
f 4947 4968 4944
f 4946 4947 4944
f 4931 4935 4933
f 4969 4935 4931
f 4929 4969 4931
f 4970 4969 4929
f 4927 4970 4929
f 4971 4970 4927
f 4925 4971 4927
f 4972 4971 4925
f 4923 4972 4925
f 4921 4972 4923
f 4920 4921 4923
f 4612 4911 4966
f 4912 4911 4612
f 4635 4912 4612
f 4913 4912 4635
f 4636 4913 4635
f 4914 4913 4636
f 4637 4914 4636
f 4915 4914 4637
f 4638 4915 4637
f 4916 4915 4638
f 4639 4916 4638
f 4896 4916 4639
f 4640 4896 4639
f 4894 4896 4640
f 4641 4894 4640
f 4893 4894 4641
f 4642 4893 4641
f 4643 4893 4642
f 4886 4893 4643
f 4633 4886 4643
f 4882 4886 4633
f 4634 4882 4633
f 4880 4882 4634
f 4645 4880 4634
f 4879 4880 4645
f 4647 4879 4645
f 4872 4879 4647
f 4649 4872 4647
f 4869 4872 4649
f 4651 4869 4649
f 4867 4869 4651
f 4653 4867 4651
f 4866 4867 4653
f 4921 4866 4653
f 4973 4921 4653
f 4972 4921 4973
f 4974 4972 4973
f 4971 4972 4974
f 4975 4971 4974
f 4970 4971 4975
f 4976 4970 4975
f 4969 4970 4976
f 4977 4969 4976
f 4935 4969 4977
f 4978 4935 4977
f 4936 4935 4978
f 4979 4936 4978
f 4938 4936 4979
f 4980 4938 4979
f 4981 4938 4980
f 4947 4938 4981
f 4982 4947 4981
f 4968 4947 4982
f 4983 4968 4982
f 4952 4968 4983
f 4984 4952 4983
f 4953 4952 4984
f 4985 4953 4984
f 4961 4953 4985
f 4986 4961 4985
f 4967 4961 4986
f 4987 4967 4986
f 4966 4967 4987
f 4612 4966 4987
f 4988 4809 4989
f 4807 4809 4988
f 4990 4807 4988
f 4991 4990 4988
f 4992 4990 4991
f 4993 4992 4991
f 4994 4992 4993
f 4995 4994 4993
f 4996 4994 4995
f 4997 4996 4995
f 4998 4996 4997
f 4999 4998 4997
f 5000 4998 4999
f 5001 5000 4999
f 5002 5000 5001
f 5003 5002 5001
f 5004 5002 5003
f 5005 5002 5004
f 5006 5005 5004
f 5007 5005 5006
f 5008 5007 5006
f 5009 5007 5008
f 5010 5009 5008
f 5002 5011 5000
f 5005 5011 5002
f 5005 5009 5011
f 5007 5009 5005
f 5010 5012 5013
f 5014 5012 5010
f 5008 5014 5010
f 5015 5014 5008
f 5006 5015 5008
f 5016 5013 5012
f 5017 5013 5016
f 5018 5017 5016
f 5019 5017 5018
f 5020 5019 5018
f 5021 5019 5020
f 5022 5019 5021
f 5023 5022 5021
f 5024 5022 5023
f 5025 5024 5023
f 5019 5024 5017
f 5022 5024 5019
f 5025 5026 5027
f 5028 5026 5025
f 5023 5028 5025
f 5029 5028 5023
f 5021 5029 5023
f 5030 5027 5026
f 5031 5027 5030
f 5032 5031 5030
f 5033 5031 5032
f 5034 5033 5032
f 4854 5033 5034
f 4853 5033 4854
f 5031 5033 4853
f 5030 5034 5032
f 5035 5034 5030
f 5026 5035 5030
f 5029 5035 5026
f 5028 5029 5026
f 5016 5020 5018
f 5036 5020 5016
f 5012 5036 5016
f 5015 5036 5012
f 5014 5015 5012
f 4999 5003 5001
f 5037 5003 4999
f 4997 5037 4999
f 5038 5037 4997
f 4995 5038 4997
f 5039 5038 4995
f 4993 5039 4995
f 5040 5039 4993
f 4991 5040 4993
f 4989 5040 4991
f 4988 4989 4991
f 4662 4809 4810
f 4989 4809 4662
f 5041 4989 4662
f 5040 4989 5041
f 5042 5040 5041
f 5039 5040 5042
f 5043 5039 5042
f 5038 5039 5043
f 5044 5038 5043
f 5037 5038 5044
f 5045 5037 5044
f 5003 5037 5045
f 5046 5003 5045
f 5004 5003 5046
f 5047 5004 5046
f 5006 5004 5047
f 5048 5006 5047
f 5049 5006 5048
f 5015 5006 5049
f 5050 5015 5049
f 5036 5015 5050
f 5051 5036 5050
f 5020 5036 5051
f 5052 5020 5051
f 5021 5020 5052
f 5053 5021 5052
f 5029 5021 5053
f 5054 5029 5053
f 5035 5029 5054
f 5055 5035 5054
f 5034 5035 5055
f 4703 5034 5055
f 4854 5034 4703
f 4855 4854 4703
f 4704 4855 4703
f 4856 4855 4704
f 4705 4856 4704
f 4857 4856 4705
f 4706 4857 4705
f 4858 4857 4706
f 4707 4858 4706
f 4859 4858 4707
f 4708 4859 4707
f 4839 4859 4708
f 4679 4839 4708
f 4837 4839 4679
f 4677 4837 4679
f 4836 4837 4677
f 4676 4836 4677
f 4674 4836 4676
f 4829 4836 4674
f 4672 4829 4674
f 4825 4829 4672
f 4823 4825 4672
f 4672 4822 4823
f 4815 4822 4672
f 4670 4815 4672
f 4668 4815 4670
f 4666 4815 4668
f 4664 4815 4666
f 4812 4815 4664
f 4660 4812 4664
f 4810 4812 4660
f 4662 4810 4660
f 5056 4710 5057
f 4711 4710 5056
f 5058 4711 5056
f 5059 5058 5056
f 5060 5058 5059
f 5061 5060 5059
f 5062 5060 5061
f 5063 5062 5061
f 5064 5062 5063
f 5065 5064 5063
f 5066 5064 5065
f 5067 5066 5065
f 5068 5066 5067
f 5069 5068 5067
f 5070 5068 5069
f 5071 5070 5069
f 5072 5070 5071
f 5073 5070 5072
f 5074 5073 5072
f 5075 5073 5074
f 5076 5075 5074
f 5077 5075 5076
f 5078 5077 5076
f 5079 5077 5078
f 5080 5079 5078
f 5081 5079 5080
f 5082 5081 5080
f 5083 5081 5082
f 5084 5083 5082
f 5085 5083 5084
f 5086 5085 5084
f 5070 5087 5068
f 5073 5087 5070
f 5073 5088 5087
f 5075 5088 5073
f 5075 5089 5088
f 5077 5089 5075
f 5077 5090 5089
f 5079 5090 5077
f 5079 5091 5090
f 5081 5091 5079
f 5081 5085 5091
f 5083 5085 5081
f 5092 5086 5084
f 5093 5086 5092
f 5094 5093 5092
f 5095 5093 5094
f 5096 5095 5094
f 5097 5095 5096
f 5098 5097 5096
f 5099 5098 5096
f 5100 5098 5099
f 5101 5100 5099
f 5102 5100 5101
f 5103 5102 5101
f 5104 5102 5103
f 5105 5104 5103
f 5106 5104 5105
f 5107 5106 5105
f 5108 5106 5107
f 5109 5108 5107
f 5110 5108 5109
f 5111 5110 5109
f 5112 5110 5111
f 5113 5112 5111
f 5114 5113 5111
f 5115 5113 5114
f 5116 5115 5114
f 5117 5115 5116
f 5118 5117 5116
f 5119 5117 5118
f 5120 5119 5118
f 5121 5119 5120
f 5122 5121 5120
f 5123 5121 5122
f 5124 5123 5122
f 5125 5123 5124
f 4795 5125 5124
f 4794 5125 4795
f 5124 5126 4795
f 5127 5126 5124
f 5122 5127 5124
f 5128 5127 5122
f 5120 5128 5122
f 5129 5128 5120
f 5118 5129 5120
f 5130 5129 5118
f 5116 5130 5118
f 5131 5130 5116
f 5114 5131 5116
f 5132 5131 5114
f 5111 5132 5114
f 5133 5132 5111
f 5134 5133 5111
f 5109 5134 5111
f 5135 5134 5109
f 5107 5135 5109
f 5136 5135 5107
f 5105 5136 5107
f 5137 5136 5105
f 5103 5137 5105
f 5138 5137 5103
f 5101 5138 5103
f 5139 5138 5101
f 5099 5139 5101
f 5140 5139 5099
f 5096 5140 5099
f 5141 5140 5096
f 5142 5141 5096
f 5094 5142 5096
f 5143 5142 5094
f 5092 5143 5094
f 5144 5143 5092
f 5084 5144 5092
f 5082 5144 5084
f 5067 5071 5069
f 5145 5071 5067
f 5065 5145 5067
f 5146 5145 5065
f 5063 5146 5065
f 5147 5146 5063
f 5061 5147 5063
f 5148 5147 5061
f 5059 5148 5061
f 5057 5148 5059
f 5056 5057 5059
f 4794 5149 5125
f 4604 5149 4794
f 4602 4604 4794
f 5125 5150 5123
f 5151 5150 5125
f 5152 5151 5125
f 5150 5121 5123
f 5119 5121 5150
f 4501 5119 5150
f 4500 5119 4501
f 5117 5119 4500
f 4499 5117 4500
f 5115 5117 4499
f 4498 5115 4499
f 4497 5115 4498
f 5153 5115 4497
f 5113 5115 5153
f 5154 5113 5153
f 5155 5113 5154
f 5156 5113 5155
f 5112 5113 5156
f 5157 5112 5156
f 5158 5112 5157
f 5159 5112 5158
f 5110 5112 5159
f 5160 5110 5159
f 5161 5110 5160
f 5162 5110 5161
f 5108 5110 5162
f 5163 5108 5162
f 5164 5108 5163
f 4453 5164 5163
f 5108 5165 5106
f 5166 5165 5108
f 5167 5166 5108
f 5165 5104 5106
f 5102 5104 5165
f 4549 5102 5165
f 4551 5102 4549
f 5100 5102 4551
f 4553 5100 4551
f 4555 5100 4553
f 5168 5100 4555
f 5098 5100 5168
f 5169 5098 5168
f 5170 5098 5169
f 5171 5098 5170
f 5172 5098 5171
f 5173 5098 5172
f 5097 5098 5173
f 5174 5097 5173
f 5175 5097 5174
f 5095 5097 5175
f 5093 5095 5175
f 5175 5086 5093
f 5176 5086 5175
f 5177 5086 5176
f 5178 5086 5177
f 5179 5086 5178
f 5180 5086 5179
f 5181 5086 5180
f 5182 5086 5181
f 4514 5086 5182
f 4537 5086 4514
f 4538 5086 4537
f 5183 5086 4538
f 5184 5183 4538
f 5086 5185 5085
f 5186 5185 5086
f 5183 5186 5086
f 5085 5187 5091
f 4412 5187 5085
f 5185 4412 5085
f 5187 5090 5091
f 5188 5090 5187
f 5089 5090 5188
f 5189 5089 5188
f 5190 5089 5189
f 5088 5089 5190
f 5191 5088 5190
f 5192 5088 5191
f 5087 5088 5192
f 5193 5087 5192
f 5194 5087 5193
f 5068 5087 5194
f 4310 5068 5194
f 4333 5068 4310
f 5066 5068 4333
f 4334 5066 4333
f 4335 5066 4334
f 5064 5066 4335
f 4336 5064 4335
f 5195 5064 4336
f 4337 5195 4336
f 5196 5195 4337
f 4338 5196 4337
f 4959 5196 4338
f 4339 4959 4338
f 4957 4959 4339
f 4340 4957 4339
f 4341 4957 4340
f 4342 4957 4341
f 4343 4957 4342
f 4331 4957 4343
f 4956 4957 4331
f 4332 4956 4331
f 4344 4956 4332
f 4358 4956 4344
f 4359 4956 4358
f 4360 4956 4359
f 4949 4956 4360
f 4361 4949 4360
f 4356 4949 4361
f 4357 4949 4356
f 5197 4949 4357
f 4945 4949 5197
f 4942 4945 5197
f 5195 5062 5064
f 5060 5062 5195
f 5058 5060 5195
f 5058 5198 4711
f 5199 5198 5058
f 5200 5199 5058
f 4711 4386 4709
f 4363 4386 4711
f 5198 4363 4711
f 4709 4388 4713
f 4387 4388 4709
f 4386 4387 4709
f 4713 4390 4715
f 4389 4390 4713
f 4388 4389 4713
f 4715 4392 4717
f 4391 4392 4715
f 4390 4391 4715
f 4717 5201 4719
f 5202 5201 4717
f 5203 5202 4717
f 5204 4719 5201
f 4721 4719 5204
f 5205 4721 5204
f 4257 4721 5205
f 4280 4721 4257
f 4723 4721 4280
f 4281 4723 4280
f 4282 4723 4281
f 4283 4723 4282
f 4725 4723 4283
f 4284 4725 4283
f 4285 4725 4284
f 4286 4725 4285
f 4726 4725 4286
f 4287 4726 4286
f 4288 4726 4287
f 4289 4726 4288
f 4728 4726 4289
f 4290 4728 4289
f 4291 4728 4290
f 4292 4728 4291
f 4730 4728 4292
f 4278 4730 4292
f 4279 4730 4278
f 4732 4730 4279
f 4208 4732 4279
f 4231 4732 4208
f 4734 4732 4231
f 4232 4734 4231
f 4233 4734 4232
f 4736 4734 4233
f 4234 4736 4233
f 4235 4736 4234
f 4738 4736 4235
f 4236 4738 4235
f 4237 4738 4236
f 4740 4738 4237
f 4238 4740 4237
f 4239 4740 4238
f 4741 4740 4239
f 4229 4741 4239
f 4230 4741 4229
f 4743 4741 4230
f 4241 4743 4230
f 4243 4743 4241
f 4745 4743 4243
f 4245 4745 4243
f 4247 4745 4245
f 4747 4745 4247
f 4249 4747 4247
f 4203 4747 4249
f 5206 4203 4249
f 5207 4203 5206
f 5208 4203 5207
f 5209 4203 5208
f 5210 4203 5209
f 5211 4203 5210
f 5212 4203 5211
f 4202 4203 5212
f 4201 4202 5212
f 4203 4805 4747
f 4804 4805 4203
f 4204 4804 4203
f 4205 4804 4204
f 4206 4804 4205
f 4803 4804 4206
f 4197 4803 4206
f 4196 4803 4197
f 4802 4803 4196
f 4195 4802 4196
f 4194 4802 4195
f 4801 4802 4194
f 4193 4801 4194
f 4192 4801 4193
f 4783 4801 4192
f 4191 4783 4192
f 5213 4783 4191
f 4784 4783 5213
f 5214 4784 5213
f 5215 4784 5214
f 4786 4784 5215
f 5216 4786 5215
f 5217 4786 5216
f 5218 4786 5217
f 5219 4786 5218
f 5220 4786 5219
f 5221 4786 5220
f 4593 4786 5221
f 4592 4593 5221
f 4594 4786 4593
f 4788 4786 4594
f 4584 4788 4594
f 4585 4788 4584
f 4790 4788 4585
f 4596 4790 4585
f 4598 4790 4596
f 4792 4790 4598
f 4600 4792 4598
f 4602 4792 4600
f 4794 4792 4602
f 4864 4587 4865
f 4586 4587 4864
f 4563 4586 4864
f 4865 4590 4919
f 4589 4590 4865
f 4588 4589 4865
f 4919 5221 4875
f 4592 5221 4919
f 4591 4592 4919
f 4875 5222 4876
f 5223 5222 4875
f 5224 5223 4875
f 4876 5225 4884
f 5226 5225 4876
f 5227 5226 4876
f 4884 4198 4918
f 4155 4198 4884
f 5228 4155 4884
f 4918 5212 4889
f 4201 5212 4918
f 4200 4201 4918
f 5212 4890 4889
f 5229 4890 5212
f 5230 4890 5229
f 5231 4890 5230
f 4917 4890 5231
f 5232 4917 5231
f 5233 4917 5232
f 5234 4917 5233
f 4899 4917 5234
f 5235 4899 5234
f 5236 4899 5235
f 4296 4899 5236
f 4294 4296 5236
f 4899 4300 4900
f 4298 4300 4899
f 4296 4298 4899
f 4900 5237 4902
f 5238 5237 4900
f 4302 5238 4900
f 4902 5239 4904
f 5240 5239 4902
f 5241 5240 4902
f 4904 5242 4906
f 5243 5242 4904
f 5239 5243 4904
f 4906 4385 4908
f 4384 4385 4906
f 4394 4384 4906
f 4908 4400 4910
f 4398 4400 4908
f 4396 4398 4908
f 4910 5244 4963
f 5245 5244 4910
f 4404 5245 4910
f 4963 5246 4959
f 5247 5246 4963
f 5248 5247 4963
f 5197 4941 4942
f 5249 4941 5197
f 5250 5249 5197
f 5251 5249 5250
f 5252 5249 5251
f 5253 5249 5252
f 5254 5249 5253
f 5255 5249 5254
f 5187 5249 5255
f 4442 5249 5187
f 4441 4442 5187
f 5249 4943 4941
f 4932 4943 5249
f 5256 4932 5249
f 5257 4932 5256
f 5258 4932 5257
f 5259 4932 5258
f 4930 4932 5259
f 4461 4930 5259
f 4504 4930 4461
f 4505 4930 4504
f 4928 4930 4505
f 4506 4928 4505
f 4507 4928 4506
f 4508 4928 4507
f 4509 4928 4508
f 4926 4928 4509
f 4510 4926 4509
f 4511 4926 4510
f 4512 4926 4511
f 4924 4926 4512
f 4503 4924 4512
f 4502 4924 4503
f 5260 4924 4502
f 4501 5260 4502
f 5150 5260 4501
f 4924 5261 4922
f 5262 5261 4924
f 5260 5262 4924
f 4922 5263 4864
f 5264 5263 4922
f 5265 5264 4922
f 5125 5266 5152
f 5267 5266 5125
f 5268 5267 5125
f 5125 5269 5268
f 5149 5269 5125
f 4919 4590 4591
f 4865 4587 4588
f 4864 5270 4563
f 5263 5270 4864
f 4922 5261 5265
f 5165 4547 4549
f 4536 4547 5165
f 4535 4536 5165
f 5165 4545 4535
f 4544 4545 5165
f 4543 4544 5165
f 5271 4543 5165
f 4542 4543 5271
f 5272 4542 5271
f 4541 4542 5272
f 5273 4541 5272
f 4540 4541 5273
f 5184 4540 5273
f 4539 4540 5184
f 4538 4539 5184
f 5249 5274 5256
f 5275 5274 5249
f 5276 5275 5249
f 5249 5277 5276
f 5163 5277 5249
f 4445 5163 5249
f 4447 5163 4445
f 4449 5163 4447
f 4451 5163 4449
f 4453 5163 4451
f 5108 5278 5167
f 5279 5278 5108
f 5280 5279 5108
f 5108 5281 5280
f 5164 5281 5108
f 5249 4434 4445
f 4433 4434 5249
f 4443 4433 5249
f 5249 4442 4443
f 5187 4440 4441
f 4439 4440 5187
f 4438 4439 5187
f 5187 4437 4438
f 4436 4437 5187
f 4435 4436 5187
f 5187 4412 4435
f 4393 4717 4392
f 5242 4717 4393
f 4394 5242 4393
f 4906 5242 4394
f 5058 5282 5200
f 5283 5282 5058
f 5284 5283 5058
f 5058 5285 5284
f 5195 5285 5058
f 4959 5286 5196
f 5246 5286 4959
f 4963 5244 5248
f 4910 4402 4404
f 4400 4402 4910
f 4908 4385 4396
f 4208 4294 5236
f 4279 4294 4208
f 4717 5287 5203
f 5288 5287 4717
f 5242 5288 4717
f 4902 5289 5241
f 5237 5289 4902
f 4900 4300 4302
f 4918 4199 4200
f 4198 4199 4918
f 4884 5290 5228
f 5225 5290 4884
f 4876 5291 5227
f 5292 5291 4876
f 5222 5292 4876
f 4875 5221 5224
f 4710 5293 5057
f 4364 5293 4710
f 4362 4364 4710
f 5057 5294 5148
f 5295 5294 5057
f 5293 5295 5057
f 5148 5296 5147
f 5297 5296 5148
f 5294 5297 5148
f 5147 5298 5146
f 5299 5298 5147
f 5296 5299 5147
f 5146 4315 5145
f 4317 4315 5146
f 4319 4317 5146
f 4313 5145 4315
f 5071 5145 4313
f 4309 5071 4313
f 4311 5071 4309
f 5300 5071 4311
f 5072 5071 5300
f 5301 5072 5300
f 5302 5072 5301
f 5303 5072 5302
f 5074 5072 5303
f 5304 5074 5303
f 5305 5074 5304
f 5306 5074 5305
f 5076 5074 5306
f 5307 5076 5306
f 5308 5076 5307
f 5309 5076 5308
f 5078 5076 5309
f 5310 5078 5309
f 5311 5078 5310
f 5312 5078 5311
f 5313 5078 5312
f 5314 5078 5313
f 5315 5078 5314
f 4413 5315 5314
f 5315 5080 5078
f 5316 5080 5315
f 5317 5080 5316
f 5082 5080 5317
f 5144 5082 5317
f 5317 5143 5144
f 4517 5143 5317
f 4519 4517 5317
f 5143 5318 5142
f 4515 5318 5143
f 4513 4515 5143
f 5142 5319 5141
f 5320 5319 5142
f 5321 5320 5142
f 5141 5322 5140
f 5323 5322 5141
f 5324 5323 5141
f 5140 5325 5139
f 5326 5325 5140
f 5327 5326 5140
f 5139 5328 5138
f 4558 5328 5139
f 4557 4558 5139
f 5138 5329 5137
f 5330 5329 5138
f 5328 5330 5138
f 5137 5331 5136
f 4454 5331 5137
f 5329 4454 5137
f 5331 5135 5136
f 5332 5135 5331
f 5134 5135 5332
f 5333 5134 5332
f 5334 5134 5333
f 5133 5134 5334
f 5335 5133 5334
f 5336 5133 5335
f 5132 5133 5336
f 5337 5132 5336
f 5338 5132 5337
f 5131 5132 5338
f 4496 5131 5338
f 4494 5131 4496
f 5130 5131 4494
f 4492 5130 4494
f 4490 5130 4492
f 5129 5130 4490
f 4488 5129 4490
f 4486 5129 4488
f 4484 5129 4486
f 4482 5129 4484
f 4481 5129 4482
f 4479 5129 4481
f 5339 5129 4479
f 5340 5339 4479
f 5341 5129 5339
f 5128 5129 5341
f 5342 5128 5341
f 5343 5128 5342
f 5127 5128 5343
f 5344 5127 5343
f 5345 5127 5344
f 5126 5127 5345
f 5346 5126 5345
f 5347 5126 5346
f 4795 5126 5347
f 4605 4795 5347
f 4606 4795 4605
f 4796 4795 4606
f 4607 4796 4606
f 4608 4796 4607
f 4609 4796 4608
f 4610 4796 4609
f 4581 4796 4610
f 4579 4796 4581
f 4578 4796 4579
f 4797 4796 4578
f 4798 4797 4578
f 4578 4799 4798
f 5348 4799 4578
f 4576 5348 4578
f 5349 5348 4576
f 4849 5349 4576
f 5350 5349 4849
f 5351 5350 4849
f 5352 4799 5348
f 4800 4799 5352
f 5353 4800 5352
f 4780 4800 5353
f 5354 4780 5353
f 4190 4780 5354
f 4189 4780 4190
f 4778 4780 4189
f 4187 4778 4189
f 4185 4778 4187
f 4183 4778 4185
f 4776 4778 4183
f 4181 4776 4183
f 4179 4776 4181
f 4178 4776 4179
f 4774 4776 4178
f 4176 4774 4178
f 4174 4774 4176
f 4172 4774 4174
f 4772 4774 4172
f 4170 4772 4172
f 4751 4772 4170
f 4750 4751 4170
f 4750 4251 4770
f 4250 4251 4750
f 4170 4250 4750
f 5355 4250 4170
f 5356 5355 4170
f 4770 4253 4769
f 4252 4253 4770
f 4251 4252 4770
f 4769 4255 4768
f 4254 4255 4769
f 4253 4254 4769
f 4768 4224 4767
f 4226 4224 4768
f 4255 4226 4768
f 4223 4767 4224
f 4766 4767 4223
f 4765 4766 4223
f 4223 4764 4765
f 4763 4764 4223
f 4762 4763 4223
f 4223 4761 4762
f 4221 4761 4223
f 4219 4761 4221
f 4217 4761 4219
f 4215 4761 4217
f 4213 4761 4215
f 4211 4761 4213
f 4207 4761 4211
f 4272 4761 4207
f 4209 4272 4207
f 5357 4272 4209
f 5358 4272 5357
f 5359 4272 5358
f 5360 4272 5359
f 5361 4272 5360
f 5362 4272 5361
f 5363 4272 5362
f 5364 4272 5363
f 5365 4272 5364
f 5366 5365 5364
f 5367 5365 5366
f 5368 5365 5367
f 5369 5365 5368
f 4170 5365 5369
f 5370 4170 5369
f 5356 4170 5370
f 4270 4761 4272
f 4760 4761 4270
f 4268 4760 4270
f 4266 4760 4268
f 4759 4760 4266
f 4264 4759 4266
f 4262 4759 4264
f 4758 4759 4262
f 4260 4758 4262
f 4256 4758 4260
f 4757 4758 4256
f 4258 4757 4256
f 5371 4757 4258
f 4756 4757 5371
f 5372 4756 5371
f 5373 4756 5372
f 4755 4756 5373
f 5374 4755 5373
f 4378 4755 5374
f 5375 4378 5374
f 4379 4378 5375
f 5376 4379 5375
f 4862 4379 5376
f 5377 4862 5376
f 4818 4862 5377
f 5378 4818 5377
f 5379 4818 5378
f 5380 4818 5379
f 5381 4818 5380
f 5382 4818 5381
f 4819 4818 5382
f 5383 4819 5382
f 5384 4819 5383
f 5385 4819 5384
f 5386 4819 5385
f 5387 4819 5386
f 4827 4819 5387
f 5388 4827 5387
f 5389 4827 5388
f 4303 4827 5389
f 4304 4827 4303
f 4861 4827 4304
f 4832 4861 4304
f 4378 4754 4755
f 4753 4754 4378
f 4752 4753 4378
f 4752 4362 4710
f 4366 4362 4752
f 4368 4366 4752
f 4853 5390 5031
f 5391 5390 4853
f 4564 5391 4853
f 5031 5392 5027
f 5393 5392 5031
f 5394 5393 5031
f 5027 4479 5025
f 5340 4479 5027
f 5395 5340 5027
f 5025 4474 5024
f 4476 4474 5025
f 4477 4476 5025
f 5024 4466 5017
f 4467 4466 5024
f 4469 4467 5024
f 5017 5396 5013
f 4462 5396 5017
f 4460 4462 5017
f 5013 4427 5010
f 5397 4427 5013
f 5398 5397 5013
f 4427 5009 5010
f 4425 5009 4427
f 4423 5009 4425
f 5011 5009 4423
f 4421 5011 4423
f 4419 5011 4421
f 4417 5011 4419
f 5000 5011 4417
f 4415 5000 4417
f 4411 5000 4415
f 5399 5000 4411
f 5400 5399 4411
f 5000 5401 4998
f 5402 5401 5000
f 5399 5402 5000
f 4998 4351 4996
f 4353 4351 4998
f 4355 4353 4998
f 4996 4328 4994
f 4346 4328 4996
f 4347 4346 4996
f 4994 4325 4992
f 4326 4325 4994
f 4328 4326 4994
f 4992 5403 4990
f 5404 5403 4992
f 5405 5404 4992
f 4990 5406 4807
f 5407 5406 4990
f 5408 5407 4990
f 4807 4407 4808
f 4406 4407 4807
f 4405 4406 4807
f 4808 4410 4862
f 4409 4410 4808
f 4408 4409 4808
f 4304 4833 4832
f 5365 4833 4304
f 4305 5365 4304
f 4306 5365 4305
f 4307 5365 4306
f 4308 5365 4307
f 4275 5365 4308
f 4273 5365 4275
f 4272 5365 4273
f 5365 4860 4833
f 4842 4860 5365
f 4162 4842 5365
f 4160 4842 4162
f 4158 4842 4160
f 4154 4842 4158
f 4843 4842 4154
f 4156 4843 4154
f 5409 4843 4156
f 5410 4843 5409
f 4845 4843 5410
f 5411 4845 5410
f 5412 4845 5411
f 5413 4845 5412
f 5414 4845 5413
f 4847 4845 5414
f 5415 4847 5414
f 5416 4847 5415
f 5351 4847 5416
f 4849 4847 5351
f 4849 4572 4851
f 4574 4572 4849
f 4576 4574 4849
f 4851 4566 4853
f 4568 4566 4851
f 4570 4568 4851
f 4853 4562 4564
f 4566 4562 4853
f 4851 4572 4570
f 5027 5392 5395
f 5031 5390 5394
f 5143 4517 4513
f 5317 4521 4519
f 4523 4521 5317
f 4525 4523 5317
f 5417 4525 5317
f 4527 4525 5417
f 5418 4527 5417
f 5419 4527 5418
f 5420 4527 5419
f 5421 4527 5420
f 4529 4527 5421
f 4530 4529 5421
f 5422 4530 5421
f 4532 4530 5422
f 5423 4532 5422
f 4561 4532 5423
f 5424 4561 5423
f 4560 4561 5424
f 5425 4560 5424
f 4559 4560 5425
f 4558 4559 5425
f 5139 4556 4557
f 5325 4556 5139
f 5140 5426 5327
f 5427 5426 5140
f 5322 5427 5140
f 5141 5428 5324
f 5319 5428 5141
f 5142 5429 5321
f 5430 5429 5142
f 5318 5430 5142
f 5017 4464 4460
f 4466 4464 5017
f 5024 4471 4469
f 4472 4471 5024
f 4474 4472 5024
f 5025 4479 4477
f 5331 4427 5431
f 4428 4427 5331
f 4430 4428 5331
f 4427 5432 5431
f 5433 5432 4427
f 5397 5433 4427
f 5013 5434 5398
f 5396 5434 5013
f 5400 4413 5314
f 4411 4413 5400
f 5331 4459 4430
f 4458 4459 5331
f 4457 4458 5331
f 5331 4456 4457
f 4455 4456 5331
f 4454 4455 5331
f 4558 5425 5328
f 4807 5435 4405
f 5406 5435 4807
f 4990 5403 5408
f 4325 5405 4992
f 5436 5405 4325
f 5146 5436 4325
f 5298 5436 5146
f 4752 4370 4368
f 4372 4370 4752
f 4374 4372 4752
f 4752 4376 4374
f 4378 4376 4752
f 4862 4381 4379
f 4410 4381 4862
f 4808 4407 4408
f 4998 5401 4355
f 5146 4321 4319
f 4323 4321 5146
f 4325 4323 5146
f 4996 4349 4347
f 4351 4349 4996
f 5365 4164 4162
f 4165 4164 5365
f 4167 4165 5365
f 5365 4169 4167
f 4170 4169 5365
f 5437 4661 5438
f 4662 4661 5437
f 5041 4662 5437
f 5439 5041 5437
f 5042 5041 5439
f 5440 5042 5439
f 5043 5042 5440
f 5441 5043 5440
f 5044 5043 5441
f 5442 5044 5441
f 5045 5044 5442
f 5443 5045 5442
f 5046 5045 5443
f 5444 5046 5443
f 5445 5046 5444
f 5446 5445 5444
f 5447 5445 5446
f 5448 5445 5447
f 5449 5448 5447
f 5450 5448 5449
f 5451 5448 5450
f 5452 5451 5450
f 5453 5451 5452
f 5454 5453 5452
f 5455 5453 5454
f 5456 5455 5454
f 5457 5455 5456
f 5458 5457 5456
f 5459 5457 5458
f 5460 5459 5458
f 5461 5459 5460
f 5462 5461 5460
f 4702 5461 5462
f 5055 5461 4702
f 4703 5055 4702
f 5445 5047 5046
f 5448 5047 5445
f 5448 5048 5047
f 5049 5048 5448
f 5451 5049 5448
f 5050 5049 5451
f 5453 5050 5451
f 5051 5050 5453
f 5455 5051 5453
f 5052 5051 5455
f 5457 5052 5455
f 5053 5052 5457
f 5459 5053 5457
f 5054 5053 5459
f 5461 5054 5459
f 5055 5054 5461
f 5443 5446 5444
f 5463 5446 5443
f 5442 5463 5443
f 5464 5463 5442
f 5441 5464 5442
f 5465 5464 5441
f 5440 5465 5441
f 5466 5465 5440
f 5439 5466 5440
f 5438 5466 5439
f 5437 5438 5439
f 5467 4612 4987
f 4613 4612 5467
f 5468 4613 5467
f 5469 5468 5467
f 5470 5468 5469
f 5471 5470 5469
f 5472 5470 5471
f 5473 5472 5471
f 5474 5472 5473
f 5475 5474 5473
f 5476 5474 5475
f 5477 5476 5475
f 5478 5476 5477
f 5479 5478 5477
f 5480 5478 5479
f 4982 5480 5479
f 4981 5480 4982
f 5481 5480 4981
f 4980 5481 4981
f 4979 5481 4980
f 5482 5481 4979
f 4978 5482 4979
f 5483 5482 4978
f 4977 5483 4978
f 5484 5483 4977
f 4976 5484 4977
f 5485 5484 4976
f 4975 5485 4976
f 5486 5485 4975
f 4974 5486 4975
f 5487 5486 4974
f 4973 5487 4974
f 4653 5487 4973
f 5488 5487 4653
f 4654 5488 4653
f 5480 5489 5478
f 5481 5489 5480
f 5481 5490 5489
f 5491 5490 5481
f 5482 5491 5481
f 5492 5491 5482
f 5483 5492 5482
f 5493 5492 5483
f 5484 5493 5483
f 5494 5493 5484
f 5485 5494 5484
f 5495 5494 5485
f 5486 5495 5485
f 5496 5495 5486
f 5487 5496 5486
f 5488 5496 5487
f 5477 4982 5479
f 4983 4982 5477
f 5475 4983 5477
f 4984 4983 5475
f 5473 4984 5475
f 4985 4984 5473
f 5471 4985 5473
f 4986 4985 5471
f 5469 4986 5471
f 4987 4986 5469
f 5467 4987 5469
f 4702 4654 4655
f 5488 4654 4702
f 5462 5488 4702
f 5496 5488 5462
f 5460 5496 5462
f 5495 5496 5460
f 5458 5495 5460
f 5494 5495 5458
f 5456 5494 5458
f 5493 5494 5456
f 5454 5493 5456
f 5492 5493 5454
f 5452 5492 5454
f 5491 5492 5452
f 5450 5491 5452
f 5490 5491 5450
f 5449 5490 5450
f 5447 5490 5449
f 5489 5490 5447
f 5446 5489 5447
f 5478 5489 5446
f 5463 5478 5446
f 5476 5478 5463
f 5464 5476 5463
f 5474 5476 5464
f 5465 5474 5464
f 5472 5474 5465
f 5466 5472 5465
f 5470 5472 5466
f 5438 5470 5466
f 5468 5470 5438
f 4661 5468 5438
f 4613 5468 4661
f 4611 4613 4661
f 4684 4611 4661
f 4615 4611 4684
f 4685 4615 4684
f 4617 4615 4685
f 4686 4617 4685
f 4619 4617 4686
f 4687 4619 4686
f 4621 4619 4687
f 4688 4621 4687
f 4623 4621 4688
f 4689 4623 4688
f 4625 4623 4689
f 4690 4625 4689
f 4627 4625 4690
f 4691 4627 4690
f 4692 4627 4691
f 4628 4627 4692
f 4682 4628 4692
f 4630 4628 4682
f 4683 4630 4682
f 4659 4630 4683
f 4694 4659 4683
f 4658 4659 4694
f 4696 4658 4694
f 4657 4658 4696
f 4698 4657 4696
f 4656 4657 4698
f 4700 4656 4698
f 4655 4656 4700
f 4702 4655 4700
f 5497 4563 5270
f 4564 4563 5497
f 5391 4564 5497
f 5498 5391 5497
f 5390 5391 5498
f 5499 5390 5498
f 5394 5390 5499
f 5500 5394 5499
f 5393 5394 5500
f 5501 5393 5500
f 5392 5393 5501
f 5502 5392 5501
f 5395 5392 5502
f 5503 5395 5502
f 5504 5395 5503
f 5262 5504 5503
f 5260 5504 5262
f 5505 5504 5260
f 5150 5505 5260
f 5151 5505 5150
f 5506 5505 5151
f 5152 5506 5151
f 5507 5506 5152
f 5266 5507 5152
f 5508 5507 5266
f 5267 5508 5266
f 5509 5508 5267
f 5268 5509 5267
f 5510 5509 5268
f 5269 5510 5268
f 5511 5510 5269
f 5149 5511 5269
f 4604 5511 5149
f 5347 5511 4604
f 4605 5347 4604
f 5504 5340 5395
f 5505 5340 5504
f 5505 5339 5340
f 5341 5339 5505
f 5506 5341 5505
f 5342 5341 5506
f 5507 5342 5506
f 5343 5342 5507
f 5508 5343 5507
f 5344 5343 5508
f 5509 5344 5508
f 5345 5344 5509
f 5510 5345 5509
f 5346 5345 5510
f 5511 5346 5510
f 5347 5346 5511
f 5502 5262 5503
f 5261 5262 5502
f 5501 5261 5502
f 5265 5261 5501
f 5500 5265 5501
f 5264 5265 5500
f 5499 5264 5500
f 5263 5264 5499
f 5498 5263 5499
f 5270 5263 5498
f 5497 5270 5498
f 5512 4514 5182
f 4515 4514 5512
f 5318 4515 5512
f 5513 5318 5512
f 5430 5318 5513
f 5514 5430 5513
f 5429 5430 5514
f 5515 5429 5514
f 5321 5429 5515
f 5516 5321 5515
f 5320 5321 5516
f 5517 5320 5516
f 5319 5320 5517
f 5518 5319 5517
f 5519 5319 5518
f 5177 5519 5518
f 5176 5519 5177
f 5520 5519 5176
f 5175 5520 5176
f 5174 5520 5175
f 5521 5520 5174
f 5173 5521 5174
f 5522 5521 5173
f 5172 5522 5173
f 5523 5522 5172
f 5171 5523 5172
f 5524 5523 5171
f 5170 5524 5171
f 5525 5524 5170
f 5169 5525 5170
f 5526 5525 5169
f 5168 5526 5169
f 4555 5526 5168
f 5325 5526 4555
f 4556 5325 4555
f 5519 5428 5319
f 5520 5428 5519
f 5520 5324 5428
f 5323 5324 5520
f 5521 5323 5520
f 5322 5323 5521
f 5522 5322 5521
f 5427 5322 5522
f 5523 5427 5522
f 5426 5427 5523
f 5524 5426 5523
f 5327 5426 5524
f 5525 5327 5524
f 5326 5327 5525
f 5526 5326 5525
f 5325 5326 5526
f 5517 5177 5518
f 5178 5177 5517
f 5516 5178 5517
f 5179 5178 5516
f 5515 5179 5516
f 5180 5179 5515
f 5514 5180 5515
f 5181 5180 5514
f 5513 5181 5514
f 5182 5181 5513
f 5512 5182 5513
f 5527 4461 5259
f 4462 4461 5527
f 5396 4462 5527
f 5528 5396 5527
f 5434 5396 5528
f 5529 5434 5528
f 5398 5434 5529
f 5530 5398 5529
f 5397 5398 5530
f 5531 5397 5530
f 5433 5397 5531
f 5532 5433 5531
f 5432 5433 5532
f 5533 5432 5532
f 5534 5432 5533
f 5276 5534 5533
f 5277 5534 5276
f 5163 5534 5277
f 5535 5534 5163
f 5162 5535 5163
f 5536 5535 5162
f 5161 5536 5162
f 5160 5536 5161
f 5537 5536 5160
f 5159 5537 5160
f 5538 5537 5159
f 5158 5538 5159
f 5157 5538 5158
f 5539 5538 5157
f 5156 5539 5157
f 5540 5539 5156
f 5155 5540 5156
f 5154 5540 5155
f 5541 5540 5154
f 5153 5541 5154
f 4497 5541 5153
f 5338 5541 4497
f 4496 5338 4497
f 5534 5431 5432
f 5535 5431 5534
f 5535 5331 5431
f 5332 5331 5535
f 5536 5332 5535
f 5333 5332 5536
f 5537 5333 5536
f 5334 5333 5537
f 5538 5334 5537
f 5335 5334 5538
f 5539 5335 5538
f 5336 5335 5539
f 5540 5336 5539
f 5337 5336 5540
f 5541 5337 5540
f 5338 5337 5541
f 5533 5275 5276
f 5532 5275 5533
f 5532 5274 5275
f 5531 5274 5532
f 5531 5256 5274
f 5530 5256 5531
f 5530 5257 5256
f 5529 5257 5530
f 5529 5258 5257
f 5528 5258 5529
f 5528 5259 5258
f 5527 5259 5528
f 5542 4412 5185
f 4413 4412 5542
f 5315 4413 5542
f 5543 5315 5542
f 5316 5315 5543
f 5544 5316 5543
f 5317 5316 5544
f 5545 5317 5544
f 5417 5317 5545
f 5546 5417 5545
f 5418 5417 5546
f 5547 5418 5546
f 5419 5418 5547
f 5548 5419 5547
f 5549 5419 5548
f 5272 5549 5548
f 5271 5549 5272
f 5550 5549 5271
f 5165 5550 5271
f 5166 5550 5165
f 5551 5550 5166
f 5167 5551 5166
f 5552 5551 5167
f 5278 5552 5167
f 5553 5552 5278
f 5279 5553 5278
f 5554 5553 5279
f 5280 5554 5279
f 5555 5554 5280
f 5281 5555 5280
f 5556 5555 5281
f 5164 5556 5281
f 4453 5556 5164
f 5329 5556 4453
f 4454 5329 4453
f 5549 5420 5419
f 5550 5420 5549
f 5550 5421 5420
f 5422 5421 5550
f 5551 5422 5550
f 5423 5422 5551
f 5552 5423 5551
f 5424 5423 5552
f 5553 5424 5552
f 5425 5424 5553
f 5554 5425 5553
f 5328 5425 5554
f 5555 5328 5554
f 5330 5328 5555
f 5556 5330 5555
f 5329 5330 5556
f 5547 5272 5548
f 5273 5272 5547
f 5546 5273 5547
f 5184 5273 5546
f 5545 5184 5546
f 5183 5184 5545
f 5544 5183 5545
f 5186 5183 5544
f 5543 5186 5544
f 5185 5186 5543
f 5542 5185 5543
f 5557 4363 5198
f 4364 4363 5557
f 5293 4364 5557
f 5558 5293 5557
f 5295 5293 5558
f 5559 5295 5558
f 5294 5295 5559
f 5560 5294 5559
f 5297 5294 5560
f 5561 5297 5560
f 5296 5297 5561
f 5562 5296 5561
f 5299 5296 5562
f 5563 5299 5562
f 5564 5299 5563
f 5284 5564 5563
f 5285 5564 5284
f 5565 5564 5285
f 5195 5565 5285
f 5196 5565 5195
f 5566 5565 5196
f 5286 5566 5196
f 5567 5566 5286
f 5246 5567 5286
f 5568 5567 5246
f 5247 5568 5246
f 5569 5568 5247
f 5248 5569 5247
f 5570 5569 5248
f 5244 5570 5248
f 5571 5570 5244
f 5245 5571 5244
f 4404 5571 5245
f 5435 5571 4404
f 4405 5435 4404
f 5564 5298 5299
f 5565 5298 5564
f 5565 5436 5298
f 5405 5436 5565
f 5566 5405 5565
f 5404 5405 5566
f 5567 5404 5566
f 5403 5404 5567
f 5568 5403 5567
f 5408 5403 5568
f 5569 5408 5568
f 5407 5408 5569
f 5570 5407 5569
f 5406 5407 5570
f 5571 5406 5570
f 5435 5406 5571
f 5562 5284 5563
f 5283 5284 5562
f 5561 5283 5562
f 5282 5283 5561
f 5560 5282 5561
f 5200 5282 5560
f 5559 5200 5560
f 5199 5200 5559
f 5558 5199 5559
f 5198 5199 5558
f 5557 5198 5558
f 5572 4310 5194
f 4311 4310 5572
f 5300 4311 5572
f 5572 5301 5300
f 5573 5301 5572
f 5194 5573 5572
f 5193 5573 5194
f 5574 5573 5193
f 5192 5574 5193
f 5575 5574 5192
f 5191 5575 5192
f 5576 5575 5191
f 5190 5576 5191
f 5577 5576 5190
f 5189 5577 5190
f 5578 5577 5189
f 5579 5578 5189
f 5308 5578 5579
f 5309 5308 5579
f 5573 5302 5301
f 5574 5302 5573
f 5574 5303 5302
f 5575 5303 5574
f 5575 5304 5303
f 5576 5304 5575
f 5576 5305 5304
f 5577 5305 5576
f 5577 5306 5305
f 5307 5306 5577
f 5578 5307 5577
f 5308 5307 5578
f 5580 5309 5579
f 5310 5309 5580
f 5581 5310 5580
f 5311 5310 5581
f 5312 5311 5581
f 5582 5312 5581
f 5313 5312 5582
f 5583 5313 5582
f 5314 5313 5583
f 5400 5314 5583
f 5584 5400 5583
f 5399 5400 5584
f 5585 5399 5584
f 5402 5399 5585
f 5586 5402 5585
f 5401 5402 5586
f 4357 5401 5586
f 4355 5401 4357
f 5586 5197 4357
f 5250 5197 5586
f 5585 5250 5586
f 5251 5250 5585
f 5584 5251 5585
f 5252 5251 5584
f 5583 5252 5584
f 5253 5252 5583
f 5582 5253 5583
f 5254 5253 5582
f 5581 5254 5582
f 5255 5254 5581
f 5580 5255 5581
f 5187 5255 5580
f 5188 5187 5580
f 5579 5188 5580
f 5189 5188 5579
f 5587 4257 5205
f 4258 4257 5587
f 5371 4258 5587
f 5588 5371 5587
f 5372 5371 5588
f 5589 5372 5588
f 5373 5372 5589
f 5590 5373 5589
f 5374 5373 5590
f 5591 5374 5590
f 5375 5374 5591
f 5592 5375 5591
f 5376 5375 5592
f 5593 5376 5592
f 5377 5376 5593
f 5594 5377 5593
f 5378 5377 5594
f 5379 5378 5594
f 5595 5379 5594
f 5380 5379 5595
f 5596 5380 5595
f 5381 5380 5596
f 5382 5381 5596
f 5597 5382 5596
f 5383 5382 5597
f 5598 5383 5597
f 5384 5383 5598
f 5385 5384 5598
f 5599 5385 5598
f 5386 5385 5599
f 5600 5386 5599
f 5387 5386 5600
f 5388 5387 5600
f 5601 5388 5600
f 5389 5388 5601
f 4302 5389 5601
f 4303 5389 4302
f 5601 5238 4302
f 5237 5238 5601
f 5600 5237 5601
f 5289 5237 5600
f 5599 5289 5600
f 5241 5289 5599
f 5598 5241 5599
f 5240 5241 5598
f 5597 5240 5598
f 5239 5240 5597
f 5596 5239 5597
f 5243 5239 5596
f 5595 5243 5596
f 5242 5243 5595
f 5288 5242 5595
f 5594 5288 5595
f 5287 5288 5594
f 5593 5287 5594
f 5592 5287 5593
f 5592 5203 5287
f 5591 5203 5592
f 5591 5202 5203
f 5590 5202 5591
f 5590 5201 5202
f 5589 5201 5590
f 5589 5204 5201
f 5588 5204 5589
f 5588 5205 5204
f 5587 5205 5588
f 5602 4208 5236
f 4209 4208 5602
f 5357 4209 5602
f 5603 5357 5602
f 5358 5357 5603
f 5604 5358 5603
f 5359 5358 5604
f 5605 5359 5604
f 5360 5359 5605
f 5606 5360 5605
f 5361 5360 5606
f 5607 5361 5606
f 5362 5361 5607
f 5608 5362 5607
f 5609 5362 5608
f 5231 5609 5608
f 5230 5609 5231
f 5610 5609 5230
f 5229 5610 5230
f 5212 5610 5229
f 5611 5610 5212
f 5211 5611 5212
f 5612 5611 5211
f 5210 5612 5211
f 5613 5612 5210
f 5209 5613 5210
f 5614 5613 5209
f 5208 5614 5209
f 5615 5614 5208
f 5207 5615 5208
f 5616 5615 5207
f 5206 5616 5207
f 4249 5616 5206
f 5355 5616 4249
f 4250 5355 4249
f 5609 5363 5362
f 5610 5363 5609
f 5610 5364 5363
f 5366 5364 5610
f 5611 5366 5610
f 5367 5366 5611
f 5612 5367 5611
f 5368 5367 5612
f 5613 5368 5612
f 5369 5368 5613
f 5614 5369 5613
f 5370 5369 5614
f 5615 5370 5614
f 5356 5370 5615
f 5616 5356 5615
f 5355 5356 5616
f 5607 5231 5608
f 5232 5231 5607
f 5606 5232 5607
f 5233 5232 5606
f 5605 5233 5606
f 5234 5233 5605
f 5604 5234 5605
f 5235 5234 5604
f 5603 5235 5604
f 5236 5235 5603
f 5602 5236 5603
f 5228 4156 4155
f 5617 4156 5228
f 5290 5617 5228
f 5618 5617 5290
f 5225 5618 5290
f 5619 5618 5225
f 5226 5619 5225
f 5620 5619 5226
f 5227 5620 5226
f 5621 5620 5227
f 5291 5621 5227
f 5622 5621 5291
f 5292 5622 5291
f 5222 5622 5292
f 5623 5622 5222
f 5223 5623 5222
f 5624 5623 5223
f 5224 5624 5223
f 5625 5624 5224
f 5221 5625 5224
f 5626 5625 5221
f 5220 5626 5221
f 5219 5626 5220
f 5627 5626 5219
f 5218 5627 5219
f 5628 5627 5218
f 5217 5628 5218
f 5216 5628 5217
f 5629 5628 5216
f 5215 5629 5216
f 5630 5629 5215
f 5214 5630 5215
f 5631 5630 5214
f 5213 5631 5214
f 4191 5631 5213
f 5354 5631 4191
f 4190 5354 4191
f 5617 5409 4156
f 5618 5409 5617
f 5618 5410 5409
f 5619 5410 5618
f 5619 5411 5410
f 5620 5411 5619
f 5620 5412 5411
f 5621 5412 5620
f 5621 5413 5412
f 5622 5413 5621
f 5622 5414 5413
f 5623 5414 5622
f 5624 5414 5623
f 5415 5414 5624
f 5625 5415 5624
f 5416 5415 5625
f 5351 5416 5625
f 5626 5351 5625
f 5350 5351 5626
f 5627 5350 5626
f 5349 5350 5627
f 5628 5349 5627
f 5348 5349 5628
f 5629 5348 5628
f 5352 5348 5629
f 5630 5352 5629
f 5353 5352 5630
f 5631 5353 5630
f 5354 5353 5631

