# https://github.com/mikedh/trimesh
v 0.00480971 -0.00080217 -0.00837540
v 0.00489319 0.00010765 -0.00687541
v 0.00489319 0.00010765 -0.00837540
v 0.00478326 -0.00093503 -0.00762541
v 0.00454213 -0.00173282 -0.00837540
v 0.00442960 -0.00199495 -0.00762541
v 0.00407816 -0.00262839 -0.00837540
v 0.00382101 -0.00298625 -0.00762541
v 0.00342872 -0.00342789 -0.00837540
v 0.00298709 -0.00382017 -0.00762541
v 0.00262923 -0.00407732 -0.00837540
v 0.00199579 -0.00442877 -0.00762541
v 0.00173366 -0.00454129 -0.00837540
v 0.00093587 -0.00478242 -0.00762541
v 0.00080300 -0.00480888 -0.00837540
v -0.00010681 -0.00489234 -0.00762541
v -0.00010681 -0.00489234 -0.00837540
v -0.00101663 -0.00480888 -0.00837540
v -0.00114949 -0.00478242 -0.00762541
v -0.00194728 -0.00454129 -0.00837540
v -0.00194728 -0.00454129 -0.00762541
v -0.00271940 -0.00415549 -0.00762541
v -0.00194728 -0.00454129 -0.00687541
v -0.00284286 -0.00407732 -0.00687541
v 0.00480971 -0.00080217 -0.00687541
v 0.00454213 -0.00173282 -0.00687541
v 0.00407816 -0.00262839 -0.00687541
v 0.00342872 -0.00342789 -0.00687541
v 0.00262923 -0.00407732 -0.00687541
v 0.00173366 -0.00454129 -0.00687541
v 0.00080300 -0.00480888 -0.00687541
v -0.00010681 -0.00489234 -0.00687541
v -0.00101663 -0.00480888 -0.00687541
v -0.00342713 -0.00363072 -0.00762541
v -0.00364234 -0.00342789 -0.00687541
v -0.00403463 -0.00298625 -0.00762541
v -0.00429179 -0.00262839 -0.00687541
v -0.00451456 -0.00225281 -0.00762541
v -0.00475575 -0.00173282 -0.00687541
v -0.00485210 -0.00146786 -0.00762541
v -0.00502334 -0.00080217 -0.00687541
v -0.00504601 -0.00066976 -0.00762541
v -0.00510682 0.00010765 -0.00687541
v -0.00510682 0.00010765 -0.00837540
v -0.00502334 -0.00080217 -0.00837540
v -0.00475575 -0.00173282 -0.00837540
v -0.00429179 -0.00262839 -0.00837540
v -0.00364234 -0.00342789 -0.00837540
v -0.00284286 -0.00407732 -0.00837540
v 0.00097483 0.00690750 -0.00837540
v 0.00099319 0.00710765 -0.00687541
v 0.00099319 0.00710765 -0.00837540
v 0.00096901 0.00687826 -0.00762541
v 0.00091596 0.00670274 -0.00837540
v 0.00089120 0.00664508 -0.00762541
v 0.00081389 0.00650572 -0.00837540
v 0.00075731 0.00642700 -0.00762541
v 0.00067101 0.00632984 -0.00837540
v 0.00057385 0.00624353 -0.00762541
v 0.00049512 0.00618695 -0.00837540
v 0.00035576 0.00610965 -0.00762541
v 0.00029809 0.00608488 -0.00837540
v 0.00012258 0.00603183 -0.00762541
v 0.00009335 0.00602602 -0.00837540
v -0.00010681 0.00600765 -0.00762541
v -0.00010681 0.00600765 -0.00837540
v -0.00030697 0.00602602 -0.00837540
v -0.00033620 0.00603183 -0.00762541
v -0.00051171 0.00608488 -0.00837540
v -0.00051171 0.00608488 -0.00762541
v -0.00068158 0.00616976 -0.00762541
v -0.00051171 0.00608488 -0.00687541
v -0.00070874 0.00618695 -0.00687541
v 0.00097483 0.00690750 -0.00687541
v 0.00091596 0.00670274 -0.00687541
v 0.00081389 0.00650572 -0.00687541
v 0.00067101 0.00632984 -0.00687541
v 0.00049512 0.00618695 -0.00687541
v 0.00029809 0.00608488 -0.00687541
v 0.00009335 0.00602602 -0.00687541
v -0.00010681 0.00600765 -0.00687541
v -0.00030697 0.00602602 -0.00687541
v -0.00083728 0.00628521 -0.00762541
v -0.00088463 0.00632984 -0.00687541
v -0.00097093 0.00642700 -0.00762541
v -0.00102751 0.00650572 -0.00687541
v -0.00107651 0.00658835 -0.00762541
v -0.00112958 0.00670274 -0.00687541
v -0.00115077 0.00676104 -0.00762541
v -0.00118845 0.00690750 -0.00687541
v -0.00119344 0.00693662 -0.00762541
v -0.00120681 0.00710765 -0.00687541
v -0.00120681 0.00710765 -0.00837540
v -0.00118845 0.00690750 -0.00837540
v -0.00112958 0.00670274 -0.00837540
v -0.00102751 0.00650572 -0.00837540
v -0.00088463 0.00632984 -0.00837540
v -0.00070874 0.00618695 -0.00837540
v -0.00602517 -0.00009250 -0.00837540
v -0.00600682 0.00010765 -0.00687541
v -0.00600682 0.00010765 -0.00837540
v -0.00603100 -0.00012174 -0.00762541
v -0.00608405 -0.00029726 -0.00837540
v -0.00610880 -0.00035492 -0.00762541
v -0.00618612 -0.00049428 -0.00837540
v -0.00624269 -0.00057300 -0.00762541
v -0.00632899 -0.00067016 -0.00837540
v -0.00642616 -0.00075647 -0.00762541
v -0.00650488 -0.00081305 -0.00837540
v -0.00664424 -0.00089035 -0.00762541
v -0.00670191 -0.00091512 -0.00837540
v -0.00687742 -0.00096817 -0.00762541
v -0.00690665 -0.00097398 -0.00837540
v -0.00710681 -0.00099235 -0.00762541
v -0.00710681 -0.00099235 -0.00837540
v -0.00730697 -0.00097398 -0.00837540
v -0.00733620 -0.00096817 -0.00762541
v -0.00751172 -0.00091512 -0.00837540
v -0.00751172 -0.00091512 -0.00762541
v -0.00768158 -0.00083024 -0.00762541
v -0.00751172 -0.00091512 -0.00687541
v -0.00770874 -0.00081305 -0.00687541
v -0.00602517 -0.00009250 -0.00687541
v -0.00608405 -0.00029726 -0.00687541
v -0.00618612 -0.00049428 -0.00687541
v -0.00632899 -0.00067016 -0.00687541
v -0.00650488 -0.00081305 -0.00687541
v -0.00670191 -0.00091512 -0.00687541
v -0.00690665 -0.00097398 -0.00687541
v -0.00710681 -0.00099235 -0.00687541
v -0.00730697 -0.00097398 -0.00687541
v -0.00783728 -0.00071479 -0.00762541
v -0.00788463 -0.00067016 -0.00687541
v -0.00797093 -0.00057300 -0.00762541
v -0.00802751 -0.00049428 -0.00687541
v -0.00807652 -0.00041165 -0.00762541
v -0.00812958 -0.00029726 -0.00687541
v -0.00815077 -0.00023896 -0.00762541
v -0.00818845 -0.00009250 -0.00687541
v -0.00819343 -0.00006337 -0.00762541
v -0.00820682 0.00010765 -0.00687541
v -0.00820682 0.00010765 -0.00837540
v -0.00818845 -0.00009250 -0.00837540
v -0.00812958 -0.00029726 -0.00837540
v -0.00802751 -0.00049428 -0.00837540
v -0.00788463 -0.00067016 -0.00837540
v -0.00770874 -0.00081305 -0.00837540
v 0.00097483 -0.00709251 -0.00837540
v 0.00099318 -0.00689235 -0.00687541
v 0.00099318 -0.00689235 -0.00837540
v 0.00096901 -0.00712173 -0.00762541
v 0.00091595 -0.00729726 -0.00837540
v 0.00089120 -0.00735492 -0.00762541
v 0.00081388 -0.00749428 -0.00837540
v 0.00075731 -0.00757300 -0.00762541
v 0.00067101 -0.00767017 -0.00837540
v 0.00057384 -0.00775646 -0.00762541
v 0.00049512 -0.00781304 -0.00837540
v 0.00035576 -0.00789037 -0.00762541
v 0.00029809 -0.00791512 -0.00837540
v 0.00012258 -0.00796816 -0.00762541
v 0.00009335 -0.00797398 -0.00837540
v -0.00010681 -0.00799235 -0.00762541
v -0.00010681 -0.00799235 -0.00837540
v -0.00030697 -0.00797398 -0.00837540
v -0.00033620 -0.00796816 -0.00762541
v -0.00051171 -0.00791512 -0.00837540
v -0.00051171 -0.00791512 -0.00762541
v -0.00068158 -0.00783024 -0.00762541
v -0.00051171 -0.00791512 -0.00687541
v -0.00070874 -0.00781304 -0.00687541
v 0.00097483 -0.00709251 -0.00687541
v 0.00091595 -0.00729726 -0.00687541
v 0.00081388 -0.00749428 -0.00687541
v 0.00067101 -0.00767017 -0.00687541
v 0.00049512 -0.00781304 -0.00687541
v 0.00029809 -0.00791512 -0.00687541
v 0.00009335 -0.00797398 -0.00687541
v -0.00010681 -0.00799235 -0.00687541
v -0.00030697 -0.00797398 -0.00687541
v -0.00083728 -0.00771479 -0.00762541
v -0.00088463 -0.00767017 -0.00687541
v -0.00097093 -0.00757300 -0.00762541
v -0.00102751 -0.00749428 -0.00687541
v -0.00107652 -0.00741165 -0.00762541
v -0.00112958 -0.00729726 -0.00687541
v -0.00115077 -0.00723896 -0.00762541
v -0.00118845 -0.00709251 -0.00687541
v -0.00119344 -0.00706338 -0.00762541
v -0.00120682 -0.00689235 -0.00687541
v -0.00120682 -0.00689235 -0.00837540
v -0.00118845 -0.00709251 -0.00837540
v -0.00112958 -0.00729726 -0.00837540
v -0.00102751 -0.00749428 -0.00837540
v -0.00088463 -0.00767017 -0.00837540
v -0.00070874 -0.00781304 -0.00837540
v 0.00592457 0.00485723 -0.00837540
v 0.00594294 0.00505740 -0.00687541
v 0.00594294 0.00505740 -0.00837540
v 0.00591876 0.00482801 -0.00762541
v 0.00586571 0.00465249 -0.00837540
v 0.00584095 0.00459482 -0.00762541
v 0.00576363 0.00445547 -0.00837540
v 0.00570705 0.00437675 -0.00762541
v 0.00562075 0.00427958 -0.00837540
v 0.00552359 0.00419328 -0.00762541
v 0.00544487 0.00413670 -0.00837540
v 0.00530551 0.00405938 -0.00762541
v 0.00524784 0.00403463 -0.00837540
v 0.00507232 0.00398158 -0.00762541
v 0.00504310 0.00397577 -0.00837540
v 0.00484294 0.00395740 -0.00762541
v 0.00484294 0.00395740 -0.00837540
v 0.00464278 0.00397577 -0.00837540
v 0.00461355 0.00398158 -0.00762541
v 0.00443803 0.00403463 -0.00837540
v 0.00443803 0.00403463 -0.00762541
v 0.00426817 0.00411951 -0.00762541
v 0.00443803 0.00403463 -0.00687541
v 0.00424100 0.00413670 -0.00687541
v 0.00592457 0.00485723 -0.00687541
v 0.00586571 0.00465249 -0.00687541
v 0.00576363 0.00445547 -0.00687541
v 0.00562075 0.00427958 -0.00687541
v 0.00544487 0.00413670 -0.00687541
v 0.00524784 0.00403463 -0.00687541
v 0.00504310 0.00397577 -0.00687541
v 0.00484294 0.00395740 -0.00687541
v 0.00464278 0.00397577 -0.00687541
v 0.00411247 0.00423496 -0.00762541
v 0.00406512 0.00427958 -0.00687541
v 0.00397882 0.00437675 -0.00762541
v 0.00392224 0.00445547 -0.00687541
v 0.00387323 0.00453810 -0.00762541
v 0.00382017 0.00465249 -0.00687541
v 0.00379898 0.00471079 -0.00762541
v 0.00376130 0.00485723 -0.00687541
v 0.00375631 0.00488637 -0.00762541
v 0.00374293 0.00505740 -0.00687541
v 0.00374293 0.00505740 -0.00837540
v 0.00376130 0.00485723 -0.00837540
v 0.00382017 0.00465249 -0.00837540
v 0.00392224 0.00445547 -0.00837540
v 0.00406512 0.00427958 -0.00837540
v 0.00424100 0.00413670 -0.00837540
v 0.00797482 -0.00009251 -0.00837540
v 0.00799319 0.00010765 -0.00687541
v 0.00799319 0.00010765 -0.00837540
v 0.00796901 -0.00012174 -0.00762541
v 0.00791596 -0.00029726 -0.00837540
v 0.00789120 -0.00035492 -0.00762541
v 0.00781388 -0.00049428 -0.00837540
v 0.00775731 -0.00057300 -0.00762541
v 0.00767101 -0.00067017 -0.00837540
v 0.00757385 -0.00075647 -0.00762541
v 0.00749512 -0.00081305 -0.00837540
v 0.00735576 -0.00089035 -0.00762541
v 0.00729809 -0.00091512 -0.00837540
v 0.00712258 -0.00096817 -0.00762541
v 0.00709335 -0.00097398 -0.00837540
v 0.00689319 -0.00099235 -0.00762541
v 0.00689319 -0.00099235 -0.00837540
v 0.00669303 -0.00097398 -0.00837540
v 0.00666380 -0.00096817 -0.00762541
v 0.00648829 -0.00091512 -0.00837540
v 0.00648829 -0.00091512 -0.00762541
v 0.00631842 -0.00083024 -0.00762541
v 0.00648829 -0.00091512 -0.00687541
v 0.00629125 -0.00081305 -0.00687541
v 0.00797482 -0.00009251 -0.00687541
v 0.00791596 -0.00029726 -0.00687541
v 0.00781388 -0.00049428 -0.00687541
v 0.00767101 -0.00067017 -0.00687541
v 0.00749512 -0.00081305 -0.00687541
v 0.00729810 -0.00091512 -0.00687541
v 0.00709335 -0.00097398 -0.00687541
v 0.00689319 -0.00099235 -0.00687541
v 0.00669303 -0.00097398 -0.00687541
v 0.00616272 -0.00071479 -0.00762541
v 0.00611537 -0.00067016 -0.00687541
v 0.00602907 -0.00057300 -0.00762541
v 0.00597250 -0.00049428 -0.00687541
v 0.00592349 -0.00041165 -0.00762541
v 0.00587042 -0.00029726 -0.00687541
v 0.00584923 -0.00023896 -0.00762541
v 0.00581155 -0.00009251 -0.00687541
v 0.00580656 -0.00006338 -0.00762541
v 0.00579319 0.00010765 -0.00687541
v 0.00579319 0.00010765 -0.00837540
v 0.00581155 -0.00009251 -0.00837540
v 0.00587042 -0.00029726 -0.00837540
v 0.00597250 -0.00049428 -0.00837540
v 0.00611537 -0.00067017 -0.00837540
v 0.00629125 -0.00081305 -0.00837540
v 0.00592457 -0.00504226 -0.00837540
v 0.00594293 -0.00484210 -0.00687541
v 0.00594293 -0.00484210 -0.00837540
v 0.00591876 -0.00507148 -0.00762541
v 0.00586570 -0.00524700 -0.00837540
v 0.00584095 -0.00530467 -0.00762541
v 0.00576363 -0.00544403 -0.00837540
v 0.00570705 -0.00552275 -0.00762541
v 0.00562075 -0.00561991 -0.00837540
v 0.00552359 -0.00570621 -0.00762541
v 0.00544487 -0.00576279 -0.00837540
v 0.00530551 -0.00584010 -0.00762541
v 0.00524784 -0.00586487 -0.00837540
v 0.00507232 -0.00591791 -0.00762541
v 0.00504310 -0.00592373 -0.00837540
v 0.00484294 -0.00594210 -0.00762541
v 0.00484294 -0.00594210 -0.00837540
v 0.00464278 -0.00592373 -0.00837540
v 0.00461355 -0.00591791 -0.00762541
v 0.00443803 -0.00586487 -0.00837540
v 0.00443803 -0.00586487 -0.00762541
v 0.00426817 -0.00577999 -0.00762541
v 0.00443803 -0.00586487 -0.00687541
v 0.00424100 -0.00576279 -0.00687541
v 0.00592457 -0.00504225 -0.00687541
v 0.00586570 -0.00524700 -0.00687541
v 0.00576363 -0.00544403 -0.00687541
v 0.00562075 -0.00561991 -0.00687541
v 0.00544487 -0.00576279 -0.00687541
v 0.00524784 -0.00586487 -0.00687541
v 0.00504310 -0.00592373 -0.00687541
v 0.00484294 -0.00594210 -0.00687541
v 0.00464278 -0.00592373 -0.00687541
v 0.00411247 -0.00566454 -0.00762541
v 0.00406512 -0.00561991 -0.00687541
v 0.00397882 -0.00552275 -0.00762541
v 0.00392224 -0.00544403 -0.00687541
v 0.00387323 -0.00536140 -0.00762541
v 0.00382017 -0.00524700 -0.00687541
v 0.00379897 -0.00518871 -0.00762541
v 0.00376130 -0.00504225 -0.00687541
v 0.00375631 -0.00501313 -0.00762541
v 0.00374293 -0.00484210 -0.00687541
v 0.00374293 -0.00484210 -0.00837540
v 0.00376130 -0.00504225 -0.00837540
v 0.00382017 -0.00524700 -0.00837540
v 0.00392224 -0.00544403 -0.00837540
v 0.00406512 -0.00561991 -0.00837540
v 0.00424100 -0.00576279 -0.00837540
v -0.00397492 -0.00504225 -0.00837540
v -0.00395656 -0.00484210 -0.00687541
v -0.00395656 -0.00484210 -0.00837540
v -0.00398074 -0.00507148 -0.00762541
v -0.00403379 -0.00524700 -0.00837540
v -0.00405855 -0.00530467 -0.00762541
v -0.00413586 -0.00544403 -0.00837540
v -0.00419244 -0.00552275 -0.00762541
v -0.00427874 -0.00561991 -0.00837540
v -0.00437591 -0.00570621 -0.00762541
v -0.00445463 -0.00576279 -0.00837540
v -0.00459399 -0.00584010 -0.00762541
v -0.00465166 -0.00586487 -0.00837540
v -0.00482717 -0.00591791 -0.00762541
v -0.00485640 -0.00592373 -0.00837540
v -0.00505656 -0.00594210 -0.00762541
v -0.00505656 -0.00594210 -0.00837540
v -0.00525672 -0.00592373 -0.00837540
v -0.00528595 -0.00591791 -0.00762541
v -0.00546146 -0.00586487 -0.00837540
v -0.00546146 -0.00586487 -0.00762541
v -0.00563133 -0.00577999 -0.00762541
v -0.00546146 -0.00586487 -0.00687541
v -0.00565849 -0.00576279 -0.00687541
v -0.00397492 -0.00504225 -0.00687541
v -0.00403379 -0.00524700 -0.00687541
v -0.00413586 -0.00544403 -0.00687541
v -0.00427874 -0.00561991 -0.00687541
v -0.00445463 -0.00576279 -0.00687541
v -0.00465166 -0.00586487 -0.00687541
v -0.00485640 -0.00592373 -0.00687541
v -0.00505656 -0.00594210 -0.00687541
v -0.00525672 -0.00592373 -0.00687541
v -0.00578703 -0.00566454 -0.00762541
v -0.00583438 -0.00561991 -0.00687541
v -0.00592068 -0.00552275 -0.00762541
v -0.00597726 -0.00544403 -0.00687541
v -0.00602627 -0.00536140 -0.00762541
v -0.00607933 -0.00524700 -0.00687541
v -0.00610052 -0.00518871 -0.00762541
v -0.00613820 -0.00504225 -0.00687541
v -0.00614318 -0.00501312 -0.00762541
v -0.00615656 -0.00484210 -0.00687541
v -0.00615656 -0.00484210 -0.00837540
v -0.00613820 -0.00504225 -0.00837540
v -0.00607933 -0.00524700 -0.00837540
v -0.00597726 -0.00544403 -0.00837540
v -0.00583438 -0.00561991 -0.00837540
v -0.00565849 -0.00576279 -0.00837540
v -0.00397492 0.00485723 -0.00837540
v -0.00395656 0.00505740 -0.00687541
v -0.00395656 0.00505740 -0.00837540
v -0.00398074 0.00482801 -0.00762541
v -0.00403379 0.00465249 -0.00837540
v -0.00405855 0.00459482 -0.00762541
v -0.00413586 0.00445547 -0.00837540
v -0.00419244 0.00437675 -0.00762541
v -0.00427874 0.00427959 -0.00837540
v -0.00437590 0.00419328 -0.00762541
v -0.00445463 0.00413670 -0.00837540
v -0.00459398 0.00405940 -0.00762541
v -0.00465166 0.00403463 -0.00837540
v -0.00482717 0.00398158 -0.00762541
v -0.00485640 0.00397577 -0.00837540
v -0.00505656 0.00395740 -0.00762541
v -0.00505656 0.00395740 -0.00837540
v -0.00525672 0.00397577 -0.00837540
v -0.00528595 0.00398158 -0.00762541
v -0.00546146 0.00403463 -0.00837540
v -0.00546146 0.00403463 -0.00762541
v -0.00563133 0.00411951 -0.00762541
v -0.00546146 0.00403463 -0.00687541
v -0.00565849 0.00413670 -0.00687541
v -0.00397492 0.00485725 -0.00687541
v -0.00403379 0.00465249 -0.00687541
v -0.00413586 0.00445547 -0.00687541
v -0.00427874 0.00427959 -0.00687541
v -0.00445463 0.00413670 -0.00687541
v -0.00465166 0.00403463 -0.00687541
v -0.00485640 0.00397577 -0.00687541
v -0.00505656 0.00395740 -0.00687541
v -0.00525672 0.00397577 -0.00687541
v -0.00578703 0.00423496 -0.00762541
v -0.00583438 0.00427959 -0.00687541
v -0.00592068 0.00437675 -0.00762541
v -0.00597725 0.00445547 -0.00687541
v -0.00602626 0.00453810 -0.00762541
v -0.00607932 0.00465249 -0.00687541
v -0.00610052 0.00471079 -0.00762541
v -0.00613820 0.00485725 -0.00687541
v -0.00614318 0.00488637 -0.00762541
v -0.00615656 0.00505740 -0.00687541
v -0.00615656 0.00505740 -0.00837540
v -0.00613820 0.00485725 -0.00837540
v -0.00607932 0.00465249 -0.00837540
v -0.00597725 0.00445547 -0.00837540
v -0.00583438 0.00427959 -0.00837540
v -0.00565849 0.00413670 -0.00837540
v -0.01252517 0.01340750 -0.00837540
v -0.01250681 0.01360766 -0.00687541
v -0.01250681 0.01360766 -0.00837540
v -0.01253100 0.01337827 -0.00762541
v -0.01258405 0.01320275 -0.00837540
v -0.01260880 0.01314508 -0.00762541
v -0.01268612 0.01300573 -0.00837540
v -0.01274269 0.01292700 -0.00762541
v -0.01282899 0.01282984 -0.00837540
v -0.01292615 0.01274353 -0.00762541
v -0.01300489 0.01268696 -0.00837540
v -0.01314424 0.01260965 -0.00762541
v -0.01320191 0.01258489 -0.00837540
v -0.01337742 0.01253184 -0.00762541
v -0.01340665 0.01252602 -0.00837540
v -0.01360681 0.01250765 -0.00762541
v -0.01360681 0.01250765 -0.00837540
v -0.01380697 0.01252602 -0.00837540
v -0.01383620 0.01253184 -0.00762541
v -0.01401172 0.01258489 -0.00837540
v -0.01401171 0.01258489 -0.00762541
v -0.01418158 0.01266976 -0.00762541
v -0.01401171 0.01258489 -0.00687541
v -0.01420874 0.01268696 -0.00687541
v -0.01252517 0.01340750 -0.00687541
v -0.01258405 0.01320275 -0.00687541
v -0.01268612 0.01300573 -0.00687541
v -0.01282899 0.01282984 -0.00687541
v -0.01300489 0.01268696 -0.00687541
v -0.01320191 0.01258489 -0.00687541
v -0.01340665 0.01252602 -0.00687541
v -0.01360681 0.01250765 -0.00687541
v -0.01380697 0.01252602 -0.00687541
v -0.01433728 0.01278521 -0.00762541
v -0.01438463 0.01282984 -0.00687541
v -0.01447094 0.01292700 -0.00762541
v -0.01452751 0.01300573 -0.00687541
v -0.01457652 0.01308835 -0.00762541
v -0.01462958 0.01320275 -0.00687541
v -0.01465078 0.01326104 -0.00762541
v -0.01468845 0.01340750 -0.00687541
v -0.01469343 0.01343662 -0.00762541
v -0.01470681 0.01360766 -0.00687541
v -0.01470681 0.01360766 -0.00837540
v -0.01468845 0.01340750 -0.00837540
v -0.01462958 0.01320275 -0.00837540
v -0.01452751 0.01300573 -0.00837540
v -0.01438463 0.01282984 -0.00837540
v -0.01420874 0.01268696 -0.00837540
v 0.01447482 -0.01359250 -0.00837540
v 0.01449319 -0.01339235 -0.00687541
v 0.01449319 -0.01339235 -0.00837540
v 0.01446900 -0.01362174 -0.00762541
v 0.01441596 -0.01379725 -0.00837540
v 0.01439120 -0.01385491 -0.00762541
v 0.01431388 -0.01399428 -0.00837540
v 0.01425731 -0.01407301 -0.00762541
v 0.01417100 -0.01417016 -0.00837540
v 0.01407385 -0.01425647 -0.00762541
v 0.01399512 -0.01431305 -0.00837540
v 0.01385575 -0.01439036 -0.00762541
v 0.01379809 -0.01441512 -0.00837540
v 0.01362257 -0.01446817 -0.00762541
v 0.01359334 -0.01447398 -0.00837540
v 0.01339319 -0.01449236 -0.00762541
v 0.01339319 -0.01449236 -0.00837540
v 0.01319303 -0.01447398 -0.00837540
v 0.01316380 -0.01446817 -0.00762541
v 0.01298828 -0.01441512 -0.00837540
v 0.01298828 -0.01441512 -0.00762541
v 0.01281842 -0.01433025 -0.00762541
v 0.01298828 -0.01441512 -0.00687541
v 0.01279126 -0.01431305 -0.00687541
v 0.01447482 -0.01359250 -0.00687541
v 0.01441596 -0.01379725 -0.00687541
v 0.01431388 -0.01399428 -0.00687541
v 0.01417100 -0.01417016 -0.00687541
v 0.01399512 -0.01431305 -0.00687541
v 0.01379809 -0.01441512 -0.00687541
v 0.01359334 -0.01447398 -0.00687541
v 0.01339319 -0.01449236 -0.00687541
v 0.01319303 -0.01447398 -0.00687541
v 0.01266272 -0.01421479 -0.00762541
v 0.01261537 -0.01417016 -0.00687541
v 0.01252907 -0.01407301 -0.00762541
v 0.01247249 -0.01399428 -0.00687541
v 0.01242348 -0.01391166 -0.00762541
v 0.01237042 -0.01379725 -0.00687541
v 0.01234922 -0.01373897 -0.00762541
v 0.01231155 -0.01359250 -0.00687541
v 0.01230656 -0.01356337 -0.00762541
v 0.01229319 -0.01339235 -0.00687541
v 0.01229319 -0.01339235 -0.00837540
v 0.01231155 -0.01359250 -0.00837540
v 0.01237042 -0.01379725 -0.00837540
v 0.01247249 -0.01399428 -0.00837540
v 0.01261537 -0.01417016 -0.00837540
v 0.01279126 -0.01431305 -0.00837540
v 0.01447482 0.01340749 -0.00837542
v 0.01449319 0.01360765 -0.00687541
v 0.01449319 0.01360765 -0.00837542
v 0.01446900 0.01337826 -0.00762541
v 0.01441596 0.01320275 -0.00837542
v 0.01439121 0.01314508 -0.00762541
v 0.01431388 0.01300573 -0.00837542
v 0.01425731 0.01292700 -0.00762541
v 0.01417100 0.01282983 -0.00837542
v 0.01407385 0.01274353 -0.00762541
v 0.01399512 0.01268696 -0.00837542
v 0.01385576 0.01260964 -0.00762541
v 0.01379809 0.01258489 -0.00837542
v 0.01362258 0.01253184 -0.00762541
v 0.01359335 0.01252601 -0.00837542
v 0.01339319 0.01250765 -0.00762541
v 0.01339319 0.01250765 -0.00837542
v 0.01319303 0.01252601 -0.00837542
v 0.01316380 0.01253184 -0.00762541
v 0.01298828 0.01258489 -0.00837542
v 0.01298828 0.01258489 -0.00762541
v 0.01281842 0.01266976 -0.00762541
v 0.01298828 0.01258489 -0.00687541
v 0.01279126 0.01268696 -0.00687541
v 0.01447482 0.01340749 -0.00687541
v 0.01441596 0.01320275 -0.00687541
v 0.01431388 0.01300573 -0.00687541
v 0.01417100 0.01282983 -0.00687541
v 0.01399512 0.01268696 -0.00687541
v 0.01379809 0.01258489 -0.00687541
v 0.01359335 0.01252601 -0.00687541
v 0.01339319 0.01250765 -0.00687541
v 0.01319303 0.01252601 -0.00687541
v 0.01266272 0.01278521 -0.00762541
v 0.01261537 0.01282983 -0.00687541
v 0.01252907 0.01292700 -0.00762541
v 0.01247249 0.01300573 -0.00687541
v 0.01242348 0.01308835 -0.00762541
v 0.01237042 0.01320275 -0.00687541
v 0.01234922 0.01326104 -0.00762541
v 0.01231155 0.01340749 -0.00687541
v 0.01230657 0.01343662 -0.00762541
v 0.01229319 0.01360765 -0.00687541
v 0.01229319 0.01360765 -0.00837542
v 0.01231155 0.01340749 -0.00837542
v 0.01237042 0.01320275 -0.00837542
v 0.01247249 0.01300573 -0.00837542
v 0.01261537 0.01282983 -0.00837542
v 0.01279126 0.01268696 -0.00837542
v -0.01252518 -0.01359250 -0.00837540
v -0.01250681 -0.01339235 -0.00687541
v -0.01250681 -0.01339235 -0.00837540
v -0.01253100 -0.01362174 -0.00762540
v -0.01258405 -0.01379725 -0.00837540
v -0.01260880 -0.01385491 -0.00762540
v -0.01268612 -0.01399427 -0.00837540
v -0.01274269 -0.01407301 -0.00762540
v -0.01282900 -0.01417016 -0.00837540
v -0.01292615 -0.01425647 -0.00762540
v -0.01300489 -0.01431303 -0.00837540
v -0.01314424 -0.01439036 -0.00762540
v -0.01320191 -0.01441511 -0.00837540
v -0.01337743 -0.01446816 -0.00762540
v -0.01340666 -0.01447398 -0.00837540
v -0.01360682 -0.01449234 -0.00762540
v -0.01360682 -0.01449234 -0.00837540
v -0.01380698 -0.01447398 -0.00837540
v -0.01383621 -0.01446816 -0.00762540
v -0.01401172 -0.01441511 -0.00837540
v -0.01401172 -0.01441511 -0.00762540
v -0.01418159 -0.01433023 -0.00762540
v -0.01401172 -0.01441511 -0.00687541
v -0.01420875 -0.01431303 -0.00687541
v -0.01252518 -0.01359250 -0.00687541
v -0.01258405 -0.01379725 -0.00687541
v -0.01268612 -0.01399427 -0.00687541
v -0.01282900 -0.01417016 -0.00687541
v -0.01300489 -0.01431303 -0.00687541
v -0.01320191 -0.01441511 -0.00687541
v -0.01340666 -0.01447398 -0.00687541
v -0.01360682 -0.01449234 -0.00687541
v -0.01380698 -0.01447398 -0.00687541
v -0.01433729 -0.01421479 -0.00762540
v -0.01438463 -0.01417016 -0.00687541
v -0.01447094 -0.01407301 -0.00762540
v -0.01452751 -0.01399427 -0.00687541
v -0.01457652 -0.01391164 -0.00762540
v -0.01462958 -0.01379725 -0.00687541
v -0.01465078 -0.01373895 -0.00762540
v -0.01468845 -0.01359250 -0.00687541
v -0.01469344 -0.01356337 -0.00762540
v -0.01470681 -0.01339235 -0.00687541
v -0.01470681 -0.01339235 -0.00837540
v -0.01468845 -0.01359250 -0.00837540
v -0.01462958 -0.01379725 -0.00837540
v -0.01452751 -0.01399427 -0.00837540
v -0.01438463 -0.01417016 -0.00837540
v -0.01420875 -0.01431303 -0.00837540
v 0.01447482 0.01610766 -0.00217525
v 0.01449319 0.01760765 -0.00237541
v 0.01449319 0.01610766 -0.00237541
v 0.01446901 0.01685765 -0.00214602
v 0.01441596 0.01610766 -0.00197051
v 0.01439121 0.01685765 -0.00191284
v 0.01431389 0.01610766 -0.00177349
v 0.01425731 0.01685765 -0.00169475
v 0.01417101 0.01610766 -0.00159760
v 0.01407385 0.01685765 -0.00151129
v 0.01399512 0.01610766 -0.00145472
v 0.01385576 0.01685765 -0.00137740
v 0.01379809 0.01610766 -0.00135265
v 0.01362258 0.01685765 -0.00129960
v 0.01359335 0.01610766 -0.00129378
v 0.01339319 0.01685765 -0.00127542
v 0.01339319 0.01610766 -0.00127542
v 0.01319303 0.01610766 -0.00129378
v 0.01316380 0.01685765 -0.00129960
v 0.01298829 0.01610766 -0.00135265
v 0.01298829 0.01685765 -0.00135265
v 0.01281842 0.01685765 -0.00143753
v 0.01298829 0.01760765 -0.00135265
v 0.01279126 0.01760765 -0.00145472
v 0.01447483 0.01760765 -0.00217525
v 0.01441596 0.01760765 -0.00197051
v 0.01431389 0.01760765 -0.00177349
v 0.01417101 0.01760765 -0.00159760
v 0.01399512 0.01760765 -0.00145472
v 0.01379809 0.01760765 -0.00135265
v 0.01359335 0.01760765 -0.00129378
v 0.01339319 0.01760765 -0.00127542
v 0.01319303 0.01760765 -0.00129378
v 0.01266272 0.01685765 -0.00155297
v 0.01261537 0.01760765 -0.00159760
v 0.01252907 0.01685765 -0.00169475
v 0.01247249 0.01760765 -0.00177349
v 0.01242348 0.01685765 -0.00185612
v 0.01237042 0.01760765 -0.00197051
v 0.01234923 0.01685765 -0.00202879
v 0.01231155 0.01760765 -0.00217525
v 0.01230657 0.01685765 -0.00220439
v 0.01229319 0.01760765 -0.00237541
v 0.01229319 0.01610766 -0.00237541
v 0.01231155 0.01610766 -0.00217525
v 0.01237042 0.01610766 -0.00197051
v 0.01247249 0.01610766 -0.00177347
v 0.01261537 0.01610766 -0.00159760
v 0.01279126 0.01610766 -0.00145472
v 0.01447482 -0.01739234 -0.00217525
v 0.01449319 -0.01589235 -0.00237541
v 0.01449319 -0.01739234 -0.00237541
v 0.01446900 -0.01664235 -0.00214602
v 0.01441596 -0.01739234 -0.00197050
v 0.01439120 -0.01664235 -0.00191283
v 0.01431388 -0.01739234 -0.00177347
v 0.01425731 -0.01664235 -0.00169475
v 0.01417100 -0.01739234 -0.00159760
v 0.01407385 -0.01664235 -0.00151129
v 0.01399512 -0.01739234 -0.00145471
v 0.01385575 -0.01664235 -0.00137740
v 0.01379809 -0.01739234 -0.00135263
v 0.01362257 -0.01664235 -0.00129959
v 0.01359334 -0.01739234 -0.00129378
v 0.01339319 -0.01664235 -0.00127540
v 0.01339319 -0.01739234 -0.00127540
v 0.01319303 -0.01739234 -0.00129378
v 0.01316380 -0.01664235 -0.00129959
v 0.01298828 -0.01739234 -0.00135263
v 0.01298828 -0.01664235 -0.00135263
v 0.01281842 -0.01664235 -0.00143751
v 0.01298828 -0.01589235 -0.00135263
v 0.01279126 -0.01589235 -0.00145471
v 0.01447482 -0.01589235 -0.00217525
v 0.01441596 -0.01589235 -0.00197050
v 0.01431388 -0.01589235 -0.00177347
v 0.01417100 -0.01589235 -0.00159760
v 0.01399512 -0.01589235 -0.00145471
v 0.01379809 -0.01589235 -0.00135263
v 0.01359334 -0.01589235 -0.00129378
v 0.01339319 -0.01589235 -0.00127540
v 0.01319303 -0.01589235 -0.00129378
v 0.01266272 -0.01664235 -0.00155297
v 0.01261537 -0.01589235 -0.00159760
v 0.01252907 -0.01664235 -0.00169475
v 0.01247249 -0.01589235 -0.00177347
v 0.01242348 -0.01664235 -0.00185610
v 0.01237042 -0.01589235 -0.00197050
v 0.01234922 -0.01664235 -0.00202879
v 0.01231155 -0.01589235 -0.00217525
v 0.01230656 -0.01664235 -0.00220437
v 0.01229319 -0.01589235 -0.00237541
v 0.01229319 -0.01739234 -0.00237541
v 0.01231155 -0.01739234 -0.00217524
v 0.01237042 -0.01739234 -0.00197050
v 0.01247249 -0.01739234 -0.00177347
v 0.01261537 -0.01739234 -0.00159760
v 0.01279126 -0.01739234 -0.00145471
v -0.01252517 0.01610766 -0.00217525
v -0.01250681 0.01760766 -0.00237541
v -0.01250681 0.01610766 -0.00237541
v -0.01253100 0.01685765 -0.00214602
v -0.01258405 0.01610766 -0.00197051
v -0.01260880 0.01685765 -0.00191284
v -0.01268612 0.01610766 -0.00177347
v -0.01274269 0.01685765 -0.00169475
v -0.01282899 0.01610766 -0.00159760
v -0.01292615 0.01685766 -0.00151129
v -0.01300488 0.01610766 -0.00145471
v -0.01314424 0.01685766 -0.00137740
v -0.01320191 0.01610766 -0.00135263
v -0.01337742 0.01685766 -0.00129959
v -0.01340665 0.01610766 -0.00129378
v -0.01360681 0.01685766 -0.00127540
v -0.01360681 0.01610766 -0.00127540
v -0.01380697 0.01610766 -0.00129378
v -0.01383620 0.01685766 -0.00129959
v -0.01401171 0.01610766 -0.00135263
v -0.01401171 0.01685766 -0.00135263
v -0.01418158 0.01685766 -0.00143751
v -0.01401171 0.01760766 -0.00135263
v -0.01420874 0.01760766 -0.00145471
v -0.01252517 0.01760766 -0.00217525
v -0.01258405 0.01760766 -0.00197051
v -0.01268612 0.01760766 -0.00177347
v -0.01282899 0.01760766 -0.00159760
v -0.01300488 0.01760766 -0.00145471
v -0.01320191 0.01760766 -0.00135265
v -0.01340665 0.01760766 -0.00129378
v -0.01360681 0.01760766 -0.00127540
v -0.01380697 0.01760766 -0.00129378
v -0.01433728 0.01685766 -0.00155297
v -0.01438463 0.01760766 -0.00159760
v -0.01447094 0.01685765 -0.00169475
v -0.01452751 0.01760766 -0.00177347
v -0.01457652 0.01685765 -0.00185610
v -0.01462958 0.01760766 -0.00197051
v -0.01465077 0.01685765 -0.00202879
v -0.01468845 0.01760766 -0.00217525
v -0.01469343 0.01685765 -0.00220439
v -0.01470681 0.01760766 -0.00237541
v -0.01470681 0.01610766 -0.00237541
v -0.01468845 0.01610766 -0.00217525
v -0.01462958 0.01610766 -0.00197051
v -0.01452751 0.01610766 -0.00177347
v -0.01438463 0.01610766 -0.00159760
v -0.01420874 0.01610766 -0.00145471
v -0.01252518 -0.01739234 -0.00217524
v -0.01250681 -0.01589235 -0.00237541
v -0.01250681 -0.01739234 -0.00237541
v -0.01253100 -0.01664234 -0.00214602
v -0.01258405 -0.01739234 -0.00197050
v -0.01260880 -0.01664234 -0.00191283
v -0.01268612 -0.01739234 -0.00177347
v -0.01274269 -0.01664234 -0.00169475
v -0.01282900 -0.01739234 -0.00159758
v -0.01292615 -0.01664234 -0.00151129
v -0.01300489 -0.01739234 -0.00145471
v -0.01314424 -0.01664234 -0.00137739
v -0.01320191 -0.01739234 -0.00135263
v -0.01337743 -0.01664234 -0.00129959
v -0.01340666 -0.01739234 -0.00129376
v -0.01360682 -0.01664234 -0.00127540
v -0.01360682 -0.01739234 -0.00127540
v -0.01380698 -0.01739234 -0.00129376
v -0.01383621 -0.01664234 -0.00129959
v -0.01401172 -0.01739234 -0.00135263
v -0.01401172 -0.01664234 -0.00135263
v -0.01418159 -0.01664234 -0.00143751
v -0.01401172 -0.01589235 -0.00135263
v -0.01420875 -0.01589235 -0.00145471
v -0.01252518 -0.01589235 -0.00217524
v -0.01258405 -0.01589235 -0.00197050
v -0.01268612 -0.01589235 -0.00177347
v -0.01282900 -0.01589235 -0.00159758
v -0.01300489 -0.01589235 -0.00145471
v -0.01320191 -0.01589235 -0.00135263
v -0.01340666 -0.01589235 -0.00129376
v -0.01360682 -0.01589235 -0.00127540
v -0.01380698 -0.01589235 -0.00129376
v -0.01433729 -0.01664234 -0.00155297
v -0.01438463 -0.01589235 -0.00159758
v -0.01447094 -0.01664234 -0.00169475
v -0.01452751 -0.01589235 -0.00177347
v -0.01457652 -0.01664234 -0.00185610
v -0.01462958 -0.01589235 -0.00197050
v -0.01465078 -0.01664234 -0.00202879
v -0.01468845 -0.01589235 -0.00217524
v -0.01469344 -0.01664234 -0.00220437
v -0.01470681 -0.01589235 -0.00237541
v -0.01470681 -0.01739234 -0.00237541
v -0.01468845 -0.01739234 -0.00217524
v -0.01462958 -0.01739234 -0.00197050
v -0.01452751 -0.01739234 -0.00177347
v -0.01438463 -0.01739234 -0.00159758
v -0.01420875 -0.01739234 -0.00145471
v 0.01387650 0.00792570 -0.00837540
v 0.01389319 0.00810765 -0.00687541
v 0.01389319 0.00810765 -0.00837540
v 0.01387121 0.00789911 -0.00762541
v 0.01382298 0.00773955 -0.00837540
v 0.01380047 0.00768713 -0.00762541
v 0.01373018 0.00756044 -0.00837540
v 0.01367875 0.00748887 -0.00762541
v 0.01360030 0.00740055 -0.00837540
v 0.01351197 0.00732209 -0.00762541
v 0.01344040 0.00727066 -0.00837540
v 0.01331371 0.00720037 -0.00762541
v 0.01326129 0.00717787 -0.00837540
v 0.01310173 0.00712963 -0.00762541
v 0.01307515 0.00712434 -0.00837540
v 0.01289319 0.00710765 -0.00762541
v 0.01289319 0.00710765 -0.00837540
v 0.01271123 0.00712434 -0.00837540
v 0.01268466 0.00712963 -0.00762541
v 0.01252510 0.00717787 -0.00837540
v 0.01252510 0.00717787 -0.00762541
v 0.01237067 0.00725502 -0.00762541
v 0.01252510 0.00717787 -0.00687541
v 0.01234598 0.00727066 -0.00687541
v 0.01387650 0.00792570 -0.00687541
v 0.01382298 0.00773955 -0.00687541
v 0.01373018 0.00756044 -0.00687541
v 0.01360030 0.00740055 -0.00687541
v 0.01344040 0.00727066 -0.00687541
v 0.01326129 0.00717787 -0.00687541
v 0.01307515 0.00712434 -0.00687541
v 0.01289319 0.00710765 -0.00687541
v 0.01271123 0.00712434 -0.00687541
v 0.01222913 0.00735997 -0.00762541
v 0.01218608 0.00740055 -0.00687541
v 0.01210762 0.00748887 -0.00762541
v 0.01205619 0.00756044 -0.00687541
v 0.01201164 0.00763556 -0.00762541
v 0.01196340 0.00773955 -0.00687541
v 0.01194413 0.00779255 -0.00762541
v 0.01190989 0.00792570 -0.00687541
v 0.01190535 0.00795218 -0.00762541
v 0.01189319 0.00810765 -0.00687541
v 0.01189319 0.00810765 -0.00837540
v 0.01190989 0.00792570 -0.00837540
v 0.01196340 0.00773955 -0.00837540
v 0.01205619 0.00756044 -0.00837540
v 0.01218608 0.00740055 -0.00837540
v 0.01234598 0.00727066 -0.00837540
v 0.00887649 -0.01307432 -0.00837540
v 0.00889318 -0.01289234 -0.00687541
v 0.00889318 -0.01289234 -0.00837540
v 0.00887120 -0.01310088 -0.00762541
v 0.00882298 -0.01326045 -0.00837540
v 0.00880047 -0.01331287 -0.00762541
v 0.00873018 -0.01343956 -0.00837540
v 0.00867875 -0.01351113 -0.00762541
v 0.00860029 -0.01359945 -0.00837540
v 0.00851197 -0.01367792 -0.00762541
v 0.00844040 -0.01372934 -0.00837540
v 0.00831371 -0.01379963 -0.00762541
v 0.00826128 -0.01382213 -0.00837540
v 0.00810172 -0.01387037 -0.00762541
v 0.00807515 -0.01387566 -0.00837540
v 0.00789319 -0.01389235 -0.00762541
v 0.00789319 -0.01389235 -0.00837540
v 0.00771122 -0.01387566 -0.00837540
v 0.00768465 -0.01387037 -0.00762541
v 0.00752509 -0.01382213 -0.00837540
v 0.00752509 -0.01382213 -0.00762541
v 0.00737067 -0.01374497 -0.00762541
v 0.00752509 -0.01382213 -0.00687541
v 0.00734597 -0.01372934 -0.00687541
v 0.00887649 -0.01307432 -0.00687541
v 0.00882298 -0.01326045 -0.00687541
v 0.00873018 -0.01343956 -0.00687541
v 0.00860029 -0.01359945 -0.00687541
v 0.00844040 -0.01372934 -0.00687541
v 0.00826128 -0.01382213 -0.00687541
v 0.00807515 -0.01387566 -0.00687541
v 0.00789319 -0.01389235 -0.00687541
v 0.00771122 -0.01387566 -0.00687541
v 0.00722912 -0.01364002 -0.00762541
v 0.00718608 -0.01359945 -0.00687541
v 0.00710762 -0.01351113 -0.00762541
v 0.00705619 -0.01343956 -0.00687541
v 0.00701164 -0.01336444 -0.00762541
v 0.00696340 -0.01326045 -0.00687541
v 0.00694413 -0.01320746 -0.00762541
v 0.00690988 -0.01307432 -0.00687541
v 0.00690535 -0.01304784 -0.00762541
v 0.00689319 -0.01289234 -0.00687541
v 0.00689319 -0.01289234 -0.00837540
v 0.00690988 -0.01307432 -0.00837540
v 0.00696340 -0.01326045 -0.00837540
v 0.00705619 -0.01343956 -0.00837540
v 0.00718608 -0.01359945 -0.00837540
v 0.00734597 -0.01372934 -0.00837540
v -0.01212351 -0.00807431 -0.00837540
v -0.01210681 -0.00789235 -0.00687541
v -0.01210681 -0.00789235 -0.00837540
v -0.01212880 -0.00810087 -0.00762540
v -0.01217702 -0.00826044 -0.00837540
v -0.01219953 -0.00831286 -0.00762540
v -0.01226982 -0.00843955 -0.00837540
v -0.01232125 -0.00851112 -0.00762540
v -0.01239970 -0.00859945 -0.00837540
v -0.01248804 -0.00867791 -0.00762540
v -0.01255961 -0.00872935 -0.00837540
v -0.01268630 -0.00879963 -0.00762540
v -0.01273872 -0.00882214 -0.00837540
v -0.01289828 -0.00887036 -0.00762540
v -0.01292485 -0.00887565 -0.00837540
v -0.01310682 -0.00889235 -0.00762540
v -0.01310682 -0.00889235 -0.00837540
v -0.01328877 -0.00887565 -0.00837540
v -0.01331535 -0.00887036 -0.00762540
v -0.01347491 -0.00882214 -0.00837540
v -0.01347491 -0.00882214 -0.00762540
v -0.01362933 -0.00874498 -0.00762540
v -0.01347491 -0.00882214 -0.00687541
v -0.01365402 -0.00872935 -0.00687541
v -0.01212351 -0.00807431 -0.00687541
v -0.01217702 -0.00826044 -0.00687541
v -0.01226982 -0.00843955 -0.00687541
v -0.01239970 -0.00859945 -0.00687541
v -0.01255961 -0.00872935 -0.00687541
v -0.01273872 -0.00882214 -0.00687541
v -0.01292485 -0.00887565 -0.00687541
v -0.01310682 -0.00889235 -0.00687541
v -0.01328877 -0.00887565 -0.00687541
v -0.01377088 -0.00864001 -0.00762540
v -0.01381392 -0.00859945 -0.00687541
v -0.01389238 -0.00851112 -0.00762540
v -0.01394381 -0.00843955 -0.00687541
v -0.01398836 -0.00836443 -0.00762540
v -0.01403660 -0.00826044 -0.00687541
v -0.01405587 -0.00820745 -0.00762540
v -0.01409012 -0.00807431 -0.00687541
v -0.01409465 -0.00804783 -0.00762540
v -0.01410681 -0.00789235 -0.00687541
v -0.01410681 -0.00789235 -0.00837540
v -0.01409012 -0.00807431 -0.00837540
v -0.01403660 -0.00826044 -0.00837540
v -0.01394381 -0.00843955 -0.00837540
v -0.01381392 -0.00859945 -0.00837540
v -0.01365402 -0.00872935 -0.00837540
v -0.00712351 0.01292569 -0.00837540
v -0.00710681 0.01310766 -0.00687541
v -0.00710681 0.01310766 -0.00837540
v -0.00712880 0.01289912 -0.00762541
v -0.00717703 0.01273956 -0.00837540
v -0.00719953 0.01268714 -0.00762541
v -0.00726982 0.01256045 -0.00837540
v -0.00732125 0.01248888 -0.00762541
v -0.00739970 0.01240055 -0.00837540
v -0.00748803 0.01232209 -0.00762541
v -0.00755960 0.01227066 -0.00837540
v -0.00768629 0.01220037 -0.00762541
v -0.00773872 0.01217786 -0.00837540
v -0.00789828 0.01212964 -0.00762541
v -0.00792485 0.01212435 -0.00837540
v -0.00810681 0.01210766 -0.00762541
v -0.00810681 0.01210766 -0.00837540
v -0.00828877 0.01212435 -0.00837540
v -0.00831535 0.01212964 -0.00762541
v -0.00847491 0.01217786 -0.00837540
v -0.00847491 0.01217786 -0.00762541
v -0.00862933 0.01225503 -0.00762541
v -0.00847490 0.01217786 -0.00687541
v -0.00865402 0.01227066 -0.00687541
v -0.00712351 0.01292569 -0.00687541
v -0.00717703 0.01273956 -0.00687541
v -0.00726982 0.01256045 -0.00687541
v -0.00739970 0.01240055 -0.00687541
v -0.00755960 0.01227066 -0.00687541
v -0.00773872 0.01217786 -0.00687541
v -0.00792485 0.01212435 -0.00687541
v -0.00810681 0.01210766 -0.00687541
v -0.00828877 0.01212435 -0.00687541
v -0.00877088 0.01235998 -0.00762541
v -0.00881392 0.01240055 -0.00687541
v -0.00889237 0.01248888 -0.00762541
v -0.00894380 0.01256045 -0.00687541
v -0.00898836 0.01263557 -0.00762541
v -0.00903660 0.01273956 -0.00687541
v -0.00905587 0.01279255 -0.00762541
v -0.00909012 0.01292569 -0.00687541
v -0.00909465 0.01295217 -0.00762541
v -0.00910681 0.01310766 -0.00687541
v -0.00910681 0.01310766 -0.00837540
v -0.00909012 0.01292569 -0.00837540
v -0.00903660 0.01273956 -0.00837540
v -0.00894380 0.01256045 -0.00837540
v -0.00881392 0.01240055 -0.00837540
v -0.00865402 0.01227066 -0.00837540
v 0.00887649 0.01292569 -0.00837542
v 0.00889319 0.01310765 -0.00687541
v 0.00889319 0.01310765 -0.00837542
v 0.00887120 0.01289912 -0.00762541
v 0.00882298 0.01273956 -0.00837542
v 0.00880048 0.01268713 -0.00762541
v 0.00873019 0.01256044 -0.00837542
v 0.00867876 0.01248887 -0.00762541
v 0.00860029 0.01240055 -0.00837542
v 0.00851197 0.01232209 -0.00762541
v 0.00844040 0.01227066 -0.00837542
v 0.00831371 0.01220037 -0.00762541
v 0.00826128 0.01217786 -0.00837540
v 0.00810172 0.01212964 -0.00762541
v 0.00807515 0.01212434 -0.00837540
v 0.00789319 0.01210766 -0.00762541
v 0.00789319 0.01210766 -0.00837540
v 0.00771122 0.01212434 -0.00837540
v 0.00768465 0.01212964 -0.00762541
v 0.00752509 0.01217786 -0.00837540
v 0.00752509 0.01217786 -0.00762541
v 0.00737067 0.01225503 -0.00762541
v 0.00752509 0.01217786 -0.00687541
v 0.00734598 0.01227066 -0.00687541
v 0.00887649 0.01292569 -0.00687541
v 0.00882298 0.01273956 -0.00687541
v 0.00873019 0.01256044 -0.00687541
v 0.00860029 0.01240055 -0.00687541
v 0.00844040 0.01227066 -0.00687541
v 0.00826128 0.01217786 -0.00687541
v 0.00807515 0.01212434 -0.00687541
v 0.00789319 0.01210766 -0.00687541
v 0.00771123 0.01212434 -0.00687541
v 0.00722913 0.01235998 -0.00762541
v 0.00718608 0.01240055 -0.00687541
v 0.00710762 0.01248887 -0.00762541
v 0.00705619 0.01256044 -0.00687541
v 0.00701164 0.01263556 -0.00762541
v 0.00696340 0.01273956 -0.00687541
v 0.00694413 0.01279255 -0.00762541
v 0.00690988 0.01292569 -0.00687541
v 0.00690535 0.01295217 -0.00762541
v 0.00689319 0.01310765 -0.00687541
v 0.00689319 0.01310765 -0.00837542
v 0.00690988 0.01292569 -0.00837542
v 0.00696340 0.01273956 -0.00837540
v 0.00705619 0.01256044 -0.00837540
v 0.00718608 0.01240055 -0.00837540
v 0.00734598 0.01227066 -0.00837542
v -0.01212350 0.00792570 -0.00837540
v -0.01210681 0.00810765 -0.00687541
v -0.01210681 0.00810765 -0.00837540
v -0.01212880 0.00789911 -0.00762541
v -0.01217702 0.00773957 -0.00837540
v -0.01219953 0.00768713 -0.00762541
v -0.01226982 0.00756044 -0.00837540
v -0.01232125 0.00748887 -0.00762541
v -0.01239970 0.00740055 -0.00837540
v -0.01248803 0.00732209 -0.00762541
v -0.01255960 0.00727066 -0.00837540
v -0.01268629 0.00720037 -0.00762541
v -0.01273872 0.00717787 -0.00837540
v -0.01289827 0.00712965 -0.00762541
v -0.01292485 0.00712434 -0.00837540
v -0.01310681 0.00710765 -0.00762541
v -0.01310681 0.00710765 -0.00837540
v -0.01328877 0.00712434 -0.00837540
v -0.01331535 0.00712965 -0.00762541
v -0.01347490 0.00717787 -0.00837540
v -0.01347490 0.00717787 -0.00762541
v -0.01362933 0.00725502 -0.00762541
v -0.01347490 0.00717787 -0.00687541
v -0.01365402 0.00727066 -0.00687541
v -0.01212350 0.00792570 -0.00687541
v -0.01217702 0.00773957 -0.00687541
v -0.01226982 0.00756044 -0.00687541
v -0.01239970 0.00740055 -0.00687541
v -0.01255960 0.00727066 -0.00687541
v -0.01273872 0.00717787 -0.00687541
v -0.01292485 0.00712436 -0.00687541
v -0.01310681 0.00710765 -0.00687541
v -0.01328877 0.00712436 -0.00687541
v -0.01377088 0.00735997 -0.00762541
v -0.01381392 0.00740055 -0.00687541
v -0.01389238 0.00748887 -0.00762541
v -0.01394381 0.00756044 -0.00687541
v -0.01398836 0.00763557 -0.00762541
v -0.01403660 0.00773957 -0.00687541
v -0.01405587 0.00779255 -0.00762541
v -0.01409012 0.00792570 -0.00687541
v -0.01409465 0.00795218 -0.00762541
v -0.01410681 0.00810765 -0.00687541
v -0.01410681 0.00810765 -0.00837540
v -0.01409012 0.00792570 -0.00837540
v -0.01403660 0.00773957 -0.00837540
v -0.01394381 0.00756044 -0.00837540
v -0.01381392 0.00740055 -0.00837540
v -0.01365402 0.00727066 -0.00837540
v -0.00712351 -0.01307432 -0.00837540
v -0.00710681 -0.01289234 -0.00687541
v -0.00710681 -0.01289234 -0.00837540
v -0.00712880 -0.01310088 -0.00762540
v -0.00717703 -0.01326045 -0.00837540
v -0.00719953 -0.01331287 -0.00762540
v -0.00726982 -0.01343956 -0.00837540
v -0.00732125 -0.01351113 -0.00762540
v -0.00739971 -0.01359945 -0.00837540
v -0.00748804 -0.01367792 -0.00762540
v -0.00755961 -0.01372934 -0.00837540
v -0.00768630 -0.01379963 -0.00762540
v -0.00773872 -0.01382213 -0.00837540
v -0.00789828 -0.01387037 -0.00762540
v -0.00792486 -0.01387566 -0.00837540
v -0.00810681 -0.01389235 -0.00762540
v -0.00810681 -0.01389235 -0.00837540
v -0.00828878 -0.01387566 -0.00837540
v -0.00831535 -0.01387037 -0.00762540
v -0.00847491 -0.01382213 -0.00837540
v -0.00847491 -0.01382213 -0.00762540
v -0.00862933 -0.01374497 -0.00762540
v -0.00847491 -0.01382213 -0.00687541
v -0.00865402 -0.01372934 -0.00687541
v -0.00712351 -0.01307432 -0.00687541
v -0.00717703 -0.01326045 -0.00687541
v -0.00726982 -0.01343956 -0.00687541
v -0.00739971 -0.01359945 -0.00687541
v -0.00755961 -0.01372934 -0.00687541
v -0.00773872 -0.01382213 -0.00687541
v -0.00792486 -0.01387566 -0.00687541
v -0.00810681 -0.01389235 -0.00687541
v -0.00828878 -0.01387566 -0.00687541
v -0.00877088 -0.01364002 -0.00762540
v -0.00881392 -0.01359945 -0.00687541
v -0.00889238 -0.01351113 -0.00762540
v -0.00894381 -0.01343956 -0.00687541
v -0.00898837 -0.01336444 -0.00762540
v -0.00903660 -0.01326045 -0.00687541
v -0.00905587 -0.01320744 -0.00762540
v -0.00909012 -0.01307432 -0.00687541
v -0.00909466 -0.01304782 -0.00762540
v -0.00910682 -0.01289234 -0.00687541
v -0.00910682 -0.01289234 -0.00837540
v -0.00909012 -0.01307432 -0.00837540
v -0.00903660 -0.01326045 -0.00837540
v -0.00894381 -0.01343956 -0.00837540
v -0.00881392 -0.01359945 -0.00837540
v -0.00865402 -0.01372934 -0.00837540
v 0.01387650 -0.00807431 -0.00837540
v 0.01389319 -0.00789235 -0.00687541
v 0.01389319 -0.00789235 -0.00837540
v 0.01387121 -0.00810089 -0.00762541
v 0.01382297 -0.00826045 -0.00837540
v 0.01380047 -0.00831287 -0.00762541
v 0.01373018 -0.00843956 -0.00837540
v 0.01367875 -0.00851113 -0.00762541
v 0.01360030 -0.00859945 -0.00837540
v 0.01351197 -0.00867791 -0.00762541
v 0.01344040 -0.00872935 -0.00837540
v 0.01331371 -0.00879963 -0.00762541
v 0.01326128 -0.00882214 -0.00837540
v 0.01310173 -0.00887036 -0.00762541
v 0.01307515 -0.00887566 -0.00837540
v 0.01289318 -0.00889235 -0.00762541
v 0.01289318 -0.00889235 -0.00837540
v 0.01271123 -0.00887566 -0.00837540
v 0.01268465 -0.00887036 -0.00762541
v 0.01252510 -0.00882214 -0.00837540
v 0.01252510 -0.00882214 -0.00762541
v 0.01237067 -0.00874498 -0.00762541
v 0.01252510 -0.00882214 -0.00687541
v 0.01234598 -0.00872935 -0.00687541
v 0.01387650 -0.00807431 -0.00687541
v 0.01382297 -0.00826045 -0.00687541
v 0.01373018 -0.00843956 -0.00687541
v 0.01360030 -0.00859945 -0.00687541
v 0.01344040 -0.00872935 -0.00687541
v 0.01326128 -0.00882214 -0.00687541
v 0.01307515 -0.00887566 -0.00687541
v 0.01289318 -0.00889235 -0.00687541
v 0.01271123 -0.00887566 -0.00687541
v 0.01222912 -0.00864003 -0.00762541
v 0.01218608 -0.00859945 -0.00687541
v 0.01210762 -0.00851113 -0.00762541
v 0.01205619 -0.00843956 -0.00687541
v 0.01201164 -0.00836445 -0.00762541
v 0.01196340 -0.00826045 -0.00687541
v 0.01194413 -0.00820745 -0.00762541
v 0.01190988 -0.00807431 -0.00687541
v 0.01190535 -0.00804783 -0.00762541
v 0.01189319 -0.00789235 -0.00687541
v 0.01189319 -0.00789235 -0.00837540
v 0.01190988 -0.00807431 -0.00837540
v 0.01196340 -0.00826045 -0.00837540
v 0.01205619 -0.00843956 -0.00837540
v 0.01218608 -0.00859945 -0.00837540
v 0.01234598 -0.00872935 -0.00837540
v 0.01388103 -0.00773687 -0.00762541
v 0.01387650 -0.00771039 -0.00687541
v 0.01387650 -0.00771039 -0.00837540
v 0.01384225 -0.00757725 -0.00762541
v 0.01382297 -0.00752426 -0.00837540
v 0.01377474 -0.00742026 -0.00762541
v 0.01373018 -0.00734513 -0.00837540
v 0.01367875 -0.00727356 -0.00762541
v 0.01360030 -0.00718524 -0.00837540
v 0.01355725 -0.00714467 -0.00762541
v 0.01344040 -0.00705535 -0.00837540
v 0.01341571 -0.00703972 -0.00762541
v 0.01326128 -0.00696256 -0.00837540
v 0.01326128 -0.00696256 -0.00762541
v 0.01310173 -0.00691434 -0.00762541
v 0.01326128 -0.00696256 -0.00687541
v 0.01307515 -0.00690905 -0.00687541
v 0.01289318 -0.00689235 -0.00762541
v 0.01289318 -0.00689235 -0.00687541
v 0.01271123 -0.00690905 -0.00687541
v 0.01268465 -0.00691434 -0.00762541
v 0.01252510 -0.00696256 -0.00687541
v 0.01247267 -0.00698506 -0.00762541
v 0.01234598 -0.00705535 -0.00687541
v 0.01227441 -0.00710679 -0.00762541
v 0.01218608 -0.00718524 -0.00687541
v 0.01210762 -0.00727356 -0.00762541
v 0.01205619 -0.00734513 -0.00687541
v 0.01198590 -0.00747182 -0.00762541
v 0.01196340 -0.00752426 -0.00687541
v 0.01191518 -0.00768381 -0.00762541
v 0.01190988 -0.00771039 -0.00687541
v 0.01190988 -0.00771039 -0.00837540
v 0.01307515 -0.00690905 -0.00837540
v 0.01289318 -0.00689235 -0.00837540
v 0.01271123 -0.00690905 -0.00837540
v 0.01252510 -0.00696256 -0.00837540
v 0.01234598 -0.00705535 -0.00837540
v 0.01218608 -0.00718524 -0.00837540
v 0.01205619 -0.00734513 -0.00837540
v 0.01196340 -0.00752426 -0.00837540
v 0.01344040 -0.00705535 -0.00687541
v 0.01360030 -0.00718524 -0.00687541
v 0.01373018 -0.00734513 -0.00687541
v 0.01382297 -0.00752426 -0.00687541
v -0.00711898 -0.01273686 -0.00762540
v -0.00712351 -0.01271039 -0.00687541
v -0.00712351 -0.01271039 -0.00837540
v -0.00715776 -0.01257724 -0.00762540
v -0.00717703 -0.01252425 -0.00837540
v -0.00722526 -0.01242026 -0.00762540
v -0.00726982 -0.01234514 -0.00837540
v -0.00732125 -0.01227357 -0.00762540
v -0.00739971 -0.01218524 -0.00837540
v -0.00744275 -0.01214468 -0.00762540
v -0.00755961 -0.01205534 -0.00837540
v -0.00758430 -0.01203971 -0.00762540
v -0.00773872 -0.01196256 -0.00837540
v -0.00773872 -0.01196256 -0.00762540
v -0.00789828 -0.01191434 -0.00762540
v -0.00773872 -0.01196256 -0.00687541
v -0.00792486 -0.01190905 -0.00687541
v -0.00810681 -0.01189234 -0.00762540
v -0.00810681 -0.01189234 -0.00687541
v -0.00828878 -0.01190905 -0.00687541
v -0.00831535 -0.01191434 -0.00762540
v -0.00847491 -0.01196256 -0.00687541
v -0.00852733 -0.01198506 -0.00762540
v -0.00865402 -0.01205534 -0.00687541
v -0.00872560 -0.01210678 -0.00762540
v -0.00881392 -0.01218524 -0.00687541
v -0.00889238 -0.01227357 -0.00762540
v -0.00894381 -0.01234514 -0.00687541
v -0.00901410 -0.01247183 -0.00762540
v -0.00903660 -0.01252425 -0.00687541
v -0.00908483 -0.01268382 -0.00762540
v -0.00909012 -0.01271039 -0.00687541
v -0.00909012 -0.01271039 -0.00837540
v -0.00792486 -0.01190905 -0.00837540
v -0.00810681 -0.01189234 -0.00837540
v -0.00828878 -0.01190905 -0.00837540
v -0.00847491 -0.01196256 -0.00837540
v -0.00865402 -0.01205534 -0.00837540
v -0.00881392 -0.01218524 -0.00837540
v -0.00894381 -0.01234514 -0.00837540
v -0.00903660 -0.01252425 -0.00837540
v -0.00755961 -0.01205534 -0.00687541
v -0.00739971 -0.01218524 -0.00687541
v -0.00726982 -0.01234514 -0.00687541
v -0.00717703 -0.01252425 -0.00687541
v -0.01211897 0.00826313 -0.00762541
v -0.01212350 0.00828961 -0.00687541
v -0.01212350 0.00828961 -0.00837540
v -0.01215775 0.00842275 -0.00762541
v -0.01217702 0.00847576 -0.00837540
v -0.01222526 0.00857975 -0.00762541
v -0.01226982 0.00865487 -0.00837540
v -0.01232125 0.00872644 -0.00762541
v -0.01239970 0.00881476 -0.00837540
v -0.01244275 0.00885534 -0.00762541
v -0.01255960 0.00894465 -0.00837540
v -0.01258429 0.00896028 -0.00762541
v -0.01273872 0.00903744 -0.00837540
v -0.01273872 0.00903744 -0.00762541
v -0.01289827 0.00908566 -0.00762541
v -0.01273872 0.00903744 -0.00687541
v -0.01292485 0.00909097 -0.00687541
v -0.01310681 0.00910766 -0.00762541
v -0.01310681 0.00910766 -0.00687541
v -0.01328877 0.00909097 -0.00687541
v -0.01331535 0.00908566 -0.00762541
v -0.01347490 0.00903744 -0.00687541
v -0.01352733 0.00901494 -0.00762541
v -0.01365402 0.00894465 -0.00687541
v -0.01372559 0.00889321 -0.00762541
v -0.01381392 0.00881476 -0.00687541
v -0.01389238 0.00872644 -0.00762541
v -0.01394381 0.00865487 -0.00687541
v -0.01401410 0.00852818 -0.00762541
v -0.01403660 0.00847576 -0.00687541
v -0.01408483 0.00831620 -0.00762541
v -0.01409012 0.00828961 -0.00687541
v -0.01409012 0.00828961 -0.00837540
v -0.01292485 0.00909097 -0.00837540
v -0.01310681 0.00910766 -0.00837540
v -0.01328877 0.00909097 -0.00837540
v -0.01347490 0.00903744 -0.00837540
v -0.01365402 0.00894465 -0.00837540
v -0.01381392 0.00881476 -0.00837540
v -0.01394381 0.00865487 -0.00837540
v -0.01403660 0.00847576 -0.00837540
v -0.01255960 0.00894465 -0.00687541
v -0.01239970 0.00881476 -0.00687541
v -0.01226982 0.00865487 -0.00687541
v -0.01217702 0.00847576 -0.00687541
v 0.00888103 0.01326314 -0.00762541
v 0.00887649 0.01328962 -0.00687541
v 0.00887649 0.01328962 -0.00837542
v 0.00884224 0.01342276 -0.00762541
v 0.00882298 0.01347575 -0.00837542
v 0.00877474 0.01357975 -0.00762541
v 0.00873019 0.01365487 -0.00837542
v 0.00867876 0.01372644 -0.00762541
v 0.00860029 0.01381476 -0.00837542
v 0.00855725 0.01385533 -0.00762541
v 0.00844040 0.01394465 -0.00837542
v 0.00841571 0.01396028 -0.00762541
v 0.00826128 0.01403744 -0.00837542
v 0.00826128 0.01403744 -0.00762541
v 0.00810172 0.01408567 -0.00762541
v 0.00826128 0.01403744 -0.00687541
v 0.00807515 0.01409096 -0.00687541
v 0.00789319 0.01410765 -0.00762541
v 0.00789319 0.01410765 -0.00687541
v 0.00771123 0.01409096 -0.00687541
v 0.00768465 0.01408567 -0.00762541
v 0.00752509 0.01403744 -0.00687541
v 0.00747267 0.01401494 -0.00762541
v 0.00734598 0.01394465 -0.00687541
v 0.00727441 0.01389322 -0.00762541
v 0.00718608 0.01381476 -0.00687541
v 0.00710762 0.01372644 -0.00762541
v 0.00705619 0.01365487 -0.00687541
v 0.00698591 0.01352818 -0.00762541
v 0.00696340 0.01347575 -0.00687541
v 0.00691517 0.01331619 -0.00762541
v 0.00690988 0.01328962 -0.00687541
v 0.00690988 0.01328962 -0.00837542
v 0.00807515 0.01409096 -0.00837542
v 0.00789319 0.01410765 -0.00837542
v 0.00771123 0.01409096 -0.00837542
v 0.00752509 0.01403744 -0.00837542
v 0.00734598 0.01394465 -0.00837542
v 0.00718608 0.01381476 -0.00837542
v 0.00705619 0.01365487 -0.00837542
v 0.00696340 0.01347575 -0.00837542
v 0.00844040 0.01394465 -0.00687541
v 0.00860029 0.01381476 -0.00687541
v 0.00873019 0.01365487 -0.00687541
v 0.00882298 0.01347575 -0.00687541
v -0.00711897 0.01326314 -0.00762541
v -0.00712351 0.01328962 -0.00687541
v -0.00712351 0.01328962 -0.00837540
v -0.00715775 0.01342276 -0.00762541
v -0.00717703 0.01347575 -0.00837540
v -0.00722526 0.01357975 -0.00762541
v -0.00726982 0.01365487 -0.00837540
v -0.00732125 0.01372644 -0.00762541
v -0.00739970 0.01381476 -0.00837540
v -0.00744274 0.01385533 -0.00762541
v -0.00755960 0.01394465 -0.00837540
v -0.00758430 0.01396029 -0.00762541
v -0.00773872 0.01403745 -0.00837540
v -0.00773872 0.01403745 -0.00762541
v -0.00789828 0.01408567 -0.00762541
v -0.00773872 0.01403745 -0.00687541
v -0.00792485 0.01409096 -0.00687541
v -0.00810681 0.01410765 -0.00762541
v -0.00810681 0.01410765 -0.00687541
v -0.00828877 0.01409096 -0.00687541
v -0.00831535 0.01408567 -0.00762541
v -0.00847490 0.01403745 -0.00687541
v -0.00852733 0.01401494 -0.00762541
v -0.00865402 0.01394465 -0.00687541
v -0.00872559 0.01389322 -0.00762541
v -0.00881392 0.01381476 -0.00687541
v -0.00889237 0.01372644 -0.00762541
v -0.00894380 0.01365487 -0.00687541
v -0.00901409 0.01352818 -0.00762541
v -0.00903660 0.01347575 -0.00687541
v -0.00908482 0.01331619 -0.00762541
v -0.00909012 0.01328962 -0.00687541
v -0.00909012 0.01328962 -0.00837540
v -0.00792485 0.01409096 -0.00837540
v -0.00810681 0.01410765 -0.00837540
v -0.00828877 0.01409096 -0.00837540
v -0.00847490 0.01403745 -0.00837540
v -0.00865402 0.01394465 -0.00837540
v -0.00881392 0.01381476 -0.00837540
v -0.00894380 0.01365487 -0.00837540
v -0.00903660 0.01347575 -0.00837540
v -0.00755960 0.01394465 -0.00687541
v -0.00739970 0.01381476 -0.00687541
v -0.00726982 0.01365487 -0.00687541
v -0.00717703 0.01347575 -0.00687541
v -0.01211897 -0.00773687 -0.00762540
v -0.01212351 -0.00771039 -0.00687541
v -0.01212351 -0.00771039 -0.00837540
v -0.01215775 -0.00757725 -0.00762540
v -0.01217702 -0.00752424 -0.00837540
v -0.01222526 -0.00742025 -0.00762540
v -0.01226982 -0.00734513 -0.00837540
v -0.01232125 -0.00727356 -0.00762540
v -0.01239970 -0.00718524 -0.00837540
v -0.01244275 -0.00714467 -0.00762540
v -0.01255961 -0.00705535 -0.00837540
v -0.01258430 -0.00703972 -0.00762540
v -0.01273872 -0.00696256 -0.00837540
v -0.01273872 -0.00696256 -0.00762540
v -0.01289828 -0.00691433 -0.00762540
v -0.01273872 -0.00696256 -0.00687541
v -0.01292485 -0.00690904 -0.00687541
v -0.01310682 -0.00689235 -0.00762540
v -0.01310682 -0.00689235 -0.00687541
v -0.01328877 -0.00690904 -0.00687541
v -0.01331535 -0.00691433 -0.00762540
v -0.01347491 -0.00696256 -0.00687541
v -0.01352733 -0.00698506 -0.00762540
v -0.01365402 -0.00705535 -0.00687541
v -0.01372559 -0.00710679 -0.00762540
v -0.01381392 -0.00718524 -0.00687541
v -0.01389238 -0.00727356 -0.00762540
v -0.01394381 -0.00734513 -0.00687541
v -0.01401410 -0.00747182 -0.00762540
v -0.01403660 -0.00752424 -0.00687541
v -0.01408483 -0.00768381 -0.00762540
v -0.01409012 -0.00771039 -0.00687541
v -0.01409012 -0.00771039 -0.00837540
v -0.01292485 -0.00690904 -0.00837540
v -0.01310682 -0.00689235 -0.00837540
v -0.01328877 -0.00690904 -0.00837540
v -0.01347491 -0.00696256 -0.00837540
v -0.01365402 -0.00705535 -0.00837540
v -0.01381392 -0.00718524 -0.00837540
v -0.01394381 -0.00734513 -0.00837540
v -0.01403660 -0.00752424 -0.00837540
v -0.01255961 -0.00705535 -0.00687541
v -0.01239970 -0.00718524 -0.00687541
v -0.01226982 -0.00734513 -0.00687541
v -0.01217702 -0.00752424 -0.00687541
v 0.00888102 -0.01273686 -0.00762541
v 0.00887649 -0.01271039 -0.00687541
v 0.00887649 -0.01271039 -0.00837540
v 0.00884224 -0.01257724 -0.00762541
v 0.00882298 -0.01252425 -0.00837540
v 0.00877473 -0.01242026 -0.00762541
v 0.00873018 -0.01234514 -0.00837540
v 0.00867875 -0.01227357 -0.00762541
v 0.00860029 -0.01218524 -0.00837540
v 0.00855725 -0.01214468 -0.00762541
v 0.00844040 -0.01205536 -0.00837540
v 0.00841571 -0.01203971 -0.00762541
v 0.00826128 -0.01196256 -0.00837540
v 0.00826128 -0.01196256 -0.00762541
v 0.00810172 -0.01191434 -0.00762541
v 0.00826128 -0.01196256 -0.00687541
v 0.00807515 -0.01190905 -0.00687541
v 0.00789319 -0.01189234 -0.00762541
v 0.00789319 -0.01189234 -0.00687541
v 0.00771122 -0.01190905 -0.00687541
v 0.00768465 -0.01191434 -0.00762541
v 0.00752509 -0.01196256 -0.00687541
v 0.00747266 -0.01198507 -0.00762541
v 0.00734597 -0.01205536 -0.00687541
v 0.00727440 -0.01210678 -0.00762541
v 0.00718608 -0.01218524 -0.00687541
v 0.00710762 -0.01227357 -0.00762541
v 0.00705619 -0.01234514 -0.00687541
v 0.00698590 -0.01247183 -0.00762541
v 0.00696340 -0.01252425 -0.00687541
v 0.00691517 -0.01268382 -0.00762541
v 0.00690988 -0.01271039 -0.00687541
v 0.00690988 -0.01271039 -0.00837540
v 0.00807515 -0.01190905 -0.00837540
v 0.00789319 -0.01189234 -0.00837540
v 0.00771122 -0.01190905 -0.00837540
v 0.00752509 -0.01196256 -0.00837540
v 0.00734597 -0.01205536 -0.00837540
v 0.00718608 -0.01218524 -0.00837540
v 0.00705619 -0.01234514 -0.00837540
v 0.00696340 -0.01252425 -0.00837540
v 0.00844040 -0.01205536 -0.00687541
v 0.00860029 -0.01218524 -0.00687541
v 0.00873018 -0.01234514 -0.00687541
v 0.00882298 -0.01252425 -0.00687541
v 0.01388103 0.00826313 -0.00762541
v 0.01387650 0.00828961 -0.00687541
v 0.01387650 0.00828961 -0.00837540
v 0.01384225 0.00842275 -0.00762541
v 0.01382298 0.00847574 -0.00837540
v 0.01377474 0.00857974 -0.00762541
v 0.01373018 0.00865486 -0.00837540
v 0.01367875 0.00872643 -0.00762541
v 0.01360030 0.00881476 -0.00837540
v 0.01355725 0.00885532 -0.00762541
v 0.01344040 0.00894465 -0.00837540
v 0.01341571 0.00896028 -0.00762541
v 0.01326129 0.00903744 -0.00837540
v 0.01326129 0.00903744 -0.00762541
v 0.01310173 0.00908566 -0.00762541
v 0.01326129 0.00903744 -0.00687541
v 0.01307515 0.00909095 -0.00687541
v 0.01289319 0.00910766 -0.00762541
v 0.01289319 0.00910766 -0.00687541
v 0.01271123 0.00909095 -0.00687541
v 0.01268466 0.00908566 -0.00762541
v 0.01252510 0.00903744 -0.00687541
v 0.01247267 0.00901494 -0.00762541
v 0.01234598 0.00894465 -0.00687541
v 0.01227441 0.00889321 -0.00762541
v 0.01218608 0.00881476 -0.00687541
v 0.01210762 0.00872643 -0.00762541
v 0.01205619 0.00865486 -0.00687541
v 0.01198590 0.00852817 -0.00762541
v 0.01196340 0.00847574 -0.00687541
v 0.01191518 0.00831618 -0.00762541
v 0.01190989 0.00828961 -0.00687541
v 0.01190989 0.00828961 -0.00837540
v 0.01307515 0.00909095 -0.00837540
v 0.01289319 0.00910766 -0.00837540
v 0.01271123 0.00909095 -0.00837540
v 0.01252510 0.00903744 -0.00837540
v 0.01234598 0.00894465 -0.00837540
v 0.01218608 0.00881476 -0.00837540
v 0.01205619 0.00865486 -0.00837540
v 0.01196340 0.00847574 -0.00837540
v 0.01344040 0.00894465 -0.00687541
v 0.01360030 0.00881476 -0.00687541
v 0.01373018 0.00865486 -0.00687541
v 0.01382298 0.00847574 -0.00687541
v -0.01252019 -0.01664234 -0.00254643
v -0.01252518 -0.01589235 -0.00257556
v -0.01252518 -0.01739234 -0.00257556
v -0.01256285 -0.01664234 -0.00272202
v -0.01258405 -0.01739234 -0.00278030
v -0.01263711 -0.01664234 -0.00289471
v -0.01268612 -0.01739234 -0.00297734
v -0.01274269 -0.01664234 -0.00305606
v -0.01282900 -0.01739234 -0.00315322
v -0.01287635 -0.01664234 -0.00319785
v -0.01300489 -0.01739234 -0.00329610
v -0.01303205 -0.01664234 -0.00331330
v -0.01320191 -0.01739234 -0.00339818
v -0.01320191 -0.01664234 -0.00339818
v -0.01337743 -0.01664234 -0.00345123
v -0.01320191 -0.01589235 -0.00339818
v -0.01340666 -0.01589235 -0.00345704
v -0.01360682 -0.01664234 -0.00347541
v -0.01360682 -0.01589235 -0.00347541
v -0.01380698 -0.01589235 -0.00345704
v -0.01383621 -0.01664234 -0.00345123
v -0.01401172 -0.01589235 -0.00339818
v -0.01406939 -0.01664234 -0.00337341
v -0.01420875 -0.01589235 -0.00329610
v -0.01428747 -0.01664234 -0.00323952
v -0.01438463 -0.01589235 -0.00315322
v -0.01447094 -0.01664234 -0.00305606
v -0.01452751 -0.01589235 -0.00297734
v -0.01460483 -0.01664234 -0.00283797
v -0.01462958 -0.01589235 -0.00278030
v -0.01468263 -0.01664234 -0.00260479
v -0.01468845 -0.01589235 -0.00257556
v -0.01468845 -0.01739234 -0.00257556
v -0.01340666 -0.01739234 -0.00345704
v -0.01360682 -0.01739234 -0.00347541
v -0.01380698 -0.01739234 -0.00345704
v -0.01401172 -0.01739234 -0.00339818
v -0.01420875 -0.01739234 -0.00329610
v -0.01438463 -0.01739234 -0.00315322
v -0.01452751 -0.01739234 -0.00297734
v -0.01462958 -0.01739234 -0.00278030
v -0.01300489 -0.01589235 -0.00329610
v -0.01282900 -0.01589235 -0.00315322
v -0.01268612 -0.01589235 -0.00297734
v -0.01258405 -0.01589235 -0.00278030
v -0.01252019 0.01685765 -0.00254644
v -0.01252517 0.01760766 -0.00257557
v -0.01252517 0.01610766 -0.00257557
v -0.01256285 0.01685765 -0.00272202
v -0.01258405 0.01610766 -0.00278032
v -0.01263711 0.01685765 -0.00289471
v -0.01268612 0.01610766 -0.00297734
v -0.01274269 0.01685765 -0.00305606
v -0.01282899 0.01610766 -0.00315323
v -0.01287634 0.01685765 -0.00319785
v -0.01300489 0.01610766 -0.00329610
v -0.01303204 0.01685765 -0.00331330
v -0.01320191 0.01610766 -0.00339818
v -0.01320191 0.01685765 -0.00339818
v -0.01337742 0.01685765 -0.00345123
v -0.01320191 0.01760766 -0.00339818
v -0.01340665 0.01760766 -0.00345705
v -0.01360681 0.01685765 -0.00347541
v -0.01360681 0.01760766 -0.00347541
v -0.01380697 0.01760766 -0.00345705
v -0.01383620 0.01685765 -0.00345123
v -0.01401171 0.01760766 -0.00339818
v -0.01406938 0.01685765 -0.00337343
v -0.01420874 0.01760766 -0.00329610
v -0.01428747 0.01685765 -0.00323952
v -0.01438463 0.01760766 -0.00315323
v -0.01447094 0.01685765 -0.00305606
v -0.01452751 0.01760766 -0.00297734
v -0.01460482 0.01685765 -0.00283798
v -0.01462958 0.01760766 -0.00278032
v -0.01468263 0.01685765 -0.00260479
v -0.01468845 0.01760766 -0.00257557
v -0.01468845 0.01610766 -0.00257557
v -0.01340665 0.01610766 -0.00345705
v -0.01360681 0.01610766 -0.00347541
v -0.01380697 0.01610766 -0.00345705
v -0.01401171 0.01610766 -0.00339818
v -0.01420874 0.01610766 -0.00329610
v -0.01438463 0.01610766 -0.00315323
v -0.01452751 0.01610766 -0.00297734
v -0.01462958 0.01610766 -0.00278032
v -0.01300488 0.01760766 -0.00329610
v -0.01282899 0.01760766 -0.00315323
v -0.01268612 0.01760766 -0.00297734
v -0.01258405 0.01760766 -0.00278032
v 0.01447981 -0.01664235 -0.00254644
v 0.01447482 -0.01589235 -0.00257556
v 0.01447482 -0.01739234 -0.00257556
v 0.01443715 -0.01664235 -0.00272202
v 0.01441596 -0.01739234 -0.00278032
v 0.01436289 -0.01664235 -0.00289471
v 0.01431388 -0.01739234 -0.00297734
v 0.01425731 -0.01664235 -0.00305606
v 0.01417100 -0.01739234 -0.00315322
v 0.01412365 -0.01664235 -0.00319785
v 0.01399512 -0.01739234 -0.00329610
v 0.01396795 -0.01664235 -0.00331330
v 0.01379809 -0.01739234 -0.00339818
v 0.01379809 -0.01664235 -0.00339818
v 0.01362257 -0.01664235 -0.00345123
v 0.01379809 -0.01589235 -0.00339818
v 0.01359334 -0.01589235 -0.00345704
v 0.01339319 -0.01664235 -0.00347541
v 0.01339319 -0.01589235 -0.00347541
v 0.01319303 -0.01589235 -0.00345704
v 0.01316380 -0.01664235 -0.00345123
v 0.01298828 -0.01589235 -0.00339818
v 0.01293062 -0.01664235 -0.00337341
v 0.01279126 -0.01589235 -0.00329610
v 0.01271253 -0.01664235 -0.00323952
v 0.01261537 -0.01589235 -0.00315322
v 0.01252907 -0.01664235 -0.00305606
v 0.01247249 -0.01589235 -0.00297734
v 0.01239517 -0.01664235 -0.00283798
v 0.01237042 -0.01589235 -0.00278032
v 0.01231737 -0.01664235 -0.00260479
v 0.01231155 -0.01589235 -0.00257556
v 0.01231155 -0.01739234 -0.00257556
v 0.01359334 -0.01739234 -0.00345704
v 0.01339319 -0.01739234 -0.00347541
v 0.01319303 -0.01739234 -0.00345704
v 0.01298828 -0.01739234 -0.00339818
v 0.01279126 -0.01739234 -0.00329610
v 0.01261537 -0.01739234 -0.00315322
v 0.01247249 -0.01739234 -0.00297734
v 0.01237042 -0.01739234 -0.00278032
v 0.01399512 -0.01589235 -0.00329610
v 0.01417100 -0.01589235 -0.00315322
v 0.01431388 -0.01589235 -0.00297734
v 0.01441596 -0.01589235 -0.00278032
v 0.01447982 0.01685765 -0.00254644
v 0.01447483 0.01760765 -0.00257557
v 0.01447482 0.01610766 -0.00257557
v 0.01443715 0.01685765 -0.00272202
v 0.01441596 0.01610766 -0.00278032
v 0.01436289 0.01685765 -0.00289471
v 0.01431388 0.01610766 -0.00297734
v 0.01425731 0.01685765 -0.00305608
v 0.01417100 0.01610766 -0.00315323
v 0.01412366 0.01685765 -0.00319786
v 0.01399512 0.01610766 -0.00329610
v 0.01396796 0.01685765 -0.00331330
v 0.01379809 0.01610766 -0.00339818
v 0.01379809 0.01685765 -0.00339818
v 0.01362258 0.01685765 -0.00345123
v 0.01379809 0.01760765 -0.00339818
v 0.01359335 0.01760765 -0.00345705
v 0.01339319 0.01685765 -0.00347541
v 0.01339319 0.01760765 -0.00347541
v 0.01319303 0.01760765 -0.00345705
v 0.01316380 0.01685765 -0.00345123
v 0.01298829 0.01760765 -0.00339818
v 0.01293062 0.01685765 -0.00337343
v 0.01279126 0.01760765 -0.00329610
v 0.01271253 0.01685765 -0.00323952
v 0.01261537 0.01760765 -0.00315323
v 0.01252907 0.01685765 -0.00305608
v 0.01247249 0.01760765 -0.00297734
v 0.01239518 0.01685765 -0.00283798
v 0.01237042 0.01760765 -0.00278032
v 0.01231737 0.01685765 -0.00260479
v 0.01231155 0.01760765 -0.00257557
v 0.01231155 0.01610766 -0.00257557
v 0.01359335 0.01610766 -0.00345705
v 0.01339319 0.01610766 -0.00347541
v 0.01319303 0.01610766 -0.00345705
v 0.01298828 0.01610766 -0.00339818
v 0.01279126 0.01610766 -0.00329610
v 0.01261537 0.01610766 -0.00315323
v 0.01247249 0.01610766 -0.00297734
v 0.01237042 0.01610766 -0.00278032
v 0.01399512 0.01760765 -0.00329610
v 0.01417101 0.01760765 -0.00315323
v 0.01431389 0.01760765 -0.00297734
v 0.01441596 0.01760765 -0.00278032
v -0.01760681 0.01610766 0.00012459
v -0.01760681 0.01610766 -0.00687541
v -0.00010681 0.01610766 -0.00347541
v -0.00010681 0.01610766 -0.00339818
v 0.01739319 0.01610766 0.00012459
v 0.01739319 0.01610766 -0.00687541
v -0.00010681 0.01685765 0.00012459
v -0.01760681 0.01760766 0.00012459
v 0.01739319 0.01760765 0.00012459
v -0.01760682 -0.01589235 0.00012459
v 0.01739318 -0.01589235 0.00012459
v -0.00010681 -0.01589235 -0.00339818
v -0.00010681 -0.01589235 -0.00347541
v -0.01760682 -0.01589235 -0.00687541
v 0.01739318 -0.01589235 -0.00687541
v -0.00010681 -0.01664234 0.00012459
v 0.01739318 -0.01739234 0.00012459
v -0.01760682 -0.01739234 0.00012459
v -0.01252019 -0.01322132 -0.00762540
v -0.01252518 -0.01319218 -0.00687541
v -0.01252518 -0.01319218 -0.00837540
v -0.01256285 -0.01304574 -0.00762540
v -0.01258405 -0.01298744 -0.00837540
v -0.01263711 -0.01287305 -0.00762540
v -0.01268612 -0.01279042 -0.00837540
v -0.01274269 -0.01271168 -0.00762540
v -0.01282900 -0.01261453 -0.00837540
v -0.01287635 -0.01256990 -0.00762540
v -0.01300489 -0.01247165 -0.00837540
v -0.01303205 -0.01245446 -0.00762540
v -0.01320191 -0.01236958 -0.00837540
v -0.01320191 -0.01236958 -0.00762540
v -0.01337743 -0.01231653 -0.00762540
v -0.01320191 -0.01236958 -0.00687541
v -0.01340666 -0.01231071 -0.00687541
v -0.01360682 -0.01229235 -0.00762540
v -0.01360682 -0.01229235 -0.00687541
v -0.01380698 -0.01231071 -0.00687541
v -0.01383621 -0.01231653 -0.00762540
v -0.01401172 -0.01236958 -0.00687541
v -0.01406939 -0.01239433 -0.00762540
v -0.01420875 -0.01247165 -0.00687541
v -0.01428747 -0.01252822 -0.00762540
v -0.01438463 -0.01261453 -0.00687541
v -0.01447094 -0.01271168 -0.00762540
v -0.01452751 -0.01279042 -0.00687541
v -0.01460483 -0.01292977 -0.00762540
v -0.01462958 -0.01298744 -0.00687541
v -0.01468263 -0.01316296 -0.00762540
v -0.01468845 -0.01319218 -0.00687541
v -0.01468845 -0.01319218 -0.00837540
v -0.01340666 -0.01231071 -0.00837540
v -0.01360682 -0.01229235 -0.00837540
v -0.01380698 -0.01231071 -0.00837540
v -0.01401172 -0.01236958 -0.00837540
v -0.01420875 -0.01247165 -0.00837540
v -0.01438463 -0.01261453 -0.00837540
v -0.01452751 -0.01279042 -0.00837540
v -0.01462958 -0.01298744 -0.00837540
v -0.01300489 -0.01247165 -0.00687541
v -0.01282900 -0.01261453 -0.00687541
v -0.01268612 -0.01279042 -0.00687541
v -0.01258405 -0.01298744 -0.00687541
v 0.01447982 0.01377868 -0.00762541
v 0.01447482 0.01380781 -0.00687541
v 0.01447482 0.01380781 -0.00837542
v 0.01443715 0.01395427 -0.00762541
v 0.01441596 0.01401255 -0.00837542
v 0.01436289 0.01412696 -0.00762541
v 0.01431388 0.01420958 -0.00837542
v 0.01425731 0.01428831 -0.00762541
v 0.01417100 0.01438547 -0.00837542
v 0.01412366 0.01443010 -0.00762541
v 0.01399512 0.01452835 -0.00837542
v 0.01396796 0.01454554 -0.00762541
v 0.01379809 0.01463042 -0.00837542
v 0.01379809 0.01463042 -0.00762541
v 0.01362258 0.01468347 -0.00762541
v 0.01379809 0.01463042 -0.00687541
v 0.01359335 0.01468929 -0.00687541
v 0.01339319 0.01470765 -0.00762541
v 0.01339319 0.01470765 -0.00687541
v 0.01319303 0.01468929 -0.00687541
v 0.01316380 0.01468347 -0.00762541
v 0.01298828 0.01463042 -0.00687541
v 0.01293062 0.01460566 -0.00762541
v 0.01279126 0.01452835 -0.00687541
v 0.01271253 0.01447178 -0.00762541
v 0.01261537 0.01438547 -0.00687541
v 0.01252907 0.01428831 -0.00762541
v 0.01247249 0.01420958 -0.00687541
v 0.01239518 0.01407022 -0.00762541
v 0.01237042 0.01401255 -0.00687541
v 0.01231737 0.01383704 -0.00762541
v 0.01231155 0.01380781 -0.00687541
v 0.01231155 0.01380781 -0.00837542
v 0.01359335 0.01468929 -0.00837542
v 0.01339319 0.01470765 -0.00837542
v 0.01319303 0.01468929 -0.00837542
v 0.01298828 0.01463042 -0.00837542
v 0.01279126 0.01452835 -0.00837542
v 0.01261537 0.01438547 -0.00837542
v 0.01247249 0.01420958 -0.00837542
v 0.01237042 0.01401255 -0.00837542
v 0.01399512 0.01452835 -0.00687541
v 0.01417100 0.01438547 -0.00687541
v 0.01431388 0.01420958 -0.00687541
v 0.01441596 0.01401255 -0.00687541
v 0.01447981 -0.01322132 -0.00762541
v 0.01447482 -0.01319218 -0.00687541
v 0.01447482 -0.01319218 -0.00837540
v 0.01443715 -0.01304574 -0.00762541
v 0.01441596 -0.01298744 -0.00837540
v 0.01436289 -0.01287305 -0.00762541
v 0.01431388 -0.01279042 -0.00837540
v 0.01425731 -0.01271170 -0.00762541
v 0.01417100 -0.01261453 -0.00837540
v 0.01412365 -0.01256991 -0.00762541
v 0.01399512 -0.01247165 -0.00837540
v 0.01396795 -0.01245446 -0.00762541
v 0.01379809 -0.01236958 -0.00837540
v 0.01379809 -0.01236958 -0.00762541
v 0.01362257 -0.01231653 -0.00762541
v 0.01379809 -0.01236958 -0.00687541
v 0.01359334 -0.01231071 -0.00687541
v 0.01339319 -0.01229235 -0.00762541
v 0.01339319 -0.01229235 -0.00687541
v 0.01319303 -0.01231071 -0.00687541
v 0.01316380 -0.01231653 -0.00762541
v 0.01298828 -0.01236958 -0.00687541
v 0.01293062 -0.01239433 -0.00762541
v 0.01279126 -0.01247165 -0.00687541
v 0.01271253 -0.01252823 -0.00762541
v 0.01261537 -0.01261453 -0.00687541
v 0.01252907 -0.01271170 -0.00762541
v 0.01247249 -0.01279042 -0.00687541
v 0.01239517 -0.01292977 -0.00762541
v 0.01237042 -0.01298744 -0.00687541
v 0.01231737 -0.01316296 -0.00762541
v 0.01231155 -0.01319218 -0.00687541
v 0.01231155 -0.01319218 -0.00837540
v 0.01359334 -0.01231071 -0.00837540
v 0.01339319 -0.01229235 -0.00837540
v 0.01319303 -0.01231071 -0.00837540
v 0.01298828 -0.01236958 -0.00837540
v 0.01279126 -0.01247165 -0.00837540
v 0.01261537 -0.01261453 -0.00837540
v 0.01247249 -0.01279042 -0.00837540
v 0.01237042 -0.01298744 -0.00837540
v 0.01399512 -0.01247165 -0.00687541
v 0.01417100 -0.01261453 -0.00687541
v 0.01431388 -0.01279042 -0.00687541
v 0.01441596 -0.01298744 -0.00687541
v -0.01252019 0.01377869 -0.00762541
v -0.01252517 0.01380782 -0.00687541
v -0.01252517 0.01380782 -0.00837540
v -0.01256285 0.01395427 -0.00762541
v -0.01258405 0.01401256 -0.00837540
v -0.01263711 0.01412696 -0.00762541
v -0.01268612 0.01420959 -0.00837540
v -0.01274269 0.01428831 -0.00762541
v -0.01282899 0.01438547 -0.00837540
v -0.01287634 0.01443010 -0.00762541
v -0.01300489 0.01452835 -0.00837540
v -0.01303204 0.01454554 -0.00762541
v -0.01320191 0.01463042 -0.00837540
v -0.01320191 0.01463042 -0.00762541
v -0.01337742 0.01468347 -0.00762541
v -0.01320191 0.01463042 -0.00687541
v -0.01340665 0.01468929 -0.00687541
v -0.01360681 0.01470765 -0.00762541
v -0.01360681 0.01470765 -0.00687541
v -0.01380697 0.01468929 -0.00687541
v -0.01383620 0.01468347 -0.00762541
v -0.01401171 0.01463042 -0.00687541
v -0.01406938 0.01460567 -0.00762541
v -0.01420874 0.01452835 -0.00687541
v -0.01428747 0.01447178 -0.00762541
v -0.01438463 0.01438547 -0.00687541
v -0.01447094 0.01428831 -0.00762541
v -0.01452751 0.01420959 -0.00687541
v -0.01460482 0.01407023 -0.00762541
v -0.01462958 0.01401256 -0.00687541
v -0.01468263 0.01383705 -0.00762541
v -0.01468845 0.01380782 -0.00687541
v -0.01468845 0.01380782 -0.00837540
v -0.01340665 0.01468929 -0.00837540
v -0.01360681 0.01470765 -0.00837540
v -0.01380697 0.01468929 -0.00837540
v -0.01401171 0.01463042 -0.00837540
v -0.01420874 0.01452835 -0.00837540
v -0.01438463 0.01438547 -0.00837540
v -0.01452751 0.01420959 -0.00837540
v -0.01462958 0.01401256 -0.00837540
v -0.01300489 0.01452835 -0.00687541
v -0.01282899 0.01438547 -0.00687541
v -0.01268612 0.01420959 -0.00687541
v -0.01258405 0.01401256 -0.00687541
v -0.00396994 0.00522844 -0.00762541
v -0.00397492 0.00525755 -0.00687541
v -0.00397492 0.00525755 -0.00837540
v -0.00401260 0.00540402 -0.00762541
v -0.00403379 0.00546231 -0.00837540
v -0.00408685 0.00557671 -0.00762541
v -0.00413586 0.00565933 -0.00837540
v -0.00419244 0.00573806 -0.00762541
v -0.00427874 0.00583521 -0.00837540
v -0.00432609 0.00587984 -0.00762541
v -0.00445463 0.00597810 -0.00837540
v -0.00448179 0.00599530 -0.00762541
v -0.00465166 0.00608017 -0.00837540
v -0.00465166 0.00608017 -0.00762541
v -0.00482717 0.00613322 -0.00762541
v -0.00465165 0.00608017 -0.00687541
v -0.00485640 0.00613903 -0.00687541
v -0.00505656 0.00615741 -0.00762541
v -0.00505656 0.00615741 -0.00687541
v -0.00525672 0.00613903 -0.00687541
v -0.00528595 0.00613322 -0.00762541
v -0.00546146 0.00608017 -0.00687541
v -0.00551913 0.00605541 -0.00762541
v -0.00565849 0.00597810 -0.00687541
v -0.00573722 0.00592152 -0.00762541
v -0.00583438 0.00583521 -0.00687541
v -0.00592068 0.00573806 -0.00762541
v -0.00597725 0.00565933 -0.00687541
v -0.00605457 0.00551998 -0.00762541
v -0.00607932 0.00546231 -0.00687541
v -0.00613238 0.00528679 -0.00762541
v -0.00613820 0.00525755 -0.00687541
v -0.00613820 0.00525755 -0.00837540
v -0.00485640 0.00613903 -0.00837540
v -0.00505656 0.00615741 -0.00837540
v -0.00525672 0.00613903 -0.00837540
v -0.00546146 0.00608017 -0.00837540
v -0.00565849 0.00597810 -0.00837540
v -0.00583438 0.00583521 -0.00837540
v -0.00597725 0.00565933 -0.00837540
v -0.00607932 0.00546231 -0.00837540
v -0.00445463 0.00597810 -0.00687541
v -0.00427874 0.00583521 -0.00687541
v -0.00413586 0.00565933 -0.00687541
v -0.00403379 0.00546231 -0.00687541
v -0.00396994 -0.00467106 -0.00762541
v -0.00397492 -0.00464193 -0.00687541
v -0.00397492 -0.00464193 -0.00837540
v -0.00401260 -0.00449548 -0.00762541
v -0.00403379 -0.00443719 -0.00837540
v -0.00408685 -0.00432279 -0.00762541
v -0.00413586 -0.00424016 -0.00837540
v -0.00419244 -0.00416144 -0.00762541
v -0.00427874 -0.00406428 -0.00837540
v -0.00432609 -0.00401966 -0.00762541
v -0.00445463 -0.00392140 -0.00837540
v -0.00448179 -0.00390420 -0.00762541
v -0.00465166 -0.00381932 -0.00837540
v -0.00465166 -0.00381932 -0.00762541
v -0.00482717 -0.00376628 -0.00762541
v -0.00465166 -0.00381932 -0.00687541
v -0.00485640 -0.00376046 -0.00687541
v -0.00505656 -0.00374209 -0.00762541
v -0.00505656 -0.00374209 -0.00687541
v -0.00525672 -0.00376046 -0.00687541
v -0.00528595 -0.00376628 -0.00762541
v -0.00546146 -0.00381932 -0.00687541
v -0.00551913 -0.00384408 -0.00762541
v -0.00565849 -0.00392140 -0.00687541
v -0.00573722 -0.00397798 -0.00762541
v -0.00583438 -0.00406427 -0.00687541
v -0.00592068 -0.00416144 -0.00762541
v -0.00597726 -0.00424016 -0.00687541
v -0.00605457 -0.00437952 -0.00762541
v -0.00607933 -0.00443719 -0.00687541
v -0.00613238 -0.00461271 -0.00762541
v -0.00613820 -0.00464193 -0.00687541
v -0.00613820 -0.00464193 -0.00837540
v -0.00485640 -0.00376046 -0.00837540
v -0.00505656 -0.00374209 -0.00837540
v -0.00525672 -0.00376046 -0.00837540
v -0.00546146 -0.00381932 -0.00837540
v -0.00565849 -0.00392140 -0.00837540
v -0.00583438 -0.00406428 -0.00837540
v -0.00597726 -0.00424016 -0.00837540
v -0.00607933 -0.00443719 -0.00837540
v -0.00445463 -0.00392140 -0.00687541
v -0.00427874 -0.00406427 -0.00687541
v -0.00413586 -0.00424016 -0.00687541
v -0.00403379 -0.00443719 -0.00687541
v 0.00592956 -0.00467106 -0.00762541
v 0.00592457 -0.00464194 -0.00687541
v 0.00592457 -0.00464194 -0.00837540
v 0.00588690 -0.00449548 -0.00762541
v 0.00586570 -0.00443719 -0.00837540
v 0.00581264 -0.00432279 -0.00762541
v 0.00576363 -0.00424016 -0.00837540
v 0.00570705 -0.00416144 -0.00762541
v 0.00562075 -0.00406428 -0.00837540
v 0.00557341 -0.00401966 -0.00762541
v 0.00544487 -0.00392140 -0.00837540
v 0.00541770 -0.00390420 -0.00762541
v 0.00524784 -0.00381932 -0.00837540
v 0.00524784 -0.00381932 -0.00762541
v 0.00507232 -0.00376628 -0.00762541
v 0.00524784 -0.00381932 -0.00687541
v 0.00504310 -0.00376046 -0.00687541
v 0.00484294 -0.00374209 -0.00762541
v 0.00484294 -0.00374209 -0.00687541
v 0.00464278 -0.00376046 -0.00687541
v 0.00461355 -0.00376628 -0.00762541
v 0.00443803 -0.00381932 -0.00687541
v 0.00438036 -0.00384409 -0.00762541
v 0.00424100 -0.00392140 -0.00687541
v 0.00416227 -0.00397798 -0.00762541
v 0.00406512 -0.00406428 -0.00687541
v 0.00397882 -0.00416144 -0.00762541
v 0.00392224 -0.00424016 -0.00687541
v 0.00384492 -0.00437952 -0.00762541
v 0.00382017 -0.00443719 -0.00687541
v 0.00376712 -0.00461271 -0.00762541
v 0.00376130 -0.00464194 -0.00687541
v 0.00376130 -0.00464194 -0.00837540
v 0.00504310 -0.00376046 -0.00837540
v 0.00484294 -0.00374209 -0.00837540
v 0.00464278 -0.00376046 -0.00837540
v 0.00443803 -0.00381932 -0.00837540
v 0.00424100 -0.00392140 -0.00837540
v 0.00406512 -0.00406428 -0.00837540
v 0.00392224 -0.00424016 -0.00837540
v 0.00382017 -0.00443719 -0.00837540
v 0.00544487 -0.00392140 -0.00687541
v 0.00562075 -0.00406428 -0.00687541
v 0.00576363 -0.00424016 -0.00687541
v 0.00586570 -0.00443719 -0.00687541
v 0.00797981 0.00027867 -0.00762541
v 0.00797482 0.00030781 -0.00687541
v 0.00797482 0.00030781 -0.00837540
v 0.00793715 0.00045427 -0.00762541
v 0.00791596 0.00051256 -0.00837540
v 0.00786289 0.00062696 -0.00762541
v 0.00781388 0.00070959 -0.00837540
v 0.00775731 0.00078831 -0.00762541
v 0.00767101 0.00088546 -0.00837540
v 0.00762366 0.00093009 -0.00762541
v 0.00749512 0.00102835 -0.00837540
v 0.00746795 0.00104555 -0.00762541
v 0.00729810 0.00113042 -0.00837540
v 0.00729810 0.00113042 -0.00762541
v 0.00712258 0.00118347 -0.00762541
v 0.00729810 0.00113042 -0.00687541
v 0.00709335 0.00118928 -0.00687541
v 0.00689319 0.00120766 -0.00762541
v 0.00689319 0.00120766 -0.00687541
v 0.00669303 0.00118928 -0.00687541
v 0.00666380 0.00118347 -0.00762541
v 0.00648829 0.00113042 -0.00687541
v 0.00643062 0.00110566 -0.00762541
v 0.00629125 0.00102835 -0.00687541
v 0.00621253 0.00097177 -0.00762541
v 0.00611537 0.00088546 -0.00687541
v 0.00602907 0.00078831 -0.00762541
v 0.00597250 0.00070959 -0.00687541
v 0.00589517 0.00057023 -0.00762541
v 0.00587042 0.00051256 -0.00687541
v 0.00581738 0.00033704 -0.00762541
v 0.00581155 0.00030781 -0.00687541
v 0.00581155 0.00030781 -0.00837540
v 0.00709335 0.00118928 -0.00837540
v 0.00689319 0.00120766 -0.00837540
v 0.00669303 0.00118928 -0.00837540
v 0.00648829 0.00113042 -0.00837540
v 0.00629125 0.00102835 -0.00837540
v 0.00611537 0.00088546 -0.00837540
v 0.00597250 0.00070959 -0.00837540
v 0.00587042 0.00051256 -0.00837540
v 0.00749512 0.00102835 -0.00687541
v 0.00767101 0.00088546 -0.00687541
v 0.00781388 0.00070959 -0.00687541
v 0.00791596 0.00051256 -0.00687541
v 0.00592956 0.00522842 -0.00762541
v 0.00592457 0.00525755 -0.00687541
v 0.00592457 0.00525755 -0.00837540
v 0.00588690 0.00540402 -0.00762541
v 0.00586571 0.00546231 -0.00837540
v 0.00581264 0.00557671 -0.00762541
v 0.00576363 0.00565933 -0.00837540
v 0.00570705 0.00573806 -0.00762541
v 0.00562075 0.00583521 -0.00837540
v 0.00557341 0.00587984 -0.00762541
v 0.00544487 0.00597810 -0.00837540
v 0.00541770 0.00599530 -0.00762541
v 0.00524784 0.00608017 -0.00837540
v 0.00524784 0.00608017 -0.00762541
v 0.00507232 0.00613322 -0.00762541
v 0.00524784 0.00608017 -0.00687541
v 0.00504310 0.00613903 -0.00687541
v 0.00484294 0.00615741 -0.00762541
v 0.00484294 0.00615741 -0.00687541
v 0.00464278 0.00613903 -0.00687541
v 0.00461355 0.00613322 -0.00762541
v 0.00443803 0.00608017 -0.00687541
v 0.00438037 0.00605541 -0.00762541
v 0.00424100 0.00597810 -0.00687541
v 0.00416228 0.00592152 -0.00762541
v 0.00406512 0.00583521 -0.00687541
v 0.00397882 0.00573806 -0.00762541
v 0.00392224 0.00565933 -0.00687541
v 0.00384492 0.00551998 -0.00762541
v 0.00382017 0.00546231 -0.00687541
v 0.00376712 0.00528679 -0.00762541
v 0.00376130 0.00525755 -0.00687541
v 0.00376130 0.00525755 -0.00837540
v 0.00504310 0.00613903 -0.00837540
v 0.00484294 0.00615741 -0.00837540
v 0.00464278 0.00613903 -0.00837540
v 0.00443803 0.00608017 -0.00837540
v 0.00424100 0.00597810 -0.00837540
v 0.00406512 0.00583521 -0.00837540
v 0.00392224 0.00565933 -0.00837540
v 0.00382017 0.00546231 -0.00837540
v 0.00544487 0.00597810 -0.00687541
v 0.00562075 0.00583521 -0.00687541
v 0.00576363 0.00565933 -0.00687541
v 0.00586571 0.00546231 -0.00687541
v 0.00097981 -0.00672131 -0.00762541
v 0.00097483 -0.00669219 -0.00687541
v 0.00097483 -0.00669219 -0.00837540
v 0.00093715 -0.00654573 -0.00762541
v 0.00091595 -0.00648744 -0.00837540
v 0.00086289 -0.00637304 -0.00762541
v 0.00081388 -0.00629041 -0.00837540
v 0.00075731 -0.00621169 -0.00762541
v 0.00067101 -0.00611454 -0.00837540
v 0.00062366 -0.00606991 -0.00762541
v 0.00049512 -0.00597165 -0.00837540
v 0.00046796 -0.00595445 -0.00762541
v 0.00029809 -0.00586958 -0.00837540
v 0.00029809 -0.00586958 -0.00762541
v 0.00012258 -0.00581653 -0.00762541
v 0.00029809 -0.00586958 -0.00687541
v 0.00009335 -0.00581072 -0.00687541
v -0.00010681 -0.00579234 -0.00762541
v -0.00010681 -0.00579234 -0.00687541
v -0.00030697 -0.00581072 -0.00687541
v -0.00033620 -0.00581653 -0.00762541
v -0.00051171 -0.00586958 -0.00687541
v -0.00056938 -0.00589434 -0.00762541
v -0.00070874 -0.00597165 -0.00687541
v -0.00078748 -0.00602823 -0.00762541
v -0.00088463 -0.00611454 -0.00687541
v -0.00097093 -0.00621169 -0.00762541
v -0.00102751 -0.00629041 -0.00687541
v -0.00110483 -0.00642977 -0.00762541
v -0.00112958 -0.00648744 -0.00687541
v -0.00118263 -0.00666296 -0.00762541
v -0.00118845 -0.00669219 -0.00687541
v -0.00118845 -0.00669219 -0.00837540
v 0.00009335 -0.00581072 -0.00837540
v -0.00010681 -0.00579234 -0.00837540
v -0.00030697 -0.00581072 -0.00837540
v -0.00051171 -0.00586958 -0.00837540
v -0.00070874 -0.00597165 -0.00837540
v -0.00088463 -0.00611454 -0.00837540
v -0.00102751 -0.00629041 -0.00837540
v -0.00112958 -0.00648744 -0.00837540
v 0.00049512 -0.00597165 -0.00687541
v 0.00067101 -0.00611454 -0.00687541
v 0.00081389 -0.00629041 -0.00687541
v 0.00091595 -0.00648744 -0.00687541
v -0.00602019 0.00027869 -0.00762541
v -0.00602517 0.00030782 -0.00687541
v -0.00602517 0.00030781 -0.00837540
v -0.00606285 0.00045427 -0.00762541
v -0.00608405 0.00051256 -0.00837540
v -0.00613711 0.00062696 -0.00762541
v -0.00618612 0.00070959 -0.00837540
v -0.00624269 0.00078831 -0.00762541
v -0.00632899 0.00088546 -0.00837540
v -0.00637634 0.00093009 -0.00762541
v -0.00650488 0.00102835 -0.00837540
v -0.00653204 0.00104555 -0.00762541
v -0.00670191 0.00113042 -0.00837540
v -0.00670191 0.00113042 -0.00762541
v -0.00687742 0.00118347 -0.00762541
v -0.00670191 0.00113042 -0.00687541
v -0.00690665 0.00118928 -0.00687541
v -0.00710681 0.00120766 -0.00762541
v -0.00710681 0.00120766 -0.00687541
v -0.00730697 0.00118928 -0.00687541
v -0.00733620 0.00118347 -0.00762541
v -0.00751172 0.00113042 -0.00687541
v -0.00756939 0.00110566 -0.00762541
v -0.00770874 0.00102835 -0.00687541
v -0.00778747 0.00097177 -0.00762541
v -0.00788463 0.00088548 -0.00687541
v -0.00797093 0.00078831 -0.00762541
v -0.00802751 0.00070959 -0.00687541
v -0.00810482 0.00057023 -0.00762541
v -0.00812958 0.00051256 -0.00687541
v -0.00818263 0.00033704 -0.00762541
v -0.00818845 0.00030782 -0.00687541
v -0.00818845 0.00030782 -0.00837540
v -0.00690665 0.00118928 -0.00837540
v -0.00710681 0.00120766 -0.00837540
v -0.00730697 0.00118928 -0.00837540
v -0.00751172 0.00113042 -0.00837540
v -0.00770874 0.00102835 -0.00837540
v -0.00788463 0.00088546 -0.00837540
v -0.00802751 0.00070959 -0.00837540
v -0.00812958 0.00051256 -0.00837540
v -0.00650488 0.00102835 -0.00687541
v -0.00632899 0.00088546 -0.00687541
v -0.00618612 0.00070959 -0.00687541
v -0.00608405 0.00051256 -0.00687541
v 0.00097981 0.00727869 -0.00762541
v 0.00097483 0.00730782 -0.00687541
v 0.00097483 0.00730782 -0.00837540
v 0.00093715 0.00745427 -0.00762541
v 0.00091596 0.00751256 -0.00837540
v 0.00086290 0.00762696 -0.00762541
v 0.00081389 0.00770958 -0.00837540
v 0.00075731 0.00778831 -0.00762541
v 0.00067101 0.00788546 -0.00837540
v 0.00062366 0.00793009 -0.00762541
v 0.00049512 0.00802835 -0.00837540
v 0.00046796 0.00804555 -0.00762541
v 0.00029809 0.00813042 -0.00837540
v 0.00029809 0.00813042 -0.00762541
v 0.00012258 0.00818347 -0.00762541
v 0.00029809 0.00813042 -0.00687541
v 0.00009335 0.00818928 -0.00687541
v -0.00010681 0.00820766 -0.00762541
v -0.00010681 0.00820766 -0.00687541
v -0.00030697 0.00818928 -0.00687541
v -0.00033620 0.00818347 -0.00762541
v -0.00051171 0.00813042 -0.00687541
v -0.00056938 0.00810567 -0.00762541
v -0.00070874 0.00802835 -0.00687541
v -0.00078747 0.00797177 -0.00762541
v -0.00088463 0.00788548 -0.00687541
v -0.00097093 0.00778831 -0.00762541
v -0.00102750 0.00770958 -0.00687541
v -0.00110483 0.00757023 -0.00762541
v -0.00112958 0.00751256 -0.00687541
v -0.00118263 0.00733704 -0.00762541
v -0.00118845 0.00730782 -0.00687541
v -0.00118845 0.00730782 -0.00837540
v 0.00009335 0.00818928 -0.00837540
v -0.00010681 0.00820766 -0.00837540
v -0.00030697 0.00818928 -0.00837540
v -0.00051171 0.00813042 -0.00837540
v -0.00070874 0.00802835 -0.00837540
v -0.00088463 0.00788546 -0.00837540
v -0.00102751 0.00770958 -0.00837540
v -0.00112958 0.00751256 -0.00837540
v 0.00049512 0.00802835 -0.00687541
v 0.00067101 0.00788548 -0.00687541
v 0.00081389 0.00770958 -0.00687541
v 0.00091596 0.00751256 -0.00687541
v 0.00483239 0.00088506 -0.00762541
v 0.00480971 0.00101747 -0.00687541
v 0.00480971 0.00101747 -0.00837540
v 0.00463848 0.00168317 -0.00762541
v 0.00454213 0.00194813 -0.00837540
v 0.00430094 0.00246812 -0.00762541
v 0.00407816 0.00284370 -0.00837540
v 0.00382101 0.00320155 -0.00762541
v 0.00342872 0.00364319 -0.00837540
v 0.00321351 0.00384603 -0.00762541
v 0.00262923 0.00429263 -0.00837540
v 0.00250577 0.00437080 -0.00762541
v 0.00173366 0.00475659 -0.00837540
v 0.00173366 0.00475659 -0.00762541
v 0.00093587 0.00499772 -0.00762541
v 0.00173366 0.00475659 -0.00687541
v 0.00080300 0.00502419 -0.00687541
v -0.00010681 0.00510765 -0.00762541
v -0.00010681 0.00510765 -0.00687541
v -0.00101663 0.00502419 -0.00687541
v -0.00114949 0.00499772 -0.00762541
v -0.00194728 0.00475659 -0.00687541
v -0.00220941 0.00464407 -0.00762541
v -0.00284286 0.00429263 -0.00687541
v -0.00320071 0.00403548 -0.00762541
v -0.00364234 0.00364319 -0.00687541
v -0.00403463 0.00320155 -0.00762541
v -0.00429179 0.00284370 -0.00687541
v -0.00464323 0.00221025 -0.00762541
v -0.00475575 0.00194813 -0.00687541
v -0.00499689 0.00115033 -0.00762541
v -0.00502334 0.00101747 -0.00687541
v -0.00502334 0.00101747 -0.00837540
v 0.00080300 0.00502419 -0.00837540
v -0.00010681 0.00510765 -0.00837540
v -0.00101663 0.00502419 -0.00837540
v -0.00194728 0.00475659 -0.00837540
v -0.00284286 0.00429263 -0.00837540
v -0.00364234 0.00364319 -0.00837540
v -0.00429179 0.00284370 -0.00837540
v -0.00475575 0.00194813 -0.00837540
v 0.00262923 0.00429263 -0.00687541
v 0.00342872 0.00364319 -0.00687541
v 0.00407816 0.00284370 -0.00687541
v 0.00454213 0.00194813 -0.00687541
v -0.00010681 0.01760766 -0.00127542
v -0.00010681 0.01760765 -0.00412541
v -0.01760681 0.01760766 -0.00837540
v 0.01739319 0.01760765 -0.00837542
v 0.01739318 -0.01739234 -0.00837540
v -0.01760682 -0.01739234 -0.00837540
v -0.00010681 -0.01739234 -0.00412540
v -0.00010681 -0.01739234 -0.00127540
v -0.00010681 -0.01189234 -0.00837540
v -0.00010681 0.00910766 -0.00837540
v -0.00010681 0.01410765 -0.00837540
v -0.00010681 0.01470765 -0.00837540
v 0.01189319 0.00010765 -0.00687541
v -0.00910682 0.00010765 -0.00687541
v -0.01470681 0.00010765 -0.00687541
v -0.01410681 0.00010765 -0.00687541
v 0.01519188 0.01391524 -0.03799374
v 0.01519188 0.01288435 -0.03902436
v 0.01389188 0.01281443 -0.03725536
v 0.01389188 0.01214603 -0.03792393
v 0.01389188 0.00940492 -0.03815855
v 0.01389188 0.01152217 -0.03818020
v 0.01519188 0.00917418 -0.03948393
v 0.01129188 -0.01292881 -0.01217989
v 0.01259188 -0.01422881 -0.01347989
v 0.01259188 -0.01162880 -0.01217989
v 0.01389188 -0.01292881 -0.01347989
v 0.01389188 0.00880251 -0.03792394
v 0.01519188 0.00806452 -0.03902436
v 0.01389188 0.00813394 -0.03725554
v 0.01519188 0.00703362 -0.03799374
v 0.01259188 0.00527243 -0.05053523
v -0.01453957 0.00527243 -0.05053523
v 0.01259188 0.00432145 -0.04823716
v -0.01453957 0.00432145 -0.04823716
v 0.01389188 0.01307444 -0.03662754
v 0.01389188 0.01307444 -0.03184069
v 0.01389188 0.00787394 -0.03184069
v 0.01389188 0.00787394 -0.03662796
v 0.01519188 0.01437443 -0.03688368
v 0.01909260 0.01177468 -0.03948392
v 0.02039259 0.01214603 -0.03792393
v 0.02039259 0.01152217 -0.03818020
v 0.01389188 -0.00902783 -0.04117529
v 0.01389188 -0.00902783 -0.03302423
v 0.01259188 -0.01032784 -0.04143373
v 0.01259188 -0.01032784 -0.03363318
v 0.00649015 -0.00152931 -0.02614770
v 0.00949891 0.00657395 -0.02614770
v 0.01259188 -0.00152931 -0.02614770
v 0.01779260 0.00657395 -0.02614770
v 0.01909260 0.01391524 -0.03799374
v 0.01909260 0.01437443 -0.03688368
v -0.01583957 0.00321919 -0.04897336
v -0.01453957 -0.00287508 -0.04104022
v -0.01583957 -0.00397723 -0.04177655
v -0.01583957 0.00046093 -0.05173167
v -0.01453957 -0.00027531 -0.05283397
v -0.01583957 -0.00827409 -0.04299630
v -0.01453957 -0.00937628 -0.04373254
v 0.01909260 0.01437443 -0.02665911
v 0.02039259 0.01307444 -0.03662754
v 0.02039259 0.01307444 -0.02744773
v 0.01389188 -0.00512718 -0.03899939
v 0.01259188 -0.00382719 -0.03874088
v 0.01389188 -0.00512718 -0.03013976
v 0.01259188 -0.00382719 -0.03046424
v 0.01389188 0.01437443 -0.02107185
v 0.01950687 0.01307444 -0.02519615
v 0.01389188 0.01307444 -0.01916380
v 0.01259188 -0.00287508 -0.04104022
v 0.01389188 0.00321919 -0.04897336
v 0.01389188 -0.00397723 -0.04177655
v 0.01259188 -0.00027531 -0.05283397
v 0.01259188 -0.00937628 -0.04373254
v 0.01259188 -0.01422881 -0.03038306
v 0.01389188 -0.01292881 -0.02977408
v 0.01876943 0.00538819 -0.02518607
v 0.01389188 0.00538819 -0.01994599
v 0.01389188 -0.00245465 -0.02511944
v -0.01453957 -0.00152931 -0.02614770
v -0.01583957 -0.00282931 -0.02614770
v -0.01453957 -0.00152931 -0.02265577
v -0.01583957 -0.00282931 -0.02135576
v 0.01950687 0.00787394 -0.02519615
v 0.01389188 0.00787394 -0.01916380
v 0.01519188 0.01177468 -0.03948392
v 0.01909260 0.00703362 -0.03799374
v 0.01519188 0.00657395 -0.03688417
v 0.01909260 0.00657395 -0.03688417
v 0.01519188 0.00657395 -0.03184069
v 0.01909260 0.01288435 -0.03902436
v -0.01453957 -0.01032784 -0.04143373
v -0.01453957 -0.01032784 -0.03363318
v 0.01259188 0.01307444 -0.01217989
v 0.01389188 0.01437443 -0.01347989
v 0.01909260 0.00806452 -0.03902436
v 0.01909260 0.00917418 -0.03948393
v 0.02039259 0.00787394 -0.02744773
v 0.01389188 0.00373920 -0.05022999
v 0.02039259 0.00813394 -0.03725554
v 0.02039259 0.00787394 -0.03662796
v 0.01389188 0.00046093 -0.05173167
v 0.01389188 -0.00827409 -0.04299630
v 0.01259188 0.00202277 -0.05378492
v 0.01389188 0.00171751 -0.05225166
v -0.01453957 0.01437443 -0.02135576
v -0.01583957 0.01307443 -0.02135576
v -0.01453957 0.01437443 -0.01347989
v -0.01583957 0.01307443 -0.01347989
v -0.01453957 0.00202277 -0.05378492
v -0.01453957 -0.01422881 -0.03038306
v -0.01583957 -0.01292881 -0.01347989
v -0.01453957 -0.01422881 -0.01347989
v -0.01453957 -0.01162880 -0.01217989
v -0.01323957 -0.01292881 -0.01217989
v 0.00470695 0.00657395 -0.02265577
v 0.00470695 0.00787394 -0.02265577
v -0.01583957 -0.00512718 -0.03046424
v -0.01583957 -0.00902783 -0.03302423
v -0.01583957 -0.00902783 -0.04117529
v -0.01583957 -0.01292881 -0.02977408
v -0.01583957 0.00373920 -0.05022999
v -0.01583957 0.00171751 -0.05225166
v -0.01583957 -0.00512718 -0.03899939
v -0.01453957 -0.00382719 -0.03874088
v -0.01453957 -0.00382719 -0.03046424
v 0.02039259 0.01281443 -0.03725536
v 0.02039259 0.00940492 -0.03815855
v 0.02039259 0.00880251 -0.03792394
v 0.00169819 -0.00152931 -0.02265577
v -0.01323957 0.01307443 -0.01217989
v -0.01453957 0.01177443 -0.01217989
v 0.01519188 0.01437443 -0.03184069
v 0.00470695 0.01437443 -0.02135576
v 0.00470695 0.01307443 -0.02265577
v 0.01909260 0.00657395 -0.02744773
v -0.01453957 0.01307443 -0.02265577
f 1 2 3
f 4 2 1
f 5 4 1
f 6 4 5
f 7 6 5
f 8 6 7
f 9 8 7
f 10 8 9
f 11 10 9
f 12 10 11
f 13 12 11
f 14 12 13
f 15 14 13
f 16 14 15
f 17 16 15
f 18 16 17
f 19 16 18
f 20 19 18
f 21 19 20
f 22 21 20
f 23 21 22
f 24 23 22
f 4 25 2
f 26 25 4
f 6 26 4
f 27 26 6
f 8 27 6
f 28 27 8
f 10 28 8
f 29 28 10
f 12 29 10
f 30 29 12
f 14 30 12
f 31 30 14
f 16 31 14
f 32 31 16
f 33 32 16
f 19 33 16
f 23 33 19
f 21 23 19
f 34 24 22
f 35 24 34
f 36 35 34
f 37 35 36
f 38 37 36
f 39 37 38
f 40 39 38
f 41 39 40
f 42 41 40
f 43 41 42
f 44 43 42
f 42 45 44
f 40 45 42
f 40 46 45
f 38 46 40
f 38 47 46
f 36 47 38
f 36 48 47
f 34 48 36
f 34 49 48
f 22 49 34
f 22 20 49
f 50 51 52
f 53 51 50
f 54 53 50
f 55 53 54
f 56 55 54
f 57 55 56
f 58 57 56
f 59 57 58
f 60 59 58
f 61 59 60
f 62 61 60
f 63 61 62
f 64 63 62
f 65 63 64
f 66 65 64
f 67 65 66
f 68 65 67
f 69 68 67
f 70 68 69
f 71 70 69
f 72 70 71
f 73 72 71
f 53 74 51
f 75 74 53
f 55 75 53
f 76 75 55
f 57 76 55
f 77 76 57
f 59 77 57
f 78 77 59
f 61 78 59
f 79 78 61
f 63 79 61
f 80 79 63
f 65 80 63
f 81 80 65
f 82 81 65
f 68 82 65
f 72 82 68
f 70 72 68
f 83 73 71
f 84 73 83
f 85 84 83
f 86 84 85
f 87 86 85
f 88 86 87
f 89 88 87
f 90 88 89
f 91 90 89
f 92 90 91
f 93 92 91
f 91 94 93
f 89 94 91
f 89 95 94
f 87 95 89
f 87 96 95
f 85 96 87
f 85 97 96
f 83 97 85
f 83 98 97
f 71 98 83
f 71 69 98
f 99 100 101
f 102 100 99
f 103 102 99
f 104 102 103
f 105 104 103
f 106 104 105
f 107 106 105
f 108 106 107
f 109 108 107
f 110 108 109
f 111 110 109
f 112 110 111
f 113 112 111
f 114 112 113
f 115 114 113
f 116 114 115
f 117 114 116
f 118 117 116
f 119 117 118
f 120 119 118
f 121 119 120
f 122 121 120
f 102 123 100
f 124 123 102
f 104 124 102
f 125 124 104
f 106 125 104
f 126 125 106
f 108 126 106
f 127 126 108
f 110 127 108
f 128 127 110
f 112 128 110
f 129 128 112
f 114 129 112
f 130 129 114
f 131 130 114
f 117 131 114
f 121 131 117
f 119 121 117
f 132 122 120
f 133 122 132
f 134 133 132
f 135 133 134
f 136 135 134
f 137 135 136
f 138 137 136
f 139 137 138
f 140 139 138
f 141 139 140
f 142 141 140
f 140 143 142
f 138 143 140
f 138 144 143
f 136 144 138
f 136 145 144
f 134 145 136
f 134 146 145
f 132 146 134
f 132 147 146
f 120 147 132
f 120 118 147
f 148 149 150
f 151 149 148
f 152 151 148
f 153 151 152
f 154 153 152
f 155 153 154
f 156 155 154
f 157 155 156
f 158 157 156
f 159 157 158
f 160 159 158
f 161 159 160
f 162 161 160
f 163 161 162
f 164 163 162
f 165 163 164
f 166 163 165
f 167 166 165
f 168 166 167
f 169 168 167
f 170 168 169
f 171 170 169
f 151 172 149
f 173 172 151
f 153 173 151
f 174 173 153
f 155 174 153
f 175 174 155
f 157 175 155
f 176 175 157
f 159 176 157
f 177 176 159
f 161 177 159
f 178 177 161
f 163 178 161
f 179 178 163
f 180 179 163
f 166 180 163
f 170 180 166
f 168 170 166
f 181 171 169
f 182 171 181
f 183 182 181
f 184 182 183
f 185 184 183
f 186 184 185
f 187 186 185
f 188 186 187
f 189 188 187
f 190 188 189
f 191 190 189
f 189 192 191
f 187 192 189
f 187 193 192
f 185 193 187
f 185 194 193
f 183 194 185
f 183 195 194
f 181 195 183
f 181 196 195
f 169 196 181
f 169 167 196
f 197 198 199
f 200 198 197
f 201 200 197
f 202 200 201
f 203 202 201
f 204 202 203
f 205 204 203
f 206 204 205
f 207 206 205
f 208 206 207
f 209 208 207
f 210 208 209
f 211 210 209
f 212 210 211
f 213 212 211
f 214 212 213
f 215 212 214
f 216 215 214
f 217 215 216
f 218 217 216
f 219 217 218
f 220 219 218
f 200 221 198
f 222 221 200
f 202 222 200
f 223 222 202
f 204 223 202
f 224 223 204
f 206 224 204
f 225 224 206
f 208 225 206
f 226 225 208
f 210 226 208
f 227 226 210
f 212 227 210
f 228 227 212
f 229 228 212
f 215 229 212
f 219 229 215
f 217 219 215
f 230 220 218
f 231 220 230
f 232 231 230
f 233 231 232
f 234 233 232
f 235 233 234
f 236 235 234
f 237 235 236
f 238 237 236
f 239 237 238
f 240 239 238
f 238 241 240
f 236 241 238
f 236 242 241
f 234 242 236
f 234 243 242
f 232 243 234
f 232 244 243
f 230 244 232
f 230 245 244
f 218 245 230
f 218 216 245
f 246 247 248
f 249 247 246
f 250 249 246
f 251 249 250
f 252 251 250
f 253 251 252
f 254 253 252
f 255 253 254
f 256 255 254
f 257 255 256
f 258 257 256
f 259 257 258
f 260 259 258
f 261 259 260
f 262 261 260
f 263 261 262
f 264 261 263
f 265 264 263
f 266 264 265
f 267 266 265
f 268 266 267
f 269 268 267
f 249 270 247
f 271 270 249
f 251 271 249
f 272 271 251
f 253 272 251
f 273 272 253
f 255 273 253
f 274 273 255
f 257 274 255
f 275 274 257
f 259 275 257
f 276 275 259
f 261 276 259
f 277 276 261
f 278 277 261
f 264 278 261
f 268 278 264
f 266 268 264
f 279 269 267
f 280 269 279
f 281 280 279
f 282 280 281
f 283 282 281
f 284 282 283
f 285 284 283
f 286 284 285
f 287 286 285
f 288 286 287
f 289 288 287
f 287 290 289
f 285 290 287
f 285 291 290
f 283 291 285
f 283 292 291
f 281 292 283
f 281 293 292
f 279 293 281
f 279 294 293
f 267 294 279
f 267 265 294
f 295 296 297
f 298 296 295
f 299 298 295
f 300 298 299
f 301 300 299
f 302 300 301
f 303 302 301
f 304 302 303
f 305 304 303
f 306 304 305
f 307 306 305
f 308 306 307
f 309 308 307
f 310 308 309
f 311 310 309
f 312 310 311
f 313 310 312
f 314 313 312
f 315 313 314
f 316 315 314
f 317 315 316
f 318 317 316
f 298 319 296
f 320 319 298
f 300 320 298
f 321 320 300
f 302 321 300
f 322 321 302
f 304 322 302
f 323 322 304
f 306 323 304
f 324 323 306
f 308 324 306
f 325 324 308
f 310 325 308
f 326 325 310
f 327 326 310
f 313 327 310
f 317 327 313
f 315 317 313
f 328 318 316
f 329 318 328
f 330 329 328
f 331 329 330
f 332 331 330
f 333 331 332
f 334 333 332
f 335 333 334
f 336 335 334
f 337 335 336
f 338 337 336
f 336 339 338
f 334 339 336
f 334 340 339
f 332 340 334
f 332 341 340
f 330 341 332
f 330 342 341
f 328 342 330
f 328 343 342
f 316 343 328
f 316 314 343
f 344 345 346
f 347 345 344
f 348 347 344
f 349 347 348
f 350 349 348
f 351 349 350
f 352 351 350
f 353 351 352
f 354 353 352
f 355 353 354
f 356 355 354
f 357 355 356
f 358 357 356
f 359 357 358
f 360 359 358
f 361 359 360
f 362 359 361
f 363 362 361
f 364 362 363
f 365 364 363
f 366 364 365
f 367 366 365
f 347 368 345
f 369 368 347
f 349 369 347
f 370 369 349
f 351 370 349
f 371 370 351
f 353 371 351
f 372 371 353
f 355 372 353
f 373 372 355
f 357 373 355
f 374 373 357
f 359 374 357
f 375 374 359
f 376 375 359
f 362 376 359
f 366 376 362
f 364 366 362
f 377 367 365
f 378 367 377
f 379 378 377
f 380 378 379
f 381 380 379
f 382 380 381
f 383 382 381
f 384 382 383
f 385 384 383
f 386 384 385
f 387 386 385
f 385 388 387
f 383 388 385
f 383 389 388
f 381 389 383
f 381 390 389
f 379 390 381
f 379 391 390
f 377 391 379
f 377 392 391
f 365 392 377
f 365 363 392
f 393 394 395
f 396 394 393
f 397 396 393
f 398 396 397
f 399 398 397
f 400 398 399
f 401 400 399
f 402 400 401
f 403 402 401
f 404 402 403
f 405 404 403
f 406 404 405
f 407 406 405
f 408 406 407
f 409 408 407
f 410 408 409
f 411 408 410
f 412 411 410
f 413 411 412
f 414 413 412
f 415 413 414
f 416 415 414
f 396 417 394
f 418 417 396
f 398 418 396
f 419 418 398
f 400 419 398
f 420 419 400
f 402 420 400
f 421 420 402
f 404 421 402
f 422 421 404
f 406 422 404
f 423 422 406
f 408 423 406
f 424 423 408
f 425 424 408
f 411 425 408
f 415 425 411
f 413 415 411
f 426 416 414
f 427 416 426
f 428 427 426
f 429 427 428
f 430 429 428
f 431 429 430
f 432 431 430
f 433 431 432
f 434 433 432
f 435 433 434
f 436 435 434
f 434 437 436
f 432 437 434
f 432 438 437
f 430 438 432
f 430 439 438
f 428 439 430
f 428 440 439
f 426 440 428
f 426 441 440
f 414 441 426
f 414 412 441
f 442 443 444
f 445 443 442
f 446 445 442
f 447 445 446
f 448 447 446
f 449 447 448
f 450 449 448
f 451 449 450
f 452 451 450
f 453 451 452
f 454 453 452
f 455 453 454
f 456 455 454
f 457 455 456
f 458 457 456
f 459 457 458
f 460 457 459
f 461 460 459
f 462 460 461
f 463 462 461
f 464 462 463
f 465 464 463
f 445 466 443
f 467 466 445
f 447 467 445
f 468 467 447
f 449 468 447
f 469 468 449
f 451 469 449
f 470 469 451
f 453 470 451
f 471 470 453
f 455 471 453
f 472 471 455
f 457 472 455
f 473 472 457
f 474 473 457
f 460 474 457
f 464 474 460
f 462 464 460
f 475 465 463
f 476 465 475
f 477 476 475
f 478 476 477
f 479 478 477
f 480 478 479
f 481 480 479
f 482 480 481
f 483 482 481
f 484 482 483
f 485 484 483
f 483 486 485
f 481 486 483
f 481 487 486
f 479 487 481
f 479 488 487
f 477 488 479
f 477 489 488
f 475 489 477
f 475 490 489
f 463 490 475
f 463 461 490
f 491 492 493
f 494 492 491
f 495 494 491
f 496 494 495
f 497 496 495
f 498 496 497
f 499 498 497
f 500 498 499
f 501 500 499
f 502 500 501
f 503 502 501
f 504 502 503
f 505 504 503
f 506 504 505
f 507 506 505
f 508 506 507
f 509 506 508
f 510 509 508
f 511 509 510
f 512 511 510
f 513 511 512
f 514 513 512
f 494 515 492
f 516 515 494
f 496 516 494
f 517 516 496
f 498 517 496
f 518 517 498
f 500 518 498
f 519 518 500
f 502 519 500
f 520 519 502
f 504 520 502
f 521 520 504
f 506 521 504
f 522 521 506
f 523 522 506
f 509 523 506
f 513 523 509
f 511 513 509
f 524 514 512
f 525 514 524
f 526 525 524
f 527 525 526
f 528 527 526
f 529 527 528
f 530 529 528
f 531 529 530
f 532 531 530
f 533 531 532
f 534 533 532
f 532 535 534
f 530 535 532
f 530 536 535
f 528 536 530
f 528 537 536
f 526 537 528
f 526 538 537
f 524 538 526
f 524 539 538
f 512 539 524
f 512 510 539
f 540 541 542
f 543 541 540
f 544 543 540
f 545 543 544
f 546 545 544
f 547 545 546
f 548 547 546
f 549 547 548
f 550 549 548
f 551 549 550
f 552 551 550
f 553 551 552
f 554 553 552
f 555 553 554
f 556 555 554
f 557 555 556
f 558 555 557
f 559 558 557
f 560 558 559
f 561 560 559
f 562 560 561
f 563 562 561
f 543 564 541
f 565 564 543
f 545 565 543
f 566 565 545
f 547 566 545
f 567 566 547
f 549 567 547
f 568 567 549
f 551 568 549
f 569 568 551
f 553 569 551
f 570 569 553
f 555 570 553
f 571 570 555
f 572 571 555
f 558 572 555
f 562 572 558
f 560 562 558
f 573 563 561
f 574 563 573
f 575 574 573
f 576 574 575
f 577 576 575
f 578 576 577
f 579 578 577
f 580 578 579
f 581 580 579
f 582 580 581
f 583 582 581
f 581 584 583
f 579 584 581
f 579 585 584
f 577 585 579
f 577 586 585
f 575 586 577
f 575 587 586
f 573 587 575
f 573 588 587
f 561 588 573
f 561 559 588
f 589 590 591
f 592 590 589
f 593 592 589
f 594 592 593
f 595 594 593
f 596 594 595
f 597 596 595
f 598 596 597
f 599 598 597
f 600 598 599
f 601 600 599
f 602 600 601
f 603 602 601
f 604 602 603
f 605 604 603
f 606 604 605
f 607 604 606
f 608 607 606
f 609 607 608
f 610 609 608
f 611 609 610
f 612 611 610
f 592 613 590
f 614 613 592
f 594 614 592
f 615 614 594
f 596 615 594
f 616 615 596
f 598 616 596
f 617 616 598
f 600 617 598
f 618 617 600
f 602 618 600
f 619 618 602
f 604 619 602
f 620 619 604
f 621 620 604
f 607 621 604
f 611 621 607
f 609 611 607
f 622 612 610
f 623 612 622
f 624 623 622
f 625 623 624
f 626 625 624
f 627 625 626
f 628 627 626
f 629 627 628
f 630 629 628
f 631 629 630
f 632 631 630
f 630 633 632
f 628 633 630
f 628 634 633
f 626 634 628
f 626 635 634
f 624 635 626
f 624 636 635
f 622 636 624
f 622 637 636
f 610 637 622
f 610 608 637
f 638 639 640
f 641 639 638
f 642 641 638
f 643 641 642
f 644 643 642
f 645 643 644
f 646 645 644
f 647 645 646
f 648 647 646
f 649 647 648
f 650 649 648
f 651 649 650
f 652 651 650
f 653 651 652
f 654 653 652
f 655 653 654
f 656 653 655
f 657 656 655
f 658 656 657
f 659 658 657
f 660 658 659
f 661 660 659
f 641 662 639
f 663 662 641
f 643 663 641
f 664 663 643
f 645 664 643
f 665 664 645
f 647 665 645
f 666 665 647
f 649 666 647
f 667 666 649
f 651 667 649
f 668 667 651
f 653 668 651
f 669 668 653
f 670 669 653
f 656 670 653
f 660 670 656
f 658 660 656
f 671 661 659
f 672 661 671
f 673 672 671
f 674 672 673
f 675 674 673
f 676 674 675
f 677 676 675
f 678 676 677
f 679 678 677
f 680 678 679
f 681 680 679
f 679 682 681
f 677 682 679
f 677 683 682
f 675 683 677
f 675 684 683
f 673 684 675
f 673 685 684
f 671 685 673
f 671 686 685
f 659 686 671
f 659 657 686
f 687 688 689
f 690 688 687
f 691 690 687
f 692 690 691
f 693 692 691
f 694 692 693
f 695 694 693
f 696 694 695
f 697 696 695
f 698 696 697
f 699 698 697
f 700 698 699
f 701 700 699
f 702 700 701
f 703 702 701
f 704 702 703
f 705 702 704
f 706 705 704
f 707 705 706
f 708 707 706
f 709 707 708
f 710 709 708
f 690 711 688
f 712 711 690
f 692 712 690
f 713 712 692
f 694 713 692
f 714 713 694
f 696 714 694
f 715 714 696
f 698 715 696
f 716 715 698
f 700 716 698
f 717 716 700
f 702 717 700
f 718 717 702
f 719 718 702
f 705 719 702
f 709 719 705
f 707 709 705
f 720 710 708
f 721 710 720
f 722 721 720
f 723 721 722
f 724 723 722
f 725 723 724
f 726 725 724
f 727 725 726
f 728 727 726
f 729 727 728
f 730 729 728
f 728 731 730
f 726 731 728
f 726 732 731
f 724 732 726
f 724 733 732
f 722 733 724
f 722 734 733
f 720 734 722
f 720 735 734
f 708 735 720
f 708 706 735
f 736 737 738
f 739 737 736
f 740 739 736
f 741 739 740
f 742 741 740
f 743 741 742
f 744 743 742
f 745 743 744
f 746 745 744
f 747 745 746
f 748 747 746
f 749 747 748
f 750 749 748
f 751 749 750
f 752 751 750
f 753 751 752
f 754 751 753
f 755 754 753
f 756 754 755
f 757 756 755
f 758 756 757
f 759 758 757
f 739 760 737
f 761 760 739
f 741 761 739
f 762 761 741
f 743 762 741
f 763 762 743
f 745 763 743
f 764 763 745
f 747 764 745
f 765 764 747
f 749 765 747
f 766 765 749
f 751 766 749
f 767 766 751
f 768 767 751
f 754 768 751
f 758 768 754
f 756 758 754
f 769 759 757
f 770 759 769
f 771 770 769
f 772 770 771
f 773 772 771
f 774 772 773
f 775 774 773
f 776 774 775
f 777 776 775
f 778 776 777
f 779 778 777
f 777 780 779
f 775 780 777
f 775 781 780
f 773 781 775
f 773 782 781
f 771 782 773
f 771 783 782
f 769 783 771
f 769 784 783
f 757 784 769
f 757 755 784
f 785 786 787
f 788 786 785
f 789 788 785
f 790 788 789
f 791 790 789
f 792 790 791
f 793 792 791
f 794 792 793
f 795 794 793
f 796 794 795
f 797 796 795
f 798 796 797
f 799 798 797
f 800 798 799
f 801 800 799
f 802 800 801
f 803 800 802
f 804 803 802
f 805 803 804
f 806 805 804
f 807 805 806
f 808 807 806
f 788 809 786
f 810 809 788
f 790 810 788
f 811 810 790
f 792 811 790
f 812 811 792
f 794 812 792
f 813 812 794
f 796 813 794
f 814 813 796
f 798 814 796
f 815 814 798
f 800 815 798
f 816 815 800
f 817 816 800
f 803 817 800
f 807 817 803
f 805 807 803
f 818 808 806
f 819 808 818
f 820 819 818
f 821 819 820
f 822 821 820
f 823 821 822
f 824 823 822
f 825 823 824
f 826 825 824
f 827 825 826
f 828 827 826
f 826 829 828
f 824 829 826
f 824 830 829
f 822 830 824
f 822 831 830
f 820 831 822
f 820 832 831
f 818 832 820
f 818 833 832
f 806 833 818
f 806 804 833
f 834 835 836
f 837 835 834
f 838 837 834
f 839 837 838
f 840 839 838
f 841 839 840
f 842 841 840
f 843 841 842
f 844 843 842
f 845 843 844
f 846 845 844
f 847 845 846
f 848 847 846
f 849 847 848
f 850 849 848
f 851 849 850
f 852 849 851
f 853 852 851
f 854 852 853
f 855 854 853
f 856 854 855
f 857 856 855
f 837 858 835
f 859 858 837
f 839 859 837
f 860 859 839
f 841 860 839
f 861 860 841
f 843 861 841
f 862 861 843
f 845 862 843
f 863 862 845
f 847 863 845
f 864 863 847
f 849 864 847
f 865 864 849
f 866 865 849
f 852 866 849
f 856 866 852
f 854 856 852
f 867 857 855
f 868 857 867
f 869 868 867
f 870 868 869
f 871 870 869
f 872 870 871
f 873 872 871
f 874 872 873
f 875 874 873
f 876 874 875
f 877 876 875
f 875 878 877
f 873 878 875
f 873 879 878
f 871 879 873
f 871 880 879
f 869 880 871
f 869 881 880
f 867 881 869
f 867 882 881
f 855 882 867
f 855 853 882
f 883 884 885
f 886 884 883
f 887 886 883
f 888 886 887
f 889 888 887
f 890 888 889
f 891 890 889
f 892 890 891
f 893 892 891
f 894 892 893
f 895 894 893
f 896 894 895
f 897 896 895
f 898 896 897
f 899 898 897
f 900 898 899
f 901 898 900
f 902 901 900
f 903 901 902
f 904 903 902
f 905 903 904
f 906 905 904
f 886 907 884
f 908 907 886
f 888 908 886
f 909 908 888
f 890 909 888
f 910 909 890
f 892 910 890
f 911 910 892
f 894 911 892
f 912 911 894
f 896 912 894
f 913 912 896
f 898 913 896
f 914 913 898
f 915 914 898
f 901 915 898
f 905 915 901
f 903 905 901
f 916 906 904
f 917 906 916
f 918 917 916
f 919 917 918
f 920 919 918
f 921 919 920
f 922 921 920
f 923 921 922
f 924 923 922
f 925 923 924
f 926 925 924
f 924 927 926
f 922 927 924
f 922 928 927
f 920 928 922
f 920 929 928
f 918 929 920
f 918 930 929
f 916 930 918
f 916 931 930
f 904 931 916
f 904 902 931
f 932 933 934
f 935 933 932
f 936 935 932
f 937 935 936
f 938 937 936
f 939 937 938
f 940 939 938
f 941 939 940
f 942 941 940
f 943 941 942
f 944 943 942
f 945 943 944
f 946 945 944
f 947 945 946
f 948 947 946
f 949 947 948
f 950 947 949
f 951 950 949
f 952 950 951
f 953 952 951
f 954 952 953
f 955 954 953
f 935 956 933
f 957 956 935
f 937 957 935
f 958 957 937
f 939 958 937
f 959 958 939
f 941 959 939
f 960 959 941
f 943 960 941
f 961 960 943
f 945 961 943
f 962 961 945
f 947 962 945
f 963 962 947
f 964 963 947
f 950 964 947
f 954 964 950
f 952 954 950
f 965 955 953
f 966 955 965
f 967 966 965
f 968 966 967
f 969 968 967
f 970 968 969
f 971 970 969
f 972 970 971
f 973 972 971
f 974 972 973
f 975 974 973
f 973 976 975
f 971 976 973
f 971 977 976
f 969 977 971
f 969 978 977
f 967 978 969
f 967 979 978
f 965 979 967
f 965 980 979
f 953 980 965
f 953 951 980
f 981 982 983
f 984 982 981
f 985 984 981
f 986 984 985
f 987 986 985
f 988 986 987
f 989 988 987
f 990 988 989
f 991 990 989
f 992 990 991
f 993 992 991
f 994 992 993
f 995 994 993
f 996 994 995
f 997 996 995
f 998 996 997
f 999 996 998
f 1000 999 998
f 1001 999 1000
f 1002 1001 1000
f 1003 1001 1002
f 1004 1003 1002
f 984 1005 982
f 1006 1005 984
f 986 1006 984
f 1007 1006 986
f 988 1007 986
f 1008 1007 988
f 990 1008 988
f 1009 1008 990
f 992 1009 990
f 1010 1009 992
f 994 1010 992
f 1011 1010 994
f 996 1011 994
f 1012 1011 996
f 1013 1012 996
f 999 1013 996
f 1003 1013 999
f 1001 1003 999
f 1014 1004 1002
f 1015 1004 1014
f 1016 1015 1014
f 1017 1015 1016
f 1018 1017 1016
f 1019 1017 1018
f 1020 1019 1018
f 1021 1019 1020
f 1022 1021 1020
f 1023 1021 1022
f 1024 1023 1022
f 1022 1025 1024
f 1020 1025 1022
f 1020 1026 1025
f 1018 1026 1020
f 1018 1027 1026
f 1016 1027 1018
f 1016 1028 1027
f 1014 1028 1016
f 1014 1029 1028
f 1002 1029 1014
f 1002 1000 1029
f 1030 1031 1032
f 1033 1031 1030
f 1034 1033 1030
f 1035 1033 1034
f 1036 1035 1034
f 1037 1035 1036
f 1038 1037 1036
f 1039 1037 1038
f 1040 1039 1038
f 1041 1039 1040
f 1042 1041 1040
f 1043 1041 1042
f 1044 1043 1042
f 1045 1043 1044
f 1046 1045 1044
f 1047 1045 1046
f 1048 1045 1047
f 1049 1048 1047
f 1050 1048 1049
f 1051 1050 1049
f 1052 1050 1051
f 1053 1052 1051
f 1033 1054 1031
f 1055 1054 1033
f 1035 1055 1033
f 1056 1055 1035
f 1037 1056 1035
f 1057 1056 1037
f 1039 1057 1037
f 1058 1057 1039
f 1041 1058 1039
f 1059 1058 1041
f 1043 1059 1041
f 1060 1059 1043
f 1045 1060 1043
f 1061 1060 1045
f 1062 1061 1045
f 1048 1062 1045
f 1052 1062 1048
f 1050 1052 1048
f 1063 1053 1051
f 1064 1053 1063
f 1065 1064 1063
f 1066 1064 1065
f 1067 1066 1065
f 1068 1066 1067
f 1069 1068 1067
f 1070 1068 1069
f 1071 1070 1069
f 1072 1070 1071
f 1073 1072 1071
f 1071 1074 1073
f 1069 1074 1071
f 1069 1075 1074
f 1067 1075 1069
f 1067 1076 1075
f 1065 1076 1067
f 1065 1077 1076
f 1063 1077 1065
f 1063 1078 1077
f 1051 1078 1063
f 1051 1049 1078
f 1079 1080 1081
f 1082 1080 1079
f 1083 1082 1079
f 1084 1082 1083
f 1085 1084 1083
f 1086 1084 1085
f 1087 1086 1085
f 1088 1086 1087
f 1089 1088 1087
f 1090 1088 1089
f 1091 1090 1089
f 1092 1090 1091
f 1093 1092 1091
f 1094 1092 1093
f 1095 1094 1093
f 1096 1094 1095
f 1097 1094 1096
f 1098 1097 1096
f 1099 1097 1098
f 1100 1099 1098
f 1101 1099 1100
f 1102 1101 1100
f 1082 1103 1080
f 1104 1103 1082
f 1084 1104 1082
f 1105 1104 1084
f 1086 1105 1084
f 1106 1105 1086
f 1088 1106 1086
f 1107 1106 1088
f 1090 1107 1088
f 1108 1107 1090
f 1092 1108 1090
f 1109 1108 1092
f 1094 1109 1092
f 1110 1109 1094
f 1111 1110 1094
f 1097 1111 1094
f 1101 1111 1097
f 1099 1101 1097
f 1112 1102 1100
f 1113 1102 1112
f 1114 1113 1112
f 1115 1113 1114
f 1116 1115 1114
f 1117 1115 1116
f 1118 1117 1116
f 1119 1117 1118
f 1120 1119 1118
f 1121 1119 1120
f 1122 1121 1120
f 1120 1123 1122
f 1118 1123 1120
f 1118 1124 1123
f 1116 1124 1118
f 1116 1125 1124
f 1114 1125 1116
f 1114 1126 1125
f 1112 1126 1114
f 1112 1127 1126
f 1100 1127 1112
f 1100 1098 1127
f 1128 1129 1130
f 1131 1129 1128
f 1132 1131 1128
f 1133 1131 1132
f 1134 1133 1132
f 1135 1133 1134
f 1136 1135 1134
f 1137 1135 1136
f 1138 1137 1136
f 1139 1137 1138
f 1140 1139 1138
f 1141 1139 1140
f 1142 1141 1140
f 1143 1141 1142
f 1144 1143 1142
f 1145 1143 1144
f 1146 1143 1145
f 1147 1146 1145
f 1148 1146 1147
f 1149 1148 1147
f 1150 1148 1149
f 1151 1150 1149
f 1131 1152 1129
f 1153 1152 1131
f 1133 1153 1131
f 1154 1153 1133
f 1135 1154 1133
f 1155 1154 1135
f 1137 1155 1135
f 1156 1155 1137
f 1139 1156 1137
f 1157 1156 1139
f 1141 1157 1139
f 1158 1157 1141
f 1143 1158 1141
f 1159 1158 1143
f 1160 1159 1143
f 1146 1160 1143
f 1150 1160 1146
f 1148 1150 1146
f 1161 1151 1149
f 1162 1151 1161
f 1163 1162 1161
f 1164 1162 1163
f 1165 1164 1163
f 1166 1164 1165
f 1167 1166 1165
f 1168 1166 1167
f 1169 1168 1167
f 1170 1168 1169
f 1171 1170 1169
f 1169 1172 1171
f 1167 1172 1169
f 1167 1173 1172
f 1165 1173 1167
f 1165 1174 1173
f 1163 1174 1165
f 1163 1175 1174
f 1161 1175 1163
f 1161 1176 1175
f 1149 1176 1161
f 1149 1147 1176
f 1177 1178 1179
f 1180 1178 1177
f 1181 1180 1177
f 1182 1180 1181
f 1183 1182 1181
f 1184 1182 1183
f 1185 1184 1183
f 1186 1184 1185
f 1187 1186 1185
f 1188 1186 1187
f 1189 1188 1187
f 1190 1188 1189
f 1191 1190 1189
f 1192 1190 1191
f 1193 1192 1191
f 1194 1192 1193
f 1195 1192 1194
f 1196 1195 1194
f 1197 1195 1196
f 1198 1197 1196
f 1199 1197 1198
f 1200 1199 1198
f 1180 1201 1178
f 1202 1201 1180
f 1182 1202 1180
f 1203 1202 1182
f 1184 1203 1182
f 1204 1203 1184
f 1186 1204 1184
f 1205 1204 1186
f 1188 1205 1186
f 1206 1205 1188
f 1190 1206 1188
f 1207 1206 1190
f 1192 1207 1190
f 1208 1207 1192
f 1209 1208 1192
f 1195 1209 1192
f 1199 1209 1195
f 1197 1199 1195
f 1210 1200 1198
f 1211 1200 1210
f 1212 1211 1210
f 1213 1211 1212
f 1214 1213 1212
f 1215 1213 1214
f 1216 1215 1214
f 1217 1215 1216
f 1218 1217 1216
f 1219 1217 1218
f 1220 1219 1218
f 1218 1221 1220
f 1216 1221 1218
f 1216 1222 1221
f 1214 1222 1216
f 1214 1223 1222
f 1212 1223 1214
f 1212 1224 1223
f 1210 1224 1212
f 1210 1225 1224
f 1198 1225 1210
f 1198 1196 1225
f 1226 1178 1227
f 1179 1178 1226
f 1228 1179 1226
f 1229 1228 1226
f 1230 1228 1229
f 1231 1230 1229
f 1232 1230 1231
f 1233 1232 1231
f 1234 1232 1233
f 1235 1234 1233
f 1236 1234 1235
f 1237 1236 1235
f 1238 1236 1237
f 1239 1238 1237
f 1240 1238 1239
f 1241 1240 1239
f 1242 1240 1241
f 1243 1240 1242
f 1244 1243 1242
f 1245 1243 1244
f 1246 1243 1245
f 1247 1246 1245
f 1248 1246 1247
f 1249 1248 1247
f 1250 1248 1249
f 1251 1250 1249
f 1252 1250 1251
f 1253 1252 1251
f 1254 1252 1253
f 1255 1254 1253
f 1256 1254 1255
f 1257 1256 1255
f 1219 1256 1257
f 1258 1256 1219
f 1220 1258 1219
f 1240 1259 1238
f 1243 1259 1240
f 1243 1260 1259
f 1261 1260 1243
f 1246 1261 1243
f 1262 1261 1246
f 1248 1262 1246
f 1263 1262 1248
f 1250 1263 1248
f 1264 1263 1250
f 1252 1264 1250
f 1265 1264 1252
f 1254 1265 1252
f 1266 1265 1254
f 1256 1266 1254
f 1258 1266 1256
f 1237 1241 1239
f 1267 1241 1237
f 1235 1267 1237
f 1268 1267 1235
f 1233 1268 1235
f 1269 1268 1233
f 1231 1269 1233
f 1270 1269 1231
f 1229 1270 1231
f 1227 1270 1229
f 1226 1227 1229
f 1271 1129 1272
f 1130 1129 1271
f 1273 1130 1271
f 1274 1273 1271
f 1275 1273 1274
f 1276 1275 1274
f 1277 1275 1276
f 1278 1277 1276
f 1279 1277 1278
f 1280 1279 1278
f 1281 1279 1280
f 1282 1281 1280
f 1283 1281 1282
f 1284 1283 1282
f 1285 1283 1284
f 1286 1285 1284
f 1287 1285 1286
f 1288 1285 1287
f 1289 1288 1287
f 1290 1288 1289
f 1291 1288 1290
f 1292 1291 1290
f 1293 1291 1292
f 1294 1293 1292
f 1295 1293 1294
f 1296 1295 1294
f 1297 1295 1296
f 1298 1297 1296
f 1299 1297 1298
f 1300 1299 1298
f 1301 1299 1300
f 1302 1301 1300
f 1170 1301 1302
f 1303 1301 1170
f 1171 1303 1170
f 1285 1304 1283
f 1288 1304 1285
f 1288 1305 1304
f 1306 1305 1288
f 1291 1306 1288
f 1307 1306 1291
f 1293 1307 1291
f 1308 1307 1293
f 1295 1308 1293
f 1309 1308 1295
f 1297 1309 1295
f 1310 1309 1297
f 1299 1310 1297
f 1311 1310 1299
f 1301 1311 1299
f 1303 1311 1301
f 1282 1286 1284
f 1312 1286 1282
f 1280 1312 1282
f 1313 1312 1280
f 1278 1313 1280
f 1314 1313 1278
f 1276 1314 1278
f 1315 1314 1276
f 1274 1315 1276
f 1272 1315 1274
f 1271 1272 1274
f 1316 1080 1317
f 1081 1080 1316
f 1318 1081 1316
f 1319 1318 1316
f 1320 1318 1319
f 1321 1320 1319
f 1322 1320 1321
f 1323 1322 1321
f 1324 1322 1323
f 1325 1324 1323
f 1326 1324 1325
f 1327 1326 1325
f 1328 1326 1327
f 1329 1328 1327
f 1330 1328 1329
f 1331 1330 1329
f 1332 1330 1331
f 1333 1330 1332
f 1334 1333 1332
f 1335 1333 1334
f 1336 1333 1335
f 1337 1336 1335
f 1338 1336 1337
f 1339 1338 1337
f 1340 1338 1339
f 1341 1340 1339
f 1342 1340 1341
f 1343 1342 1341
f 1344 1342 1343
f 1345 1344 1343
f 1346 1344 1345
f 1347 1346 1345
f 1121 1346 1347
f 1348 1346 1121
f 1122 1348 1121
f 1330 1349 1328
f 1333 1349 1330
f 1333 1350 1349
f 1351 1350 1333
f 1336 1351 1333
f 1352 1351 1336
f 1338 1352 1336
f 1353 1352 1338
f 1340 1353 1338
f 1354 1353 1340
f 1342 1354 1340
f 1355 1354 1342
f 1344 1355 1342
f 1356 1355 1344
f 1346 1356 1344
f 1348 1356 1346
f 1327 1331 1329
f 1357 1331 1327
f 1325 1357 1327
f 1358 1357 1325
f 1323 1358 1325
f 1359 1358 1323
f 1321 1359 1323
f 1360 1359 1321
f 1319 1360 1321
f 1317 1360 1319
f 1316 1317 1319
f 1361 1031 1362
f 1032 1031 1361
f 1363 1032 1361
f 1364 1363 1361
f 1365 1363 1364
f 1366 1365 1364
f 1367 1365 1366
f 1368 1367 1366
f 1369 1367 1368
f 1370 1369 1368
f 1371 1369 1370
f 1372 1371 1370
f 1373 1371 1372
f 1374 1373 1372
f 1375 1373 1374
f 1376 1375 1374
f 1377 1375 1376
f 1378 1375 1377
f 1379 1378 1377
f 1380 1378 1379
f 1381 1378 1380
f 1382 1381 1380
f 1383 1381 1382
f 1384 1383 1382
f 1385 1383 1384
f 1386 1385 1384
f 1387 1385 1386
f 1388 1387 1386
f 1389 1387 1388
f 1390 1389 1388
f 1391 1389 1390
f 1392 1391 1390
f 1072 1391 1392
f 1393 1391 1072
f 1073 1393 1072
f 1375 1394 1373
f 1378 1394 1375
f 1378 1395 1394
f 1396 1395 1378
f 1381 1396 1378
f 1397 1396 1381
f 1383 1397 1381
f 1398 1397 1383
f 1385 1398 1383
f 1399 1398 1385
f 1387 1399 1385
f 1400 1399 1387
f 1389 1400 1387
f 1401 1400 1389
f 1391 1401 1389
f 1393 1401 1391
f 1372 1376 1374
f 1402 1376 1372
f 1370 1402 1372
f 1403 1402 1370
f 1368 1403 1370
f 1404 1403 1368
f 1366 1404 1368
f 1405 1404 1366
f 1364 1405 1366
f 1362 1405 1364
f 1361 1362 1364
f 1406 982 1407
f 983 982 1406
f 1408 983 1406
f 1409 1408 1406
f 1410 1408 1409
f 1411 1410 1409
f 1412 1410 1411
f 1413 1412 1411
f 1414 1412 1413
f 1415 1414 1413
f 1416 1414 1415
f 1417 1416 1415
f 1418 1416 1417
f 1419 1418 1417
f 1420 1418 1419
f 1421 1420 1419
f 1422 1420 1421
f 1423 1420 1422
f 1424 1423 1422
f 1425 1423 1424
f 1426 1423 1425
f 1427 1426 1425
f 1428 1426 1427
f 1429 1428 1427
f 1430 1428 1429
f 1431 1430 1429
f 1432 1430 1431
f 1433 1432 1431
f 1434 1432 1433
f 1435 1434 1433
f 1436 1434 1435
f 1437 1436 1435
f 1023 1436 1437
f 1438 1436 1023
f 1024 1438 1023
f 1420 1439 1418
f 1423 1439 1420
f 1423 1440 1439
f 1441 1440 1423
f 1426 1441 1423
f 1442 1441 1426
f 1428 1442 1426
f 1443 1442 1428
f 1430 1443 1428
f 1444 1443 1430
f 1432 1444 1430
f 1445 1444 1432
f 1434 1445 1432
f 1446 1445 1434
f 1436 1446 1434
f 1438 1446 1436
f 1417 1421 1419
f 1447 1421 1417
f 1415 1447 1417
f 1448 1447 1415
f 1413 1448 1415
f 1449 1448 1413
f 1411 1449 1413
f 1450 1449 1411
f 1409 1450 1411
f 1407 1450 1409
f 1406 1407 1409
f 1451 933 1452
f 934 933 1451
f 1453 934 1451
f 1454 1453 1451
f 1455 1453 1454
f 1456 1455 1454
f 1457 1455 1456
f 1458 1457 1456
f 1459 1457 1458
f 1460 1459 1458
f 1461 1459 1460
f 1462 1461 1460
f 1463 1461 1462
f 1464 1463 1462
f 1465 1463 1464
f 1466 1465 1464
f 1467 1465 1466
f 1468 1465 1467
f 1469 1468 1467
f 1470 1468 1469
f 1471 1468 1470
f 1472 1471 1470
f 1473 1471 1472
f 1474 1473 1472
f 1475 1473 1474
f 1476 1475 1474
f 1477 1475 1476
f 1478 1477 1476
f 1479 1477 1478
f 1480 1479 1478
f 1481 1479 1480
f 1482 1481 1480
f 974 1481 1482
f 1483 1481 974
f 975 1483 974
f 1465 1484 1463
f 1468 1484 1465
f 1468 1485 1484
f 1486 1485 1468
f 1471 1486 1468
f 1487 1486 1471
f 1473 1487 1471
f 1488 1487 1473
f 1475 1488 1473
f 1489 1488 1475
f 1477 1489 1475
f 1490 1489 1477
f 1479 1490 1477
f 1491 1490 1479
f 1481 1491 1479
f 1483 1491 1481
f 1462 1466 1464
f 1492 1466 1462
f 1460 1492 1462
f 1493 1492 1460
f 1458 1493 1460
f 1494 1493 1458
f 1456 1494 1458
f 1495 1494 1456
f 1454 1495 1456
f 1452 1495 1454
f 1451 1452 1454
f 1496 884 1497
f 885 884 1496
f 1498 885 1496
f 1499 1498 1496
f 1500 1498 1499
f 1501 1500 1499
f 1502 1500 1501
f 1503 1502 1501
f 1504 1502 1503
f 1505 1504 1503
f 1506 1504 1505
f 1507 1506 1505
f 1508 1506 1507
f 1509 1508 1507
f 1510 1508 1509
f 1511 1510 1509
f 1512 1510 1511
f 1513 1510 1512
f 1514 1513 1512
f 1515 1513 1514
f 1516 1513 1515
f 1517 1516 1515
f 1518 1516 1517
f 1519 1518 1517
f 1520 1518 1519
f 1521 1520 1519
f 1522 1520 1521
f 1523 1522 1521
f 1524 1522 1523
f 1525 1524 1523
f 1526 1524 1525
f 1527 1526 1525
f 925 1526 1527
f 1528 1526 925
f 926 1528 925
f 1510 1529 1508
f 1513 1529 1510
f 1513 1530 1529
f 1531 1530 1513
f 1516 1531 1513
f 1532 1531 1516
f 1518 1532 1516
f 1533 1532 1518
f 1520 1533 1518
f 1534 1533 1520
f 1522 1534 1520
f 1535 1534 1522
f 1524 1535 1522
f 1536 1535 1524
f 1526 1536 1524
f 1528 1536 1526
f 1507 1511 1509
f 1537 1511 1507
f 1505 1537 1507
f 1538 1537 1505
f 1503 1538 1505
f 1539 1538 1503
f 1501 1539 1503
f 1540 1539 1501
f 1499 1540 1501
f 1497 1540 1499
f 1496 1497 1499
f 1541 835 1542
f 836 835 1541
f 1543 836 1541
f 1544 1543 1541
f 1545 1543 1544
f 1546 1545 1544
f 1547 1545 1546
f 1548 1547 1546
f 1549 1547 1548
f 1550 1549 1548
f 1551 1549 1550
f 1552 1551 1550
f 1553 1551 1552
f 1554 1553 1552
f 1555 1553 1554
f 1556 1555 1554
f 1557 1555 1556
f 1558 1555 1557
f 1559 1558 1557
f 1560 1558 1559
f 1561 1558 1560
f 1562 1561 1560
f 1563 1561 1562
f 1564 1563 1562
f 1565 1563 1564
f 1566 1565 1564
f 1567 1565 1566
f 1568 1567 1566
f 1569 1567 1568
f 1570 1569 1568
f 1571 1569 1570
f 1572 1571 1570
f 876 1571 1572
f 1573 1571 876
f 877 1573 876
f 1555 1574 1553
f 1558 1574 1555
f 1558 1575 1574
f 1576 1575 1558
f 1561 1576 1558
f 1577 1576 1561
f 1563 1577 1561
f 1578 1577 1563
f 1565 1578 1563
f 1579 1578 1565
f 1567 1579 1565
f 1580 1579 1567
f 1569 1580 1567
f 1581 1580 1569
f 1571 1581 1569
f 1573 1581 1571
f 1552 1556 1554
f 1582 1556 1552
f 1550 1582 1552
f 1583 1582 1550
f 1548 1583 1550
f 1584 1583 1548
f 1546 1584 1548
f 1585 1584 1546
f 1544 1585 1546
f 1542 1585 1544
f 1541 1542 1544
f 1586 786 1587
f 787 786 1586
f 1588 787 1586
f 1589 1588 1586
f 1590 1588 1589
f 1591 1590 1589
f 1592 1590 1591
f 1593 1592 1591
f 1594 1592 1593
f 1595 1594 1593
f 1596 1594 1595
f 1597 1596 1595
f 1598 1596 1597
f 1599 1598 1597
f 1600 1598 1599
f 1601 1600 1599
f 1602 1600 1601
f 1603 1600 1602
f 1604 1603 1602
f 1605 1603 1604
f 1606 1603 1605
f 1607 1606 1605
f 1608 1606 1607
f 1609 1608 1607
f 1610 1608 1609
f 1611 1610 1609
f 1612 1610 1611
f 1613 1612 1611
f 1614 1612 1613
f 1615 1614 1613
f 1616 1614 1615
f 1617 1616 1615
f 827 1616 1617
f 1618 1616 827
f 828 1618 827
f 1600 1619 1598
f 1603 1619 1600
f 1603 1620 1619
f 1621 1620 1603
f 1606 1621 1603
f 1622 1621 1606
f 1608 1622 1606
f 1623 1622 1608
f 1610 1623 1608
f 1624 1623 1610
f 1612 1624 1610
f 1625 1624 1612
f 1614 1625 1612
f 1626 1625 1614
f 1616 1626 1614
f 1618 1626 1616
f 1597 1601 1599
f 1627 1601 1597
f 1595 1627 1597
f 1628 1627 1595
f 1593 1628 1595
f 1629 1628 1593
f 1591 1629 1593
f 1630 1629 1591
f 1589 1630 1591
f 1587 1630 1589
f 1586 1587 1589
f 1631 737 1632
f 738 737 1631
f 1633 738 1631
f 1634 1633 1631
f 1635 1633 1634
f 1636 1635 1634
f 1637 1635 1636
f 1638 1637 1636
f 1639 1637 1638
f 1640 1639 1638
f 1641 1639 1640
f 1642 1641 1640
f 1643 1641 1642
f 1644 1643 1642
f 1645 1643 1644
f 1646 1645 1644
f 1647 1645 1646
f 1648 1645 1647
f 1649 1648 1647
f 1650 1648 1649
f 1651 1648 1650
f 1652 1651 1650
f 1653 1651 1652
f 1654 1653 1652
f 1655 1653 1654
f 1656 1655 1654
f 1657 1655 1656
f 1658 1657 1656
f 1659 1657 1658
f 1660 1659 1658
f 1661 1659 1660
f 1662 1661 1660
f 778 1661 1662
f 1663 1661 778
f 779 1663 778
f 1645 1664 1643
f 1648 1664 1645
f 1648 1665 1664
f 1666 1665 1648
f 1651 1666 1648
f 1667 1666 1651
f 1653 1667 1651
f 1668 1667 1653
f 1655 1668 1653
f 1669 1668 1655
f 1657 1669 1655
f 1670 1669 1657
f 1659 1670 1657
f 1671 1670 1659
f 1661 1671 1659
f 1663 1671 1661
f 1642 1646 1644
f 1672 1646 1642
f 1640 1672 1642
f 1673 1672 1640
f 1638 1673 1640
f 1674 1673 1638
f 1636 1674 1638
f 1675 1674 1636
f 1634 1675 1636
f 1632 1675 1634
f 1631 1632 1634
f 1676 688 1677
f 689 688 1676
f 1678 689 1676
f 1679 1678 1676
f 1680 1678 1679
f 1681 1680 1679
f 1682 1680 1681
f 1683 1682 1681
f 1684 1682 1683
f 1685 1684 1683
f 1686 1684 1685
f 1687 1686 1685
f 1688 1686 1687
f 1689 1688 1687
f 1690 1688 1689
f 1691 1690 1689
f 1692 1690 1691
f 1693 1690 1692
f 1694 1693 1692
f 1695 1693 1694
f 1696 1693 1695
f 1697 1696 1695
f 1698 1696 1697
f 1699 1698 1697
f 1700 1698 1699
f 1701 1700 1699
f 1702 1700 1701
f 1703 1702 1701
f 1704 1702 1703
f 1705 1704 1703
f 1706 1704 1705
f 1707 1706 1705
f 729 1706 1707
f 1708 1706 729
f 730 1708 729
f 1690 1709 1688
f 1693 1709 1690
f 1693 1710 1709
f 1711 1710 1693
f 1696 1711 1693
f 1712 1711 1696
f 1698 1712 1696
f 1713 1712 1698
f 1700 1713 1698
f 1714 1713 1700
f 1702 1714 1700
f 1715 1714 1702
f 1704 1715 1702
f 1716 1715 1704
f 1706 1716 1704
f 1708 1716 1706
f 1687 1691 1689
f 1717 1691 1687
f 1685 1717 1687
f 1718 1717 1685
f 1683 1718 1685
f 1719 1718 1683
f 1681 1719 1683
f 1720 1719 1681
f 1679 1720 1681
f 1677 1720 1679
f 1676 1677 1679
f 1721 639 1722
f 640 639 1721
f 1723 640 1721
f 1724 1723 1721
f 1725 1723 1724
f 1726 1725 1724
f 1727 1725 1726
f 1728 1727 1726
f 1729 1727 1728
f 1730 1729 1728
f 1731 1729 1730
f 1732 1731 1730
f 1733 1731 1732
f 1734 1733 1732
f 1735 1733 1734
f 1736 1735 1734
f 1737 1735 1736
f 1738 1735 1737
f 1739 1738 1737
f 1740 1738 1739
f 1741 1738 1740
f 1742 1741 1740
f 1743 1741 1742
f 1744 1743 1742
f 1745 1743 1744
f 1746 1745 1744
f 1747 1745 1746
f 1748 1747 1746
f 1749 1747 1748
f 1750 1749 1748
f 1751 1749 1750
f 1752 1751 1750
f 680 1751 1752
f 1753 1751 680
f 681 1753 680
f 1735 1754 1733
f 1738 1754 1735
f 1738 1755 1754
f 1756 1755 1738
f 1741 1756 1738
f 1757 1756 1741
f 1743 1757 1741
f 1758 1757 1743
f 1745 1758 1743
f 1759 1758 1745
f 1747 1759 1745
f 1760 1759 1747
f 1749 1760 1747
f 1761 1760 1749
f 1751 1761 1749
f 1753 1761 1751
f 1732 1736 1734
f 1762 1736 1732
f 1730 1762 1732
f 1763 1762 1730
f 1728 1763 1730
f 1764 1763 1728
f 1726 1764 1728
f 1765 1764 1726
f 1724 1765 1726
f 1722 1765 1724
f 1721 1722 1724
f 1766 779 780
f 1663 779 1766
f 1671 1663 1766
f 1767 1671 1766
f 1670 1671 1767
f 1669 1670 1767
f 1767 1668 1669
f 1667 1668 1767
f 1666 1667 1767
f 1767 1665 1666
f 1664 1665 1767
f 1768 1664 1767
f 1643 1664 1768
f 1769 1643 1768
f 1641 1643 1769
f 1639 1641 1769
f 1769 1637 1639
f 1635 1637 1769
f 1633 1635 1769
f 1769 738 1633
f 736 738 1769
f 740 736 1769
f 1769 742 740
f 744 742 1769
f 746 744 1769
f 686 746 1769
f 748 746 686
f 657 748 686
f 750 748 657
f 655 750 657
f 1770 750 655
f 654 1770 655
f 652 1770 654
f 650 1770 652
f 648 1770 650
f 646 1770 648
f 644 1770 646
f 642 1770 644
f 638 1770 642
f 640 1770 638
f 1723 1770 640
f 1725 1770 1723
f 1771 1770 1725
f 1727 1771 1725
f 1729 1771 1727
f 1731 1771 1729
f 1733 1771 1731
f 1754 1771 1733
f 1755 1771 1754
f 1756 1771 1755
f 1768 1771 1756
f 1757 1768 1756
f 1769 1768 1757
f 1758 1769 1757
f 1759 1769 1758
f 1760 1769 1759
f 1761 1769 1760
f 1753 1769 1761
f 681 1769 1753
f 682 1769 681
f 683 1769 682
f 684 1769 683
f 685 1769 684
f 686 1769 685
f 1766 750 1770
f 752 750 1766
f 753 752 1766
f 1766 755 753
f 784 755 1766
f 783 784 1766
f 1766 782 783
f 781 782 1766
f 780 781 1766
f 1768 1767 1771
f 1772 1773 1766
f 1774 1773 1772
f 1770 1774 1772
f 1772 1766 1770
f 1775 827 1617
f 825 827 1775
f 823 825 1775
f 1775 821 823
f 819 821 1775
f 808 819 1775
f 1775 807 808
f 817 807 1775
f 816 817 1775
f 1775 815 816
f 719 815 1775
f 1776 719 1775
f 718 719 1776
f 717 718 1776
f 709 815 719
f 814 815 709
f 710 814 709
f 813 814 710
f 1777 813 710
f 812 813 1777
f 811 812 1777
f 1777 810 811
f 809 810 1777
f 786 809 1777
f 1777 1587 786
f 1630 1587 1777
f 1629 1630 1777
f 1777 1628 1629
f 1627 1628 1777
f 1601 1627 1777
f 1778 1601 1777
f 1602 1601 1778
f 1779 1602 1778
f 1604 1602 1779
f 1605 1604 1779
f 1779 1607 1605
f 1609 1607 1779
f 1611 1609 1779
f 1779 1613 1611
f 1615 1613 1779
f 1775 1615 1779
f 1617 1615 1775
f 1777 729 1707
f 727 729 1777
f 725 727 1777
f 1777 723 725
f 721 723 1777
f 710 721 1777
f 1776 716 717
f 715 716 1776
f 714 715 1776
f 1776 713 714
f 712 713 1776
f 711 712 1776
f 1776 688 711
f 1677 688 1776
f 1720 1677 1776
f 1780 1720 1776
f 1719 1720 1780
f 1718 1719 1780
f 1780 1717 1718
f 1691 1717 1780
f 1692 1691 1780
f 1780 1694 1692
f 1695 1694 1780
f 1778 1695 1780
f 1697 1695 1778
f 1777 1697 1778
f 1699 1697 1777
f 1701 1699 1777
f 1777 1703 1701
f 1705 1703 1777
f 1707 1705 1777
f 1778 1780 1779
f 1781 1776 1775
f 1782 1776 1781
f 1783 1782 1781
f 1781 1775 1783
f 1784 590 1785
f 591 590 1784
f 1786 591 1784
f 1787 1786 1784
f 1788 1786 1787
f 1789 1788 1787
f 1790 1788 1789
f 1791 1790 1789
f 1792 1790 1791
f 1793 1792 1791
f 1794 1792 1793
f 1795 1794 1793
f 1796 1794 1795
f 1797 1796 1795
f 1798 1796 1797
f 1799 1798 1797
f 1800 1798 1799
f 1801 1798 1800
f 1802 1801 1800
f 1803 1801 1802
f 1804 1801 1803
f 1805 1804 1803
f 1806 1804 1805
f 1807 1806 1805
f 1808 1806 1807
f 1809 1808 1807
f 1810 1808 1809
f 1811 1810 1809
f 1812 1810 1811
f 1813 1812 1811
f 1814 1812 1813
f 1815 1814 1813
f 631 1814 1815
f 1816 1814 631
f 632 1816 631
f 1798 1817 1796
f 1801 1817 1798
f 1801 1818 1817
f 1819 1818 1801
f 1804 1819 1801
f 1820 1819 1804
f 1806 1820 1804
f 1821 1820 1806
f 1808 1821 1806
f 1822 1821 1808
f 1810 1822 1808
f 1823 1822 1810
f 1812 1823 1810
f 1824 1823 1812
f 1814 1824 1812
f 1816 1824 1814
f 1795 1799 1797
f 1825 1799 1795
f 1793 1825 1795
f 1826 1825 1793
f 1791 1826 1793
f 1827 1826 1791
f 1789 1827 1791
f 1828 1827 1789
f 1787 1828 1789
f 1785 1828 1787
f 1784 1785 1787
f 1829 541 1830
f 542 541 1829
f 1831 542 1829
f 1832 1831 1829
f 1833 1831 1832
f 1834 1833 1832
f 1835 1833 1834
f 1836 1835 1834
f 1837 1835 1836
f 1838 1837 1836
f 1839 1837 1838
f 1840 1839 1838
f 1841 1839 1840
f 1842 1841 1840
f 1843 1841 1842
f 1844 1843 1842
f 1845 1843 1844
f 1846 1843 1845
f 1847 1846 1845
f 1848 1846 1847
f 1849 1846 1848
f 1850 1849 1848
f 1851 1849 1850
f 1852 1851 1850
f 1853 1851 1852
f 1854 1853 1852
f 1855 1853 1854
f 1856 1855 1854
f 1857 1855 1856
f 1858 1857 1856
f 1859 1857 1858
f 1860 1859 1858
f 582 1859 1860
f 1861 1859 582
f 583 1861 582
f 1843 1862 1841
f 1846 1862 1843
f 1846 1863 1862
f 1864 1863 1846
f 1849 1864 1846
f 1865 1864 1849
f 1851 1865 1849
f 1866 1865 1851
f 1853 1866 1851
f 1867 1866 1853
f 1855 1867 1853
f 1868 1867 1855
f 1857 1868 1855
f 1869 1868 1857
f 1859 1869 1857
f 1861 1869 1859
f 1840 1844 1842
f 1870 1844 1840
f 1838 1870 1840
f 1871 1870 1838
f 1836 1871 1838
f 1872 1871 1836
f 1834 1872 1836
f 1873 1872 1834
f 1832 1873 1834
f 1830 1873 1832
f 1829 1830 1832
f 1874 492 1875
f 493 492 1874
f 1876 493 1874
f 1877 1876 1874
f 1878 1876 1877
f 1879 1878 1877
f 1880 1878 1879
f 1881 1880 1879
f 1882 1880 1881
f 1883 1882 1881
f 1884 1882 1883
f 1885 1884 1883
f 1886 1884 1885
f 1887 1886 1885
f 1888 1886 1887
f 1889 1888 1887
f 1890 1888 1889
f 1891 1888 1890
f 1892 1891 1890
f 1893 1891 1892
f 1894 1891 1893
f 1895 1894 1893
f 1896 1894 1895
f 1897 1896 1895
f 1898 1896 1897
f 1899 1898 1897
f 1900 1898 1899
f 1901 1900 1899
f 1902 1900 1901
f 1903 1902 1901
f 1904 1902 1903
f 1905 1904 1903
f 533 1904 1905
f 1906 1904 533
f 534 1906 533
f 1888 1907 1886
f 1891 1907 1888
f 1891 1908 1907
f 1909 1908 1891
f 1894 1909 1891
f 1910 1909 1894
f 1896 1910 1894
f 1911 1910 1896
f 1898 1911 1896
f 1912 1911 1898
f 1900 1912 1898
f 1913 1912 1900
f 1902 1913 1900
f 1914 1913 1902
f 1904 1914 1902
f 1906 1914 1904
f 1885 1889 1887
f 1915 1889 1885
f 1883 1915 1885
f 1916 1915 1883
f 1881 1916 1883
f 1917 1916 1881
f 1879 1917 1881
f 1918 1917 1879
f 1877 1918 1879
f 1875 1918 1877
f 1874 1875 1877
f 1919 443 1920
f 444 443 1919
f 1921 444 1919
f 1922 1921 1919
f 1923 1921 1922
f 1924 1923 1922
f 1925 1923 1924
f 1926 1925 1924
f 1927 1925 1926
f 1928 1927 1926
f 1929 1927 1928
f 1930 1929 1928
f 1931 1929 1930
f 1932 1931 1930
f 1933 1931 1932
f 1934 1933 1932
f 1935 1933 1934
f 1936 1933 1935
f 1937 1936 1935
f 1938 1936 1937
f 1939 1936 1938
f 1940 1939 1938
f 1941 1939 1940
f 1942 1941 1940
f 1943 1941 1942
f 1944 1943 1942
f 1945 1943 1944
f 1946 1945 1944
f 1947 1945 1946
f 1948 1947 1946
f 1949 1947 1948
f 1950 1949 1948
f 484 1949 1950
f 1951 1949 484
f 485 1951 484
f 1933 1952 1931
f 1936 1952 1933
f 1936 1953 1952
f 1954 1953 1936
f 1939 1954 1936
f 1955 1954 1939
f 1941 1955 1939
f 1956 1955 1941
f 1943 1956 1941
f 1957 1956 1943
f 1945 1957 1943
f 1958 1957 1945
f 1947 1958 1945
f 1959 1958 1947
f 1949 1959 1947
f 1951 1959 1949
f 1930 1934 1932
f 1960 1934 1930
f 1928 1960 1930
f 1961 1960 1928
f 1926 1961 1928
f 1962 1961 1926
f 1924 1962 1926
f 1963 1962 1924
f 1922 1963 1924
f 1920 1963 1922
f 1919 1920 1922
f 1964 394 1965
f 395 394 1964
f 1966 395 1964
f 1967 1966 1964
f 1968 1966 1967
f 1969 1968 1967
f 1970 1968 1969
f 1971 1970 1969
f 1972 1970 1971
f 1973 1972 1971
f 1974 1972 1973
f 1975 1974 1973
f 1976 1974 1975
f 1977 1976 1975
f 1978 1976 1977
f 1979 1978 1977
f 1980 1978 1979
f 1981 1978 1980
f 1982 1981 1980
f 1983 1981 1982
f 1984 1981 1983
f 1985 1984 1983
f 1986 1984 1985
f 1987 1986 1985
f 1988 1986 1987
f 1989 1988 1987
f 1990 1988 1989
f 1991 1990 1989
f 1992 1990 1991
f 1993 1992 1991
f 1994 1992 1993
f 1995 1994 1993
f 435 1994 1995
f 1996 1994 435
f 436 1996 435
f 1978 1997 1976
f 1981 1997 1978
f 1981 1998 1997
f 1999 1998 1981
f 1984 1999 1981
f 2000 1999 1984
f 1986 2000 1984
f 2001 2000 1986
f 1988 2001 1986
f 2002 2001 1988
f 1990 2002 1988
f 2003 2002 1990
f 1992 2003 1990
f 2004 2003 1992
f 1994 2004 1992
f 1996 2004 1994
f 1975 1979 1977
f 2005 1979 1975
f 1973 2005 1975
f 2006 2005 1973
f 1971 2006 1973
f 2007 2006 1971
f 1969 2007 1971
f 2008 2007 1969
f 1967 2008 1969
f 1965 2008 1967
f 1964 1965 1967
f 2009 345 2010
f 346 345 2009
f 2011 346 2009
f 2012 2011 2009
f 2013 2011 2012
f 2014 2013 2012
f 2015 2013 2014
f 2016 2015 2014
f 2017 2015 2016
f 2018 2017 2016
f 2019 2017 2018
f 2020 2019 2018
f 2021 2019 2020
f 2022 2021 2020
f 2023 2021 2022
f 2024 2023 2022
f 2025 2023 2024
f 2026 2023 2025
f 2027 2026 2025
f 2028 2026 2027
f 2029 2026 2028
f 2030 2029 2028
f 2031 2029 2030
f 2032 2031 2030
f 2033 2031 2032
f 2034 2033 2032
f 2035 2033 2034
f 2036 2035 2034
f 2037 2035 2036
f 2038 2037 2036
f 2039 2037 2038
f 2040 2039 2038
f 386 2039 2040
f 2041 2039 386
f 387 2041 386
f 2023 2042 2021
f 2026 2042 2023
f 2026 2043 2042
f 2044 2043 2026
f 2029 2044 2026
f 2045 2044 2029
f 2031 2045 2029
f 2046 2045 2031
f 2033 2046 2031
f 2047 2046 2033
f 2035 2047 2033
f 2048 2047 2035
f 2037 2048 2035
f 2049 2048 2037
f 2039 2049 2037
f 2041 2049 2039
f 2020 2024 2022
f 2050 2024 2020
f 2018 2050 2020
f 2051 2050 2018
f 2016 2051 2018
f 2052 2051 2016
f 2014 2052 2016
f 2053 2052 2014
f 2012 2053 2014
f 2010 2053 2012
f 2009 2010 2012
f 2054 296 2055
f 297 296 2054
f 2056 297 2054
f 2057 2056 2054
f 2058 2056 2057
f 2059 2058 2057
f 2060 2058 2059
f 2061 2060 2059
f 2062 2060 2061
f 2063 2062 2061
f 2064 2062 2063
f 2065 2064 2063
f 2066 2064 2065
f 2067 2066 2065
f 2068 2066 2067
f 2069 2068 2067
f 2070 2068 2069
f 2071 2068 2070
f 2072 2071 2070
f 2073 2071 2072
f 2074 2071 2073
f 2075 2074 2073
f 2076 2074 2075
f 2077 2076 2075
f 2078 2076 2077
f 2079 2078 2077
f 2080 2078 2079
f 2081 2080 2079
f 2082 2080 2081
f 2083 2082 2081
f 2084 2082 2083
f 2085 2084 2083
f 337 2084 2085
f 2086 2084 337
f 338 2086 337
f 2068 2087 2066
f 2071 2087 2068
f 2071 2088 2087
f 2089 2088 2071
f 2074 2089 2071
f 2090 2089 2074
f 2076 2090 2074
f 2091 2090 2076
f 2078 2091 2076
f 2092 2091 2078
f 2080 2092 2078
f 2093 2092 2080
f 2082 2093 2080
f 2094 2093 2082
f 2084 2094 2082
f 2086 2094 2084
f 2065 2069 2067
f 2095 2069 2065
f 2063 2095 2065
f 2096 2095 2063
f 2061 2096 2063
f 2097 2096 2061
f 2059 2097 2061
f 2098 2097 2059
f 2057 2098 2059
f 2055 2098 2057
f 2054 2055 2057
f 2099 247 2100
f 248 247 2099
f 2101 248 2099
f 2102 2101 2099
f 2103 2101 2102
f 2104 2103 2102
f 2105 2103 2104
f 2106 2105 2104
f 2107 2105 2106
f 2108 2107 2106
f 2109 2107 2108
f 2110 2109 2108
f 2111 2109 2110
f 2112 2111 2110
f 2113 2111 2112
f 2114 2113 2112
f 2115 2113 2114
f 2116 2113 2115
f 2117 2116 2115
f 2118 2116 2117
f 2119 2116 2118
f 2120 2119 2118
f 2121 2119 2120
f 2122 2121 2120
f 2123 2121 2122
f 2124 2123 2122
f 2125 2123 2124
f 2126 2125 2124
f 2127 2125 2126
f 2128 2127 2126
f 2129 2127 2128
f 2130 2129 2128
f 288 2129 2130
f 2131 2129 288
f 289 2131 288
f 2113 2132 2111
f 2116 2132 2113
f 2116 2133 2132
f 2134 2133 2116
f 2119 2134 2116
f 2135 2134 2119
f 2121 2135 2119
f 2136 2135 2121
f 2123 2136 2121
f 2137 2136 2123
f 2125 2137 2123
f 2138 2137 2125
f 2127 2138 2125
f 2139 2138 2127
f 2129 2139 2127
f 2131 2139 2129
f 2110 2114 2112
f 2140 2114 2110
f 2108 2140 2110
f 2141 2140 2108
f 2106 2141 2108
f 2142 2141 2106
f 2104 2142 2106
f 2143 2142 2104
f 2102 2143 2104
f 2100 2143 2102
f 2099 2100 2102
f 2144 198 2145
f 199 198 2144
f 2146 199 2144
f 2147 2146 2144
f 2148 2146 2147
f 2149 2148 2147
f 2150 2148 2149
f 2151 2150 2149
f 2152 2150 2151
f 2153 2152 2151
f 2154 2152 2153
f 2155 2154 2153
f 2156 2154 2155
f 2157 2156 2155
f 2158 2156 2157
f 2159 2158 2157
f 2160 2158 2159
f 2161 2158 2160
f 2162 2161 2160
f 2163 2161 2162
f 2164 2161 2163
f 2165 2164 2163
f 2166 2164 2165
f 2167 2166 2165
f 2168 2166 2167
f 2169 2168 2167
f 2170 2168 2169
f 2171 2170 2169
f 2172 2170 2171
f 2173 2172 2171
f 2174 2172 2173
f 2175 2174 2173
f 239 2174 2175
f 2176 2174 239
f 240 2176 239
f 2158 2177 2156
f 2161 2177 2158
f 2161 2178 2177
f 2179 2178 2161
f 2164 2179 2161
f 2180 2179 2164
f 2166 2180 2164
f 2181 2180 2166
f 2168 2181 2166
f 2182 2181 2168
f 2170 2182 2168
f 2183 2182 2170
f 2172 2183 2170
f 2184 2183 2172
f 2174 2184 2172
f 2176 2184 2174
f 2155 2159 2157
f 2185 2159 2155
f 2153 2185 2155
f 2186 2185 2153
f 2151 2186 2153
f 2187 2186 2151
f 2149 2187 2151
f 2188 2187 2149
f 2147 2188 2149
f 2145 2188 2147
f 2144 2145 2147
f 2189 149 2190
f 150 149 2189
f 2191 150 2189
f 2192 2191 2189
f 2193 2191 2192
f 2194 2193 2192
f 2195 2193 2194
f 2196 2195 2194
f 2197 2195 2196
f 2198 2197 2196
f 2199 2197 2198
f 2200 2199 2198
f 2201 2199 2200
f 2202 2201 2200
f 2203 2201 2202
f 2204 2203 2202
f 2205 2203 2204
f 2206 2203 2205
f 2207 2206 2205
f 2208 2206 2207
f 2209 2206 2208
f 2210 2209 2208
f 2211 2209 2210
f 2212 2211 2210
f 2213 2211 2212
f 2214 2213 2212
f 2215 2213 2214
f 2216 2215 2214
f 2217 2215 2216
f 2218 2217 2216
f 2219 2217 2218
f 2220 2219 2218
f 190 2219 2220
f 2221 2219 190
f 191 2221 190
f 2203 2222 2201
f 2206 2222 2203
f 2206 2223 2222
f 2224 2223 2206
f 2209 2224 2206
f 2225 2224 2209
f 2211 2225 2209
f 2226 2225 2211
f 2213 2226 2211
f 2227 2226 2213
f 2215 2227 2213
f 2228 2227 2215
f 2217 2228 2215
f 2229 2228 2217
f 2219 2229 2217
f 2221 2229 2219
f 2200 2204 2202
f 2230 2204 2200
f 2198 2230 2200
f 2231 2230 2198
f 2196 2231 2198
f 2232 2231 2196
f 2194 2232 2196
f 2233 2232 2194
f 2192 2233 2194
f 2190 2233 2192
f 2189 2190 2192
f 2234 100 2235
f 101 100 2234
f 2236 101 2234
f 2237 2236 2234
f 2238 2236 2237
f 2239 2238 2237
f 2240 2238 2239
f 2241 2240 2239
f 2242 2240 2241
f 2243 2242 2241
f 2244 2242 2243
f 2245 2244 2243
f 2246 2244 2245
f 2247 2246 2245
f 2248 2246 2247
f 2249 2248 2247
f 2250 2248 2249
f 2251 2248 2250
f 2252 2251 2250
f 2253 2251 2252
f 2254 2251 2253
f 2255 2254 2253
f 2256 2254 2255
f 2257 2256 2255
f 2258 2256 2257
f 2259 2258 2257
f 2260 2258 2259
f 2261 2260 2259
f 2262 2260 2261
f 2263 2262 2261
f 2264 2262 2263
f 2265 2264 2263
f 141 2264 2265
f 2266 2264 141
f 142 2266 141
f 2248 2267 2246
f 2251 2267 2248
f 2251 2268 2267
f 2269 2268 2251
f 2254 2269 2251
f 2270 2269 2254
f 2256 2270 2254
f 2271 2270 2256
f 2258 2271 2256
f 2272 2271 2258
f 2260 2272 2258
f 2273 2272 2260
f 2262 2273 2260
f 2274 2273 2262
f 2264 2274 2262
f 2266 2274 2264
f 2245 2249 2247
f 2275 2249 2245
f 2243 2275 2245
f 2276 2275 2243
f 2241 2276 2243
f 2277 2276 2241
f 2239 2277 2241
f 2278 2277 2239
f 2237 2278 2239
f 2235 2278 2237
f 2234 2235 2237
f 2279 51 2280
f 52 51 2279
f 2281 52 2279
f 2282 2281 2279
f 2283 2281 2282
f 2284 2283 2282
f 2285 2283 2284
f 2286 2285 2284
f 2287 2285 2286
f 2288 2287 2286
f 2289 2287 2288
f 2290 2289 2288
f 2291 2289 2290
f 2292 2291 2290
f 2293 2291 2292
f 2294 2293 2292
f 2295 2293 2294
f 2296 2293 2295
f 2297 2296 2295
f 2298 2296 2297
f 2299 2296 2298
f 2300 2299 2298
f 2301 2299 2300
f 2302 2301 2300
f 2303 2301 2302
f 2304 2303 2302
f 2305 2303 2304
f 2306 2305 2304
f 2307 2305 2306
f 2308 2307 2306
f 2309 2307 2308
f 2310 2309 2308
f 92 2309 2310
f 2311 2309 92
f 93 2311 92
f 2293 2312 2291
f 2296 2312 2293
f 2296 2313 2312
f 2314 2313 2296
f 2299 2314 2296
f 2315 2314 2299
f 2301 2315 2299
f 2316 2315 2301
f 2303 2316 2301
f 2317 2316 2303
f 2305 2317 2303
f 2318 2317 2305
f 2307 2318 2305
f 2319 2318 2307
f 2309 2319 2307
f 2311 2319 2309
f 2290 2294 2292
f 2320 2294 2290
f 2288 2320 2290
f 2321 2320 2288
f 2286 2321 2288
f 2322 2321 2286
f 2284 2322 2286
f 2323 2322 2284
f 2282 2323 2284
f 2280 2323 2282
f 2279 2280 2282
f 2324 2 2325
f 3 2 2324
f 2326 3 2324
f 2327 2326 2324
f 2328 2326 2327
f 2329 2328 2327
f 2330 2328 2329
f 2331 2330 2329
f 2332 2330 2331
f 2333 2332 2331
f 2334 2332 2333
f 2335 2334 2333
f 2336 2334 2335
f 2337 2336 2335
f 2338 2336 2337
f 2339 2338 2337
f 2340 2338 2339
f 2341 2338 2340
f 2342 2341 2340
f 2343 2341 2342
f 2344 2341 2343
f 2345 2344 2343
f 2346 2344 2345
f 2347 2346 2345
f 2348 2346 2347
f 2349 2348 2347
f 2350 2348 2349
f 2351 2350 2349
f 2352 2350 2351
f 2353 2352 2351
f 2354 2352 2353
f 2355 2354 2353
f 43 2354 2355
f 2356 2354 43
f 44 2356 43
f 2338 2357 2336
f 2341 2357 2338
f 2341 2358 2357
f 2359 2358 2341
f 2344 2359 2341
f 2360 2359 2344
f 2346 2360 2344
f 2361 2360 2346
f 2348 2361 2346
f 2362 2361 2348
f 2350 2362 2348
f 2363 2362 2350
f 2352 2363 2350
f 2364 2363 2352
f 2354 2364 2352
f 2356 2364 2354
f 2335 2339 2337
f 2365 2339 2335
f 2333 2365 2335
f 2366 2365 2333
f 2331 2366 2333
f 2367 2366 2331
f 2329 2367 2331
f 2368 2367 2329
f 2327 2368 2329
f 2325 2368 2327
f 2324 2325 2327
f 1773 778 1662
f 776 778 1773
f 774 776 1773
f 1773 772 774
f 770 772 1773
f 759 770 1773
f 1773 758 759
f 768 758 1773
f 767 768 1773
f 1773 766 767
f 2369 766 1773
f 1774 2369 1773
f 670 2369 1774
f 669 670 1774
f 2369 765 766
f 764 765 2369
f 763 764 2369
f 2369 762 763
f 761 762 2369
f 760 761 2369
f 2369 737 760
f 1632 737 2369
f 2370 1632 2369
f 1675 1632 2370
f 1674 1675 2370
f 2370 1673 1674
f 1672 1673 2370
f 1646 1672 2370
f 2370 1647 1646
f 2371 1647 2370
f 2372 2371 2370
f 2371 1649 1647
f 1650 1649 2371
f 1652 1650 2371
f 2371 1654 1652
f 1656 1654 2371
f 1658 1656 2371
f 2371 1660 1658
f 1773 1660 2371
f 1662 1660 1773
f 2369 680 1752
f 678 680 2369
f 676 678 2369
f 2369 674 676
f 672 674 2369
f 661 672 2369
f 2369 660 661
f 670 660 2369
f 1774 668 669
f 667 668 1774
f 666 667 1774
f 1774 665 666
f 664 665 1774
f 663 664 1774
f 1774 662 663
f 639 662 1774
f 1722 639 1774
f 1774 1765 1722
f 2372 1765 1774
f 1764 1765 2372
f 1763 1764 2372
f 2372 1762 1763
f 1736 1762 2372
f 1737 1736 2372
f 2372 1739 1737
f 1740 1739 2372
f 2370 1740 2372
f 1742 1740 2370
f 1744 1742 2370
f 2370 1746 1744
f 1748 1746 2370
f 1750 1748 2370
f 2370 1752 1750
f 2369 1752 2370
f 1771 1774 1770
f 2372 1774 1771
f 2373 2372 1771
f 1780 2373 1771
f 1782 2373 1780
f 1776 1782 1780
f 1783 828 829
f 1618 828 1783
f 1626 1618 1783
f 2374 1626 1783
f 1625 1626 2374
f 1624 1625 2374
f 2374 1623 1624
f 1622 1623 2374
f 1621 1622 2374
f 2374 1620 1621
f 1619 1620 2374
f 2375 1619 2374
f 1598 1619 2375
f 1596 1598 2375
f 2375 1594 1596
f 1592 1594 2375
f 1590 1592 2375
f 2375 1588 1590
f 2376 1588 2375
f 1708 2376 2375
f 730 2376 1708
f 731 2376 730
f 732 2376 731
f 733 2376 732
f 734 2376 733
f 735 2376 734
f 706 2376 735
f 704 2376 706
f 1782 2376 704
f 703 1782 704
f 701 1782 703
f 699 1782 701
f 697 1782 699
f 695 1782 697
f 693 1782 695
f 691 1782 693
f 687 1782 691
f 689 1782 687
f 1678 1782 689
f 1680 1782 1678
f 2373 1782 1680
f 1682 2373 1680
f 1684 2373 1682
f 1686 2373 1684
f 1688 2373 1686
f 1709 2373 1688
f 1710 2373 1709
f 1711 2373 1710
f 2375 2373 1711
f 1712 2375 1711
f 1713 2375 1712
f 1714 2375 1713
f 1715 2375 1714
f 1716 2375 1715
f 1708 2375 1716
f 2376 787 1588
f 785 787 2376
f 789 785 2376
f 2376 791 789
f 793 791 2376
f 795 793 2376
f 2376 797 795
f 799 797 2376
f 1783 799 2376
f 801 799 1783
f 802 801 1783
f 1783 804 802
f 833 804 1783
f 832 833 1783
f 1783 831 832
f 830 831 1783
f 829 830 1783
f 2375 2374 2373
f 2376 1782 1783
f 1779 1783 1775
f 2374 1783 1779
f 2371 2374 1779
f 1767 2371 1779
f 1773 2371 1767
f 1766 1773 1767
f 1530 1220 1221
f 1258 1220 1530
f 1531 1258 1530
f 150 1258 1531
f 1532 150 1531
f 148 150 1532
f 1533 148 1532
f 152 148 1533
f 1534 152 1533
f 154 152 1534
f 1535 154 1534
f 156 154 1535
f 2377 156 1535
f 158 156 2377
f 160 158 2377
f 2191 1258 150
f 1266 1258 2191
f 1265 1266 2191
f 2191 1264 1265
f 1263 1264 2191
f 1262 1263 2191
f 2191 1261 1262
f 1260 1261 2191
f 311 1260 2191
f 309 1260 311
f 307 1260 309
f 305 1260 307
f 303 1260 305
f 301 1260 303
f 299 1260 301
f 295 1260 299
f 297 1260 295
f 2056 1260 297
f 256 1260 2056
f 2058 256 2056
f 258 256 2058
f 2060 258 2058
f 260 258 2060
f 2062 260 2060
f 262 260 2062
f 263 262 2062
f 1260 246 1259
f 250 246 1260
f 252 250 1260
f 248 1259 246
f 1238 1259 248
f 846 1238 248
f 844 1238 846
f 1236 1238 844
f 842 1236 844
f 1234 1236 842
f 840 1234 842
f 1232 1234 840
f 838 1232 840
f 1230 1232 838
f 1228 1230 838
f 1228 2373 1179
f 2372 2373 1228
f 834 2372 1228
f 836 2372 834
f 1543 2372 836
f 544 2372 1543
f 546 544 1543
f 2373 1177 1179
f 1878 1177 2373
f 1876 1878 2373
f 1880 1177 1878
f 1181 1177 1880
f 1882 1181 1880
f 1183 1181 1882
f 1185 1183 1882
f 1884 1185 1882
f 1187 1185 1884
f 1886 1187 1884
f 1189 1187 1886
f 1907 1189 1886
f 1191 1189 1907
f 1908 1191 1907
f 1193 1191 1908
f 1909 1193 1908
f 1194 1193 1909
f 1910 1194 1909
f 1196 1194 1910
f 1911 1196 1910
f 1225 1196 1911
f 1912 1225 1911
f 1502 1225 1912
f 1913 1502 1912
f 1500 1502 1913
f 1914 1500 1913
f 1498 1500 1914
f 1906 1498 1914
f 885 1498 1906
f 534 885 1906
f 883 885 534
f 535 883 534
f 887 883 535
f 536 887 535
f 889 887 536
f 537 889 536
f 891 889 537
f 538 891 537
f 893 891 538
f 895 893 538
f 1504 1225 1502
f 1224 1225 1504
f 1506 1224 1504
f 1223 1224 1506
f 1508 1223 1506
f 1222 1223 1508
f 1529 1222 1508
f 1221 1222 1529
f 1530 1221 1529
f 1171 1786 1303
f 591 1786 1171
f 1172 591 1171
f 589 591 1172
f 1173 589 1172
f 593 589 1173
f 1174 593 1173
f 595 593 1174
f 1175 595 1174
f 597 595 1175
f 1176 597 1175
f 1147 597 1176
f 599 597 1147
f 1145 599 1147
f 601 599 1145
f 2374 601 1145
f 603 601 2374
f 605 603 2374
f 1788 1303 1786
f 1311 1303 1788
f 1790 1311 1788
f 1310 1311 1790
f 1792 1310 1790
f 942 1310 1792
f 1794 942 1792
f 944 942 1794
f 1796 944 1794
f 946 944 1796
f 1817 946 1796
f 948 946 1817
f 1818 948 1817
f 949 948 1818
f 1819 949 1818
f 951 949 1819
f 1820 951 1819
f 980 951 1820
f 1821 980 1820
f 979 980 1821
f 1822 979 1821
f 978 979 1822
f 977 978 1822
f 942 1309 1310
f 940 1309 942
f 1308 1309 940
f 938 1308 940
f 1307 1308 938
f 936 1307 938
f 1306 1307 936
f 932 1306 936
f 1305 1306 932
f 934 1305 932
f 1453 1305 934
f 1304 1305 1453
f 361 1304 1453
f 1283 1304 361
f 1281 1283 361
f 193 1281 361
f 1279 1281 193
f 194 1279 193
f 1277 1279 194
f 195 1277 194
f 2377 1277 195
f 196 2377 195
f 167 2377 196
f 165 2377 167
f 164 2377 165
f 162 2377 164
f 160 2377 162
f 2377 1275 1277
f 1273 1275 2377
f 1130 1273 2377
f 2377 1128 1130
f 1132 1128 2377
f 1134 1132 2377
f 2377 1136 1134
f 1138 1136 2377
f 931 1138 2377
f 1140 1138 931
f 902 1140 931
f 1142 1140 902
f 900 1142 902
f 2373 1142 900
f 899 2373 900
f 897 2373 899
f 510 2373 897
f 539 510 897
f 2374 1142 2373
f 1144 1142 2374
f 1145 1144 2374
f 2371 1122 1123
f 1348 1122 2371
f 487 1348 2371
f 488 1348 487
f 1356 1348 488
f 489 1356 488
f 1355 1356 489
f 1354 1355 489
f 490 1354 489
f 1353 1354 490
f 461 1353 490
f 1352 1353 461
f 459 1352 461
f 1351 1352 459
f 458 1351 459
f 1350 1351 458
f 456 1350 458
f 454 1350 456
f 452 1350 454
f 450 1350 452
f 1027 1350 450
f 448 1027 450
f 1026 1027 448
f 446 1026 448
f 1025 1026 446
f 442 1025 446
f 1024 1025 442
f 444 1024 442
f 1438 1024 444
f 1921 1438 444
f 1446 1438 1921
f 1923 1446 1921
f 1445 1446 1923
f 1925 1445 1923
f 1444 1445 1925
f 1927 1444 1925
f 1443 1444 1927
f 1442 1443 1927
f 1350 2378 1349
f 995 2378 1350
f 997 995 1350
f 2378 1328 1349
f 1326 1328 2378
f 1324 1326 2378
f 2378 1322 1324
f 1320 1322 2378
f 1318 1320 2378
f 1318 2002 1081
f 2001 2002 1318
f 2000 2001 1318
f 2003 1081 2002
f 1079 1081 2003
f 2004 1079 2003
f 1083 1079 2004
f 1996 1083 2004
f 1085 1083 1996
f 436 1085 1996
f 1087 1085 436
f 437 1087 436
f 1089 1087 437
f 2271 1089 437
f 2272 1089 2271
f 1091 1089 2272
f 2273 1091 2272
f 1093 1091 2273
f 2274 1093 2273
f 1095 1093 2274
f 2266 1095 2274
f 1096 1095 2266
f 142 1096 2266
f 1098 1096 142
f 1487 1098 142
f 1127 1098 1487
f 1488 1127 1487
f 1126 1127 1488
f 1489 1126 1488
f 1125 1126 1489
f 1490 1125 1489
f 1124 1125 1490
f 1491 1124 1490
f 1483 1124 1491
f 1123 1124 1483
f 2371 1123 1483
f 2379 1073 1074
f 1393 1073 2379
f 1401 1393 2379
f 2379 1400 1401
f 1399 1400 2379
f 1398 1399 2379
f 2379 1397 1398
f 1396 1397 2379
f 1395 1396 2379
f 1395 1868 1394
f 1867 1868 1395
f 1866 1867 1395
f 1868 1373 1394
f 1371 1373 1868
f 1369 1371 1868
f 1868 1367 1369
f 1869 1367 1868
f 1365 1367 1869
f 1861 1365 1869
f 1363 1365 1861
f 583 1363 1861
f 1032 1363 583
f 584 1032 583
f 1030 1032 584
f 585 1030 584
f 1034 1030 585
f 586 1034 585
f 1036 1034 586
f 587 1036 586
f 1575 1036 587
f 588 1575 587
f 559 1575 588
f 557 1575 559
f 556 1575 557
f 1574 1575 556
f 554 1574 556
f 1553 1574 554
f 552 1553 554
f 1551 1553 552
f 550 1551 552
f 1549 1551 550
f 548 1549 550
f 1547 1549 548
f 1545 1547 548
f 1575 1038 1036
f 1040 1038 1575
f 1042 1040 1575
f 1575 1044 1042
f 1046 1044 1575
f 1047 1046 1575
f 2378 1047 1575
f 1049 1047 2378
f 1078 1049 2378
f 2378 1077 1078
f 1076 1077 2378
f 1075 1076 2378
f 2379 1075 2378
f 1074 1075 2379
f 1929 1442 1927
f 1441 1442 1929
f 1931 1441 1929
f 1440 1441 1931
f 1952 1440 1931
f 2380 1440 1952
f 1953 2380 1952
f 2371 2380 1953
f 1954 2371 1953
f 1955 2371 1954
f 1956 2371 1955
f 1957 2371 1956
f 1958 2371 1957
f 1959 2371 1958
f 1951 2371 1959
f 485 2371 1951
f 486 2371 485
f 487 2371 486
f 2379 1440 2380
f 1439 1440 2379
f 1418 1439 2379
f 2379 1416 1418
f 1414 1416 2379
f 1412 1414 2379
f 2379 1410 1412
f 1408 1410 2379
f 983 1408 2379
f 2379 981 983
f 985 981 2379
f 2378 985 2379
f 987 985 2378
f 989 987 2378
f 2378 991 989
f 993 991 2378
f 995 993 2378
f 1350 998 997
f 1000 998 1350
f 1029 1000 1350
f 1350 1028 1029
f 1027 1028 1350
f 2374 975 976
f 1483 975 2374
f 2371 1483 2374
f 142 1486 1487
f 143 1486 142
f 1485 1486 143
f 144 1485 143
f 145 1485 144
f 146 1485 145
f 147 1485 146
f 2041 1485 147
f 2049 2041 147
f 1485 361 1484
f 363 361 1485
f 392 363 1485
f 361 1463 1484
f 1461 1463 361
f 1459 1461 361
f 361 1457 1459
f 1455 1457 361
f 1453 1455 361
f 1823 977 1822
f 976 977 1823
f 1824 976 1823
f 2374 976 1824
f 1816 2374 1824
f 632 2374 1816
f 633 2374 632
f 634 2374 633
f 635 2374 634
f 636 2374 635
f 637 2374 636
f 608 2374 637
f 606 2374 608
f 605 2374 606
f 2377 926 927
f 1528 926 2377
f 1536 1528 2377
f 2377 1535 1536
f 539 895 538
f 897 895 539
f 2377 930 931
f 929 930 2377
f 928 929 2377
f 2377 927 928
f 877 2152 1573
f 2150 2152 877
f 878 2150 877
f 2148 2150 878
f 879 2148 878
f 2146 2148 879
f 880 2146 879
f 199 2146 880
f 881 199 880
f 197 199 881
f 882 197 881
f 2109 197 882
f 2107 2109 882
f 2154 1573 2152
f 1581 1573 2154
f 2156 1581 2154
f 1580 1581 2156
f 2177 1580 2156
f 1579 1580 2177
f 2378 1579 2177
f 1578 1579 2378
f 1577 1578 2378
f 2378 1576 1577
f 1575 1576 2378
f 546 1545 548
f 1543 1545 546
f 1228 838 834
f 248 848 846
f 2101 848 248
f 850 848 2101
f 2103 850 2101
f 851 850 2103
f 2105 851 2103
f 853 851 2105
f 2107 853 2105
f 882 853 2107
f 1395 1865 1866
f 1864 1865 1395
f 2380 1864 1395
f 1863 1864 2380
f 2372 1863 2380
f 1862 1863 2372
f 1841 1862 2372
f 2372 1839 1841
f 1837 1839 2372
f 1835 1837 2372
f 2372 1833 1835
f 1831 1833 2372
f 542 1831 2372
f 2372 540 542
f 544 540 2372
f 2373 493 1876
f 491 493 2373
f 495 491 2373
f 2373 497 495
f 499 497 2373
f 501 499 2373
f 2373 503 501
f 505 503 2373
f 507 505 2373
f 2373 508 507
f 510 508 2373
f 1318 1999 2000
f 2316 1999 1318
f 2315 2316 1318
f 2317 1999 2316
f 1998 1999 2317
f 2318 1998 2317
f 2319 1998 2318
f 2311 1998 2319
f 93 1998 2311
f 94 1998 93
f 95 1998 94
f 96 1998 95
f 97 1998 96
f 98 1998 97
f 1997 1998 98
f 1976 1997 98
f 98 1974 1976
f 1972 1974 98
f 1970 1972 98
f 98 1968 1970
f 1966 1968 98
f 2358 1966 98
f 2359 1966 2358
f 2360 1966 2359
f 2361 1966 2360
f 395 1966 2361
f 393 395 2361
f 2361 397 393
f 2362 397 2361
f 399 397 2362
f 401 399 2362
f 2362 403 401
f 405 403 2362
f 2363 405 2362
f 407 405 2363
f 409 407 2363
f 2363 410 409
f 2364 410 2363
f 412 410 2364
f 2268 412 2364
f 441 412 2268
f 440 441 2268
f 2269 440 2268
f 439 440 2269
f 2270 439 2269
f 438 439 2270
f 2271 438 2270
f 437 438 2271
f 1485 387 388
f 2041 387 1485
f 118 2049 147
f 2048 2049 118
f 116 2048 118
f 2047 2048 116
f 115 2047 116
f 113 2047 115
f 2046 2047 113
f 111 2046 113
f 2045 2046 111
f 46 2045 111
f 2044 2045 46
f 47 2044 46
f 2043 2044 47
f 48 2043 47
f 2042 2043 48
f 2021 2042 48
f 48 2019 2021
f 2017 2019 48
f 2015 2017 48
f 48 2013 2015
f 49 2013 48
f 2011 2013 49
f 346 2011 49
f 49 344 346
f 20 344 49
f 348 344 20
f 350 348 20
f 2223 350 20
f 352 350 2223
f 354 352 2223
f 354 191 356
f 2221 191 354
f 2229 2221 354
f 191 358 356
f 360 358 191
f 361 360 191
f 1485 391 392
f 390 391 1485
f 389 390 1485
f 1485 388 389
f 11 338 339
f 2086 338 11
f 2094 2086 11
f 9 2094 11
f 2093 2094 9
f 2092 2093 9
f 9 2091 2092
f 2090 2091 9
f 2089 2090 9
f 9 2088 2089
f 7 2088 9
f 2087 2088 7
f 5 2087 7
f 2066 2087 5
f 265 2066 5
f 2064 2066 265
f 263 2064 265
f 2062 2064 263
f 2191 312 311
f 314 312 2191
f 343 314 2191
f 2191 342 343
f 341 342 2191
f 2193 341 2191
f 340 341 2193
f 13 340 2193
f 339 340 13
f 11 339 13
f 3 289 290
f 2131 289 3
f 2139 2131 3
f 2326 2139 3
f 2138 2139 2326
f 2137 2138 2326
f 2328 2137 2326
f 2136 2137 2328
f 2135 2136 2328
f 2328 2134 2135
f 2133 2134 2328
f 209 2133 2328
f 207 2133 209
f 205 2133 207
f 2132 2133 205
f 203 2132 205
f 2111 2132 203
f 201 2111 203
f 2109 2111 201
f 197 2109 201
f 1260 254 252
f 256 254 1260
f 5 294 265
f 293 294 5
f 1 293 5
f 292 293 1
f 291 292 1
f 3 291 1
f 290 291 3
f 2334 240 241
f 2176 240 2334
f 2336 2176 2334
f 2184 2176 2336
f 2183 2184 2336
f 60 2183 2336
f 2182 2183 60
f 2181 2182 60
f 60 2180 2181
f 2179 2180 60
f 2178 2179 60
f 2178 2378 2177
f 2287 2378 2178
f 2285 2287 2178
f 2328 211 209
f 2330 211 2328
f 213 211 2330
f 214 213 2330
f 2330 216 214
f 2332 216 2330
f 245 216 2332
f 244 245 2332
f 2332 243 244
f 242 243 2332
f 2334 242 2332
f 241 242 2334
f 354 2228 2229
f 2227 2228 354
f 2226 2227 354
f 354 2225 2226
f 2224 2225 354
f 2223 2224 354
f 2223 17 2222
f 18 17 2223
f 20 18 2223
f 17 2201 2222
f 15 2201 17
f 2199 2201 15
f 2197 2199 15
f 13 2197 15
f 2195 2197 13
f 2193 2195 13
f 361 192 193
f 191 192 361
f 2364 2267 2268
f 2246 2267 2364
f 2244 2246 2364
f 2364 2242 2244
f 2356 2242 2364
f 2240 2242 2356
f 2238 2240 2356
f 44 2238 2356
f 2236 2238 44
f 101 2236 44
f 44 99 101
f 103 99 44
f 45 103 44
f 105 103 45
f 107 105 45
f 46 107 45
f 109 107 46
f 111 109 46
f 1318 2314 2315
f 2313 2314 1318
f 2378 2313 1318
f 2312 2313 2378
f 2291 2312 2378
f 2378 2289 2291
f 2287 2289 2378
f 2178 2283 2285
f 2281 2283 2178
f 52 2281 2178
f 2178 50 52
f 54 50 2178
f 56 54 2178
f 2178 58 56
f 60 58 2178
f 2357 60 2336
f 62 60 2357
f 2358 62 2357
f 64 62 2358
f 66 64 2358
f 2358 67 66
f 69 67 2358
f 98 69 2358
f 2380 2371 2372
f 2379 2380 1395
f 1780 1178 1201
f 1227 1178 1780
f 858 1227 1780
f 859 1227 858
f 1270 1227 859
f 860 1270 859
f 1269 1270 860
f 2381 1269 860
f 1268 1269 2381
f 1267 1268 2381
f 2381 1241 1267
f 1242 1241 2381
f 1244 1242 2381
f 2381 1245 1244
f 1247 1245 2381
f 273 1247 2381
f 274 1247 273
f 1249 1247 274
f 275 1249 274
f 1251 1249 275
f 1253 1251 275
f 276 1253 275
f 1255 1253 276
f 277 1255 276
f 1257 1255 277
f 278 1257 277
f 1515 1257 278
f 1517 1515 278
f 1515 1219 1257
f 1514 1219 1515
f 1512 1219 1514
f 1511 1219 1512
f 1537 1219 1511
f 1538 1219 1537
f 1539 1219 1538
f 1540 1219 1539
f 1497 1219 1540
f 884 1219 1497
f 1217 1219 884
f 1215 1217 884
f 884 1213 1215
f 1211 1213 884
f 1200 1211 884
f 1200 1897 1199
f 1899 1897 1200
f 884 1899 1200
f 1901 1899 884
f 1903 1901 884
f 1895 1199 1897
f 1209 1199 1895
f 1893 1209 1895
f 1208 1209 1893
f 1892 1208 1893
f 1207 1208 1892
f 1890 1207 1892
f 1206 1207 1890
f 1889 1206 1890
f 1205 1206 1889
f 1915 1205 1889
f 1204 1205 1915
f 1916 1204 1915
f 1203 1204 1916
f 1917 1203 1916
f 1202 1203 1917
f 1201 1202 1917
f 1780 1201 1917
f 1129 170 1272
f 180 170 1129
f 1152 180 1129
f 179 180 1152
f 923 179 1152
f 178 179 923
f 925 178 923
f 177 178 925
f 176 177 925
f 170 1315 1272
f 171 1315 170
f 1314 1315 171
f 182 1314 171
f 1313 1314 182
f 184 1313 182
f 374 1313 184
f 186 374 184
f 373 374 186
f 188 373 186
f 372 373 188
f 190 372 188
f 371 372 190
f 370 371 190
f 375 1313 374
f 1312 1313 375
f 376 1312 375
f 1286 1312 376
f 366 1286 376
f 1287 1286 366
f 367 1287 366
f 1289 1287 367
f 378 1289 367
f 1290 1289 378
f 380 1290 378
f 1292 1290 380
f 382 1292 380
f 1294 1292 382
f 384 1294 382
f 1296 1294 384
f 2382 1296 384
f 1298 1296 2382
f 1300 1298 2382
f 2382 1302 1300
f 1170 1302 2382
f 1452 1170 2382
f 933 1170 1452
f 956 1170 933
f 957 1170 956
f 958 1170 957
f 959 1170 958
f 960 1170 959
f 1826 1170 960
f 1825 1826 960
f 1170 1785 1168
f 1828 1785 1170
f 1827 1828 1170
f 590 1168 1785
f 1166 1168 590
f 613 1166 590
f 1164 1166 613
f 614 1164 613
f 1162 1164 614
f 615 1162 614
f 1151 1162 615
f 616 1151 615
f 1150 1151 616
f 617 1150 616
f 1160 1150 617
f 618 1160 617
f 1159 1160 618
f 619 1159 618
f 1779 1159 619
f 620 1779 619
f 621 1779 620
f 611 1779 621
f 612 1779 611
f 623 1779 612
f 625 1779 623
f 627 1779 625
f 629 1779 627
f 631 1779 629
f 2383 1779 631
f 1815 2383 631
f 974 2383 1815
f 1813 974 1815
f 1811 974 1813
f 1809 974 1811
f 1807 974 1809
f 972 974 1807
f 970 972 1807
f 1779 1158 1159
f 915 1158 1779
f 1780 915 1779
f 914 915 1780
f 523 914 1780
f 513 914 523
f 913 914 513
f 514 913 513
f 912 913 514
f 525 912 514
f 911 912 525
f 527 911 525
f 910 911 527
f 529 910 527
f 909 910 529
f 531 909 529
f 908 909 531
f 533 908 531
f 907 908 533
f 1905 907 533
f 884 907 1905
f 1903 884 1905
f 905 1158 915
f 1157 1158 905
f 906 1157 905
f 1156 1157 906
f 917 1156 906
f 1155 1156 917
f 919 1155 917
f 1154 1155 919
f 921 1154 919
f 1153 1154 921
f 923 1153 921
f 1152 1153 923
f 1023 1080 1103
f 1317 1080 1023
f 1360 1317 1023
f 1023 1359 1360
f 1358 1359 1023
f 1357 1358 1023
f 1357 470 1331
f 469 470 1357
f 1023 469 1357
f 468 469 1023
f 467 468 1023
f 471 1331 470
f 1332 1331 471
f 472 1332 471
f 1334 1332 472
f 473 1334 472
f 1335 1334 473
f 474 1335 473
f 1337 1335 474
f 464 1337 474
f 1339 1337 464
f 465 1339 464
f 1341 1339 465
f 476 1341 465
f 1343 1341 476
f 478 1343 476
f 1345 1343 478
f 1347 1345 478
f 480 1347 478
f 1121 1347 480
f 482 1121 480
f 2383 1121 482
f 484 2383 482
f 1767 2383 484
f 1950 1767 484
f 1948 1767 1950
f 1946 1767 1948
f 1944 1767 1946
f 1942 1767 1944
f 1940 1767 1942
f 1938 1767 1940
f 1937 1767 1938
f 1935 1767 1937
f 1424 1767 1935
f 1934 1424 1935
f 1425 1424 1934
f 1960 1425 1934
f 1427 1425 1960
f 1961 1427 1960
f 1429 1427 1961
f 1962 1429 1961
f 1431 1429 1962
f 1963 1431 1962
f 1433 1431 1963
f 1920 1433 1963
f 1435 1433 1920
f 443 1435 1920
f 1437 1435 443
f 466 1437 443
f 1023 1437 466
f 467 1023 466
f 2384 1121 2383
f 1119 1121 2384
f 1117 1119 2384
f 2384 1115 1117
f 1113 1115 2384
f 1102 1113 2384
f 2384 1101 1102
f 1111 1101 2384
f 1110 1111 2384
f 2384 1109 1110
f 2382 1109 2384
f 1467 2382 2384
f 1466 2382 1467
f 1492 2382 1466
f 1493 2382 1492
f 1494 2382 1493
f 1495 2382 1494
f 1452 2382 1495
f 2382 1108 1109
f 1107 1108 2382
f 1106 1107 2382
f 2382 1105 1106
f 1104 1105 2382
f 1103 1104 2382
f 1023 1103 2382
f 1031 580 1362
f 578 580 1031
f 1054 578 1031
f 1055 578 1054
f 576 578 1055
f 1056 576 1055
f 574 576 1056
f 1057 574 1056
f 1564 574 1057
f 1566 1564 1057
f 582 1362 580
f 1405 1362 582
f 1860 1405 582
f 1404 1405 1860
f 1858 1404 1860
f 1403 1404 1858
f 1856 1403 1858
f 1402 1403 1856
f 1854 1402 1856
f 1376 1402 1854
f 1852 1376 1854
f 1377 1376 1852
f 1850 1377 1852
f 1379 1377 1850
f 1848 1379 1850
f 1771 1379 1848
f 1847 1771 1848
f 1845 1771 1847
f 1844 1771 1845
f 1870 1771 1844
f 1871 1771 1870
f 1872 1771 1871
f 1873 1771 1872
f 1830 1771 1873
f 541 1771 1830
f 564 1771 541
f 565 1771 564
f 566 1771 565
f 1542 1771 566
f 1585 1542 566
f 1771 1380 1379
f 1767 1380 1771
f 1422 1380 1767
f 1424 1422 1767
f 1422 1382 1380
f 1421 1382 1422
f 1384 1382 1421
f 1447 1384 1421
f 1386 1384 1447
f 1448 1386 1447
f 1388 1386 1448
f 1449 1388 1448
f 1390 1388 1449
f 1450 1390 1449
f 1392 1390 1450
f 1407 1392 1450
f 2297 1392 1407
f 2298 2297 1407
f 2295 1392 2297
f 1072 1392 2295
f 2294 1072 2295
f 2320 1072 2294
f 2321 1072 2320
f 2322 1072 2321
f 2163 1072 2322
f 2323 2163 2322
f 2165 2163 2323
f 2280 2165 2323
f 2167 2165 2280
f 51 2167 2280
f 2169 2167 51
f 74 2169 51
f 2171 2169 74
f 75 2171 74
f 2173 2171 75
f 2339 2173 75
f 2175 2173 2339
f 2365 2175 2339
f 239 2175 2365
f 2366 239 2365
f 237 239 2366
f 235 237 2366
f 1072 2117 1070
f 2145 2117 1072
f 2188 2145 1072
f 2117 1068 1070
f 1066 1068 2117
f 1064 1066 2117
f 2117 1053 1064
f 1052 1053 2117
f 1062 1052 2117
f 876 1062 2117
f 1061 1062 876
f 1572 1061 876
f 1060 1061 1572
f 1570 1060 1572
f 1059 1060 1570
f 1568 1059 1570
f 1058 1059 1568
f 1566 1058 1568
f 1057 1058 1566
f 982 2298 1407
f 2300 2298 982
f 1005 2300 982
f 1006 2300 1005
f 2302 2300 1006
f 1007 2302 1006
f 2304 2302 1007
f 1008 2304 1007
f 2306 2304 1008
f 1980 2306 1008
f 2308 2306 1980
f 1979 2308 1980
f 2310 2308 1979
f 2005 2310 1979
f 92 2310 2005
f 2006 92 2005
f 2007 92 2006
f 2008 92 2007
f 2345 92 2008
f 1965 2345 2008
f 2347 2345 1965
f 394 2347 1965
f 417 2347 394
f 418 2347 417
f 419 2347 418
f 2349 2347 419
f 420 2349 419
f 421 2349 420
f 422 2349 421
f 2351 2349 422
f 423 2351 422
f 424 2351 423
f 425 2351 424
f 2353 2351 425
f 2355 2353 425
f 2382 1021 1023
f 1019 1021 2382
f 1017 1019 2382
f 2382 1015 1017
f 1004 1015 2382
f 1003 1004 2382
f 2382 1013 1003
f 141 1013 2382
f 139 141 2382
f 1013 1989 1012
f 1991 1989 1013
f 1993 1991 1013
f 1987 1012 1989
f 1011 1012 1987
f 1985 1011 1987
f 1010 1011 1985
f 1983 1010 1985
f 1009 1010 1983
f 1982 1009 1983
f 1008 1009 1982
f 1980 1008 1982
f 2384 1469 1467
f 1470 1469 2384
f 1472 1470 2384
f 2384 1474 1472
f 1476 1474 2384
f 1478 1476 2384
f 2384 1480 1478
f 1482 1480 2384
f 974 1482 2384
f 1807 968 970
f 966 968 1807
f 955 966 1807
f 1805 955 1807
f 954 955 1805
f 1803 954 1805
f 964 954 1803
f 1802 964 1803
f 963 964 1802
f 1800 963 1802
f 962 963 1800
f 1799 962 1800
f 961 962 1799
f 1825 961 1799
f 960 961 1825
f 278 1519 1517
f 1521 1519 278
f 1523 1521 278
f 278 1525 1523
f 1527 1525 278
f 925 1527 278
f 1771 835 858
f 1542 835 1771
f 566 1584 1585
f 567 1584 566
f 1583 1584 567
f 568 1583 567
f 1582 1583 568
f 569 1582 568
f 1556 1582 569
f 570 1556 569
f 1557 1556 570
f 571 1557 570
f 1559 1557 571
f 572 1559 571
f 1560 1559 572
f 562 1560 572
f 1562 1560 562
f 563 1562 562
f 1564 1562 563
f 574 1564 563
f 876 2381 874
f 2140 2381 876
f 2114 2140 876
f 2381 872 874
f 870 872 2381
f 868 870 2381
f 2381 857 868
f 856 857 2381
f 866 856 2381
f 2381 865 866
f 864 865 2381
f 863 864 2381
f 2381 862 863
f 861 862 2381
f 860 861 2381
f 1771 858 1780
f 2383 1767 1779
f 1170 1826 1827
f 1780 492 515
f 1875 492 1780
f 1918 1875 1780
f 1780 1917 1918
f 1780 522 523
f 521 522 1780
f 520 521 1780
f 1780 519 520
f 518 519 1780
f 517 518 1780
f 1780 516 517
f 515 516 1780
f 1013 1995 1993
f 2261 1995 1013
f 2263 2261 1013
f 2259 1995 2261
f 435 1995 2259
f 2257 435 2259
f 2255 435 2257
f 2253 435 2255
f 2252 435 2253
f 2250 435 2252
f 2249 435 2250
f 2275 435 2249
f 2276 435 2275
f 2277 435 2276
f 433 435 2277
f 431 433 2277
f 2277 429 431
f 427 429 2277
f 416 427 2277
f 2277 415 416
f 425 415 2277
f 43 425 2277
f 2355 425 43
f 24 345 368
f 2010 345 24
f 2053 2010 24
f 24 2052 2053
f 35 2052 24
f 2051 2052 35
f 2050 2051 35
f 35 2024 2050
f 37 2024 35
f 2025 2024 37
f 2027 2025 37
f 37 2028 2027
f 39 2028 37
f 2030 2028 39
f 2032 2030 39
f 125 2032 39
f 2034 2032 125
f 2036 2034 125
f 125 2038 2036
f 2040 2038 125
f 386 2040 125
f 386 2382 384
f 133 2382 386
f 122 133 386
f 190 369 370
f 23 369 190
f 2220 23 190
f 2218 23 2220
f 2216 23 2218
f 2214 23 2216
f 33 23 2214
f 2212 33 2214
f 2210 33 2212
f 2208 33 2210
f 32 33 2208
f 2207 32 2208
f 2205 32 2207
f 31 32 2205
f 2204 31 2205
f 2230 31 2204
f 2231 31 2230
f 30 31 2231
f 2232 30 2231
f 2233 30 2232
f 333 30 2233
f 331 333 2233
f 23 368 369
f 24 368 23
f 296 278 2055
f 925 278 296
f 319 925 296
f 320 925 319
f 321 925 320
f 322 925 321
f 323 925 322
f 324 925 323
f 325 925 324
f 326 925 325
f 327 925 326
f 174 925 327
f 173 174 327
f 278 2098 2055
f 2097 2098 278
f 2096 2097 278
f 278 2095 2096
f 2069 2095 278
f 268 2069 278
f 26 2069 268
f 269 26 268
f 25 26 269
f 280 25 269
f 282 25 280
f 284 25 282
f 2 25 284
f 286 2 284
f 288 2 286
f 2325 2 288
f 2368 2325 288
f 26 2070 2069
f 27 2070 26
f 2072 2070 27
f 2073 2072 27
f 27 2075 2073
f 28 2075 27
f 2077 2075 28
f 2079 2077 28
f 28 2081 2079
f 2083 2081 28
f 2085 2083 28
f 28 337 2085
f 29 337 28
f 335 337 29
f 30 335 29
f 333 335 30
f 2190 331 2233
f 329 331 2190
f 149 329 2190
f 318 329 149
f 172 318 149
f 317 318 172
f 173 317 172
f 327 317 173
f 2381 247 270
f 2100 247 2381
f 2143 2100 2381
f 2381 2142 2143
f 2141 2142 2381
f 2140 2141 2381
f 876 2115 2114
f 2117 2115 876
f 2117 223 2118
f 222 223 2117
f 221 222 2117
f 223 2120 2118
f 2122 2120 223
f 2124 2122 223
f 223 2126 2124
f 2128 2126 223
f 2130 2128 223
f 223 288 2130
f 224 288 223
f 225 288 224
f 2368 288 225
f 226 2368 225
f 227 2368 226
f 2367 2368 227
f 228 2367 227
f 229 2367 228
f 219 2367 229
f 2366 2367 219
f 220 2366 219
f 231 2366 220
f 233 2366 231
f 235 2366 233
f 2381 272 273
f 271 272 2381
f 270 271 2381
f 2117 198 221
f 2145 198 2117
f 1072 2187 2188
f 2186 2187 1072
f 2185 2186 1072
f 1072 2159 2185
f 2160 2159 1072
f 2162 2160 1072
f 1072 2163 2162
f 925 175 176
f 174 175 925
f 43 100 123
f 2235 100 43
f 2278 2235 43
f 43 2277 2278
f 1013 2265 2263
f 141 2265 1013
f 2382 137 139
f 135 137 2382
f 133 135 2382
f 386 121 122
f 131 121 386
f 130 131 386
f 386 129 130
f 128 129 386
f 127 128 386
f 386 126 127
f 125 126 386
f 41 125 39
f 124 125 41
f 43 124 41
f 123 124 43
f 2345 90 92
f 88 90 2345
f 86 88 2345
f 2345 84 86
f 2343 84 2345
f 73 84 2343
f 72 73 2343
f 2343 82 72
f 2342 82 2343
f 81 82 2342
f 80 81 2342
f 2340 80 2342
f 79 80 2340
f 78 79 2340
f 2340 77 78
f 2339 77 2340
f 76 77 2339
f 75 76 2339
f 2384 2383 974
f 2385 2386 2387
f 2388 2387 2386
f 2389 2390 2391
f 2392 2393 2394
f 2395 2394 2393
f 2396 2397 2398
f 2399 2398 2397
f 2400 2401 2402
f 2403 2402 2401
f 2404 2387 2405
f 2406 2405 2387
f 2388 2406 2387
f 2390 2406 2388
f 2389 2406 2390
f 2396 2406 2389
f 2398 2406 2396
f 2407 2406 2398
f 2408 2385 2404
f 2387 2404 2385
f 2409 2410 2411
f 2412 2413 2414
f 2415 2414 2413
f 2416 2417 2418
f 2419 2418 2417
f 2420 2385 2421
f 2408 2421 2385
f 2403 2422 2423
f 2424 2423 2422
f 2425 2426 2427
f 2428 2427 2426
f 2421 2429 2430
f 2431 2430 2429
f 2432 2433 2434
f 2435 2434 2433
f 2429 2436 2437
f 2438 2437 2436
f 2402 2439 2440
f 2441 2440 2439
f 2426 2442 2428
f 2443 2428 2442
f 2444 2445 2393
f 2395 2393 2445
f 2446 2447 2448
f 2449 2450 2451
f 2452 2451 2450
f 2437 2438 2453
f 2454 2453 2438
f 2439 2433 2441
f 2432 2441 2433
f 2388 2386 2455
f 2388 2455 2390
f 2399 2456 2457
f 2458 2457 2456
f 2407 2457 2406
f 2459 2406 2457
f 2455 2386 2409
f 2460 2409 2386
f 2461 2414 2462
f 2415 2462 2414
f 2463 2394 2464
f 2395 2464 2394
f 2397 2391 2465
f 2466 2465 2391
f 2402 2403 2439
f 2423 2439 2403
f 2431 2437 2467
f 2453 2467 2437
f 2400 2402 2468
f 2440 2468 2402
f 2460 2410 2409
f 2469 2470 2456
f 2458 2456 2470
f 2471 2472 2442
f 2443 2442 2472
f 2453 2454 2446
f 2447 2446 2454
f 2473 2474 2442
f 2471 2442 2474
f 2475 2476 2477
f 2478 2477 2476
f 2431 2429 2437
f 2472 2412 2443
f 2414 2443 2412
f 2426 2479 2442
f 2473 2442 2479
f 2390 2455 2391
f 2480 2462 2444
f 2415 2444 2462
f 2398 2399 2407
f 2457 2407 2399
f 2481 2482 2483
f 2484 2483 2482
f 2428 2443 2461
f 2414 2461 2443
f 2485 2486 2417
f 2476 2452 2478
f 2481 2478 2452
f 2487 2481 2452
f 2488 2481 2487
f 2427 2488 2487
f 2489 2488 2427
f 2490 2481 2488
f 2491 2492 2422
f 2424 2422 2492
f 2425 2424 2492
f 2427 2424 2425
f 2493 2424 2427
f 2487 2493 2427
f 2452 2450 2487
f 2493 2487 2494
f 2495 2494 2487
f 2413 2445 2415
f 2444 2415 2445
f 2396 2391 2397
f 2399 2397 2456
f 2465 2456 2397
f 2430 2431 2496
f 2467 2496 2431
f 2410 2496 2467
f 2411 2410 2467
f 2497 2411 2467
f 2498 2497 2467
f 2469 2498 2467
f 2470 2469 2467
f 2389 2391 2396
f 2416 2449 2499
f 2451 2499 2449
f 2439 2423 2433
f 2494 2433 2423
f 2464 2500 2477
f 2500 2464 2463
f 2468 2440 2474
f 2441 2474 2440
f 2471 2474 2441
f 2472 2471 2441
f 2432 2472 2441
f 2434 2472 2432
f 2436 2464 2438
f 2395 2438 2464
f 2454 2438 2395
f 2447 2454 2395
f 2448 2447 2395
f 2434 2448 2395
f 2413 2434 2395
f 2472 2434 2413
f 2412 2472 2413
f 2445 2413 2395
f 2406 2459 2486
f 2417 2486 2459
f 2427 2428 2489
f 2461 2489 2428
f 2423 2424 2494
f 2493 2494 2424
f 2411 2497 2466
f 2409 2411 2466
f 2391 2455 2466
f 2409 2466 2455
f 2501 2483 2500
f 2484 2500 2483
f 2463 2500 2484
f 2392 2463 2484
f 2394 2463 2392
f 2502 2405 2503
f 2504 2503 2405
f 2418 2448 2435
f 2434 2435 2448
f 2499 2485 2416
f 2417 2416 2485
f 2470 2467 2458
f 2505 2458 2467
f 2405 2406 2504
f 2486 2504 2406
f 2478 2501 2477
f 2500 2477 2501
f 2495 2487 2449
f 2450 2449 2487
f 2433 2494 2435
f 2495 2435 2494
f 2452 2476 2451
f 2506 2451 2476
f 2451 2506 2499
f 2504 2499 2506
f 2485 2499 2504
f 2486 2485 2504
f 2475 2506 2476
f 2480 2482 2490
f 2481 2490 2482
f 2482 2393 2484
f 2392 2484 2393
f 2478 2481 2501
f 2483 2501 2481
f 2461 2462 2489
f 2488 2489 2462
f 2435 2495 2418
f 2449 2418 2495
f 2416 2418 2449
f 2498 2469 2465
f 2456 2465 2469
f 2401 2491 2403
f 2422 2403 2491
f 2421 2430 2420
f 2496 2420 2430
f 2479 2426 2492
f 2425 2492 2426
f 2488 2462 2490
f 2480 2490 2462
f 2408 2404 2502
f 2405 2502 2404
f 2478 2481 2477
f 2482 2477 2481
f 2464 2477 2482
f 2393 2464 2482
f 2395 2464 2393
f 2386 2385 2460
f 2420 2460 2385
f 2420 2496 2460
f 2410 2460 2496
f 2401 2479 2491
f 2492 2491 2479
f 2400 2468 2473
f 2474 2473 2468
f 2504 2506 2503
f 2475 2503 2506
f 2457 2458 2459
f 2505 2459 2458
f 2417 2459 2505
f 2419 2417 2505
f 2466 2498 2465
f 2466 2497 2498
f 2421 2408 2429
f 2502 2429 2408
f 2503 2429 2502
f 2436 2429 2503
f 2475 2436 2503
f 2477 2436 2475
f 2464 2436 2477
f 2473 2479 2400
f 2401 2400 2479
f 2480 2444 2482
f 2393 2482 2444
f 2418 2419 2448
f 2446 2448 2419
f 2419 2505 2446
f 2467 2453 2446
f 2505 2467 2446

