# https://github.com/mikedh/trimesh
v 0.01950000 0.00416482 -0.00510432
v 0.01750000 0.00414975 -0.00494975
v 0.01950000 0.00414975 -0.00494975
v 0.01850000 0.00416734 -0.00511659
v 0.01950000 0.00421064 -0.00525590
v 0.01850000 0.00422392 -0.00528616
v 0.01950000 0.00428542 -0.00539548
v 0.01850000 0.00432130 -0.00544477
v 0.01950000 0.00438406 -0.00551543
v 0.01850000 0.00445472 -0.00557821
v 0.01950000 0.00446959 -0.00558963
v 0.01950000 0.00456803 -0.00565282
v 0.01850000 0.00461333 -0.00567558
v 0.01950000 0.00467713 -0.00570188
v 0.01850000 0.00478292 -0.00573217
v 0.01950000 0.00479368 -0.00573438
v 0.01950000 0.00491379 -0.00574895
v 0.01850000 0.00494975 -0.00574975
v 0.01950000 0.00503336 -0.00574537
v 0.01850000 0.00511658 -0.00573217
v 0.01950000 0.00514849 -0.00572467
v 0.01850000 0.00524422 -0.00569359
v 0.01950000 0.00525590 -0.00568885
v 0.01850000 0.00536776 -0.00563186
v 0.01950000 0.00535717 -0.00563823
v 0.01950000 0.00545321 -0.00557146
v 0.01850000 0.00548100 -0.00554789
v 0.01950000 0.00554029 -0.00548944
v 0.01850000 0.00557820 -0.00544477
v 0.01950000 0.00561492 -0.00539421
v 0.01850000 0.00565499 -0.00532742
v 0.01950000 0.00567434 -0.00528882
v 0.01850000 0.00570899 -0.00520184
v 0.01950000 0.00571680 -0.00517698
v 0.01850000 0.00574002 -0.00507413
v 0.01950000 0.00574174 -0.00506269
v 0.01950000 0.00574975 -0.00494975
v 0.01750000 0.00574975 -0.00494975
v 0.01750000 0.00573639 -0.00509532
v 0.01750000 0.00569358 -0.00524423
v 0.01750000 0.00561934 -0.00538752
v 0.01750000 0.00551543 -0.00551543
v 0.01750000 0.00538752 -0.00561935
v 0.01750000 0.00524422 -0.00569359
v 0.01750000 0.00416310 -0.00509532
v 0.01750000 0.00420592 -0.00524423
v 0.01750000 0.00428015 -0.00538752
v 0.01750000 0.00438406 -0.00551543
v 0.01750000 0.00451198 -0.00561935
v 0.01750000 0.00465527 -0.00569359
v 0.01750000 0.00480418 -0.00573640
v 0.01750000 0.00494975 -0.00574975
v 0.01750000 0.00509532 -0.00573640
v 0.01950000 -0.00078664 -0.00714557
v 0.01750000 -0.00080000 -0.00700001
v 0.01950000 -0.00080000 -0.00700001
v 0.01850000 -0.00078241 -0.00716684
v 0.01950000 -0.00074383 -0.00729448
v 0.01850000 -0.00072583 -0.00733643
v 0.01950000 -0.00066959 -0.00743777
v 0.01850000 -0.00062845 -0.00749504
v 0.01950000 -0.00056568 -0.00756570
v 0.01850000 -0.00049502 -0.00762846
v 0.01950000 -0.00043777 -0.00766960
v 0.01850000 -0.00033642 -0.00772583
v 0.01950000 -0.00029448 -0.00774384
v 0.01850000 -0.00016683 -0.00778242
v 0.01950000 -0.00014557 -0.00778665
v 0.01850000 0.00000000 -0.00780000
v 0.01950000 0.00000000 -0.00780000
v 0.01950000 0.00014557 -0.00778665
v 0.01850000 0.00016683 -0.00778242
v 0.01950000 0.00029448 -0.00774384
v 0.01850000 0.00029448 -0.00774384
v 0.01850000 0.00041802 -0.00768211
v 0.01750000 0.00029448 -0.00774384
v 0.01750000 0.00043777 -0.00766960
v 0.01750000 -0.00078664 -0.00714557
v 0.01750000 -0.00074383 -0.00729448
v 0.01750000 -0.00066959 -0.00743777
v 0.01750000 -0.00056568 -0.00756570
v 0.01750000 -0.00043777 -0.00766960
v 0.01750000 -0.00029448 -0.00774384
v 0.01750000 -0.00014557 -0.00778665
v 0.01750000 0.00000000 -0.00780000
v 0.01750000 0.00014557 -0.00778665
v 0.01850000 0.00053125 -0.00759815
v 0.01750000 0.00056569 -0.00756570
v 0.01850000 0.00062845 -0.00749504
v 0.01750000 0.00066960 -0.00743777
v 0.01850000 0.00070524 -0.00737768
v 0.01750000 0.00074383 -0.00729448
v 0.01850000 0.00075925 -0.00725209
v 0.01750000 0.00078664 -0.00714557
v 0.01850000 0.00079027 -0.00712439
v 0.01750000 0.00080000 -0.00700001
v 0.01950000 0.00080000 -0.00700001
v 0.01950000 0.00078664 -0.00714557
v 0.01950000 0.00074383 -0.00729448
v 0.01950000 0.00066960 -0.00743777
v 0.01950000 0.00056569 -0.00756570
v 0.01950000 0.00043777 -0.00766960
v 0.01950000 -0.00574975 -0.00494975
v 0.01750000 -0.00574975 -0.00494975
v 0.01950000 -0.00573639 -0.00509532
v 0.01850000 -0.00573216 -0.00511659
v 0.01950000 -0.00569358 -0.00524423
v 0.01850000 -0.00567557 -0.00528616
v 0.01950000 -0.00561934 -0.00538752
v 0.01850000 -0.00557820 -0.00544477
v 0.01950000 -0.00551543 -0.00551543
v 0.01850000 -0.00544477 -0.00557821
v 0.01950000 -0.00538751 -0.00561935
v 0.01850000 -0.00528616 -0.00567558
v 0.01950000 -0.00524423 -0.00569359
v 0.01850000 -0.00511657 -0.00573217
v 0.01950000 -0.00509532 -0.00573640
v 0.01850000 -0.00494975 -0.00574975
v 0.01950000 -0.00494975 -0.00574975
v 0.01950000 -0.00480418 -0.00573640
v 0.01850000 -0.00478292 -0.00573217
v 0.01950000 -0.00465527 -0.00569359
v 0.01850000 -0.00465527 -0.00569359
v 0.01850000 -0.00453173 -0.00563186
v 0.01750000 -0.00456803 -0.00565282
v 0.01750000 -0.00446958 -0.00558963
v 0.01750000 -0.00574173 -0.00506269
v 0.01750000 -0.00571680 -0.00517698
v 0.01750000 -0.00567434 -0.00528882
v 0.01750000 -0.00561493 -0.00539421
v 0.01750000 -0.00554029 -0.00548944
v 0.01750000 -0.00545321 -0.00557146
v 0.01750000 -0.00535717 -0.00563823
v 0.01750000 -0.00525589 -0.00568885
v 0.01750000 -0.00514849 -0.00572467
v 0.01750000 -0.00503336 -0.00574537
v 0.01750000 -0.00491379 -0.00574895
v 0.01750000 -0.00479368 -0.00573438
v 0.01750000 -0.00467714 -0.00570188
v 0.01850000 -0.00441850 -0.00554789
v 0.01750000 -0.00438406 -0.00551543
v 0.01850000 -0.00432130 -0.00544477
v 0.01750000 -0.00428542 -0.00539548
v 0.01850000 -0.00424451 -0.00532742
v 0.01750000 -0.00421064 -0.00525590
v 0.01850000 -0.00419050 -0.00520184
v 0.01750000 -0.00416482 -0.00510432
v 0.01850000 -0.00415948 -0.00507413
v 0.01750000 -0.00414975 -0.00494975
v 0.01950000 -0.00414975 -0.00494975
v 0.01950000 -0.00416311 -0.00509532
v 0.01950000 -0.00420592 -0.00524423
v 0.01950000 -0.00428015 -0.00538752
v 0.01950000 -0.00438406 -0.00551543
v 0.01950000 -0.00451198 -0.00561935
v 0.01950000 -0.00573639 0.00480417
v 0.01750000 -0.00574975 0.00494974
v 0.01950000 -0.00574975 0.00494974
v 0.01850000 -0.00573216 0.00478291
v 0.01950000 -0.00569358 0.00465527
v 0.01850000 -0.00567557 0.00461332
v 0.01950000 -0.00561934 0.00451198
v 0.01850000 -0.00557820 0.00445471
v 0.01950000 -0.00551543 0.00438405
v 0.01850000 -0.00544477 0.00432129
v 0.01950000 -0.00538751 0.00428014
v 0.01850000 -0.00528616 0.00422392
v 0.01950000 -0.00524423 0.00420591
v 0.01850000 -0.00511657 0.00416733
v 0.01950000 -0.00509532 0.00416310
v 0.01850000 -0.00494975 0.00414974
v 0.01950000 -0.00494975 0.00414974
v 0.01950000 -0.00480418 0.00416310
v 0.01850000 -0.00478292 0.00416733
v 0.01950000 -0.00465527 0.00420591
v 0.01850000 -0.00465527 0.00420591
v 0.01850000 -0.00453173 0.00426764
v 0.01750000 -0.00464360 0.00421064
v 0.01750000 -0.00454233 0.00426126
v 0.01750000 -0.00573467 0.00479517
v 0.01750000 -0.00568885 0.00464360
v 0.01750000 -0.00561407 0.00450402
v 0.01750000 -0.00551543 0.00438405
v 0.01750000 -0.00542991 0.00430986
v 0.01750000 -0.00533146 0.00424668
v 0.01750000 -0.00522236 0.00419762
v 0.01750000 -0.00510582 0.00416511
v 0.01750000 -0.00498571 0.00415055
v 0.01750000 -0.00486614 0.00415412
v 0.01750000 -0.00475101 0.00417482
v 0.01750000 -0.00444628 0.00432804
v 0.01850000 -0.00441850 0.00435159
v 0.01950000 -0.00451198 0.00428014
v 0.01950000 -0.00438406 0.00438405
v 0.01850000 -0.00432130 0.00445471
v 0.01950000 -0.00428015 0.00451198
v 0.01850000 -0.00424451 0.00457207
v 0.01950000 -0.00420592 0.00465527
v 0.01850000 -0.00419050 0.00469766
v 0.01950000 -0.00416311 0.00480417
v 0.01850000 -0.00415948 0.00482536
v 0.01950000 -0.00414975 0.00494974
v 0.01750000 -0.00415776 0.00483681
v 0.01750000 -0.00414975 0.00494974
v 0.01750000 -0.00435920 0.00441005
v 0.01750000 -0.00428457 0.00450529
v 0.01750000 -0.00422515 0.00461068
v 0.01750000 -0.00418270 0.00472251
v 0.01950000 -0.00780000 -0.00000001
v 0.01750000 -0.00780000 -0.00000001
v 0.01950000 -0.00778664 -0.00014558
v 0.01850000 -0.00778241 -0.00016684
v 0.01950000 -0.00774383 -0.00029448
v 0.01850000 -0.00772583 -0.00033643
v 0.01950000 -0.00766960 -0.00043777
v 0.01850000 -0.00762845 -0.00049504
v 0.01950000 -0.00756568 -0.00056570
v 0.01850000 -0.00749502 -0.00062846
v 0.01950000 -0.00743777 -0.00066960
v 0.01850000 -0.00733642 -0.00072583
v 0.01950000 -0.00729448 -0.00074384
v 0.01850000 -0.00716683 -0.00078242
v 0.01950000 -0.00714557 -0.00078665
v 0.01850000 -0.00700000 -0.00080000
v 0.01950000 -0.00700000 -0.00080000
v 0.01950000 -0.00685443 -0.00078665
v 0.01850000 -0.00683317 -0.00078242
v 0.01950000 -0.00670553 -0.00074384
v 0.01850000 -0.00670553 -0.00074384
v 0.01850000 -0.00658199 -0.00068211
v 0.01750000 -0.00670553 -0.00074384
v 0.01750000 -0.00656223 -0.00066960
v 0.01750000 -0.00778664 -0.00014558
v 0.01750000 -0.00774383 -0.00029448
v 0.01750000 -0.00766960 -0.00043777
v 0.01750000 -0.00756568 -0.00056570
v 0.01750000 -0.00743777 -0.00066960
v 0.01750000 -0.00729448 -0.00074384
v 0.01750000 -0.00714557 -0.00078665
v 0.01750000 -0.00700000 -0.00080000
v 0.01750000 -0.00685443 -0.00078665
v 0.01850000 -0.00646875 -0.00059815
v 0.01750000 -0.00643431 -0.00056570
v 0.01850000 -0.00637155 -0.00049504
v 0.01750000 -0.00633040 -0.00043777
v 0.01850000 -0.00629476 -0.00037768
v 0.01750000 -0.00625617 -0.00029448
v 0.01850000 -0.00624076 -0.00025209
v 0.01750000 -0.00621336 -0.00014558
v 0.01850000 -0.00620973 -0.00012439
v 0.01750000 -0.00620000 -0.00000001
v 0.01950000 -0.00620000 -0.00000001
v 0.01950000 -0.00621336 -0.00014558
v 0.01950000 -0.00625617 -0.00029448
v 0.01950000 -0.00633040 -0.00043777
v 0.01950000 -0.00643431 -0.00056570
v 0.01950000 -0.00656223 -0.00066960
v 0.01950000 -0.00078664 0.00685442
v 0.01750000 -0.00080000 0.00699999
v 0.01950000 -0.00080000 0.00699999
v 0.01850000 -0.00078241 0.00683316
v 0.01950000 -0.00074383 0.00670552
v 0.01850000 -0.00072583 0.00666358
v 0.01950000 -0.00066959 0.00656223
v 0.01850000 -0.00062845 0.00650498
v 0.01950000 -0.00056568 0.00643432
v 0.01850000 -0.00049502 0.00637154
v 0.01950000 -0.00043777 0.00633039
v 0.01850000 -0.00033642 0.00627417
v 0.01950000 -0.00029448 0.00625616
v 0.01850000 -0.00016683 0.00621758
v 0.01950000 -0.00014557 0.00621335
v 0.01850000 0.00000000 0.00619999
v 0.01950000 0.00000000 0.00619999
v 0.01950000 0.00014557 0.00621335
v 0.01850000 0.00016683 0.00621758
v 0.01950000 0.00029448 0.00625616
v 0.01850000 0.00029448 0.00625616
v 0.01850000 0.00041802 0.00631789
v 0.01750000 0.00029448 0.00625616
v 0.01750000 0.00043777 0.00633039
v 0.01750000 -0.00078664 0.00685442
v 0.01750000 -0.00074383 0.00670552
v 0.01750000 -0.00066959 0.00656223
v 0.01750000 -0.00056568 0.00643432
v 0.01750000 -0.00043777 0.00633039
v 0.01750000 -0.00029448 0.00625616
v 0.01750000 -0.00014557 0.00621335
v 0.01750000 0.00000000 0.00619999
v 0.01750000 0.00014557 0.00621335
v 0.01850000 0.00053125 0.00640186
v 0.01750000 0.00056569 0.00643432
v 0.01850000 0.00062845 0.00650498
v 0.01750000 0.00066960 0.00656223
v 0.01850000 0.00070524 0.00662232
v 0.01750000 0.00074383 0.00670552
v 0.01850000 0.00075925 0.00674791
v 0.01750000 0.00078664 0.00685442
v 0.01850000 0.00079027 0.00687561
v 0.01750000 0.00080000 0.00699999
v 0.01950000 0.00080000 0.00699999
v 0.01950000 0.00078664 0.00685442
v 0.01950000 0.00074383 0.00670552
v 0.01950000 0.00066960 0.00656223
v 0.01950000 0.00056569 0.00643432
v 0.01950000 0.00043777 0.00633039
v 0.01950000 0.00414975 0.00494974
v 0.01750000 0.00414975 0.00494974
v 0.01950000 0.00415776 0.00483681
v 0.01850000 0.00416734 0.00478291
v 0.01950000 0.00418270 0.00472251
v 0.01850000 0.00422392 0.00461332
v 0.01950000 0.00422515 0.00461068
v 0.01950000 0.00428457 0.00450529
v 0.01850000 0.00432130 0.00445471
v 0.01950000 0.00435921 0.00441005
v 0.01850000 0.00445472 0.00432129
v 0.01950000 0.00444628 0.00432804
v 0.01950000 0.00454233 0.00426126
v 0.01850000 0.00461333 0.00422392
v 0.01950000 0.00464360 0.00421064
v 0.01850000 0.00478292 0.00416733
v 0.01950000 0.00475101 0.00417482
v 0.01950000 0.00486614 0.00415412
v 0.01850000 0.00494975 0.00414974
v 0.01950000 0.00498571 0.00415055
v 0.01850000 0.00511658 0.00416733
v 0.01950000 0.00510582 0.00416511
v 0.01950000 0.00522236 0.00419762
v 0.01850000 0.00524422 0.00420591
v 0.01950000 0.00533147 0.00424668
v 0.01850000 0.00536776 0.00426764
v 0.01950000 0.00542991 0.00430986
v 0.01850000 0.00548100 0.00435159
v 0.01950000 0.00551543 0.00438405
v 0.01850000 0.00557820 0.00445471
v 0.01950000 0.00561407 0.00450402
v 0.01850000 0.00565499 0.00457207
v 0.01950000 0.00568885 0.00464360
v 0.01850000 0.00570899 0.00469766
v 0.01950000 0.00573467 0.00479517
v 0.01850000 0.00574002 0.00482536
v 0.01950000 0.00574975 0.00494974
v 0.01750000 0.00574975 0.00494974
v 0.01750000 0.00573639 0.00480417
v 0.01750000 0.00569358 0.00465527
v 0.01750000 0.00561934 0.00451198
v 0.01750000 0.00551543 0.00438405
v 0.01750000 0.00538752 0.00428014
v 0.01750000 0.00524422 0.00420591
v 0.01750000 0.00416310 0.00480417
v 0.01750000 0.00420592 0.00465527
v 0.01750000 0.00428015 0.00451198
v 0.01750000 0.00438406 0.00438405
v 0.01750000 0.00451198 0.00428014
v 0.01750000 0.00465527 0.00420591
v 0.01750000 0.00480418 0.00416310
v 0.01750000 0.00494975 0.00414974
v 0.01750000 0.00509532 0.00416310
v 0.01950000 -0.00049165 0.00890901
v 0.01750000 -0.00050000 0.00900000
v 0.01950000 -0.00050000 0.00900000
v 0.01850000 -0.00048901 0.00889572
v 0.01950000 -0.00046489 0.00881595
v 0.01850000 -0.00045364 0.00878974
v 0.01950000 -0.00041850 0.00872638
v 0.01850000 -0.00039278 0.00869060
v 0.01950000 -0.00035355 0.00864644
v 0.01850000 -0.00030939 0.00860722
v 0.01950000 -0.00027360 0.00858150
v 0.01850000 -0.00021026 0.00854635
v 0.01950000 -0.00018405 0.00853510
v 0.01850000 -0.00010427 0.00851099
v 0.01950000 -0.00009098 0.00850835
v 0.01850000 0.00000000 0.00849999
v 0.01950000 0.00000000 0.00849999
v 0.01950000 0.00009098 0.00850835
v 0.01850000 0.00010427 0.00851099
v 0.01950000 0.00018405 0.00853510
v 0.01850000 0.00018405 0.00853510
v 0.01850000 0.00026126 0.00857368
v 0.01750000 0.00018405 0.00853510
v 0.01750000 0.00027360 0.00858150
v 0.01750000 -0.00049165 0.00890901
v 0.01750000 -0.00046489 0.00881595
v 0.01750000 -0.00041850 0.00872638
v 0.01750000 -0.00035355 0.00864644
v 0.01750000 -0.00027360 0.00858150
v 0.01750000 -0.00018405 0.00853510
v 0.01750000 -0.00009098 0.00850835
v 0.01750000 0.00000000 0.00849999
v 0.01750000 0.00009098 0.00850835
v 0.01850000 0.00033203 0.00862616
v 0.01750000 0.00035355 0.00864644
v 0.01850000 0.00039278 0.00869060
v 0.01750000 0.00041850 0.00872638
v 0.01850000 0.00044078 0.00876395
v 0.01750000 0.00046489 0.00881595
v 0.01850000 0.00047453 0.00884245
v 0.01750000 0.00049165 0.00890901
v 0.01850000 0.00049392 0.00892226
v 0.01750000 0.00050000 0.00900000
v 0.01950000 0.00050000 0.00900000
v 0.01950000 0.00049165 0.00890901
v 0.01950000 0.00046489 0.00881595
v 0.01950000 0.00041850 0.00872638
v 0.01950000 0.00035355 0.00864644
v 0.01950000 0.00027360 0.00858150
v 0.01950000 0.00620000 -0.00000001
v 0.01750000 0.00620000 -0.00000001
v 0.01950000 0.00621336 -0.00014558
v 0.01850000 0.00621759 -0.00016684
v 0.01950000 0.00625617 -0.00029448
v 0.01850000 0.00627417 -0.00033643
v 0.01950000 0.00633041 -0.00043777
v 0.01850000 0.00637155 -0.00049504
v 0.01950000 0.00643432 -0.00056570
v 0.01850000 0.00650498 -0.00062846
v 0.01950000 0.00656223 -0.00066960
v 0.01850000 0.00666359 -0.00072583
v 0.01950000 0.00670553 -0.00074384
v 0.01850000 0.00683317 -0.00078242
v 0.01950000 0.00685443 -0.00078665
v 0.01850000 0.00700000 -0.00080000
v 0.01950000 0.00700000 -0.00080000
v 0.01950000 0.00714557 -0.00078665
v 0.01850000 0.00716683 -0.00078242
v 0.01950000 0.00729448 -0.00074384
v 0.01850000 0.00729448 -0.00074384
v 0.01850000 0.00741802 -0.00068211
v 0.01750000 0.00729448 -0.00074384
v 0.01750000 0.00743777 -0.00066960
v 0.01750000 0.00621336 -0.00014558
v 0.01750000 0.00625617 -0.00029448
v 0.01750000 0.00633041 -0.00043777
v 0.01750000 0.00643432 -0.00056570
v 0.01750000 0.00656223 -0.00066960
v 0.01750000 0.00670553 -0.00074384
v 0.01750000 0.00685443 -0.00078665
v 0.01750000 0.00700000 -0.00080000
v 0.01750000 0.00714557 -0.00078665
v 0.01850000 0.00753125 -0.00059815
v 0.01750000 0.00756569 -0.00056570
v 0.01850000 0.00762845 -0.00049504
v 0.01750000 0.00766960 -0.00043777
v 0.01850000 0.00770524 -0.00037768
v 0.01750000 0.00774383 -0.00029448
v 0.01850000 0.00775925 -0.00025209
v 0.01750000 0.00778665 -0.00014558
v 0.01850000 0.00779027 -0.00012439
v 0.01750000 0.00780000 -0.00000001
v 0.01950000 0.00780000 -0.00000001
v 0.01950000 0.00778665 -0.00014558
v 0.01950000 0.00774383 -0.00029448
v 0.01950000 0.00766960 -0.00043777
v 0.01950000 0.00756569 -0.00056570
v 0.01950000 0.00743777 -0.00066960
v 0.01970000 -0.00300000 -0.00000001
v 0.01650000 -0.00300000 -0.00000001
v 0.01970000 -0.00294992 -0.00054590
v 0.01810000 -0.00293405 -0.00062562
v 0.01970000 -0.00278936 -0.00110429
v 0.01810000 -0.00272185 -0.00126157
v 0.01970000 -0.00251099 -0.00164164
v 0.01810000 -0.00235669 -0.00185635
v 0.01970000 -0.00212132 -0.00212132
v 0.01810000 -0.00185634 -0.00235670
v 0.01970000 -0.00164163 -0.00251099
v 0.01810000 -0.00126156 -0.00272185
v 0.01970000 -0.00110428 -0.00278937
v 0.01810000 -0.00062561 -0.00293404
v 0.01970000 -0.00054589 -0.00294993
v 0.01810000 0.00000000 -0.00300001
v 0.01970000 0.00000000 -0.00300001
v 0.01970000 0.00054589 -0.00294993
v 0.01810000 0.00062561 -0.00293404
v 0.01970000 0.00110428 -0.00278937
v 0.01810000 0.00110428 -0.00278937
v 0.01810000 0.00156755 -0.00255789
v 0.01650000 0.00110428 -0.00278937
v 0.01650000 0.00164163 -0.00251099
v 0.01650000 -0.00294992 -0.00054590
v 0.01650000 -0.00278936 -0.00110429
v 0.01650000 -0.00251099 -0.00164164
v 0.01650000 -0.00212132 -0.00212132
v 0.01650000 -0.00164163 -0.00251099
v 0.01650000 -0.00110428 -0.00278937
v 0.01650000 -0.00054589 -0.00294993
v 0.01650000 0.00000000 -0.00300001
v 0.01650000 0.00054589 -0.00294993
v 0.01810000 0.00199219 -0.00224303
v 0.01650000 0.00212132 -0.00212132
v 0.01810000 0.00235669 -0.00185635
v 0.01650000 0.00251099 -0.00164164
v 0.01810000 0.00264465 -0.00141629
v 0.01650000 0.00278936 -0.00110429
v 0.01810000 0.00284717 -0.00094532
v 0.01650000 0.00294992 -0.00054590
v 0.01810000 0.00296352 -0.00046644
v 0.01650000 0.00300000 -0.00000001
v 0.01970000 0.00300000 -0.00000001
v 0.01970000 0.00294992 -0.00054590
v 0.01970000 0.00278936 -0.00110429
v 0.01970000 0.00251099 -0.00164164
v 0.01970000 0.00212132 -0.00212132
v 0.01970000 0.00164163 -0.00251099
v 0.02070000 -0.00155000 -0.00000001
v 0.01970000 -0.00155000 -0.00000001
v 0.02070000 -0.00152412 -0.00028206
v 0.02020000 -0.00151592 -0.00032324
v 0.02070000 -0.00144117 -0.00057056
v 0.02020000 -0.00140629 -0.00065181
v 0.02070000 -0.00129734 -0.00084818
v 0.02020000 -0.00121763 -0.00095912
v 0.02070000 -0.00109601 -0.00109602
v 0.02020000 -0.00095911 -0.00121762
v 0.02070000 -0.00084817 -0.00129735
v 0.02020000 -0.00065181 -0.00140629
v 0.02070000 -0.00057055 -0.00144117
v 0.02020000 -0.00032323 -0.00151593
v 0.02070000 -0.00028204 -0.00152413
v 0.02020000 0.00000000 -0.00155001
v 0.02070000 0.00000000 -0.00155001
v 0.02070000 0.00028204 -0.00152413
v 0.02020000 0.00032323 -0.00151593
v 0.02070000 0.00057055 -0.00144117
v 0.02020000 0.00057055 -0.00144117
v 0.02020000 0.00080990 -0.00132158
v 0.01970000 0.00057055 -0.00144117
v 0.01970000 0.00084817 -0.00129735
v 0.01970000 -0.00152412 -0.00028206
v 0.01970000 -0.00144117 -0.00057056
v 0.01970000 -0.00129734 -0.00084818
v 0.01970000 -0.00109601 -0.00109602
v 0.01970000 -0.00084817 -0.00129735
v 0.01970000 -0.00057055 -0.00144117
v 0.01970000 -0.00028204 -0.00152413
v 0.01970000 0.00000000 -0.00155001
v 0.01970000 0.00028204 -0.00152413
v 0.02020000 0.00102930 -0.00115890
v 0.01970000 0.00109601 -0.00109602
v 0.02020000 0.00121763 -0.00095912
v 0.01970000 0.00129734 -0.00084818
v 0.02020000 0.00136640 -0.00073174
v 0.01970000 0.00144117 -0.00057056
v 0.02020000 0.00147104 -0.00048842
v 0.01970000 0.00152412 -0.00028206
v 0.02020000 0.00153115 -0.00024100
v 0.01970000 0.00155000 -0.00000001
v 0.02070000 0.00155000 -0.00000001
v 0.02070000 0.00152412 -0.00028206
v 0.02070000 0.00144117 -0.00057056
v 0.02070000 0.00129734 -0.00084818
v 0.02070000 0.00109601 -0.00109602
v 0.02070000 0.00084817 -0.00129735
v 0.01750000 -0.01000000 -0.00000001
v 0.01950000 -0.01000000 -0.00000001
v 0.01750000 -0.00995955 -0.00089855
v 0.01850000 -0.00994692 -0.00102901
v 0.01750000 -0.00983306 -0.00181963
v 0.01850000 -0.00978015 -0.00208536
v 0.01750000 -0.00961399 -0.00275159
v 0.01850000 -0.00949058 -0.00315104
v 0.01750000 -0.00929788 -0.00368095
v 0.01850000 -0.00907283 -0.00420520
v 0.01750000 -0.00888284 -0.00459295
v 0.01850000 -0.00852629 -0.00522517
v 0.01750000 -0.00836996 -0.00547210
v 0.01850000 -0.00785564 -0.00618782
v 0.01750000 -0.00776353 -0.00630299
v 0.01850000 -0.00707107 -0.00707107
v 0.01750000 -0.00707107 -0.00707107
v 0.01750000 -0.00630298 -0.00776354
v 0.01850000 -0.00618780 -0.00785564
v 0.01750000 -0.00547210 -0.00836996
v 0.01850000 -0.00522517 -0.00852630
v 0.01750000 -0.00459295 -0.00888284
v 0.01850000 -0.00420520 -0.00907285
v 0.01750000 -0.00368095 -0.00929788
v 0.01850000 -0.00315104 -0.00949058
v 0.01750000 -0.00275158 -0.00961400
v 0.01850000 -0.00208535 -0.00978016
v 0.01750000 -0.00181963 -0.00983306
v 0.01850000 -0.00102900 -0.00994692
v 0.01750000 -0.00089854 -0.00995955
v 0.01850000 0.00000000 -0.01000001
v 0.01750000 0.00000000 -0.01000001
v 0.01750000 0.00089854 -0.00995955
v 0.01850000 0.00102900 -0.00994692
v 0.01750000 0.00181963 -0.00983306
v 0.01850000 0.00208535 -0.00978016
v 0.01750000 0.00275158 -0.00961400
v 0.01850000 0.00288484 -0.00957485
v 0.01750000 0.00368095 -0.00929788
v 0.01850000 0.00368095 -0.00929788
v 0.01850000 0.00446431 -0.00894818
v 0.01950000 0.00368095 -0.00929788
v 0.01950000 0.00459295 -0.00888284
v 0.01950000 -0.00995955 -0.00089855
v 0.01950000 -0.00983306 -0.00181963
v 0.01950000 -0.00961399 -0.00275159
v 0.01950000 -0.00929788 -0.00368095
v 0.01950000 -0.00888284 -0.00459295
v 0.01950000 -0.00836996 -0.00547210
v 0.01950000 -0.00776353 -0.00630299
v 0.01950000 -0.00707107 -0.00707107
v 0.01950000 -0.00630298 -0.00776354
v 0.01950000 -0.00547210 -0.00836996
v 0.01950000 -0.00459295 -0.00888284
v 0.01950000 -0.00368095 -0.00929788
v 0.01950000 -0.00275158 -0.00961400
v 0.01950000 -0.00181963 -0.00983306
v 0.01950000 -0.00089854 -0.00995955
v 0.01950000 0.00000000 -0.01000001
v 0.01950000 0.00089854 -0.00995955
v 0.01950000 0.00181963 -0.00983306
v 0.01950000 0.00275158 -0.00961400
v 0.01850000 0.00522517 -0.00852630
v 0.01950000 0.00547210 -0.00836996
v 0.01850000 0.00595376 -0.00803447
v 0.01950000 0.00630298 -0.00776354
v 0.01850000 0.00664065 -0.00747675
v 0.01950000 0.00707107 -0.00707107
v 0.01850000 0.00727714 -0.00685882
v 0.01950000 0.00776353 -0.00630299
v 0.01850000 0.00785564 -0.00618782
v 0.01950000 0.00836996 -0.00547210
v 0.01850000 0.00836996 -0.00547210
v 0.01850000 0.00881550 -0.00472092
v 0.01750000 0.00836996 -0.00547210
v 0.01750000 0.00888284 -0.00459295
v 0.01850000 0.00918941 -0.00394397
v 0.01750000 0.00929788 -0.00368095
v 0.01850000 0.00949057 -0.00315104
v 0.01750000 0.00961399 -0.00275159
v 0.01850000 0.00971955 -0.00235168
v 0.01750000 0.00983306 -0.00181963
v 0.01850000 0.00987839 -0.00155481
v 0.01750000 0.00995955 -0.00089855
v 0.01850000 0.00997042 -0.00076856
v 0.01750000 0.01000000 -0.00000001
v 0.01950000 0.01000000 -0.00000001
v 0.01950000 0.00995955 -0.00089855
v 0.01950000 0.00983306 -0.00181963
v 0.01950000 0.00961399 -0.00275159
v 0.01950000 0.00929788 -0.00368095
v 0.01950000 0.00888284 -0.00459295
v 0.01750000 0.00776353 -0.00630299
v 0.01750000 0.00707107 -0.00707107
v 0.01750000 0.00630298 -0.00776354
v 0.01750000 0.00547210 -0.00836996
v 0.01750000 0.00459295 -0.00888284
v 0.02010000 -0.00497346 -0.00051450
v 0.01950000 -0.00500000 -0.00000001
v 0.01950000 -0.00491653 -0.00090983
v 0.02070000 -0.00500000 -0.00000001
v 0.02070000 -0.00491653 -0.00090983
v 0.02070000 -0.00464894 -0.00184048
v 0.02010000 -0.00474529 -0.00157552
v 0.02010000 -0.00489007 -0.00104269
v 0.02010000 -0.00453642 -0.00210260
v 0.02070000 -0.00418498 -0.00273605
v 0.02010000 -0.00426314 -0.00261260
v 0.02010000 -0.00392782 -0.00309390
v 0.01950000 -0.00418498 -0.00273605
v 0.01950000 -0.00353553 -0.00353554
v 0.02010000 -0.00353553 -0.00353554
v 0.02010000 -0.00309390 -0.00392783
v 0.02070000 -0.00353553 -0.00353554
v 0.02070000 -0.00273605 -0.00418498
v 0.02070000 -0.00184047 -0.00464894
v 0.02010000 -0.00210260 -0.00453643
v 0.02010000 -0.00261259 -0.00426315
v 0.01950000 -0.00273605 -0.00418498
v 0.02010000 -0.00157552 -0.00474530
v 0.02070000 -0.00090982 -0.00491654
v 0.02010000 -0.00104267 -0.00489008
v 0.02010000 -0.00051450 -0.00497346
v 0.01950000 -0.00090982 -0.00491654
v 0.01950000 0.00000000 -0.00500000
v 0.02010000 0.00000000 -0.00500000
v 0.02010000 0.00051450 -0.00497346
v 0.02070000 0.00000000 -0.00500000
v 0.02070000 0.00090982 -0.00491654
v 0.02010000 0.00104268 -0.00489008
v 0.02070000 0.00184047 -0.00464894
v 0.02010000 0.00184047 -0.00464894
v 0.02010000 0.00261259 -0.00426315
v 0.01950000 0.00184047 -0.00464894
v 0.01950000 0.00273605 -0.00418498
v 0.02010000 0.00332032 -0.00373838
v 0.01950000 0.00353554 -0.00353554
v 0.02010000 0.00392782 -0.00309390
v 0.01950000 0.00418498 -0.00273605
v 0.02010000 0.00440775 -0.00236047
v 0.01950000 0.00464894 -0.00184048
v 0.02010000 0.00474529 -0.00157552
v 0.01950000 0.00491653 -0.00090983
v 0.02010000 0.00493920 -0.00077741
v 0.01950000 0.00500000 -0.00000001
v 0.02070000 0.00500000 -0.00000001
v 0.02070000 0.00491653 -0.00090983
v 0.02070000 0.00464894 -0.00184048
v 0.02070000 0.00418498 -0.00273605
v 0.02070000 0.00353554 -0.00353554
v 0.02070000 0.00273605 -0.00418498
v 0.01950000 0.00090982 -0.00491654
v 0.01950000 -0.00184047 -0.00464894
v 0.01950000 -0.00464894 -0.00184048
v 0.01700000 0.00497346 -0.00051451
v 0.01750000 0.00500000 -0.00000001
v 0.01750000 0.00491653 -0.00090983
v 0.01650000 0.00500000 -0.00000001
v 0.01650000 0.00491653 -0.00090983
v 0.01700000 0.00474529 -0.00157552
v 0.01650000 0.00464894 -0.00184048
v 0.01700000 0.00489008 -0.00104269
v 0.01700000 0.00453642 -0.00210260
v 0.01650000 0.00418498 -0.00273605
v 0.01700000 0.00426314 -0.00261260
v 0.01700000 0.00392782 -0.00309390
v 0.01750000 0.00418498 -0.00273605
v 0.01750000 0.00353554 -0.00353554
v 0.01700000 0.00353554 -0.00353554
v 0.01700000 0.00309390 -0.00392783
v 0.01650000 0.00353554 -0.00353554
v 0.01650000 0.00273605 -0.00418498
v 0.01700000 0.00210260 -0.00453643
v 0.01650000 0.00184047 -0.00464894
v 0.01700000 0.00261259 -0.00426315
v 0.01750000 0.00273605 -0.00418498
v 0.01700000 0.00157552 -0.00474530
v 0.01650000 0.00090982 -0.00491654
v 0.01700000 0.00104268 -0.00489008
v 0.01700000 0.00051450 -0.00497346
v 0.01750000 0.00090982 -0.00491654
v 0.01750000 0.00000000 -0.00500000
v 0.01700000 0.00000000 -0.00500000
v 0.01700000 -0.00051450 -0.00497346
v 0.01650000 0.00000000 -0.00500000
v 0.01650000 -0.00090982 -0.00491654
v 0.01700000 -0.00104267 -0.00489008
v 0.01650000 -0.00184047 -0.00464894
v 0.01700000 -0.00184047 -0.00464894
v 0.01700000 -0.00261259 -0.00426315
v 0.01750000 -0.00184047 -0.00464894
v 0.01750000 -0.00273605 -0.00418498
v 0.01700000 -0.00332032 -0.00373838
v 0.01750000 -0.00353553 -0.00353554
v 0.01700000 -0.00392782 -0.00309390
v 0.01750000 -0.00418498 -0.00273605
v 0.01700000 -0.00440775 -0.00236047
v 0.01750000 -0.00464894 -0.00184048
v 0.01700000 -0.00474529 -0.00157552
v 0.01750000 -0.00491653 -0.00090983
v 0.01700000 -0.00493919 -0.00077741
v 0.01750000 -0.00500000 -0.00000001
v 0.01650000 -0.00500000 -0.00000001
v 0.01650000 -0.00491653 -0.00090983
v 0.01650000 -0.00464894 -0.00184048
v 0.01650000 -0.00418498 -0.00273605
v 0.01650000 -0.00353553 -0.00353554
v 0.01650000 -0.00273605 -0.00418498
v 0.01750000 -0.00090982 -0.00491654
v 0.01750000 0.00184047 -0.00464894
v 0.01750000 0.00464894 -0.00184048
v 0.01700000 0.00493920 0.00077740
v 0.01650000 0.00491653 0.00090981
v 0.01750000 0.00491653 0.00090981
v 0.01700000 0.00474529 0.00157551
v 0.01750000 0.00464894 0.00184047
v 0.01700000 0.00440775 0.00236046
v 0.01750000 0.00418498 0.00273604
v 0.01700000 0.00392782 0.00309389
v 0.01750000 0.00353554 0.00353553
v 0.01700000 0.00332032 0.00373837
v 0.01750000 0.00273605 0.00418497
v 0.01700000 0.00261259 0.00426314
v 0.01750000 0.00184047 0.00464893
v 0.01700000 0.00184047 0.00464893
v 0.01700000 0.00104268 0.00489006
v 0.01650000 0.00184047 0.00464893
v 0.01650000 0.00090982 0.00491653
v 0.01700000 0.00051450 0.00497345
v 0.01650000 0.00000000 0.00499999
v 0.01700000 0.00000000 0.00499999
v 0.01700000 -0.00051450 0.00497345
v 0.01750000 0.00000000 0.00499999
v 0.01750000 -0.00090982 0.00491653
v 0.01750000 0.00090982 0.00491653
v 0.01750000 -0.00184047 0.00464893
v 0.01700000 -0.00157552 0.00474528
v 0.01700000 -0.00104267 0.00489006
v 0.01650000 -0.00090982 0.00491653
v 0.01700000 -0.00210260 0.00453641
v 0.01750000 -0.00273605 0.00418497
v 0.01700000 -0.00261259 0.00426314
v 0.01700000 -0.00309390 0.00392782
v 0.01650000 -0.00273605 0.00418497
v 0.01650000 -0.00353553 0.00353553
v 0.01700000 -0.00353553 0.00353553
v 0.01700000 -0.00392782 0.00309389
v 0.01750000 -0.00353553 0.00353553
v 0.01750000 -0.00418498 0.00273604
v 0.01750000 -0.00464894 0.00184047
v 0.01700000 -0.00453642 0.00210259
v 0.01700000 -0.00426314 0.00261258
v 0.01650000 -0.00418498 0.00273604
v 0.01700000 -0.00474529 0.00157551
v 0.01750000 -0.00491653 0.00090981
v 0.01700000 -0.00489007 0.00104267
v 0.01700000 -0.00497346 0.00051449
v 0.01650000 -0.00491653 0.00090981
v 0.01650000 -0.00464894 0.00184047
v 0.01650000 -0.00184047 0.00464893
v 0.01650000 0.00273605 0.00418497
v 0.01650000 0.00353554 0.00353553
v 0.01650000 0.00418498 0.00273604
v 0.01650000 0.00464894 0.00184047
v 0.01650000 0.00294992 0.00054588
v 0.01650000 0.00278936 0.00110427
v 0.01650000 0.00251099 0.00164163
v 0.01650000 0.00212132 0.00212131
v 0.01650000 0.00164163 0.00251097
v 0.01650000 0.00110428 0.00278936
v 0.01650000 0.00054589 0.00294992
v 0.01650000 0.00000000 0.00300000
v 0.01650000 -0.00054589 0.00294992
v 0.01650000 -0.00110428 0.00278936
v 0.01650000 -0.00164163 0.00251097
v 0.01650000 -0.00212132 0.00212131
v 0.01650000 -0.00251099 0.00164163
v 0.01650000 -0.00278936 0.00110427
v 0.01650000 -0.00294992 0.00054588
v 0.02010000 -0.00493919 0.00077740
v 0.02070000 -0.00491653 0.00090981
v 0.01950000 -0.00491653 0.00090981
v 0.02010000 -0.00474529 0.00157551
v 0.01950000 -0.00464894 0.00184047
v 0.02010000 -0.00440775 0.00236046
v 0.01950000 -0.00418498 0.00273604
v 0.02010000 -0.00392782 0.00309389
v 0.01950000 -0.00353553 0.00353553
v 0.02010000 -0.00332032 0.00373837
v 0.01950000 -0.00273605 0.00418497
v 0.02010000 -0.00261259 0.00426314
v 0.01950000 -0.00184047 0.00464893
v 0.02010000 -0.00184047 0.00464893
v 0.02010000 -0.00104267 0.00489006
v 0.02070000 -0.00184047 0.00464893
v 0.02070000 -0.00090982 0.00491653
v 0.02010000 -0.00051450 0.00497345
v 0.02070000 0.00000000 0.00499999
v 0.02010000 0.00000000 0.00499999
v 0.02010000 0.00051450 0.00497345
v 0.01950000 0.00000000 0.00499999
v 0.01950000 0.00090982 0.00491653
v 0.01950000 -0.00090982 0.00491653
v 0.01950000 0.00184047 0.00464893
v 0.02010000 0.00157552 0.00474528
v 0.02010000 0.00104268 0.00489006
v 0.02070000 0.00090982 0.00491653
v 0.02010000 0.00210260 0.00453641
v 0.01950000 0.00273605 0.00418497
v 0.02010000 0.00261259 0.00426314
v 0.02010000 0.00309390 0.00392782
v 0.02070000 0.00273605 0.00418497
v 0.02070000 0.00353554 0.00353553
v 0.02010000 0.00353554 0.00353553
v 0.02010000 0.00392782 0.00309389
v 0.01950000 0.00353554 0.00353553
v 0.01950000 0.00418498 0.00273604
v 0.01950000 0.00464894 0.00184047
v 0.02010000 0.00453642 0.00210259
v 0.02010000 0.00426314 0.00261258
v 0.02070000 0.00418498 0.00273604
v 0.02010000 0.00474529 0.00157551
v 0.01950000 0.00491653 0.00090981
v 0.02010000 0.00489008 0.00104267
v 0.02010000 0.00497346 0.00051449
v 0.02070000 0.00491653 0.00090981
v 0.02070000 0.00464894 0.00184047
v 0.02070000 0.00184047 0.00464893
v 0.02070000 -0.00273605 0.00418497
v 0.02070000 -0.00353553 0.00353553
v 0.02070000 -0.00418498 0.00273604
v 0.02070000 -0.00464894 0.00184047
v 0.02070000 -0.00152412 0.00028204
v 0.02070000 -0.00144117 0.00057054
v 0.02070000 -0.00129734 0.00084817
v 0.02070000 -0.00109601 0.00109600
v 0.02070000 -0.00084817 0.00129733
v 0.02070000 -0.00057055 0.00144116
v 0.02070000 -0.00028204 0.00152411
v 0.02070000 0.00000000 0.00155000
v 0.02070000 0.00028204 0.00152411
v 0.02070000 0.00057055 0.00144116
v 0.02070000 0.00084817 0.00129733
v 0.02070000 0.00109601 0.00109600
v 0.02070000 0.00129734 0.00084817
v 0.02070000 0.00144117 0.00057054
v 0.02070000 0.00152412 0.00028204
v 0.01950000 -0.00995955 0.00089853
v 0.01850000 -0.00997042 0.00076855
v 0.01750000 -0.00995955 0.00089853
v 0.01850000 -0.00987839 0.00155480
v 0.01750000 -0.00983306 0.00181962
v 0.01850000 -0.00971955 0.00235167
v 0.01750000 -0.00961399 0.00275158
v 0.01850000 -0.00949058 0.00315102
v 0.01750000 -0.00929788 0.00368094
v 0.01850000 -0.00918941 0.00394396
v 0.01750000 -0.00888284 0.00459293
v 0.01850000 -0.00881550 0.00472091
v 0.01750000 -0.00836996 0.00547209
v 0.01850000 -0.00836996 0.00547209
v 0.01850000 -0.00785564 0.00618781
v 0.01950000 -0.00836996 0.00547209
v 0.01950000 -0.00776353 0.00630298
v 0.01850000 -0.00727714 0.00685880
v 0.01950000 -0.00707107 0.00707106
v 0.01850000 -0.00664065 0.00747674
v 0.01950000 -0.00630298 0.00776353
v 0.01850000 -0.00595376 0.00803446
v 0.01950000 -0.00547210 0.00836995
v 0.01850000 -0.00522517 0.00852629
v 0.01950000 -0.00459295 0.00888283
v 0.01850000 -0.00446431 0.00894817
v 0.01950000 -0.00368095 0.00929787
v 0.01850000 -0.00368095 0.00929787
v 0.01850000 -0.00288484 0.00957484
v 0.01750000 -0.00368095 0.00929787
v 0.01750000 -0.00275158 0.00961399
v 0.01750000 -0.00776353 0.00630298
v 0.01750000 -0.00707107 0.00707106
v 0.01750000 -0.00630298 0.00776353
v 0.01750000 -0.00547210 0.00836995
v 0.01750000 -0.00459295 0.00888283
v 0.01850000 -0.00208535 0.00978015
v 0.01750000 -0.00181963 0.00983305
v 0.01850000 -0.00102900 0.00994691
v 0.01750000 -0.00089854 0.00995954
v 0.01850000 0.00000000 0.01000000
v 0.01750000 0.00000000 0.01000000
v 0.01750000 0.00089854 0.00995954
v 0.01850000 0.00102900 0.00994691
v 0.01750000 0.00181963 0.00983305
v 0.01850000 0.00208535 0.00978015
v 0.01750000 0.00275158 0.00961399
v 0.01850000 0.00315104 0.00949057
v 0.01750000 0.00368095 0.00929787
v 0.01850000 0.00420520 0.00907283
v 0.01750000 0.00459295 0.00888283
v 0.01850000 0.00522517 0.00852629
v 0.01750000 0.00547210 0.00836995
v 0.01850000 0.00618780 0.00785563
v 0.01750000 0.00630298 0.00776353
v 0.01850000 0.00707107 0.00707106
v 0.01750000 0.00707107 0.00707106
v 0.01750000 0.00776353 0.00630298
v 0.01850000 0.00785564 0.00618781
v 0.01750000 0.00836996 0.00547209
v 0.01850000 0.00852629 0.00522516
v 0.01750000 0.00888284 0.00459293
v 0.01850000 0.00907283 0.00420519
v 0.01750000 0.00929788 0.00368094
v 0.01850000 0.00949057 0.00315102
v 0.01750000 0.00961399 0.00275158
v 0.01850000 0.00978015 0.00208535
v 0.01750000 0.00983306 0.00181962
v 0.01850000 0.00994692 0.00102899
v 0.01750000 0.00995955 0.00089853
v 0.01950000 0.00995955 0.00089853
v 0.01950000 0.00983306 0.00181962
v 0.01950000 0.00961399 0.00275158
v 0.01950000 0.00929788 0.00368094
v 0.01950000 0.00888284 0.00459293
v 0.01950000 0.00836996 0.00547209
v 0.01950000 0.00776353 0.00630298
v 0.01950000 0.00707107 0.00707106
v 0.01950000 0.00630298 0.00776353
v 0.01950000 0.00547210 0.00836995
v 0.01950000 0.00459295 0.00888283
v 0.01950000 0.00368095 0.00929787
v 0.01950000 0.00275158 0.00961399
v 0.01950000 0.00181963 0.00983305
v 0.01950000 0.00089854 0.00995954
v 0.01950000 0.00000000 0.01000000
v 0.01950000 -0.00089854 0.00995954
v 0.01950000 -0.00181963 0.00983305
v 0.01950000 -0.00275158 0.00961399
v 0.01950000 -0.00888284 0.00459293
v 0.01950000 -0.00929788 0.00368094
v 0.01950000 -0.00961399 0.00275158
v 0.01950000 -0.00983306 0.00181962
v 0.01750000 0.00778665 0.00014556
v 0.01750000 0.00700000 0.00079999
v 0.01750000 0.00714557 0.00078664
v 0.01750000 0.00729448 0.00074383
v 0.01750000 0.00574174 0.00506268
v 0.01750000 0.00571680 0.00517697
v 0.01750000 0.00567434 0.00528880
v 0.01750000 0.00561492 0.00539420
v 0.01750000 0.00554029 0.00548943
v 0.01750000 0.00545321 0.00557145
v 0.01750000 0.00535717 0.00563822
v 0.01750000 0.00525590 0.00568884
v 0.01750000 0.00514849 0.00572466
v 0.01750000 0.00503336 0.00574536
v 0.01750000 0.00491379 0.00574894
v 0.01750000 0.00078664 0.00714556
v 0.01750000 0.00000000 0.00779999
v 0.01750000 0.00014557 0.00778664
v 0.01750000 0.00029448 0.00774383
v 0.01750000 0.00049165 0.00909098
v 0.01750000 0.00046489 0.00918404
v 0.01750000 0.00041850 0.00927360
v 0.01750000 0.00035355 0.00935354
v 0.01750000 0.00027360 0.00941850
v 0.01750000 0.00018405 0.00946488
v 0.01750000 0.00009098 0.00949165
v 0.01750000 0.00000000 0.00949999
v 0.01750000 -0.00009098 0.00949165
v 0.01750000 -0.00018405 0.00946488
v 0.01750000 -0.00027360 0.00941850
v 0.01750000 -0.00035355 0.00935354
v 0.01750000 -0.00041850 0.00927360
v 0.01750000 -0.00046489 0.00918404
v 0.01750000 -0.00049165 0.00909098
v 0.01750000 -0.00066959 0.00743776
v 0.01750000 -0.00056568 0.00756569
v 0.01750000 -0.00078664 0.00714556
v 0.01750000 -0.00074383 0.00729447
v 0.01750000 -0.00494975 0.00574974
v 0.01750000 -0.00509532 0.00573639
v 0.01750000 -0.00524423 0.00569358
v 0.01750000 -0.00538751 0.00561934
v 0.01750000 -0.00551543 0.00551542
v 0.01750000 -0.00561934 0.00538751
v 0.01750000 -0.00569358 0.00524422
v 0.01750000 -0.00573639 0.00509531
v 0.01750000 -0.00700000 0.00079999
v 0.01750000 -0.00685443 0.00078664
v 0.01750000 -0.00416311 0.00509531
v 0.01750000 -0.00778664 0.00014556
v 0.01750000 -0.00774383 0.00029447
v 0.01750000 -0.00766960 0.00043776
v 0.01750000 -0.00561934 -0.00451199
v 0.01750000 -0.00551543 -0.00438406
v 0.01750000 -0.00538751 -0.00428016
v 0.01750000 -0.00569358 -0.00465528
v 0.01750000 -0.00573639 -0.00480419
v 0.01750000 0.00078664 -0.00685444
v 0.01750000 0.00074383 -0.00670553
v 0.01750000 0.00066960 -0.00656224
v 0.01750000 0.00056569 -0.00643433
v 0.01750000 0.00043777 -0.00633041
v 0.01750000 0.00029448 -0.00625617
v 0.01750000 0.00014557 -0.00621336
v 0.01750000 0.00573467 -0.00479518
v 0.01750000 0.00568885 -0.00464361
v 0.01750000 0.00561407 -0.00450403
v 0.01750000 0.00551543 -0.00438406
v 0.01750000 0.00542991 -0.00430987
v 0.01750000 0.00533147 -0.00424669
v 0.01750000 0.00522236 -0.00419763
v 0.01750000 0.00510582 -0.00416512
v 0.01750000 0.00498571 -0.00415056
v 0.01750000 0.00464360 -0.00421066
v 0.01750000 0.00475101 -0.00417483
v 0.01750000 0.00486614 -0.00415414
v 0.01750000 0.00422515 -0.00461069
v 0.01750000 0.00428457 -0.00450530
v 0.01750000 0.00435921 -0.00441006
v 0.01750000 0.00415776 -0.00483682
v 0.01750000 0.00000000 -0.00620001
v 0.01750000 -0.00014557 -0.00621336
v 0.01750000 -0.00029448 -0.00625617
v 0.01750000 -0.00043777 -0.00633041
v 0.01750000 -0.00056568 -0.00643433
v 0.01750000 -0.00066959 -0.00656224
v 0.01750000 -0.00074383 -0.00670553
v 0.01750000 -0.00078664 -0.00685444
v 0.01750000 -0.00420592 -0.00465528
v 0.01750000 -0.00416311 -0.00480419
v 0.01750000 -0.00465527 -0.00420592
v 0.01750000 -0.00451198 -0.00428016
v 0.01750000 -0.00438406 -0.00438406
v 0.01750000 -0.00494975 -0.00414976
v 0.01750000 -0.00480418 -0.00416311
v 0.01750000 -0.00625617 0.00029447
v 0.01750000 -0.00621336 0.00014556
v 0.01750000 -0.00656223 0.00066959
v 0.01750000 -0.00643431 0.00056567
v 0.01750000 -0.00633040 0.00043776
v 0.01750000 0.00000000 0.00574934
v 0.01750000 -0.00420592 0.00524422
v 0.01750000 -0.00428015 0.00538751
v 0.01750000 -0.00438406 0.00551542
v 0.01750000 -0.00451198 0.00561934
v 0.01750000 -0.00465527 0.00569358
v 0.01750000 -0.00480418 0.00573639
v 0.01750000 0.00438406 0.00551542
v 0.01750000 0.00428542 0.00539547
v 0.01750000 0.00421064 0.00525589
v 0.01750000 0.00416482 0.00510431
v 0.01750000 0.00685443 0.00078664
v 0.01750000 0.00656223 0.00066959
v 0.01750000 0.00670553 0.00074383
v 0.01750000 0.00625617 0.00029447
v 0.01750000 0.00633041 0.00043776
v 0.01750000 0.00643432 0.00056567
v 0.01750000 0.00743777 0.00066959
v 0.01750000 0.00756569 0.00056567
v 0.01750000 0.00766960 0.00043776
v 0.01750000 0.00774383 0.00029447
v 0.01750000 0.00621336 0.00014556
v 0.01750000 -0.00014557 0.00778664
v 0.01750000 -0.00029448 0.00774383
v 0.01750000 -0.00043777 0.00766959
v 0.01750000 0.00446959 0.00558961
v 0.01750000 0.00456803 0.00565281
v 0.01750000 0.00467713 0.00570186
v 0.01750000 0.00479368 0.00573436
v 0.01750000 0.00043777 0.00766959
v 0.01750000 0.00056569 0.00756569
v 0.01750000 0.00066960 0.00743776
v 0.01750000 0.00074383 0.00729447
v 0.01750000 -0.00756568 0.00056567
v 0.01750000 -0.00743777 0.00066959
v 0.01750000 -0.00729448 0.00074383
v 0.01750000 -0.00714557 0.00078664
v 0.01750000 -0.00670553 0.00074383
v 0.01750000 -0.00524423 -0.00420592
v 0.01750000 -0.00509532 -0.00416311
v 0.01750000 -0.00428015 -0.00451199
v 0.01750000 0.00418270 -0.00472253
v 0.01750000 0.00444628 -0.00432805
v 0.01750000 0.00454233 -0.00426128
v 0.01950000 -0.00778664 0.00014556
v 0.01950000 -0.00766960 0.00043776
v 0.01950000 -0.00774383 0.00029447
v 0.01950000 -0.00743777 0.00066959
v 0.01950000 -0.00756568 0.00056569
v 0.01950000 -0.00714557 0.00078664
v 0.01950000 -0.00729448 0.00074383
v 0.01950000 -0.00574173 0.00506268
v 0.01950000 -0.00571680 0.00517697
v 0.01950000 -0.00567434 0.00528880
v 0.01950000 -0.00561493 0.00539420
v 0.01950000 -0.00554029 0.00548943
v 0.01950000 -0.00545321 0.00557145
v 0.01950000 -0.00535717 0.00563822
v 0.01950000 -0.00525589 0.00568884
v 0.01950000 -0.00514849 0.00572466
v 0.01950000 -0.00503336 0.00574536
v 0.01950000 -0.00491379 0.00574894
v 0.01950000 -0.00479368 0.00573436
v 0.01950000 -0.00467714 0.00570186
v 0.01950000 -0.00456803 0.00565281
v 0.01950000 -0.00446958 0.00558961
v 0.01950000 -0.00078664 0.00714556
v 0.01950000 -0.00074383 0.00729447
v 0.01950000 -0.00066959 0.00743776
v 0.01950000 -0.00049165 0.00909098
v 0.01950000 -0.00018405 0.00946488
v 0.01950000 -0.00027360 0.00941850
v 0.01950000 -0.00035355 0.00935354
v 0.01950000 0.00018405 0.00946488
v 0.01950000 0.00009098 0.00949165
v 0.01950000 0.00000000 0.00949999
v 0.01950000 0.00049165 0.00909098
v 0.01950000 0.00046489 0.00918404
v 0.01950000 0.00041850 0.00927360
v 0.01950000 0.00066960 0.00743776
v 0.01950000 0.00078664 0.00714556
v 0.01950000 0.00074383 0.00729447
v 0.01950000 0.00494975 0.00574974
v 0.01950000 0.00509532 0.00573639
v 0.01950000 0.00524422 0.00569358
v 0.01950000 0.00538752 0.00561934
v 0.01950000 0.00551543 0.00551542
v 0.01950000 0.00561934 0.00538751
v 0.01950000 0.00569358 0.00524422
v 0.01950000 0.00573639 0.00509531
v 0.01950000 0.00700000 0.00079999
v 0.01950000 0.00685443 0.00078664
v 0.01950000 0.00714557 0.00078664
v 0.01950000 0.00729448 0.00074383
v 0.01950000 0.00743777 0.00066959
v 0.01950000 0.00756569 0.00056569
v 0.01950000 0.00766960 0.00043776
v 0.01950000 0.00774383 0.00029447
v 0.01950000 0.00778665 0.00014556
v 0.01950000 0.00551543 -0.00438406
v 0.01950000 0.00538752 -0.00428016
v 0.01950000 0.00524422 -0.00420592
v 0.01950000 0.00509532 -0.00416311
v 0.01950000 0.00561934 -0.00451199
v 0.01950000 0.00569358 -0.00465528
v 0.01950000 0.00573639 -0.00480419
v 0.01950000 0.00078664 -0.00685444
v 0.01950000 0.00074383 -0.00670553
v 0.01950000 -0.00078664 -0.00685444
v 0.01950000 -0.00074383 -0.00670553
v 0.01950000 -0.00066959 -0.00656224
v 0.01950000 -0.00056568 -0.00643433
v 0.01950000 -0.00043777 -0.00633041
v 0.01950000 -0.00029448 -0.00625617
v 0.01950000 -0.00014557 -0.00621336
v 0.01950000 0.00000000 -0.00620001
v 0.01950000 0.00000000 -0.00574935
v 0.01950000 0.00014557 -0.00621336
v 0.01950000 0.00029448 -0.00625617
v 0.01950000 0.00043777 -0.00633041
v 0.01950000 0.00056569 -0.00643433
v 0.01950000 0.00066960 -0.00656224
v 0.01950000 -0.00573467 -0.00479518
v 0.01950000 -0.00568885 -0.00464361
v 0.01950000 -0.00561407 -0.00450403
v 0.01950000 -0.00551543 -0.00438406
v 0.01950000 -0.00542991 -0.00430987
v 0.01950000 -0.00533146 -0.00424669
v 0.01950000 -0.00522236 -0.00419763
v 0.01950000 -0.00510582 -0.00416512
v 0.01950000 -0.00498571 -0.00415056
v 0.01950000 -0.00486614 -0.00415414
v 0.01950000 -0.00475101 -0.00417483
v 0.01950000 -0.00464360 -0.00421066
v 0.01950000 -0.00454233 -0.00426128
v 0.01950000 -0.00444628 -0.00432805
v 0.01950000 -0.00435920 -0.00441006
v 0.01950000 -0.00428457 -0.00450530
v 0.01950000 -0.00422515 -0.00461069
v 0.01950000 -0.00418270 -0.00472253
v 0.01950000 -0.00415776 -0.00483682
v 0.01950000 0.00625617 0.00029447
v 0.01950000 0.00621336 0.00014556
v 0.01950000 0.00656223 0.00066959
v 0.01950000 0.00643432 0.00056569
v 0.01950000 0.00633041 0.00043776
v 0.01950000 0.00670553 0.00074383
v 0.01950000 0.00416310 0.00509531
v 0.01950000 0.00438406 0.00551542
v 0.01950000 0.00428015 0.00538751
v 0.01950000 -0.00428542 0.00539547
v 0.01950000 -0.00438406 0.00551542
v 0.01950000 -0.00416482 0.00510431
v 0.01950000 -0.00421064 0.00525589
v 0.01950000 -0.00656223 0.00066959
v 0.01950000 -0.00670553 0.00074383
v 0.01950000 -0.00685443 0.00078664
v 0.01950000 -0.00625617 0.00029447
v 0.01950000 -0.00633040 0.00043776
v 0.01950000 -0.00643431 0.00056569
v 0.01950000 0.00416310 -0.00480419
v 0.01950000 0.00420592 -0.00465528
v 0.01950000 0.00428015 -0.00451199
v 0.01950000 0.00438406 -0.00438406
v 0.01950000 0.00451198 -0.00428016
v 0.01950000 0.00465527 -0.00420592
v 0.01950000 0.00480418 -0.00416311
v 0.01950000 0.00494975 -0.00414976
v 0.01950000 -0.00056568 0.00756569
v 0.01950000 -0.00043777 0.00766959
v 0.01950000 -0.00029448 0.00774383
v 0.01950000 -0.00014557 0.00778664
v 0.01950000 0.00000000 0.00779999
v 0.01950000 0.00014557 0.00778664
v 0.01950000 0.00029448 0.00774383
v 0.01950000 0.00043777 0.00766959
v 0.01950000 0.00056569 0.00756569
v 0.01950000 0.00035355 0.00935354
v 0.01950000 0.00027360 0.00941850
v 0.01950000 -0.00009098 0.00949165
v 0.01950000 -0.00041850 0.00927360
v 0.01950000 -0.00046489 0.00918404
v 0.01950000 0.00480418 0.00573639
v 0.01950000 0.00465527 0.00569358
v 0.01950000 0.00451198 0.00561934
v 0.01950000 0.00420592 0.00524422
v 0.01950000 -0.00621336 0.00014556
v 0.01950000 -0.00700000 0.00079999
v 0.01970000 -0.00152412 0.00028204
v 0.02020000 -0.00153115 0.00024099
v 0.02020000 -0.00147104 0.00048841
v 0.02020000 -0.00136640 0.00073173
v 0.02020000 -0.00121763 0.00095911
v 0.02020000 -0.00102930 0.00115889
v 0.02020000 -0.00080990 0.00132156
v 0.02020000 -0.00057055 0.00144116
v 0.02020000 -0.00032323 0.00151592
v 0.01970000 -0.00057055 0.00144116
v 0.01970000 -0.00028204 0.00152411
v 0.02020000 0.00000000 0.00155000
v 0.01970000 0.00000000 0.00155000
v 0.01970000 0.00028204 0.00152411
v 0.02020000 0.00032323 0.00151592
v 0.01970000 0.00057055 0.00144116
v 0.02020000 0.00065181 0.00140628
v 0.01970000 0.00084817 0.00129733
v 0.02020000 0.00095911 0.00121761
v 0.01970000 0.00109601 0.00109600
v 0.02020000 0.00121763 0.00095911
v 0.01970000 0.00129734 0.00084817
v 0.02020000 0.00140629 0.00065180
v 0.01970000 0.00144117 0.00057054
v 0.02020000 0.00151592 0.00032323
v 0.01970000 0.00152412 0.00028204
v 0.01970000 -0.00084817 0.00129733
v 0.01970000 -0.00109601 0.00109600
v 0.01970000 -0.00129734 0.00084817
v 0.01970000 -0.00144117 0.00057054
v 0.01810000 -0.00296352 0.00046643
v 0.01970000 -0.00294992 0.00054588
v 0.01810000 -0.00284717 0.00094531
v 0.01970000 -0.00278936 0.00110427
v 0.01810000 -0.00264465 0.00141627
v 0.01970000 -0.00251099 0.00164163
v 0.01810000 -0.00235669 0.00185634
v 0.01970000 -0.00212132 0.00212131
v 0.01810000 -0.00199219 0.00224302
v 0.01970000 -0.00164163 0.00251097
v 0.01810000 -0.00156755 0.00255788
v 0.01970000 -0.00110428 0.00278936
v 0.01810000 -0.00110428 0.00278936
v 0.01810000 -0.00062561 0.00293403
v 0.01810000 0.00000000 0.00300000
v 0.01810000 0.00062561 0.00293403
v 0.01810000 0.00126156 0.00272184
v 0.01810000 0.00185634 0.00235669
v 0.01810000 0.00235669 0.00185634
v 0.01810000 0.00272185 0.00126156
v 0.01810000 0.00293405 0.00062560
v 0.01970000 0.00294992 0.00054588
v 0.01970000 -0.00054589 0.00294992
v 0.01970000 0.00000000 0.00300000
v 0.01970000 0.00054589 0.00294992
v 0.01970000 0.00110428 0.00278936
v 0.01970000 0.00164163 0.00251097
v 0.01970000 0.00212132 0.00212131
v 0.01970000 0.00251099 0.00164163
v 0.01970000 0.00278936 0.00110427
v 0.01850000 0.00620973 0.00012437
v 0.01850000 0.00624076 0.00025208
v 0.01850000 0.00629476 0.00037766
v 0.01850000 0.00637155 0.00049503
v 0.01850000 0.00646875 0.00059814
v 0.01850000 0.00658199 0.00068209
v 0.01850000 0.00670553 0.00074383
v 0.01850000 0.00683317 0.00078241
v 0.01850000 0.00700000 0.00079999
v 0.01850000 0.00716683 0.00078241
v 0.01850000 0.00733642 0.00072581
v 0.01850000 0.00749503 0.00062845
v 0.01850000 0.00762845 0.00049503
v 0.01850000 0.00772583 0.00033640
v 0.01850000 0.00778241 0.00016683
v 0.01850000 -0.00049392 0.00907774
v 0.01850000 -0.00047453 0.00915755
v 0.01850000 -0.00044078 0.00923605
v 0.01850000 -0.00039278 0.00930939
v 0.01850000 -0.00033203 0.00937384
v 0.01850000 -0.00026126 0.00942631
v 0.01850000 -0.00018405 0.00946488
v 0.01850000 -0.00010427 0.00948901
v 0.01850000 0.00000000 0.00949999
v 0.01850000 0.00010427 0.00948901
v 0.01850000 0.00021026 0.00945363
v 0.01850000 0.00030939 0.00939278
v 0.01850000 0.00039278 0.00930939
v 0.01850000 0.00045364 0.00921025
v 0.01850000 0.00048901 0.00910426
v 0.01850000 0.00415948 0.00507412
v 0.01850000 0.00419050 0.00520183
v 0.01850000 0.00424451 0.00532741
v 0.01850000 0.00432130 0.00544476
v 0.01850000 0.00441850 0.00554788
v 0.01850000 0.00453173 0.00563184
v 0.01850000 0.00465527 0.00569358
v 0.01850000 0.00478292 0.00573216
v 0.01850000 0.00494975 0.00574974
v 0.01850000 0.00511658 0.00573216
v 0.01850000 0.00528617 0.00567556
v 0.01850000 0.00544477 0.00557820
v 0.01850000 0.00557820 0.00544476
v 0.01850000 0.00567558 0.00528615
v 0.01850000 0.00573216 0.00511658
v 0.01850000 -0.00079027 0.00712437
v 0.01850000 -0.00075925 0.00725208
v 0.01850000 -0.00070524 0.00737766
v 0.01850000 -0.00062845 0.00749502
v 0.01850000 -0.00053125 0.00759814
v 0.01850000 -0.00041801 0.00768209
v 0.01850000 -0.00029448 0.00774383
v 0.01850000 -0.00016683 0.00778241
v 0.01850000 0.00000000 0.00779999
v 0.01850000 0.00016683 0.00778241
v 0.01850000 0.00033642 0.00772581
v 0.01850000 0.00049502 0.00762845
v 0.01850000 0.00062845 0.00749502
v 0.01850000 0.00072583 0.00733642
v 0.01850000 0.00078241 0.00716683
v 0.01850000 -0.00779027 0.00012437
v 0.01850000 -0.00775925 0.00025208
v 0.01850000 -0.00770524 0.00037766
v 0.01850000 -0.00762845 0.00049503
v 0.01850000 -0.00753125 0.00059814
v 0.01850000 -0.00741801 0.00068209
v 0.01850000 -0.00729448 0.00074383
v 0.01850000 -0.00716683 0.00078241
v 0.01850000 -0.00700000 0.00079999
v 0.01850000 -0.00683317 0.00078241
v 0.01850000 -0.00666358 0.00072581
v 0.01850000 -0.00650498 0.00062845
v 0.01850000 -0.00637155 0.00049503
v 0.01850000 -0.00627417 0.00033640
v 0.01850000 -0.00621759 0.00016683
v 0.01850000 -0.00574002 0.00507412
v 0.01850000 -0.00570899 0.00520183
v 0.01850000 -0.00565499 0.00532741
v 0.01850000 -0.00557820 0.00544476
v 0.01850000 -0.00548100 0.00554788
v 0.01850000 -0.00536776 0.00563184
v 0.01850000 -0.00524423 0.00569358
v 0.01850000 -0.00511657 0.00573216
v 0.01850000 -0.00494975 0.00574974
v 0.01850000 -0.00478292 0.00573216
v 0.01850000 -0.00461333 0.00567556
v 0.01850000 -0.00445472 0.00557820
v 0.01850000 -0.00432130 0.00544476
v 0.01850000 -0.00422392 0.00528615
v 0.01850000 -0.00416734 0.00511658
v 0.01850000 -0.00574002 -0.00482537
v 0.01850000 -0.00570899 -0.00469767
v 0.01850000 -0.00565499 -0.00457208
v 0.01850000 -0.00557820 -0.00445472
v 0.01850000 -0.00548100 -0.00435161
v 0.01850000 -0.00536776 -0.00426765
v 0.01850000 -0.00524423 -0.00420592
v 0.01850000 -0.00511657 -0.00416734
v 0.01850000 -0.00494975 -0.00414976
v 0.01850000 -0.00478292 -0.00416734
v 0.01850000 -0.00461333 -0.00422393
v 0.01850000 -0.00445472 -0.00432130
v 0.01850000 -0.00432130 -0.00445472
v 0.01850000 -0.00422392 -0.00461333
v 0.01850000 -0.00416734 -0.00478292
v 0.01850000 -0.00079027 -0.00687563
v 0.01850000 -0.00075925 -0.00674792
v 0.01850000 -0.00070524 -0.00662234
v 0.01850000 -0.00062845 -0.00650499
v 0.01850000 -0.00053125 -0.00640187
v 0.01850000 -0.00041801 -0.00631790
v 0.01850000 -0.00029448 -0.00625617
v 0.01850000 -0.00016683 -0.00621759
v 0.01850000 0.00000000 -0.00620001
v 0.01850000 0.00016683 -0.00621759
v 0.01850000 0.00033642 -0.00627418
v 0.01850000 0.00049502 -0.00637155
v 0.01850000 0.00062845 -0.00650499
v 0.01850000 0.00072583 -0.00666360
v 0.01850000 0.00078241 -0.00683317
v 0.01850000 0.00415948 -0.00482537
v 0.01850000 0.00419050 -0.00469767
v 0.01850000 0.00424451 -0.00457208
v 0.01850000 0.00432130 -0.00445472
v 0.01850000 0.00441850 -0.00435161
v 0.01850000 0.00453173 -0.00426765
v 0.01850000 0.00465527 -0.00420592
v 0.01850000 0.00478292 -0.00416734
v 0.01850000 0.00494975 -0.00414976
v 0.01850000 0.00511658 -0.00416734
v 0.01850000 0.00528617 -0.00422393
v 0.01850000 0.00544477 -0.00432130
v 0.01850000 0.00557820 -0.00445472
v 0.01850000 0.00567558 -0.00461333
v 0.01850000 0.00573216 -0.00478292
v -0.00416482 -0.01950000 -0.03889569
v -0.00414974 -0.01750000 -0.03905025
v -0.00414974 -0.01950000 -0.03905025
v -0.00416733 -0.01850000 -0.03888342
v -0.00421064 -0.01950000 -0.03874411
v -0.00422392 -0.01850000 -0.03871385
v -0.00428542 -0.01950000 -0.03860453
v -0.00432129 -0.01850000 -0.03855524
v -0.00438406 -0.01950000 -0.03848458
v -0.00445472 -0.01850000 -0.03842180
v -0.00446958 -0.01950000 -0.03841038
v -0.00456803 -0.01950000 -0.03834719
v -0.00461333 -0.01850000 -0.03832443
v -0.00467713 -0.01950000 -0.03829813
v -0.00478292 -0.01850000 -0.03826784
v -0.00479367 -0.01950000 -0.03826563
v -0.00491378 -0.01950000 -0.03825106
v -0.00494974 -0.01850000 -0.03825026
v -0.00503335 -0.01950000 -0.03825464
v -0.00511657 -0.01850000 -0.03826784
v -0.00514849 -0.01950000 -0.03827533
v -0.00524422 -0.01850000 -0.03830642
v -0.00525589 -0.01950000 -0.03831116
v -0.00536776 -0.01850000 -0.03836815
v -0.00535717 -0.01950000 -0.03836178
v -0.00545321 -0.01950000 -0.03842855
v -0.00548100 -0.01850000 -0.03845212
v -0.00554029 -0.01950000 -0.03851056
v -0.00557820 -0.01850000 -0.03855524
v -0.00561492 -0.01950000 -0.03860580
v -0.00565498 -0.01850000 -0.03867259
v -0.00567434 -0.01950000 -0.03871119
v -0.00570899 -0.01850000 -0.03879817
v -0.00571680 -0.01950000 -0.03882303
v -0.00574002 -0.01850000 -0.03892587
v -0.00574173 -0.01950000 -0.03893732
v -0.00574974 -0.01950000 -0.03905025
v -0.00574974 -0.01750000 -0.03905025
v -0.00573639 -0.01750000 -0.03890469
v -0.00569358 -0.01750000 -0.03875578
v -0.00561934 -0.01750000 -0.03861249
v -0.00551543 -0.01750000 -0.03848458
v -0.00538751 -0.01750000 -0.03838066
v -0.00524422 -0.01750000 -0.03830642
v -0.00416310 -0.01750000 -0.03890469
v -0.00420591 -0.01750000 -0.03875578
v -0.00428015 -0.01750000 -0.03861249
v -0.00438406 -0.01750000 -0.03848458
v -0.00451198 -0.01750000 -0.03838066
v -0.00465527 -0.01750000 -0.03830642
v -0.00480417 -0.01750000 -0.03826361
v -0.00494974 -0.01750000 -0.03825026
v -0.00509532 -0.01750000 -0.03826361
v 0.00080000 -0.01950000 -0.03700000
v 0.00080000 -0.01750000 -0.03700000
v 0.00078665 -0.01950000 -0.03685443
v 0.00078242 -0.01850000 -0.03683317
v 0.00074383 -0.01950000 -0.03670553
v 0.00072583 -0.01850000 -0.03666358
v 0.00066960 -0.01950000 -0.03656224
v 0.00062845 -0.01850000 -0.03650497
v 0.00056569 -0.01950000 -0.03643431
v 0.00049503 -0.01850000 -0.03637155
v 0.00043777 -0.01950000 -0.03633041
v 0.00033642 -0.01850000 -0.03627418
v 0.00029448 -0.01950000 -0.03625617
v 0.00016683 -0.01850000 -0.03621759
v 0.00014557 -0.01950000 -0.03621336
v 0.00000000 -0.01850000 -0.03620001
v 0.00000000 -0.01950000 -0.03620001
v -0.00014557 -0.01950000 -0.03621336
v -0.00016682 -0.01850000 -0.03621759
v -0.00029447 -0.01950000 -0.03625617
v -0.00029447 -0.01850000 -0.03625617
v -0.00041801 -0.01850000 -0.03631790
v -0.00029447 -0.01750000 -0.03625617
v -0.00043776 -0.01750000 -0.03633041
v 0.00078665 -0.01750000 -0.03685443
v 0.00074383 -0.01750000 -0.03670553
v 0.00066960 -0.01750000 -0.03656224
v 0.00056569 -0.01750000 -0.03643431
v 0.00043777 -0.01750000 -0.03633041
v 0.00029448 -0.01750000 -0.03625617
v 0.00014557 -0.01750000 -0.03621336
v 0.00000000 -0.01750000 -0.03620001
v -0.00014557 -0.01750000 -0.03621336
v -0.00053125 -0.01850000 -0.03640186
v -0.00056568 -0.01750000 -0.03643431
v -0.00062845 -0.01850000 -0.03650497
v -0.00066959 -0.01750000 -0.03656224
v -0.00070524 -0.01850000 -0.03662233
v -0.00074383 -0.01750000 -0.03670553
v -0.00075924 -0.01850000 -0.03674792
v -0.00078664 -0.01750000 -0.03685443
v -0.00079027 -0.01850000 -0.03687562
v -0.00080000 -0.01750000 -0.03700000
v -0.00080000 -0.01950000 -0.03700000
v -0.00078664 -0.01950000 -0.03685443
v -0.00074383 -0.01950000 -0.03670553
v -0.00066959 -0.01950000 -0.03656224
v -0.00056568 -0.01950000 -0.03643431
v -0.00043776 -0.01950000 -0.03633041
v 0.00574975 -0.01950000 -0.03905025
v 0.00574975 -0.01750000 -0.03905025
v 0.00573640 -0.01950000 -0.03890469
v 0.00573216 -0.01850000 -0.03888342
v 0.00569358 -0.01950000 -0.03875578
v 0.00567558 -0.01850000 -0.03871385
v 0.00561935 -0.01950000 -0.03861249
v 0.00557820 -0.01850000 -0.03855524
v 0.00551544 -0.01950000 -0.03848458
v 0.00544477 -0.01850000 -0.03842180
v 0.00538752 -0.01950000 -0.03838066
v 0.00528617 -0.01850000 -0.03832443
v 0.00524423 -0.01950000 -0.03830642
v 0.00511658 -0.01850000 -0.03826784
v 0.00509532 -0.01950000 -0.03826361
v 0.00494975 -0.01850000 -0.03825026
v 0.00494975 -0.01950000 -0.03825026
v 0.00480418 -0.01950000 -0.03826361
v 0.00478292 -0.01850000 -0.03826784
v 0.00465528 -0.01950000 -0.03830642
v 0.00465528 -0.01850000 -0.03830642
v 0.00453174 -0.01850000 -0.03836815
v 0.00456804 -0.01750000 -0.03834719
v 0.00446959 -0.01750000 -0.03841038
v 0.00574174 -0.01750000 -0.03893732
v 0.00571680 -0.01750000 -0.03882303
v 0.00567435 -0.01750000 -0.03871119
v 0.00561493 -0.01750000 -0.03860580
v 0.00554029 -0.01750000 -0.03851056
v 0.00545322 -0.01750000 -0.03842855
v 0.00535717 -0.01750000 -0.03836178
v 0.00525590 -0.01750000 -0.03831116
v 0.00514849 -0.01750000 -0.03827533
v 0.00503336 -0.01750000 -0.03825464
v 0.00491379 -0.01750000 -0.03825106
v 0.00479368 -0.01750000 -0.03826563
v 0.00467714 -0.01750000 -0.03829813
v 0.00441850 -0.01850000 -0.03845212
v 0.00438407 -0.01750000 -0.03848458
v 0.00432130 -0.01850000 -0.03855524
v 0.00428543 -0.01750000 -0.03860453
v 0.00424451 -0.01850000 -0.03867259
v 0.00421065 -0.01750000 -0.03874411
v 0.00419051 -0.01850000 -0.03879817
v 0.00416483 -0.01750000 -0.03889569
v 0.00415948 -0.01850000 -0.03892587
v 0.00414975 -0.01750000 -0.03905025
v 0.00414975 -0.01950000 -0.03905025
v 0.00416311 -0.01950000 -0.03890469
v 0.00420592 -0.01950000 -0.03875578
v 0.00428015 -0.01950000 -0.03861249
v 0.00438407 -0.01950000 -0.03848458
v 0.00451198 -0.01950000 -0.03838066
v 0.00573640 -0.01950000 -0.04880418
v 0.00574975 -0.01750000 -0.04894975
v 0.00574975 -0.01950000 -0.04894975
v 0.00573216 -0.01850000 -0.04878292
v 0.00569358 -0.01950000 -0.04865528
v 0.00567558 -0.01850000 -0.04861333
v 0.00561935 -0.01950000 -0.04851199
v 0.00557820 -0.01850000 -0.04845472
v 0.00551544 -0.01950000 -0.04838406
v 0.00544478 -0.01850000 -0.04832130
v 0.00538752 -0.01950000 -0.04828015
v 0.00528617 -0.01850000 -0.04822393
v 0.00524423 -0.01950000 -0.04820592
v 0.00511658 -0.01850000 -0.04816734
v 0.00509532 -0.01950000 -0.04816310
v 0.00494975 -0.01850000 -0.04814975
v 0.00494975 -0.01950000 -0.04814975
v 0.00480418 -0.01950000 -0.04816310
v 0.00478292 -0.01850000 -0.04816734
v 0.00465528 -0.01950000 -0.04820592
v 0.00465528 -0.01850000 -0.04820592
v 0.00453174 -0.01850000 -0.04826765
v 0.00464360 -0.01750000 -0.04821065
v 0.00454233 -0.01750000 -0.04826127
v 0.00573468 -0.01750000 -0.04879518
v 0.00568886 -0.01750000 -0.04864361
v 0.00561408 -0.01750000 -0.04850403
v 0.00551544 -0.01750000 -0.04838406
v 0.00542991 -0.01750000 -0.04830987
v 0.00533147 -0.01750000 -0.04824669
v 0.00522237 -0.01750000 -0.04819763
v 0.00510582 -0.01750000 -0.04816512
v 0.00498571 -0.01750000 -0.04815056
v 0.00486614 -0.01750000 -0.04815413
v 0.00475101 -0.01750000 -0.04817483
v 0.00444629 -0.01750000 -0.04832805
v 0.00441850 -0.01850000 -0.04835160
v 0.00451198 -0.01950000 -0.04828015
v 0.00438407 -0.01950000 -0.04838406
v 0.00432130 -0.01850000 -0.04845472
v 0.00428016 -0.01950000 -0.04851199
v 0.00424451 -0.01850000 -0.04857208
v 0.00420592 -0.01950000 -0.04865528
v 0.00419051 -0.01850000 -0.04869767
v 0.00416311 -0.01950000 -0.04880418
v 0.00415948 -0.01850000 -0.04882537
v 0.00414975 -0.01950000 -0.04894975
v 0.00415776 -0.01750000 -0.04883682
v 0.00414975 -0.01750000 -0.04894975
v 0.00435921 -0.01750000 -0.04841006
v 0.00428458 -0.01750000 -0.04850530
v 0.00422516 -0.01750000 -0.04861069
v 0.00418270 -0.01750000 -0.04872252
v 0.00780000 -0.01950000 -0.04400000
v 0.00780000 -0.01750000 -0.04400000
v 0.00778665 -0.01950000 -0.04385443
v 0.00778242 -0.01850000 -0.04383317
v 0.00774383 -0.01950000 -0.04370553
v 0.00772583 -0.01850000 -0.04366358
v 0.00766960 -0.01950000 -0.04356224
v 0.00762846 -0.01850000 -0.04350497
v 0.00756569 -0.01950000 -0.04343431
v 0.00749503 -0.01850000 -0.04337155
v 0.00743777 -0.01950000 -0.04333040
v 0.00733642 -0.01850000 -0.04327418
v 0.00729448 -0.01950000 -0.04325617
v 0.00716683 -0.01850000 -0.04321759
v 0.00714557 -0.01950000 -0.04321336
v 0.00700000 -0.01850000 -0.04320000
v 0.00700000 -0.01950000 -0.04320000
v 0.00685443 -0.01950000 -0.04321336
v 0.00683318 -0.01850000 -0.04321759
v 0.00670553 -0.01950000 -0.04325617
v 0.00670553 -0.01850000 -0.04325617
v 0.00658199 -0.01850000 -0.04331790
v 0.00670553 -0.01750000 -0.04325617
v 0.00656224 -0.01750000 -0.04333040
v 0.00778665 -0.01750000 -0.04385443
v 0.00774383 -0.01750000 -0.04370553
v 0.00766960 -0.01750000 -0.04356224
v 0.00756569 -0.01750000 -0.04343431
v 0.00743777 -0.01750000 -0.04333040
v 0.00729448 -0.01750000 -0.04325617
v 0.00714557 -0.01750000 -0.04321336
v 0.00700000 -0.01750000 -0.04320000
v 0.00685443 -0.01750000 -0.04321336
v 0.00646875 -0.01850000 -0.04340186
v 0.00643432 -0.01750000 -0.04343431
v 0.00637155 -0.01850000 -0.04350497
v 0.00633041 -0.01750000 -0.04356224
v 0.00629476 -0.01850000 -0.04362233
v 0.00625617 -0.01750000 -0.04370553
v 0.00624076 -0.01850000 -0.04374792
v 0.00621336 -0.01750000 -0.04385443
v 0.00620973 -0.01850000 -0.04387562
v 0.00620000 -0.01750000 -0.04400000
v 0.00620000 -0.01950000 -0.04400000
v 0.00621336 -0.01950000 -0.04385443
v 0.00625617 -0.01950000 -0.04370553
v 0.00633041 -0.01950000 -0.04356224
v 0.00643432 -0.01950000 -0.04343431
v 0.00656224 -0.01950000 -0.04333040
v 0.00078665 -0.01950000 -0.05085443
v 0.00080000 -0.01750000 -0.05100000
v 0.00080000 -0.01950000 -0.05100000
v 0.00078242 -0.01850000 -0.05083317
v 0.00074383 -0.01950000 -0.05070553
v 0.00072583 -0.01850000 -0.05066359
v 0.00066960 -0.01950000 -0.05056224
v 0.00062846 -0.01850000 -0.05050499
v 0.00056569 -0.01950000 -0.05043432
v 0.00049503 -0.01850000 -0.05037155
v 0.00043777 -0.01950000 -0.05033040
v 0.00033642 -0.01850000 -0.05027418
v 0.00029448 -0.01950000 -0.05025617
v 0.00016683 -0.01850000 -0.05021759
v 0.00014557 -0.01950000 -0.05021336
v 0.00000000 -0.01850000 -0.05020000
v 0.00000000 -0.01950000 -0.05020000
v -0.00014557 -0.01950000 -0.05021336
v -0.00016682 -0.01850000 -0.05021759
v -0.00029447 -0.01950000 -0.05025617
v -0.00029447 -0.01850000 -0.05025617
v -0.00041801 -0.01850000 -0.05031790
v -0.00029447 -0.01750000 -0.05025617
v -0.00043776 -0.01750000 -0.05033040
v 0.00078665 -0.01750000 -0.05085443
v 0.00074383 -0.01750000 -0.05070553
v 0.00066960 -0.01750000 -0.05056224
v 0.00056569 -0.01750000 -0.05043432
v 0.00043777 -0.01750000 -0.05033040
v 0.00029448 -0.01750000 -0.05025617
v 0.00014557 -0.01750000 -0.05021336
v 0.00000000 -0.01750000 -0.05020000
v -0.00014557 -0.01750000 -0.05021336
v -0.00053125 -0.01850000 -0.05040187
v -0.00056568 -0.01750000 -0.05043432
v -0.00062845 -0.01850000 -0.05050499
v -0.00066959 -0.01750000 -0.05056224
v -0.00070523 -0.01850000 -0.05062233
v -0.00074383 -0.01750000 -0.05070553
v -0.00075924 -0.01850000 -0.05074792
v -0.00078664 -0.01750000 -0.05085443
v -0.00079027 -0.01850000 -0.05087562
v -0.00080000 -0.01750000 -0.05100000
v -0.00080000 -0.01950000 -0.05100000
v -0.00078664 -0.01950000 -0.05085443
v -0.00074383 -0.01950000 -0.05070553
v -0.00066959 -0.01950000 -0.05056224
v -0.00056568 -0.01950000 -0.05043432
v -0.00043776 -0.01950000 -0.05033040
v -0.00414974 -0.01950000 -0.04894975
v -0.00414974 -0.01750000 -0.04894975
v -0.00415776 -0.01950000 -0.04883682
v -0.00416733 -0.01850000 -0.04878292
v -0.00418269 -0.01950000 -0.04872252
v -0.00422392 -0.01850000 -0.04861333
v -0.00422515 -0.01950000 -0.04861069
v -0.00428457 -0.01950000 -0.04850530
v -0.00432129 -0.01850000 -0.04845472
v -0.00435920 -0.01950000 -0.04841006
v -0.00445472 -0.01850000 -0.04832130
v -0.00444628 -0.01950000 -0.04832805
v -0.00454232 -0.01950000 -0.04826127
v -0.00461333 -0.01850000 -0.04822393
v -0.00464360 -0.01950000 -0.04821065
v -0.00478292 -0.01850000 -0.04816734
v -0.00475100 -0.01950000 -0.04817483
v -0.00486613 -0.01950000 -0.04815413
v -0.00494974 -0.01850000 -0.04814975
v -0.00498570 -0.01950000 -0.04815056
v -0.00511657 -0.01850000 -0.04816734
v -0.00510582 -0.01950000 -0.04816512
v -0.00522236 -0.01950000 -0.04819763
v -0.00524422 -0.01850000 -0.04820592
v -0.00533146 -0.01950000 -0.04824669
v -0.00536776 -0.01850000 -0.04826765
v -0.00542991 -0.01950000 -0.04830987
v -0.00548100 -0.01850000 -0.04835160
v -0.00551543 -0.01950000 -0.04838406
v -0.00557819 -0.01850000 -0.04845472
v -0.00561407 -0.01950000 -0.04850403
v -0.00565498 -0.01850000 -0.04857208
v -0.00568885 -0.01950000 -0.04864361
v -0.00570899 -0.01850000 -0.04869767
v -0.00573467 -0.01950000 -0.04879518
v -0.00574001 -0.01850000 -0.04882537
v -0.00574974 -0.01950000 -0.04894975
v -0.00574974 -0.01750000 -0.04894975
v -0.00573639 -0.01750000 -0.04880418
v -0.00569357 -0.01750000 -0.04865528
v -0.00561934 -0.01750000 -0.04851199
v -0.00551543 -0.01750000 -0.04838407
v -0.00538751 -0.01750000 -0.04828015
v -0.00524422 -0.01750000 -0.04820592
v -0.00416310 -0.01750000 -0.04880418
v -0.00420591 -0.01750000 -0.04865528
v -0.00428015 -0.01750000 -0.04851199
v -0.00438406 -0.01750000 -0.04838407
v -0.00451198 -0.01750000 -0.04828015
v -0.00465527 -0.01750000 -0.04820592
v -0.00480417 -0.01750000 -0.04816310
v -0.00494974 -0.01750000 -0.04814975
v -0.00509531 -0.01750000 -0.04816310
v 0.00049166 -0.01950000 -0.05290902
v 0.00050000 -0.01750000 -0.05300001
v 0.00050000 -0.01950000 -0.05300001
v 0.00048901 -0.01850000 -0.05289573
v 0.00046490 -0.01950000 -0.05281596
v 0.00045365 -0.01850000 -0.05278975
v 0.00041850 -0.01950000 -0.05272639
v 0.00039279 -0.01850000 -0.05269061
v 0.00035356 -0.01950000 -0.05264645
v 0.00030939 -0.01850000 -0.05260723
v 0.00027361 -0.01950000 -0.05258151
v 0.00021026 -0.01850000 -0.05254636
v 0.00018405 -0.01950000 -0.05253511
v 0.00010427 -0.01850000 -0.05251100
v 0.00009099 -0.01950000 -0.05250836
v 0.00000000 -0.01850000 -0.05250000
v 0.00000000 -0.01950000 -0.05250000
v -0.00009098 -0.01950000 -0.05250836
v -0.00010426 -0.01850000 -0.05251100
v -0.00018404 -0.01950000 -0.05253511
v -0.00018404 -0.01850000 -0.05253511
v -0.00026125 -0.01850000 -0.05257368
v -0.00018404 -0.01750000 -0.05253511
v -0.00027360 -0.01750000 -0.05258151
v 0.00049166 -0.01750000 -0.05290902
v 0.00046490 -0.01750000 -0.05281596
v 0.00041850 -0.01750000 -0.05272639
v 0.00035356 -0.01750000 -0.05264645
v 0.00027361 -0.01750000 -0.05258151
v 0.00018405 -0.01750000 -0.05253511
v 0.00009099 -0.01750000 -0.05250836
v 0.00000000 -0.01750000 -0.05250000
v -0.00009098 -0.01750000 -0.05250836
v -0.00033203 -0.01850000 -0.05262617
v -0.00035355 -0.01750000 -0.05264645
v -0.00039278 -0.01850000 -0.05269061
v -0.00041849 -0.01750000 -0.05272639
v -0.00044077 -0.01850000 -0.05276396
v -0.00046489 -0.01750000 -0.05281596
v -0.00047452 -0.01850000 -0.05284246
v -0.00049165 -0.01750000 -0.05290902
v -0.00049391 -0.01850000 -0.05292227
v -0.00050000 -0.01750000 -0.05300001
v -0.00050000 -0.01950000 -0.05300001
v -0.00049165 -0.01950000 -0.05290902
v -0.00046489 -0.01950000 -0.05281596
v -0.00041849 -0.01950000 -0.05272639
v -0.00035355 -0.01950000 -0.05264645
v -0.00027360 -0.01950000 -0.05258151
v -0.00620000 -0.01950000 -0.04400000
v -0.00620000 -0.01750000 -0.04400000
v -0.00621335 -0.01950000 -0.04385443
v -0.00621758 -0.01850000 -0.04383317
v -0.00625617 -0.01950000 -0.04370553
v -0.00627417 -0.01850000 -0.04366359
v -0.00633040 -0.01950000 -0.04356224
v -0.00637155 -0.01850000 -0.04350499
v -0.00643431 -0.01950000 -0.04343433
v -0.00650497 -0.01850000 -0.04337155
v -0.00656223 -0.01950000 -0.04333040
v -0.00666358 -0.01850000 -0.04327418
v -0.00670552 -0.01950000 -0.04325617
v -0.00683317 -0.01850000 -0.04321759
v -0.00685443 -0.01950000 -0.04321336
v -0.00700000 -0.01850000 -0.04320000
v -0.00700000 -0.01950000 -0.04320000
v -0.00714557 -0.01950000 -0.04321336
v -0.00716682 -0.01850000 -0.04321759
v -0.00729447 -0.01950000 -0.04325617
v -0.00729447 -0.01850000 -0.04325617
v -0.00741801 -0.01850000 -0.04331790
v -0.00729447 -0.01750000 -0.04325617
v -0.00743776 -0.01750000 -0.04333040
v -0.00621335 -0.01750000 -0.04385443
v -0.00625617 -0.01750000 -0.04370553
v -0.00633040 -0.01750000 -0.04356224
v -0.00643431 -0.01750000 -0.04343433
v -0.00656223 -0.01750000 -0.04333040
v -0.00670552 -0.01750000 -0.04325617
v -0.00685443 -0.01750000 -0.04321336
v -0.00700000 -0.01750000 -0.04320000
v -0.00714557 -0.01750000 -0.04321336
v -0.00753125 -0.01850000 -0.04340187
v -0.00756568 -0.01750000 -0.04343433
v -0.00762845 -0.01850000 -0.04350499
v -0.00766959 -0.01750000 -0.04356224
v -0.00770524 -0.01850000 -0.04362233
v -0.00774383 -0.01750000 -0.04370553
v -0.00775924 -0.01850000 -0.04374792
v -0.00778664 -0.01750000 -0.04385443
v -0.00779027 -0.01850000 -0.04387562
v -0.00780000 -0.01750000 -0.04400000
v -0.00780000 -0.01950000 -0.04400000
v -0.00778664 -0.01950000 -0.04385443
v -0.00774383 -0.01950000 -0.04370553
v -0.00766959 -0.01950000 -0.04356224
v -0.00756568 -0.01950000 -0.04343433
v -0.00743776 -0.01950000 -0.04333040
v 0.00300000 -0.01970000 -0.04400000
v 0.00300000 -0.01650000 -0.04400000
v 0.00294992 -0.01970000 -0.04345411
v 0.00293405 -0.01810000 -0.04337439
v 0.00278937 -0.01970000 -0.04289572
v 0.00272185 -0.01810000 -0.04273844
v 0.00251099 -0.01970000 -0.04235837
v 0.00235670 -0.01810000 -0.04214366
v 0.00212132 -0.01970000 -0.04187869
v 0.00185635 -0.01810000 -0.04164331
v 0.00164163 -0.01970000 -0.04148902
v 0.00126156 -0.01810000 -0.04127816
v 0.00110429 -0.01970000 -0.04121064
v 0.00062561 -0.01810000 -0.04106596
v 0.00054589 -0.01970000 -0.04105008
v 0.00000000 -0.01810000 -0.04100000
v 0.00000000 -0.01970000 -0.04100000
v -0.00054589 -0.01970000 -0.04105008
v -0.00062560 -0.01810000 -0.04106596
v -0.00110428 -0.01970000 -0.04121064
v -0.00110428 -0.01810000 -0.04121064
v -0.00156755 -0.01810000 -0.04144211
v -0.00110428 -0.01650000 -0.04121064
v -0.00164163 -0.01650000 -0.04148902
v 0.00294992 -0.01650000 -0.04345411
v 0.00278937 -0.01650000 -0.04289572
v 0.00251099 -0.01650000 -0.04235837
v 0.00212132 -0.01650000 -0.04187869
v 0.00164163 -0.01650000 -0.04148902
v 0.00110429 -0.01650000 -0.04121064
v 0.00054589 -0.01650000 -0.04105008
v 0.00000000 -0.01650000 -0.04100000
v -0.00054589 -0.01650000 -0.04105008
v -0.00199219 -0.01810000 -0.04175698
v -0.00212132 -0.01650000 -0.04187869
v -0.00235669 -0.01810000 -0.04214366
v -0.00251098 -0.01650000 -0.04235837
v -0.00264464 -0.01810000 -0.04258372
v -0.00278936 -0.01650000 -0.04289572
v -0.00284717 -0.01810000 -0.04305469
v -0.00294991 -0.01650000 -0.04345411
v -0.00296351 -0.01810000 -0.04353357
v -0.00300000 -0.01650000 -0.04400000
v -0.00300000 -0.01970000 -0.04400000
v -0.00294991 -0.01970000 -0.04345411
v -0.00278936 -0.01970000 -0.04289572
v -0.00251098 -0.01970000 -0.04235837
v -0.00212132 -0.01970000 -0.04187869
v -0.00164163 -0.01970000 -0.04148902
v 0.00155000 -0.02070000 -0.04400000
v 0.00155000 -0.01970000 -0.04400000
v 0.00152413 -0.02070000 -0.04371795
v 0.00151593 -0.02020000 -0.04367677
v 0.00144118 -0.02070000 -0.04342945
v 0.00140629 -0.02020000 -0.04334820
v 0.00129735 -0.02070000 -0.04315183
v 0.00121763 -0.02020000 -0.04304089
v 0.00109602 -0.02070000 -0.04290399
v 0.00095911 -0.02020000 -0.04278238
v 0.00084818 -0.02070000 -0.04270266
v 0.00065181 -0.02020000 -0.04259372
v 0.00057055 -0.02070000 -0.04255884
v 0.00032323 -0.02020000 -0.04248408
v 0.00028205 -0.02070000 -0.04247588
v 0.00000000 -0.02020000 -0.04245000
v 0.00000000 -0.02070000 -0.04245000
v -0.00028204 -0.02070000 -0.04247588
v -0.00032323 -0.02020000 -0.04248408
v -0.00057054 -0.02070000 -0.04255884
v -0.00057054 -0.02020000 -0.04255884
v -0.00080990 -0.02020000 -0.04267843
v -0.00057054 -0.01970000 -0.04255884
v -0.00084817 -0.01970000 -0.04270266
v 0.00152413 -0.01970000 -0.04371795
v 0.00144118 -0.01970000 -0.04342945
v 0.00129735 -0.01970000 -0.04315183
v 0.00109602 -0.01970000 -0.04290399
v 0.00084818 -0.01970000 -0.04270266
v 0.00057055 -0.01970000 -0.04255884
v 0.00028205 -0.01970000 -0.04247588
v 0.00000000 -0.01970000 -0.04245000
v -0.00028204 -0.01970000 -0.04247588
v -0.00102930 -0.02020000 -0.04284111
v -0.00109601 -0.01970000 -0.04290399
v -0.00121762 -0.02020000 -0.04304089
v -0.00129734 -0.01970000 -0.04315183
v -0.00136640 -0.02020000 -0.04326827
v -0.00144117 -0.01970000 -0.04342945
v -0.00147104 -0.02020000 -0.04351159
v -0.00152412 -0.01970000 -0.04371795
v -0.00153115 -0.02020000 -0.04375901
v -0.00155000 -0.01970000 -0.04400000
v -0.00155000 -0.02070000 -0.04400000
v -0.00152412 -0.02070000 -0.04371795
v -0.00144117 -0.02070000 -0.04342945
v -0.00129734 -0.02070000 -0.04315183
v -0.00109601 -0.02070000 -0.04290399
v -0.00084817 -0.02070000 -0.04270266
v 0.01000000 -0.01750000 -0.04400000
v 0.01000000 -0.01950000 -0.04400000
v 0.00995955 -0.01750000 -0.04310146
v 0.00994692 -0.01850000 -0.04297100
v 0.00983306 -0.01750000 -0.04218038
v 0.00978015 -0.01850000 -0.04191465
v 0.00961399 -0.01750000 -0.04124841
v 0.00949058 -0.01850000 -0.04084897
v 0.00929789 -0.01750000 -0.04031906
v 0.00907284 -0.01850000 -0.03979481
v 0.00888285 -0.01750000 -0.03940706
v 0.00852629 -0.01850000 -0.03877484
v 0.00836996 -0.01750000 -0.03852791
v 0.00785564 -0.01850000 -0.03781219
v 0.00776354 -0.01750000 -0.03769702
v 0.00707107 -0.01850000 -0.03692894
v 0.00707107 -0.01750000 -0.03692894
v 0.00630298 -0.01750000 -0.03623647
v 0.00618781 -0.01850000 -0.03614436
v 0.00547210 -0.01750000 -0.03563005
v 0.00522518 -0.01850000 -0.03547371
v 0.00459295 -0.01750000 -0.03511717
v 0.00420521 -0.01850000 -0.03492716
v 0.00368095 -0.01750000 -0.03470213
v 0.00315104 -0.01850000 -0.03450942
v 0.00275159 -0.01750000 -0.03438601
v 0.00208535 -0.01850000 -0.03421985
v 0.00181963 -0.01750000 -0.03416695
v 0.00102900 -0.01850000 -0.03405309
v 0.00089855 -0.01750000 -0.03404045
v 0.00000000 -0.01850000 -0.03400000
v 0.00000000 -0.01750000 -0.03400000
v -0.00089854 -0.01750000 -0.03404045
v -0.00102900 -0.01850000 -0.03405309
v -0.00181963 -0.01750000 -0.03416695
v -0.00208535 -0.01850000 -0.03421985
v -0.00275158 -0.01750000 -0.03438601
v -0.00288484 -0.01850000 -0.03442516
v -0.00368094 -0.01750000 -0.03470213
v -0.00368094 -0.01850000 -0.03470213
v -0.00446430 -0.01850000 -0.03505183
v -0.00368094 -0.01950000 -0.03470213
v -0.00459294 -0.01950000 -0.03511717
v 0.00995955 -0.01950000 -0.04310146
v 0.00983306 -0.01950000 -0.04218038
v 0.00961399 -0.01950000 -0.04124841
v 0.00929789 -0.01950000 -0.04031906
v 0.00888285 -0.01950000 -0.03940706
v 0.00836996 -0.01950000 -0.03852791
v 0.00776354 -0.01950000 -0.03769702
v 0.00707107 -0.01950000 -0.03692894
v 0.00630298 -0.01950000 -0.03623647
v 0.00547210 -0.01950000 -0.03563005
v 0.00459295 -0.01950000 -0.03511717
v 0.00368095 -0.01950000 -0.03470213
v 0.00275159 -0.01950000 -0.03438601
v 0.00181963 -0.01950000 -0.03416695
v 0.00089855 -0.01950000 -0.03404045
v 0.00000000 -0.01950000 -0.03400000
v -0.00089854 -0.01950000 -0.03404045
v -0.00181963 -0.01950000 -0.03416695
v -0.00275158 -0.01950000 -0.03438601
v -0.00522517 -0.01850000 -0.03547371
v -0.00547209 -0.01950000 -0.03563005
v -0.00595376 -0.01850000 -0.03596554
v -0.00630298 -0.01950000 -0.03623647
v -0.00664064 -0.01850000 -0.03652326
v -0.00707106 -0.01950000 -0.03692894
v -0.00727713 -0.01850000 -0.03714119
v -0.00776353 -0.01950000 -0.03769702
v -0.00785564 -0.01850000 -0.03781219
v -0.00836995 -0.01950000 -0.03852791
v -0.00836995 -0.01850000 -0.03852791
v -0.00881549 -0.01850000 -0.03927909
v -0.00836995 -0.01750000 -0.03852791
v -0.00888284 -0.01750000 -0.03940706
v -0.00918940 -0.01850000 -0.04005604
v -0.00929788 -0.01750000 -0.04031906
v -0.00949057 -0.01850000 -0.04084897
v -0.00961399 -0.01750000 -0.04124841
v -0.00971955 -0.01850000 -0.04164833
v -0.00983305 -0.01750000 -0.04218038
v -0.00987839 -0.01850000 -0.04244520
v -0.00995955 -0.01750000 -0.04310146
v -0.00997042 -0.01850000 -0.04323145
v -0.01000000 -0.01750000 -0.04400000
v -0.01000000 -0.01950000 -0.04400000
v -0.00995955 -0.01950000 -0.04310146
v -0.00983305 -0.01950000 -0.04218038
v -0.00961399 -0.01950000 -0.04124841
v -0.00929788 -0.01950000 -0.04031906
v -0.00888284 -0.01950000 -0.03940706
v -0.00776353 -0.01750000 -0.03769702
v -0.00707106 -0.01750000 -0.03692894
v -0.00630298 -0.01750000 -0.03623647
v -0.00547209 -0.01750000 -0.03563005
v -0.00459294 -0.01750000 -0.03511717
v 0.00497346 -0.02010000 -0.04348550
v 0.00500000 -0.01950000 -0.04400000
v 0.00491653 -0.01950000 -0.04309018
v 0.00500000 -0.02070000 -0.04400000
v 0.00491653 -0.02070000 -0.04309018
v 0.00464894 -0.02070000 -0.04215953
v 0.00474529 -0.02010000 -0.04242449
v 0.00489008 -0.02010000 -0.04295732
v 0.00453642 -0.02010000 -0.04189740
v 0.00418498 -0.02070000 -0.04126396
v 0.00426315 -0.02010000 -0.04138741
v 0.00392782 -0.02010000 -0.04090611
v 0.00418498 -0.01950000 -0.04126396
v 0.00353554 -0.01950000 -0.04046446
v 0.00353554 -0.02010000 -0.04046446
v 0.00309391 -0.02010000 -0.04007218
v 0.00353554 -0.02070000 -0.04046446
v 0.00273605 -0.02070000 -0.03981503
v 0.00184048 -0.02070000 -0.03935106
v 0.00210260 -0.02010000 -0.03946358
v 0.00261259 -0.02010000 -0.03973686
v 0.00273605 -0.01950000 -0.03981503
v 0.00157552 -0.02010000 -0.03925471
v 0.00090982 -0.02070000 -0.03908347
v 0.00104268 -0.02010000 -0.03910993
v 0.00051450 -0.02010000 -0.03902655
v 0.00090982 -0.01950000 -0.03908347
v 0.00000000 -0.01950000 -0.03900001
v 0.00000000 -0.02010000 -0.03900001
v -0.00051450 -0.02010000 -0.03902655
v 0.00000000 -0.02070000 -0.03900001
v -0.00090981 -0.02070000 -0.03908347
v -0.00104267 -0.02010000 -0.03910993
v -0.00184047 -0.02070000 -0.03935106
v -0.00184047 -0.02010000 -0.03935106
v -0.00261258 -0.02010000 -0.03973686
v -0.00184047 -0.01950000 -0.03935106
v -0.00273605 -0.01950000 -0.03981503
v -0.00332032 -0.02010000 -0.04026163
v -0.00353553 -0.01950000 -0.04046446
v -0.00392782 -0.02010000 -0.04090611
v -0.00418497 -0.01950000 -0.04126396
v -0.00440774 -0.02010000 -0.04163954
v -0.00464894 -0.01950000 -0.04215953
v -0.00474528 -0.02010000 -0.04242449
v -0.00491652 -0.01950000 -0.04309018
v -0.00493919 -0.02010000 -0.04322260
v -0.00500000 -0.01950000 -0.04400000
v -0.00500000 -0.02070000 -0.04400000
v -0.00491652 -0.02070000 -0.04309018
v -0.00464894 -0.02070000 -0.04215953
v -0.00418497 -0.02070000 -0.04126396
v -0.00353553 -0.02070000 -0.04046446
v -0.00273605 -0.02070000 -0.03981503
v -0.00090981 -0.01950000 -0.03908347
v 0.00184048 -0.01950000 -0.03935106
v 0.00464894 -0.01950000 -0.04215953
v -0.00497346 -0.01700000 -0.04348551
v -0.00500000 -0.01750000 -0.04400000
v -0.00491652 -0.01750000 -0.04309018
v -0.00500000 -0.01650000 -0.04400000
v -0.00491652 -0.01650000 -0.04309018
v -0.00474528 -0.01700000 -0.04242449
v -0.00464894 -0.01650000 -0.04215953
v -0.00489007 -0.01700000 -0.04295732
v -0.00453641 -0.01700000 -0.04189740
v -0.00418497 -0.01650000 -0.04126396
v -0.00426314 -0.01700000 -0.04138741
v -0.00392782 -0.01700000 -0.04090611
v -0.00418497 -0.01750000 -0.04126396
v -0.00353553 -0.01750000 -0.04046446
v -0.00353553 -0.01700000 -0.04046446
v -0.00309390 -0.01700000 -0.04007218
v -0.00353553 -0.01650000 -0.04046446
v -0.00273605 -0.01650000 -0.03981503
v -0.00210260 -0.01700000 -0.03946358
v -0.00184047 -0.01650000 -0.03935106
v -0.00261258 -0.01700000 -0.03973686
v -0.00273605 -0.01750000 -0.03981503
v -0.00157551 -0.01700000 -0.03925471
v -0.00090981 -0.01650000 -0.03908347
v -0.00104267 -0.01700000 -0.03910993
v -0.00051450 -0.01700000 -0.03902655
v -0.00090981 -0.01750000 -0.03908347
v 0.00000000 -0.01750000 -0.03900001
v 0.00000000 -0.01700000 -0.03900001
v 0.00051450 -0.01700000 -0.03902655
v 0.00000000 -0.01650000 -0.03900001
v 0.00090982 -0.01650000 -0.03908347
v 0.00104268 -0.01700000 -0.03910993
v 0.00184048 -0.01650000 -0.03935106
v 0.00184048 -0.01700000 -0.03935106
v 0.00261259 -0.01700000 -0.03973686
v 0.00184048 -0.01750000 -0.03935106
v 0.00273605 -0.01750000 -0.03981503
v 0.00332033 -0.01700000 -0.04026163
v 0.00353554 -0.01750000 -0.04046446
v 0.00392782 -0.01700000 -0.04090611
v 0.00418498 -0.01750000 -0.04126396
v 0.00440775 -0.01700000 -0.04163954
v 0.00464894 -0.01750000 -0.04215953
v 0.00474529 -0.01700000 -0.04242449
v 0.00491653 -0.01750000 -0.04309018
v 0.00493920 -0.01700000 -0.04322260
v 0.00500000 -0.01750000 -0.04400000
v 0.00500001 -0.01650000 -0.04400000
v 0.00491653 -0.01650000 -0.04309018
v 0.00464895 -0.01650000 -0.04215953
v 0.00418498 -0.01650000 -0.04126396
v 0.00353554 -0.01650000 -0.04046446
v 0.00273605 -0.01650000 -0.03981503
v 0.00090982 -0.01750000 -0.03908347
v -0.00184047 -0.01750000 -0.03935106
v -0.00464894 -0.01750000 -0.04215953
v -0.00493919 -0.01700000 -0.04477741
v -0.00491652 -0.01650000 -0.04490982
v -0.00491652 -0.01750000 -0.04490982
v -0.00474528 -0.01700000 -0.04557552
v -0.00464894 -0.01750000 -0.04584048
v -0.00440774 -0.01700000 -0.04636047
v -0.00418497 -0.01750000 -0.04673605
v -0.00392782 -0.01700000 -0.04709390
v -0.00353553 -0.01750000 -0.04753554
v -0.00332032 -0.01700000 -0.04773838
v -0.00273604 -0.01750000 -0.04818498
v -0.00261258 -0.01700000 -0.04826315
v -0.00184047 -0.01750000 -0.04864894
v -0.00184047 -0.01700000 -0.04864894
v -0.00104267 -0.01700000 -0.04889007
v -0.00184047 -0.01650000 -0.04864894
v -0.00090981 -0.01650000 -0.04891654
v -0.00051450 -0.01700000 -0.04897346
v 0.00000000 -0.01650000 -0.04900000
v 0.00000000 -0.01700000 -0.04900000
v 0.00051450 -0.01700000 -0.04897346
v 0.00000000 -0.01750000 -0.04900000
v 0.00090982 -0.01750000 -0.04891654
v -0.00090981 -0.01750000 -0.04891654
v 0.00184048 -0.01750000 -0.04864894
v 0.00157552 -0.01700000 -0.04874529
v 0.00104268 -0.01700000 -0.04889007
v 0.00090982 -0.01650000 -0.04891654
v 0.00210260 -0.01700000 -0.04853642
v 0.00273605 -0.01750000 -0.04818498
v 0.00261259 -0.01700000 -0.04826315
v 0.00309391 -0.01700000 -0.04792783
v 0.00273605 -0.01650000 -0.04818498
v 0.00353554 -0.01650000 -0.04753554
v 0.00353554 -0.01700000 -0.04753554
v 0.00392782 -0.01700000 -0.04709390
v 0.00353554 -0.01750000 -0.04753554
v 0.00418498 -0.01750000 -0.04673605
v 0.00464894 -0.01750000 -0.04584048
v 0.00453642 -0.01700000 -0.04610260
v 0.00426315 -0.01700000 -0.04661259
v 0.00418498 -0.01650000 -0.04673605
v 0.00474529 -0.01700000 -0.04557552
v 0.00491653 -0.01750000 -0.04490982
v 0.00489008 -0.01700000 -0.04504268
v 0.00497346 -0.01700000 -0.04451450
v 0.00491653 -0.01650000 -0.04490982
v 0.00464895 -0.01650000 -0.04584048
v 0.00184048 -0.01650000 -0.04864894
v -0.00273604 -0.01650000 -0.04818498
v -0.00353553 -0.01650000 -0.04753554
v -0.00418497 -0.01650000 -0.04673605
v -0.00464894 -0.01650000 -0.04584048
v -0.00294991 -0.01650000 -0.04454589
v -0.00278936 -0.01650000 -0.04510428
v -0.00251098 -0.01650000 -0.04564163
v -0.00212132 -0.01650000 -0.04612132
v -0.00164162 -0.01650000 -0.04651100
v -0.00110428 -0.01650000 -0.04678937
v -0.00054588 -0.01650000 -0.04694993
v 0.00000000 -0.01650000 -0.04700001
v 0.00054589 -0.01650000 -0.04694993
v 0.00110429 -0.01650000 -0.04678937
v 0.00164163 -0.01650000 -0.04651098
v 0.00212132 -0.01650000 -0.04612132
v 0.00251099 -0.01650000 -0.04564163
v 0.00278937 -0.01650000 -0.04510428
v 0.00294992 -0.01650000 -0.04454589
v 0.00493920 -0.02010000 -0.04477741
v 0.00491653 -0.02070000 -0.04490982
v 0.00491653 -0.01950000 -0.04490982
v 0.00474529 -0.02010000 -0.04557552
v 0.00464894 -0.01950000 -0.04584048
v 0.00440775 -0.02010000 -0.04636047
v 0.00418498 -0.01950000 -0.04673605
v 0.00392782 -0.02010000 -0.04709390
v 0.00353554 -0.01950000 -0.04753554
v 0.00332033 -0.02010000 -0.04773838
v 0.00273605 -0.01950000 -0.04818498
v 0.00261259 -0.02010000 -0.04826315
v 0.00184048 -0.01950000 -0.04864894
v 0.00184048 -0.02010000 -0.04864894
v 0.00104268 -0.02010000 -0.04889007
v 0.00184048 -0.02070000 -0.04864894
v 0.00090982 -0.02070000 -0.04891654
v 0.00051450 -0.02010000 -0.04897346
v 0.00000000 -0.02070000 -0.04900000
v 0.00000000 -0.02010000 -0.04900000
v -0.00051450 -0.02010000 -0.04897346
v 0.00000000 -0.01950000 -0.04900000
v -0.00090981 -0.01950000 -0.04891654
v 0.00090982 -0.01950000 -0.04891654
v -0.00184047 -0.01950000 -0.04864894
v -0.00157551 -0.02010000 -0.04874529
v -0.00104267 -0.02010000 -0.04889007
v -0.00090981 -0.02070000 -0.04891654
v -0.00210260 -0.02010000 -0.04853642
v -0.00273604 -0.01950000 -0.04818498
v -0.00261258 -0.02010000 -0.04826315
v -0.00309390 -0.02010000 -0.04792783
v -0.00273604 -0.02070000 -0.04818498
v -0.00353553 -0.02070000 -0.04753554
v -0.00353553 -0.02010000 -0.04753554
v -0.00392782 -0.02010000 -0.04709390
v -0.00353553 -0.01950000 -0.04753554
v -0.00418497 -0.01950000 -0.04673605
v -0.00464894 -0.01950000 -0.04584048
v -0.00453641 -0.02010000 -0.04610260
v -0.00426314 -0.02010000 -0.04661259
v -0.00418497 -0.02070000 -0.04673605
v -0.00474528 -0.02010000 -0.04557552
v -0.00491652 -0.01950000 -0.04490982
v -0.00489007 -0.02010000 -0.04504268
v -0.00497346 -0.02010000 -0.04451451
v -0.00491652 -0.02070000 -0.04490982
v -0.00464894 -0.02070000 -0.04584048
v -0.00184047 -0.02070000 -0.04864894
v 0.00273605 -0.02070000 -0.04818498
v 0.00353554 -0.02070000 -0.04753554
v 0.00418498 -0.02070000 -0.04673605
v 0.00464894 -0.02070000 -0.04584048
v 0.00152413 -0.02070000 -0.04428205
v 0.00144118 -0.02070000 -0.04457055
v 0.00129735 -0.02070000 -0.04484818
v 0.00109602 -0.02070000 -0.04509601
v 0.00084818 -0.02070000 -0.04529734
v 0.00057055 -0.02070000 -0.04544117
v 0.00028205 -0.02070000 -0.04552412
v 0.00000000 -0.02070000 -0.04555001
v -0.00028204 -0.02070000 -0.04552412
v -0.00057054 -0.02070000 -0.04544117
v -0.00084817 -0.02070000 -0.04529734
v -0.00109601 -0.02070000 -0.04509601
v -0.00129734 -0.02070000 -0.04484818
v -0.00144117 -0.02070000 -0.04457055
v -0.00152412 -0.02070000 -0.04428205
v 0.00995955 -0.01950000 -0.04489854
v 0.00997043 -0.01850000 -0.04476856
v 0.00995955 -0.01750000 -0.04489854
v 0.00987839 -0.01850000 -0.04555481
v 0.00983306 -0.01750000 -0.04581963
v 0.00971955 -0.01850000 -0.04635167
v 0.00961399 -0.01750000 -0.04675159
v 0.00949058 -0.01850000 -0.04715103
v 0.00929789 -0.01750000 -0.04768095
v 0.00918941 -0.01850000 -0.04794397
v 0.00888285 -0.01750000 -0.04859294
v 0.00881550 -0.01850000 -0.04872091
v 0.00836996 -0.01750000 -0.04947210
v 0.00836996 -0.01850000 -0.04947210
v 0.00785565 -0.01850000 -0.05018781
v 0.00836996 -0.01950000 -0.04947210
v 0.00776354 -0.01950000 -0.05030299
v 0.00727714 -0.01850000 -0.05085881
v 0.00707107 -0.01950000 -0.05107107
v 0.00664065 -0.01850000 -0.05147675
v 0.00630299 -0.01950000 -0.05176354
v 0.00595377 -0.01850000 -0.05203447
v 0.00547210 -0.01950000 -0.05236996
v 0.00522518 -0.01850000 -0.05252630
v 0.00459295 -0.01950000 -0.05288284
v 0.00446431 -0.01850000 -0.05294818
v 0.00368095 -0.01950000 -0.05329788
v 0.00368095 -0.01850000 -0.05329788
v 0.00288485 -0.01850000 -0.05357485
v 0.00368095 -0.01750000 -0.05329788
v 0.00275159 -0.01750000 -0.05361399
v 0.00776354 -0.01750000 -0.05030299
v 0.00707107 -0.01750000 -0.05107107
v 0.00630299 -0.01750000 -0.05176354
v 0.00547210 -0.01750000 -0.05236996
v 0.00459295 -0.01750000 -0.05288284
v 0.00208536 -0.01850000 -0.05378016
v 0.00181964 -0.01750000 -0.05383306
v 0.00102900 -0.01850000 -0.05394692
v 0.00089855 -0.01750000 -0.05395955
v 0.00000000 -0.01850000 -0.05400001
v 0.00000000 -0.01750000 -0.05400001
v -0.00089854 -0.01750000 -0.05395955
v -0.00102899 -0.01850000 -0.05394692
v -0.00181963 -0.01750000 -0.05383306
v -0.00208535 -0.01850000 -0.05378016
v -0.00275158 -0.01750000 -0.05361399
v -0.00315103 -0.01850000 -0.05349058
v -0.00368094 -0.01750000 -0.05329788
v -0.00420520 -0.01850000 -0.05307284
v -0.00459294 -0.01750000 -0.05288284
v -0.00522517 -0.01850000 -0.05252630
v -0.00547209 -0.01750000 -0.05236996
v -0.00618780 -0.01850000 -0.05185564
v -0.00630298 -0.01750000 -0.05176354
v -0.00707106 -0.01850000 -0.05107107
v -0.00707106 -0.01750000 -0.05107107
v -0.00776353 -0.01750000 -0.05030299
v -0.00785564 -0.01850000 -0.05018781
v -0.00836995 -0.01750000 -0.04947210
v -0.00852628 -0.01850000 -0.04922517
v -0.00888284 -0.01750000 -0.04859294
v -0.00907283 -0.01850000 -0.04820520
v -0.00929788 -0.01750000 -0.04768095
v -0.00949057 -0.01850000 -0.04715103
v -0.00961399 -0.01750000 -0.04675159
v -0.00978015 -0.01850000 -0.04608536
v -0.00983305 -0.01750000 -0.04581963
v -0.00994691 -0.01850000 -0.04502900
v -0.00995955 -0.01750000 -0.04489854
v -0.00995955 -0.01950000 -0.04489854
v -0.00983305 -0.01950000 -0.04581963
v -0.00961399 -0.01950000 -0.04675159
v -0.00929788 -0.01950000 -0.04768095
v -0.00888284 -0.01950000 -0.04859294
v -0.00836995 -0.01950000 -0.04947210
v -0.00776353 -0.01950000 -0.05030299
v -0.00707106 -0.01950000 -0.05107107
v -0.00630298 -0.01950000 -0.05176354
v -0.00547209 -0.01950000 -0.05236996
v -0.00459294 -0.01950000 -0.05288284
v -0.00368094 -0.01950000 -0.05329788
v -0.00275158 -0.01950000 -0.05361399
v -0.00181963 -0.01950000 -0.05383306
v -0.00089854 -0.01950000 -0.05395955
v 0.00000000 -0.01950000 -0.05400001
v 0.00089855 -0.01950000 -0.05395955
v 0.00181964 -0.01950000 -0.05383306
v 0.00275159 -0.01950000 -0.05361399
v 0.00888285 -0.01950000 -0.04859294
v 0.00929789 -0.01950000 -0.04768095
v 0.00961399 -0.01950000 -0.04675159
v 0.00983306 -0.01950000 -0.04581963
v -0.00778664 -0.01750000 -0.04414557
v -0.00700000 -0.01750000 -0.04480000
v -0.00714557 -0.01750000 -0.04478665
v -0.00729447 -0.01750000 -0.04474384
v -0.00574173 -0.01750000 -0.04906269
v -0.00571680 -0.01750000 -0.04917698
v -0.00567434 -0.01750000 -0.04928881
v -0.00561492 -0.01750000 -0.04939421
v -0.00554029 -0.01750000 -0.04948944
v -0.00545321 -0.01750000 -0.04957146
v -0.00535716 -0.01750000 -0.04963823
v -0.00525589 -0.01750000 -0.04968885
v -0.00514848 -0.01750000 -0.04972467
v -0.00503335 -0.01750000 -0.04974537
v -0.00491378 -0.01750000 -0.04974895
v -0.00078664 -0.01750000 -0.05114557
v 0.00000000 -0.01750000 -0.05180000
v -0.00014557 -0.01750000 -0.05178665
v -0.00029447 -0.01750000 -0.05174384
v -0.00049165 -0.01750000 -0.05309099
v -0.00046489 -0.01750000 -0.05318405
v -0.00041849 -0.01750000 -0.05327361
v -0.00035355 -0.01750000 -0.05335355
v -0.00027360 -0.01750000 -0.05341851
v -0.00018404 -0.01750000 -0.05346489
v -0.00009098 -0.01750000 -0.05349166
v 0.00000000 -0.01750000 -0.05350000
v 0.00009099 -0.01750000 -0.05349166
v 0.00018405 -0.01750000 -0.05346489
v 0.00027361 -0.01750000 -0.05341851
v 0.00035356 -0.01750000 -0.05335355
v 0.00041850 -0.01750000 -0.05327361
v 0.00046490 -0.01750000 -0.05318405
v 0.00049166 -0.01750000 -0.05309099
v 0.00066960 -0.01750000 -0.05143777
v 0.00056569 -0.01750000 -0.05156570
v 0.00078665 -0.01750000 -0.05114557
v 0.00074383 -0.01750000 -0.05129448
v 0.00494975 -0.01750000 -0.04974975
v 0.00509532 -0.01750000 -0.04973640
v 0.00524423 -0.01750000 -0.04969359
v 0.00538752 -0.01750000 -0.04961935
v 0.00551544 -0.01750000 -0.04951543
v 0.00561935 -0.01750000 -0.04938752
v 0.00569358 -0.01750000 -0.04924423
v 0.00573640 -0.01750000 -0.04909532
v 0.00700000 -0.01750000 -0.04480000
v 0.00685443 -0.01750000 -0.04478665
v 0.00416311 -0.01750000 -0.04909532
v 0.00778665 -0.01750000 -0.04414557
v 0.00774383 -0.01750000 -0.04429448
v 0.00766960 -0.01750000 -0.04443777
v 0.00561935 -0.01750000 -0.03948802
v 0.00551544 -0.01750000 -0.03961595
v 0.00538752 -0.01750000 -0.03971985
v 0.00569358 -0.01750000 -0.03934473
v 0.00573640 -0.01750000 -0.03919582
v -0.00078664 -0.01750000 -0.03714557
v -0.00074383 -0.01750000 -0.03729448
v -0.00066959 -0.01750000 -0.03743777
v -0.00056568 -0.01750000 -0.03756568
v -0.00043776 -0.01750000 -0.03766960
v -0.00029447 -0.01750000 -0.03774384
v -0.00014557 -0.01750000 -0.03778665
v -0.00573467 -0.01750000 -0.03920482
v -0.00568885 -0.01750000 -0.03935640
v -0.00561407 -0.01750000 -0.03949598
v -0.00551543 -0.01750000 -0.03961595
v -0.00542991 -0.01750000 -0.03969014
v -0.00533146 -0.01750000 -0.03975332
v -0.00522236 -0.01750000 -0.03980238
v -0.00510582 -0.01750000 -0.03983489
v -0.00498571 -0.01750000 -0.03984945
v -0.00464360 -0.01750000 -0.03978937
v -0.00475100 -0.01750000 -0.03982517
v -0.00486614 -0.01750000 -0.03984587
v -0.00422515 -0.01750000 -0.03938932
v -0.00428457 -0.01750000 -0.03949471
v -0.00435920 -0.01750000 -0.03958995
v -0.00415776 -0.01750000 -0.03916319
v 0.00000000 -0.01750000 -0.03780000
v 0.00014557 -0.01750000 -0.03778665
v 0.00029448 -0.01750000 -0.03774384
v 0.00043777 -0.01750000 -0.03766960
v 0.00056569 -0.01750000 -0.03756568
v 0.00066960 -0.01750000 -0.03743777
v 0.00074383 -0.01750000 -0.03729448
v 0.00078665 -0.01750000 -0.03714557
v 0.00420592 -0.01750000 -0.03934473
v 0.00416311 -0.01750000 -0.03919582
v 0.00465528 -0.01750000 -0.03979409
v 0.00451198 -0.01750000 -0.03971985
v 0.00438407 -0.01750000 -0.03961595
v 0.00494975 -0.01750000 -0.03985025
v 0.00480418 -0.01750000 -0.03983690
v 0.00625617 -0.01750000 -0.04429448
v 0.00621336 -0.01750000 -0.04414557
v 0.00656224 -0.01750000 -0.04466960
v 0.00643432 -0.01750000 -0.04456570
v 0.00633041 -0.01750000 -0.04443777
v 0.00000000 -0.01750000 -0.04974935
v 0.00420592 -0.01750000 -0.04924423
v 0.00428016 -0.01750000 -0.04938752
v 0.00438407 -0.01750000 -0.04951543
v 0.00451198 -0.01750000 -0.04961935
v 0.00465528 -0.01750000 -0.04969359
v 0.00480418 -0.01750000 -0.04973640
v -0.00438406 -0.01750000 -0.04951544
v -0.00428542 -0.01750000 -0.04939548
v -0.00421064 -0.01750000 -0.04925590
v -0.00416482 -0.01750000 -0.04910432
v -0.00685443 -0.01750000 -0.04478665
v -0.00656223 -0.01750000 -0.04466960
v -0.00670552 -0.01750000 -0.04474384
v -0.00625617 -0.01750000 -0.04429448
v -0.00633040 -0.01750000 -0.04443777
v -0.00643431 -0.01750000 -0.04456570
v -0.00743776 -0.01750000 -0.04466960
v -0.00756568 -0.01750000 -0.04456570
v -0.00766959 -0.01750000 -0.04443777
v -0.00774383 -0.01750000 -0.04429448
v -0.00621335 -0.01750000 -0.04414557
v 0.00014558 -0.01750000 -0.05178665
v 0.00029448 -0.01750000 -0.05174384
v 0.00043777 -0.01750000 -0.05166960
v -0.00446958 -0.01750000 -0.04958964
v -0.00456803 -0.01750000 -0.04965282
v -0.00467713 -0.01750000 -0.04970187
v -0.00479367 -0.01750000 -0.04973439
v -0.00043776 -0.01750000 -0.05166960
v -0.00056568 -0.01750000 -0.05156570
v -0.00066959 -0.01750000 -0.05143777
v -0.00074383 -0.01750000 -0.05129448
v 0.00756569 -0.01750000 -0.04456568
v 0.00743777 -0.01750000 -0.04466960
v 0.00729448 -0.01750000 -0.04474384
v 0.00714557 -0.01750000 -0.04478665
v 0.00670553 -0.01750000 -0.04474384
v 0.00524423 -0.01750000 -0.03979409
v 0.00509532 -0.01750000 -0.03983690
v 0.00428015 -0.01750000 -0.03948802
v -0.00418269 -0.01750000 -0.03927748
v -0.00444628 -0.01750000 -0.03967196
v -0.00454232 -0.01750000 -0.03973873
v 0.00778665 -0.01950000 -0.04414557
v 0.00766960 -0.01950000 -0.04443777
v 0.00774383 -0.01950000 -0.04429448
v 0.00743777 -0.01950000 -0.04466960
v 0.00756569 -0.01950000 -0.04456568
v 0.00714557 -0.01950000 -0.04478665
v 0.00729448 -0.01950000 -0.04474384
v 0.00574174 -0.01950000 -0.04906269
v 0.00571680 -0.01950000 -0.04917698
v 0.00567435 -0.01950000 -0.04928881
v 0.00561493 -0.01950000 -0.04939421
v 0.00554029 -0.01950000 -0.04948944
v 0.00545322 -0.01950000 -0.04957146
v 0.00535717 -0.01950000 -0.04963823
v 0.00525590 -0.01950000 -0.04968885
v 0.00514849 -0.01950000 -0.04972467
v 0.00503336 -0.01950000 -0.04974537
v 0.00491379 -0.01950000 -0.04974895
v 0.00479368 -0.01950000 -0.04973437
v 0.00467714 -0.01950000 -0.04970187
v 0.00456804 -0.01950000 -0.04965282
v 0.00446959 -0.01950000 -0.04958962
v 0.00078665 -0.01950000 -0.05114557
v 0.00074383 -0.01950000 -0.05129448
v 0.00066960 -0.01950000 -0.05143777
v 0.00049166 -0.01950000 -0.05309099
v 0.00018405 -0.01950000 -0.05346489
v 0.00027361 -0.01950000 -0.05341851
v 0.00035356 -0.01950000 -0.05335355
v -0.00018404 -0.01950000 -0.05346489
v -0.00009098 -0.01950000 -0.05349166
v 0.00000000 -0.01950000 -0.05350000
v -0.00049165 -0.01950000 -0.05309099
v -0.00046489 -0.01950000 -0.05318405
v -0.00041849 -0.01950000 -0.05327361
v -0.00066959 -0.01950000 -0.05143777
v -0.00078664 -0.01950000 -0.05114557
v -0.00074383 -0.01950000 -0.05129448
v -0.00494974 -0.01950000 -0.04974975
v -0.00509531 -0.01950000 -0.04973640
v -0.00524422 -0.01950000 -0.04969359
v -0.00538751 -0.01950000 -0.04961935
v -0.00551543 -0.01950000 -0.04951543
v -0.00561934 -0.01950000 -0.04938752
v -0.00569357 -0.01950000 -0.04924423
v -0.00573639 -0.01950000 -0.04909532
v -0.00700000 -0.01950000 -0.04480000
v -0.00685443 -0.01950000 -0.04478665
v -0.00714557 -0.01950000 -0.04478665
v -0.00729447 -0.01950000 -0.04474384
v -0.00743776 -0.01950000 -0.04466960
v -0.00756568 -0.01950000 -0.04456570
v -0.00766959 -0.01950000 -0.04443777
v -0.00774383 -0.01950000 -0.04429448
v -0.00778664 -0.01950000 -0.04414557
v -0.00551543 -0.01950000 -0.03961595
v -0.00538751 -0.01950000 -0.03971985
v -0.00524422 -0.01950000 -0.03979409
v -0.00509532 -0.01950000 -0.03983690
v -0.00561934 -0.01950000 -0.03948802
v -0.00569358 -0.01950000 -0.03934473
v -0.00573639 -0.01950000 -0.03919582
v -0.00078664 -0.01950000 -0.03714557
v -0.00074383 -0.01950000 -0.03729448
v 0.00078665 -0.01950000 -0.03714557
v 0.00074383 -0.01950000 -0.03729448
v 0.00066960 -0.01950000 -0.03743777
v 0.00056569 -0.01950000 -0.03756568
v 0.00043777 -0.01950000 -0.03766960
v 0.00029448 -0.01950000 -0.03774384
v 0.00014557 -0.01950000 -0.03778665
v 0.00000000 -0.01950000 -0.03780000
v 0.00000000 -0.01950000 -0.03825066
v -0.00014557 -0.01950000 -0.03778665
v -0.00029447 -0.01950000 -0.03774384
v -0.00043776 -0.01950000 -0.03766960
v -0.00056568 -0.01950000 -0.03756568
v -0.00066959 -0.01950000 -0.03743777
v 0.00573468 -0.01950000 -0.03920482
v 0.00568885 -0.01950000 -0.03935640
v 0.00561408 -0.01950000 -0.03949598
v 0.00551544 -0.01950000 -0.03961595
v 0.00542991 -0.01950000 -0.03969014
v 0.00533147 -0.01950000 -0.03975332
v 0.00522237 -0.01950000 -0.03980238
v 0.00510582 -0.01950000 -0.03983489
v 0.00498571 -0.01950000 -0.03984945
v 0.00486614 -0.01950000 -0.03984587
v 0.00475101 -0.01950000 -0.03982517
v 0.00464360 -0.01950000 -0.03978935
v 0.00454233 -0.01950000 -0.03973873
v 0.00444628 -0.01950000 -0.03967196
v 0.00435921 -0.01950000 -0.03958995
v 0.00428458 -0.01950000 -0.03949471
v 0.00422516 -0.01950000 -0.03938932
v 0.00418270 -0.01950000 -0.03927748
v 0.00415776 -0.01950000 -0.03916319
v -0.00625617 -0.01950000 -0.04429448
v -0.00621335 -0.01950000 -0.04414557
v -0.00656223 -0.01950000 -0.04466960
v -0.00643431 -0.01950000 -0.04456570
v -0.00633040 -0.01950000 -0.04443777
v -0.00670552 -0.01950000 -0.04474384
v -0.00416310 -0.01950000 -0.04909532
v -0.00438406 -0.01950000 -0.04951543
v -0.00428015 -0.01950000 -0.04938752
v 0.00428543 -0.01950000 -0.04939548
v 0.00438407 -0.01950000 -0.04951543
v 0.00416483 -0.01950000 -0.04910432
v 0.00421065 -0.01950000 -0.04925590
v 0.00656224 -0.01950000 -0.04466960
v 0.00670553 -0.01950000 -0.04474384
v 0.00685443 -0.01950000 -0.04478665
v 0.00625617 -0.01950000 -0.04429448
v 0.00633041 -0.01950000 -0.04443777
v 0.00643432 -0.01950000 -0.04456568
v -0.00416310 -0.01950000 -0.03919582
v -0.00420591 -0.01950000 -0.03934473
v -0.00428015 -0.01950000 -0.03948802
v -0.00438406 -0.01950000 -0.03961595
v -0.00451198 -0.01950000 -0.03971985
v -0.00465527 -0.01950000 -0.03979409
v -0.00480417 -0.01950000 -0.03983690
v -0.00494974 -0.01950000 -0.03985025
v 0.00056569 -0.01950000 -0.05156570
v 0.00043777 -0.01950000 -0.05166960
v 0.00029448 -0.01950000 -0.05174384
v 0.00014557 -0.01950000 -0.05178665
v 0.00000000 -0.01950000 -0.05180000
v -0.00014557 -0.01950000 -0.05178665
v -0.00029447 -0.01950000 -0.05174384
v -0.00043776 -0.01950000 -0.05166960
v -0.00056568 -0.01950000 -0.05156570
v -0.00035355 -0.01950000 -0.05335355
v -0.00027360 -0.01950000 -0.05341851
v 0.00009099 -0.01950000 -0.05349166
v 0.00041850 -0.01950000 -0.05327361
v 0.00046490 -0.01950000 -0.05318405
v -0.00480417 -0.01950000 -0.04973640
v -0.00465527 -0.01950000 -0.04969359
v -0.00451198 -0.01950000 -0.04961935
v -0.00420591 -0.01950000 -0.04924423
v 0.00621336 -0.01950000 -0.04414557
v 0.00700000 -0.01950000 -0.04480000
v 0.00152413 -0.01970000 -0.04428205
v 0.00153115 -0.02020000 -0.04424100
v 0.00147104 -0.02020000 -0.04448842
v 0.00136641 -0.02020000 -0.04473174
v 0.00121763 -0.02020000 -0.04495912
v 0.00102930 -0.02020000 -0.04515890
v 0.00080991 -0.02020000 -0.04532157
v 0.00057055 -0.02020000 -0.04544117
v 0.00032323 -0.02020000 -0.04551593
v 0.00057055 -0.01970000 -0.04544117
v 0.00028205 -0.01970000 -0.04552412
v 0.00000000 -0.02020000 -0.04555001
v 0.00000000 -0.01970000 -0.04555001
v -0.00028204 -0.01970000 -0.04552412
v -0.00032323 -0.02020000 -0.04551593
v -0.00057054 -0.01970000 -0.04544117
v -0.00065180 -0.02020000 -0.04540629
v -0.00084817 -0.01970000 -0.04529734
v -0.00095911 -0.02020000 -0.04521762
v -0.00109601 -0.01970000 -0.04509601
v -0.00121762 -0.02020000 -0.04495912
v -0.00129734 -0.01970000 -0.04484818
v -0.00140629 -0.02020000 -0.04465181
v -0.00144117 -0.01970000 -0.04457055
v -0.00151592 -0.02020000 -0.04432324
v -0.00152412 -0.01970000 -0.04428205
v 0.00084818 -0.01970000 -0.04529734
v 0.00109602 -0.01970000 -0.04509601
v 0.00129735 -0.01970000 -0.04484818
v 0.00144118 -0.01970000 -0.04457055
v 0.00296352 -0.01810000 -0.04446644
v 0.00294992 -0.01970000 -0.04454589
v 0.00284718 -0.01810000 -0.04494532
v 0.00278937 -0.01970000 -0.04510428
v 0.00264465 -0.01810000 -0.04541628
v 0.00251099 -0.01970000 -0.04564163
v 0.00235670 -0.01810000 -0.04585635
v 0.00212132 -0.01970000 -0.04612132
v 0.00199220 -0.01810000 -0.04624303
v 0.00164163 -0.01970000 -0.04651098
v 0.00156756 -0.01810000 -0.04655789
v 0.00110429 -0.01970000 -0.04678937
v 0.00110429 -0.01810000 -0.04678937
v 0.00062561 -0.01810000 -0.04693404
v 0.00000000 -0.01810000 -0.04700001
v -0.00062560 -0.01810000 -0.04693404
v -0.00126156 -0.01810000 -0.04672185
v -0.00185634 -0.01810000 -0.04635670
v -0.00235669 -0.01810000 -0.04585635
v -0.00272185 -0.01810000 -0.04526157
v -0.00293404 -0.01810000 -0.04462561
v -0.00294991 -0.01970000 -0.04454589
v 0.00054589 -0.01970000 -0.04694993
v 0.00000000 -0.01970000 -0.04700001
v -0.00054589 -0.01970000 -0.04694993
v -0.00110428 -0.01970000 -0.04678937
v -0.00164162 -0.01970000 -0.04651098
v -0.00212132 -0.01970000 -0.04612132
v -0.00251098 -0.01970000 -0.04564163
v -0.00278936 -0.01970000 -0.04510428
v -0.00620973 -0.01850000 -0.04412438
v -0.00624075 -0.01850000 -0.04425209
v -0.00629476 -0.01850000 -0.04437767
v -0.00637155 -0.01850000 -0.04449503
v -0.00646875 -0.01850000 -0.04459815
v -0.00658198 -0.01850000 -0.04468210
v -0.00670552 -0.01850000 -0.04474384
v -0.00683317 -0.01850000 -0.04478242
v -0.00700000 -0.01850000 -0.04480000
v -0.00716682 -0.01850000 -0.04478242
v -0.00733641 -0.01850000 -0.04472582
v -0.00749502 -0.01850000 -0.04462846
v -0.00762845 -0.01850000 -0.04449503
v -0.00772582 -0.01850000 -0.04433643
v -0.00778241 -0.01850000 -0.04416684
v 0.00049392 -0.01850000 -0.05307775
v 0.00047453 -0.01850000 -0.05315756
v 0.00044078 -0.01850000 -0.05323606
v 0.00039279 -0.01850000 -0.05330940
v 0.00033204 -0.01850000 -0.05337385
v 0.00026126 -0.01850000 -0.05342631
v 0.00018405 -0.01850000 -0.05346489
v 0.00010427 -0.01850000 -0.05348902
v 0.00000000 -0.01850000 -0.05350000
v -0.00010426 -0.01850000 -0.05348902
v -0.00021026 -0.01850000 -0.05345364
v -0.00030939 -0.01850000 -0.05339279
v -0.00039278 -0.01850000 -0.05330940
v -0.00045364 -0.01850000 -0.05321026
v -0.00048900 -0.01850000 -0.05310427
v -0.00415947 -0.01850000 -0.04907413
v -0.00419050 -0.01850000 -0.04920183
v -0.00424450 -0.01850000 -0.04932742
v -0.00432129 -0.01850000 -0.04944477
v -0.00441849 -0.01850000 -0.04954788
v -0.00453173 -0.01850000 -0.04963185
v -0.00465527 -0.01850000 -0.04969359
v -0.00478292 -0.01850000 -0.04973217
v -0.00494974 -0.01850000 -0.04974975
v -0.00511657 -0.01850000 -0.04973217
v -0.00528616 -0.01850000 -0.04967557
v -0.00544477 -0.01850000 -0.04957821
v -0.00557819 -0.01850000 -0.04944477
v -0.00567557 -0.01850000 -0.04928616
v -0.00573216 -0.01850000 -0.04911659
v 0.00079028 -0.01850000 -0.05112438
v 0.00075925 -0.01850000 -0.05125209
v 0.00070524 -0.01850000 -0.05137767
v 0.00062846 -0.01850000 -0.05149503
v 0.00053126 -0.01850000 -0.05159815
v 0.00041802 -0.01850000 -0.05168210
v 0.00029448 -0.01850000 -0.05174384
v 0.00016683 -0.01850000 -0.05178242
v 0.00000000 -0.01850000 -0.05180000
v -0.00016682 -0.01850000 -0.05178242
v -0.00033641 -0.01850000 -0.05172582
v -0.00049502 -0.01850000 -0.05162846
v -0.00062845 -0.01850000 -0.05149503
v -0.00072582 -0.01850000 -0.05133643
v -0.00078241 -0.01850000 -0.05116684
v 0.00779028 -0.01850000 -0.04412438
v 0.00775925 -0.01850000 -0.04425209
v 0.00770524 -0.01850000 -0.04437767
v 0.00762846 -0.01850000 -0.04449502
v 0.00753126 -0.01850000 -0.04459814
v 0.00741802 -0.01850000 -0.04468210
v 0.00729448 -0.01850000 -0.04474384
v 0.00716683 -0.01850000 -0.04478242
v 0.00700000 -0.01850000 -0.04480000
v 0.00683318 -0.01850000 -0.04478242
v 0.00666359 -0.01850000 -0.04472582
v 0.00650498 -0.01850000 -0.04462846
v 0.00637155 -0.01850000 -0.04449503
v 0.00627418 -0.01850000 -0.04433641
v 0.00621759 -0.01850000 -0.04416684
v 0.00574002 -0.01850000 -0.04907413
v 0.00570900 -0.01850000 -0.04920183
v 0.00565499 -0.01850000 -0.04932742
v 0.00557820 -0.01850000 -0.04944477
v 0.00548100 -0.01850000 -0.04954788
v 0.00536777 -0.01850000 -0.04963185
v 0.00524423 -0.01850000 -0.04969359
v 0.00511658 -0.01850000 -0.04973217
v 0.00494975 -0.01850000 -0.04974975
v 0.00478292 -0.01850000 -0.04973217
v 0.00461334 -0.01850000 -0.04967557
v 0.00445473 -0.01850000 -0.04957821
v 0.00432130 -0.01850000 -0.04944477
v 0.00422393 -0.01850000 -0.04928616
v 0.00416734 -0.01850000 -0.04911659
v 0.00574002 -0.01850000 -0.03917463
v 0.00570900 -0.01850000 -0.03930234
v 0.00565499 -0.01850000 -0.03942792
v 0.00557820 -0.01850000 -0.03954529
v 0.00548100 -0.01850000 -0.03964840
v 0.00536776 -0.01850000 -0.03973236
v 0.00524423 -0.01850000 -0.03979409
v 0.00511658 -0.01850000 -0.03983267
v 0.00494975 -0.01850000 -0.03985025
v 0.00478292 -0.01850000 -0.03983267
v 0.00461333 -0.01850000 -0.03977608
v 0.00445473 -0.01850000 -0.03967871
v 0.00432130 -0.01850000 -0.03954529
v 0.00422392 -0.01850000 -0.03938668
v 0.00416734 -0.01850000 -0.03921709
v 0.00079027 -0.01850000 -0.03712438
v 0.00075925 -0.01850000 -0.03725209
v 0.00070524 -0.01850000 -0.03737767
v 0.00062846 -0.01850000 -0.03749502
v 0.00053125 -0.01850000 -0.03759814
v 0.00041802 -0.01850000 -0.03768210
v 0.00029448 -0.01850000 -0.03774384
v 0.00016683 -0.01850000 -0.03778242
v 0.00000000 -0.01850000 -0.03780000
v -0.00016682 -0.01850000 -0.03778242
v -0.00033641 -0.01850000 -0.03772582
v -0.00049502 -0.01850000 -0.03762846
v -0.00062845 -0.01850000 -0.03749502
v -0.00072582 -0.01850000 -0.03733641
v -0.00078241 -0.01850000 -0.03716684
v -0.00415947 -0.01850000 -0.03917463
v -0.00419050 -0.01850000 -0.03930234
v -0.00424450 -0.01850000 -0.03942792
v -0.00432129 -0.01850000 -0.03954529
v -0.00441849 -0.01850000 -0.03964840
v -0.00453173 -0.01850000 -0.03973236
v -0.00465527 -0.01850000 -0.03979409
v -0.00478292 -0.01850000 -0.03983267
v -0.00494974 -0.01850000 -0.03985025
v -0.00511657 -0.01850000 -0.03983267
v -0.00528616 -0.01850000 -0.03977608
v -0.00544477 -0.01850000 -0.03967871
v -0.00557820 -0.01850000 -0.03954529
v -0.00567557 -0.01850000 -0.03938668
v -0.00573216 -0.01850000 -0.03921709
v -0.00077740 0.00493920 -0.02100000
v 0.00000000 0.00500000 -0.02000000
v -0.00090981 0.00491653 -0.02000000
v 0.00000000 0.00500000 -0.02200000
v -0.00090981 0.00491653 -0.02200000
v -0.00157552 0.00474529 -0.02100000
v -0.00184047 0.00464894 -0.02200000
v -0.00236045 0.00440775 -0.02100000
v -0.00273605 0.00418498 -0.02200000
v -0.00309390 0.00392782 -0.02100000
v -0.00353553 0.00353554 -0.02200000
v -0.00373837 0.00332032 -0.02100000
v -0.00418498 0.00273605 -0.02200000
v -0.00426314 0.00261259 -0.02100000
v -0.00464894 0.00184047 -0.02200000
v -0.00464894 0.00184047 -0.02100000
v -0.00489007 0.00104268 -0.02100000
v -0.00464894 0.00184047 -0.02000000
v -0.00491652 0.00090982 -0.02000000
v -0.00500000 0.00000000 -0.02100000
v -0.00500000 0.00000000 -0.02000000
v -0.00491652 -0.00090982 -0.02000000
v -0.00489007 -0.00104267 -0.02100000
v -0.00464894 -0.00184047 -0.02000000
v -0.00453641 -0.00210260 -0.02100000
v -0.00418498 -0.00273605 -0.02000000
v -0.00392782 -0.00309390 -0.02100000
v -0.00353553 -0.00353553 -0.02000000
v -0.00309390 -0.00392782 -0.02100000
v -0.00273605 -0.00418498 -0.02000000
v -0.00210260 -0.00453642 -0.02100000
v -0.00184047 -0.00464894 -0.02000000
v -0.00104267 -0.00489007 -0.02100000
v -0.00090981 -0.00491653 -0.02000000
v 0.00000000 -0.00500000 -0.02000000
v -0.00090981 -0.00491653 -0.02200000
v 0.00000000 -0.00500000 -0.02200000
v -0.00491652 0.00090982 -0.02200000
v -0.00500000 0.00000000 -0.02200000
v -0.00491652 -0.00090982 -0.02200000
v -0.00464894 -0.00184048 -0.02200000
v -0.00418498 -0.00273605 -0.02200000
v -0.00353553 -0.00353553 -0.02200000
v -0.00273605 -0.00418498 -0.02200000
v -0.00184047 -0.00464894 -0.02200000
v -0.00418498 0.00273605 -0.02000000
v -0.00353553 0.00353554 -0.02000000
v -0.00273605 0.00418498 -0.02000000
v -0.00184047 0.00464894 -0.02000000
v -0.00603138 0.00514991 -0.02200000
v -0.00604975 0.00494975 -0.02000000
v -0.00604975 0.00494975 -0.02200000
v -0.00602556 0.00517914 -0.02100000
v -0.00597251 0.00535465 -0.02200000
v -0.00594776 0.00541232 -0.02100000
v -0.00587044 0.00555168 -0.02200000
v -0.00581387 0.00563041 -0.02100000
v -0.00572756 0.00572757 -0.02200000
v -0.00563040 0.00581387 -0.02100000
v -0.00555168 0.00587044 -0.02200000
v -0.00541232 0.00594776 -0.02100000
v -0.00535465 0.00597252 -0.02200000
v -0.00517913 0.00602556 -0.02100000
v -0.00514991 0.00603138 -0.02200000
v -0.00494975 0.00604975 -0.02100000
v -0.00494975 0.00604975 -0.02200000
v -0.00474959 0.00603138 -0.02200000
v -0.00472036 0.00602556 -0.02100000
v -0.00454484 0.00597252 -0.02200000
v -0.00454484 0.00597252 -0.02100000
v -0.00437498 0.00588764 -0.02100000
v -0.00454484 0.00597252 -0.02000000
v -0.00434781 0.00587044 -0.02000000
v -0.00603138 0.00514991 -0.02000000
v -0.00597251 0.00535465 -0.02000000
v -0.00587044 0.00555168 -0.02000000
v -0.00572756 0.00572757 -0.02000000
v -0.00555168 0.00587044 -0.02000000
v -0.00535465 0.00597252 -0.02000000
v -0.00514991 0.00603138 -0.02000000
v -0.00494975 0.00604975 -0.02000000
v -0.00474959 0.00603138 -0.02000000
v -0.00421927 0.00577219 -0.02100000
v -0.00417193 0.00572757 -0.02000000
v -0.00408563 0.00563041 -0.02100000
v -0.00402905 0.00555168 -0.02000000
v -0.00398004 0.00546905 -0.02100000
v -0.00392698 0.00535465 -0.02000000
v -0.00390578 0.00529636 -0.02100000
v -0.00386811 0.00514991 -0.02000000
v -0.00386312 0.00512078 -0.02100000
v -0.00384975 0.00494975 -0.02000000
v -0.00384975 0.00494975 -0.02200000
v -0.00386811 0.00514991 -0.02200000
v -0.00392698 0.00535465 -0.02200000
v -0.00402905 0.00555168 -0.02200000
v -0.00417193 0.00572757 -0.02200000
v -0.00434781 0.00587044 -0.02200000
v -0.00603138 -0.00474959 -0.02200000
v -0.00604975 -0.00494975 -0.02000000
v -0.00604975 -0.00494975 -0.02200000
v -0.00602556 -0.00472036 -0.02100000
v -0.00597251 -0.00454484 -0.02200000
v -0.00594776 -0.00448718 -0.02100000
v -0.00587044 -0.00434782 -0.02200000
v -0.00581387 -0.00426909 -0.02100000
v -0.00572756 -0.00417193 -0.02200000
v -0.00563040 -0.00408563 -0.02100000
v -0.00555168 -0.00402905 -0.02200000
v -0.00541232 -0.00395174 -0.02100000
v -0.00535465 -0.00392698 -0.02200000
v -0.00517913 -0.00387393 -0.02100000
v -0.00514991 -0.00386811 -0.02200000
v -0.00494975 -0.00384975 -0.02100000
v -0.00494975 -0.00384975 -0.02200000
v -0.00474959 -0.00386811 -0.02200000
v -0.00472036 -0.00387393 -0.02100000
v -0.00454484 -0.00392698 -0.02200000
v -0.00454484 -0.00392698 -0.02100000
v -0.00437498 -0.00401185 -0.02100000
v -0.00454484 -0.00392698 -0.02000000
v -0.00434781 -0.00402905 -0.02000000
v -0.00603138 -0.00474959 -0.02000000
v -0.00597251 -0.00454484 -0.02000000
v -0.00587044 -0.00434782 -0.02000000
v -0.00572756 -0.00417193 -0.02000000
v -0.00555168 -0.00402905 -0.02000000
v -0.00535465 -0.00392698 -0.02000000
v -0.00514991 -0.00386811 -0.02000000
v -0.00494975 -0.00384975 -0.02000000
v -0.00474959 -0.00386811 -0.02000000
v -0.00421927 -0.00412731 -0.02100000
v -0.00417193 -0.00417193 -0.02000000
v -0.00408563 -0.00426909 -0.02100000
v -0.00402905 -0.00434782 -0.02000000
v -0.00398004 -0.00443045 -0.02100000
v -0.00392698 -0.00454484 -0.02000000
v -0.00390578 -0.00460313 -0.02100000
v -0.00386811 -0.00474959 -0.02000000
v -0.00386312 -0.00477872 -0.02100000
v -0.00384975 -0.00494975 -0.02000000
v -0.00384975 -0.00494975 -0.02200000
v -0.00386811 -0.00474959 -0.02200000
v -0.00392698 -0.00454484 -0.02200000
v -0.00402905 -0.00434782 -0.02200000
v -0.00417193 -0.00417193 -0.02200000
v -0.00434781 -0.00402905 -0.02200000
v 0.00384975 -0.00494975 -0.02200000
v 0.00384975 -0.00494975 -0.02000000
v 0.00386811 -0.00474959 -0.02200000
v 0.00387393 -0.00472036 -0.02100000
v 0.00392698 -0.00454484 -0.02200000
v 0.00395174 -0.00448718 -0.02100000
v 0.00402905 -0.00434782 -0.02200000
v 0.00408563 -0.00426909 -0.02100000
v 0.00417193 -0.00417193 -0.02200000
v 0.00426909 -0.00408563 -0.02100000
v 0.00434782 -0.00402905 -0.02200000
v 0.00448718 -0.00395174 -0.02100000
v 0.00454485 -0.00392698 -0.02200000
v 0.00472036 -0.00387393 -0.02100000
v 0.00474959 -0.00386811 -0.02200000
v 0.00494975 -0.00384975 -0.02100000
v 0.00494975 -0.00384975 -0.02200000
v 0.00514991 -0.00386811 -0.02200000
v 0.00517914 -0.00387393 -0.02100000
v 0.00535465 -0.00392698 -0.02200000
v 0.00535465 -0.00392698 -0.02100000
v 0.00552452 -0.00401185 -0.02100000
v 0.00535465 -0.00392698 -0.02000000
v 0.00555168 -0.00402905 -0.02000000
v 0.00386811 -0.00474959 -0.02000000
v 0.00392698 -0.00454484 -0.02000000
v 0.00402905 -0.00434782 -0.02000000
v 0.00417193 -0.00417193 -0.02000000
v 0.00434782 -0.00402905 -0.02000000
v 0.00454485 -0.00392698 -0.02000000
v 0.00474959 -0.00386811 -0.02000000
v 0.00494975 -0.00384975 -0.02000000
v 0.00514991 -0.00386811 -0.02000000
v 0.00568022 -0.00412731 -0.02100000
v 0.00572757 -0.00417193 -0.02000000
v 0.00581387 -0.00426909 -0.02100000
v 0.00587045 -0.00434782 -0.02000000
v 0.00591946 -0.00443045 -0.02100000
v 0.00597252 -0.00454484 -0.02000000
v 0.00599371 -0.00460313 -0.02100000
v 0.00603139 -0.00474959 -0.02000000
v 0.00603637 -0.00477872 -0.02100000
v 0.00604975 -0.00494975 -0.02000000
v 0.00604975 -0.00494975 -0.02200000
v 0.00603139 -0.00474959 -0.02200000
v 0.00597252 -0.00454484 -0.02200000
v 0.00587045 -0.00434782 -0.02200000
v 0.00572757 -0.00417193 -0.02200000
v 0.00555168 -0.00402905 -0.02200000
v 0.00386811 0.00514991 -0.02200000
v 0.00384975 0.00494975 -0.02000000
v 0.00384975 0.00494975 -0.02200000
v 0.00387393 0.00517914 -0.02100000
v 0.00392698 0.00535465 -0.02200000
v 0.00395174 0.00541232 -0.02100000
v 0.00402905 0.00555168 -0.02200000
v 0.00408563 0.00563041 -0.02100000
v 0.00417193 0.00572757 -0.02200000
v 0.00426909 0.00581387 -0.02100000
v 0.00434782 0.00587044 -0.02200000
v 0.00448718 0.00594776 -0.02100000
v 0.00454485 0.00597252 -0.02200000
v 0.00472036 0.00602556 -0.02100000
v 0.00474959 0.00603138 -0.02200000
v 0.00494975 0.00604975 -0.02100000
v 0.00494975 0.00604975 -0.02200000
v 0.00514991 0.00603138 -0.02200000
v 0.00517914 0.00602556 -0.02100000
v 0.00535465 0.00597252 -0.02200000
v 0.00535465 0.00597252 -0.02100000
v 0.00552452 0.00588764 -0.02100000
v 0.00535465 0.00597252 -0.02000000
v 0.00555168 0.00587044 -0.02000000
v 0.00386811 0.00514991 -0.02000000
v 0.00392698 0.00535465 -0.02000000
v 0.00402905 0.00555168 -0.02000000
v 0.00417193 0.00572757 -0.02000000
v 0.00434782 0.00587044 -0.02000000
v 0.00454485 0.00597252 -0.02000000
v 0.00474959 0.00603138 -0.02000000
v 0.00494975 0.00604975 -0.02000000
v 0.00514991 0.00603138 -0.02000000
v 0.00568022 0.00577219 -0.02100000
v 0.00572757 0.00572757 -0.02000000
v 0.00581387 0.00563041 -0.02100000
v 0.00587045 0.00555168 -0.02000000
v 0.00591946 0.00546905 -0.02100000
v 0.00597252 0.00535465 -0.02000000
v 0.00599371 0.00529636 -0.02100000
v 0.00603139 0.00514991 -0.02000000
v 0.00603637 0.00512078 -0.02100000
v 0.00604975 0.00494975 -0.02000000
v 0.00604975 0.00494975 -0.02200000
v 0.00603139 0.00514991 -0.02200000
v 0.00597252 0.00535465 -0.02200000
v 0.00587045 0.00555168 -0.02200000
v 0.00572757 0.00572757 -0.02200000
v 0.00555168 0.00587044 -0.02200000
v -0.00110000 0.00700000 -0.02200000
v -0.00110000 0.00700000 -0.02000000
v -0.00108163 0.00720016 -0.02200000
v -0.00107581 0.00722939 -0.02100000
v -0.00102276 0.00740491 -0.02200000
v -0.00099801 0.00746257 -0.02100000
v -0.00092069 0.00760193 -0.02200000
v -0.00086412 0.00768066 -0.02100000
v -0.00077781 0.00777782 -0.02200000
v -0.00068066 0.00786412 -0.02100000
v -0.00060193 0.00792070 -0.02200000
v -0.00046257 0.00799801 -0.02100000
v -0.00040490 0.00802277 -0.02200000
v -0.00022939 0.00807582 -0.02100000
v -0.00020016 0.00808164 -0.02200000
v 0.00000000 0.00810000 -0.02100000
v 0.00000000 0.00810000 -0.02200000
v 0.00020016 0.00808164 -0.02200000
v 0.00022939 0.00807582 -0.02100000
v 0.00040491 0.00802277 -0.02200000
v 0.00040491 0.00802277 -0.02100000
v 0.00057477 0.00793789 -0.02100000
v 0.00040491 0.00802277 -0.02000000
v 0.00060193 0.00792070 -0.02000000
v -0.00108163 0.00720016 -0.02000000
v -0.00102276 0.00740491 -0.02000000
v -0.00092069 0.00760193 -0.02000000
v -0.00077781 0.00777782 -0.02000000
v -0.00060193 0.00792070 -0.02000000
v -0.00040490 0.00802277 -0.02000000
v -0.00020016 0.00808164 -0.02000000
v 0.00000000 0.00810000 -0.02000000
v 0.00020016 0.00808164 -0.02000000
v 0.00073047 0.00782244 -0.02100000
v 0.00077782 0.00777782 -0.02000000
v 0.00086412 0.00768066 -0.02100000
v 0.00092070 0.00760193 -0.02000000
v 0.00096971 0.00751930 -0.02100000
v 0.00102277 0.00740491 -0.02000000
v 0.00104397 0.00734662 -0.02100000
v 0.00108164 0.00720016 -0.02000000
v 0.00108663 0.00717103 -0.02100000
v 0.00110000 0.00700000 -0.02000000
v 0.00110000 0.00700000 -0.02200000
v 0.00108164 0.00720016 -0.02200000
v 0.00102277 0.00740491 -0.02200000
v 0.00092070 0.00760193 -0.02200000
v 0.00077782 0.00777782 -0.02200000
v 0.00060193 0.00792070 -0.02200000
v 0.00590000 0.00000000 -0.02200000
v 0.00590000 0.00000000 -0.02000000
v 0.00591837 0.00020016 -0.02200000
v 0.00592419 0.00022939 -0.02100000
v 0.00597724 0.00040491 -0.02200000
v 0.00600199 0.00046257 -0.02100000
v 0.00607931 0.00060193 -0.02200000
v 0.00613588 0.00068066 -0.02100000
v 0.00622219 0.00077782 -0.02200000
v 0.00631934 0.00086412 -0.02100000
v 0.00639807 0.00092070 -0.02200000
v 0.00653743 0.00099801 -0.02100000
v 0.00659510 0.00102277 -0.02200000
v 0.00677061 0.00107582 -0.02100000
v 0.00679984 0.00108164 -0.02200000
v 0.00700000 0.00110000 -0.02100000
v 0.00700000 0.00110000 -0.02200000
v 0.00720016 0.00108164 -0.02200000
v 0.00722939 0.00107582 -0.02100000
v 0.00740491 0.00102277 -0.02200000
v 0.00740491 0.00102277 -0.02100000
v 0.00757477 0.00093789 -0.02100000
v 0.00740491 0.00102277 -0.02000000
v 0.00760193 0.00092070 -0.02000000
v 0.00591837 0.00020016 -0.02000000
v 0.00597724 0.00040491 -0.02000000
v 0.00607931 0.00060193 -0.02000000
v 0.00622219 0.00077782 -0.02000000
v 0.00639807 0.00092070 -0.02000000
v 0.00659510 0.00102277 -0.02000000
v 0.00679984 0.00108164 -0.02000000
v 0.00700000 0.00110000 -0.02000000
v 0.00720016 0.00108164 -0.02000000
v 0.00773047 0.00082244 -0.02100000
v 0.00777782 0.00077782 -0.02000000
v 0.00786412 0.00068066 -0.02100000
v 0.00792070 0.00060193 -0.02000000
v 0.00796971 0.00051930 -0.02100000
v 0.00802277 0.00040491 -0.02000000
v 0.00804397 0.00034661 -0.02100000
v 0.00808164 0.00020016 -0.02000000
v 0.00808663 0.00017103 -0.02100000
v 0.00810000 0.00000000 -0.02000000
v 0.00810000 0.00000000 -0.02200000
v 0.00808164 0.00020016 -0.02200000
v 0.00802277 0.00040491 -0.02200000
v 0.00792070 0.00060193 -0.02200000
v 0.00777782 0.00077782 -0.02200000
v 0.00760193 0.00092070 -0.02200000
v -0.00108163 -0.00679984 -0.02200000
v -0.00110000 -0.00700000 -0.02000000
v -0.00110000 -0.00700000 -0.02200000
v -0.00107581 -0.00677061 -0.02100000
v -0.00102276 -0.00659510 -0.02200000
v -0.00099801 -0.00653743 -0.02100000
v -0.00092069 -0.00639807 -0.02200000
v -0.00086412 -0.00631934 -0.02100000
v -0.00077781 -0.00622218 -0.02200000
v -0.00068066 -0.00613588 -0.02100000
v -0.00060193 -0.00607930 -0.02200000
v -0.00046257 -0.00600199 -0.02100000
v -0.00040490 -0.00597723 -0.02200000
v -0.00022939 -0.00592418 -0.02100000
v -0.00020016 -0.00591836 -0.02200000
v 0.00000000 -0.00590000 -0.02100000
v 0.00000000 -0.00590000 -0.02200000
v 0.00020016 -0.00591836 -0.02200000
v 0.00022939 -0.00592418 -0.02100000
v 0.00040491 -0.00597723 -0.02200000
v 0.00040491 -0.00597723 -0.02100000
v 0.00057477 -0.00606211 -0.02100000
v 0.00040491 -0.00597723 -0.02000000
v 0.00060193 -0.00607930 -0.02000000
v -0.00108163 -0.00679984 -0.02000000
v -0.00102276 -0.00659510 -0.02000000
v -0.00092069 -0.00639807 -0.02000000
v -0.00077781 -0.00622218 -0.02000000
v -0.00060193 -0.00607930 -0.02000000
v -0.00040490 -0.00597723 -0.02000000
v -0.00020016 -0.00591836 -0.02000000
v 0.00000000 -0.00590000 -0.02000000
v 0.00020016 -0.00591836 -0.02000000
v 0.00073047 -0.00617756 -0.02100000
v 0.00077782 -0.00622218 -0.02000000
v 0.00086412 -0.00631934 -0.02100000
v 0.00092070 -0.00639807 -0.02000000
v 0.00096971 -0.00648070 -0.02100000
v 0.00102277 -0.00659510 -0.02000000
v 0.00104397 -0.00665339 -0.02100000
v 0.00108164 -0.00679984 -0.02000000
v 0.00108663 -0.00682897 -0.02100000
v 0.00110000 -0.00700000 -0.02000000
v 0.00110000 -0.00700000 -0.02200000
v 0.00108164 -0.00679984 -0.02200000
v 0.00102277 -0.00659510 -0.02200000
v 0.00092070 -0.00639807 -0.02200000
v 0.00077782 -0.00622218 -0.02200000
v 0.00060193 -0.00607930 -0.02200000
v -0.00810000 0.00000000 -0.02200000
v -0.00810000 0.00000000 -0.02000000
v -0.00808163 0.00020016 -0.02200000
v -0.00807581 0.00022939 -0.02100000
v -0.00802276 0.00040491 -0.02200000
v -0.00799801 0.00046257 -0.02100000
v -0.00792069 0.00060193 -0.02200000
v -0.00786412 0.00068066 -0.02100000
v -0.00777782 0.00077782 -0.02200000
v -0.00768066 0.00086412 -0.02100000
v -0.00760193 0.00092070 -0.02200000
v -0.00746257 0.00099801 -0.02100000
v -0.00740490 0.00102277 -0.02200000
v -0.00722939 0.00107582 -0.02100000
v -0.00720016 0.00108164 -0.02200000
v -0.00700000 0.00110000 -0.02100000
v -0.00700000 0.00110000 -0.02200000
v -0.00679984 0.00108164 -0.02200000
v -0.00677061 0.00107582 -0.02100000
v -0.00659509 0.00102277 -0.02200000
v -0.00659509 0.00102277 -0.02100000
v -0.00642523 0.00093789 -0.02100000
v -0.00659509 0.00102277 -0.02000000
v -0.00639807 0.00092070 -0.02000000
v -0.00808163 0.00020016 -0.02000000
v -0.00802276 0.00040491 -0.02000000
v -0.00792069 0.00060193 -0.02000000
v -0.00777782 0.00077782 -0.02000000
v -0.00760193 0.00092070 -0.02000000
v -0.00740490 0.00102277 -0.02000000
v -0.00720016 0.00108164 -0.02000000
v -0.00700000 0.00110000 -0.02000000
v -0.00679984 0.00108164 -0.02000000
v -0.00626953 0.00082244 -0.02100000
v -0.00622218 0.00077782 -0.02000000
v -0.00613588 0.00068066 -0.02100000
v -0.00607930 0.00060193 -0.02000000
v -0.00603029 0.00051930 -0.02100000
v -0.00597723 0.00040491 -0.02000000
v -0.00595604 0.00034661 -0.02100000
v -0.00591836 0.00020016 -0.02000000
v -0.00591338 0.00017103 -0.02100000
v -0.00590000 0.00000000 -0.02000000
v -0.00590000 0.00000000 -0.02200000
v -0.00591836 0.00020016 -0.02200000
v -0.00597723 0.00040491 -0.02200000
v -0.00607930 0.00060193 -0.02200000
v -0.00622218 0.00077782 -0.02200000
v -0.00639807 0.00092070 -0.02200000
v -0.01498330 0.00018196 -0.02200000
v -0.01500000 0.00000000 -0.02000000
v -0.01500000 0.00000000 -0.02200000
v -0.01497801 0.00020854 -0.02100000
v -0.01492979 0.00036810 -0.02200000
v -0.01490728 0.00042052 -0.02100000
v -0.01483699 0.00054721 -0.02200000
v -0.01478556 0.00061878 -0.02100000
v -0.01470710 0.00070711 -0.02200000
v -0.01461878 0.00078556 -0.02100000
v -0.01454721 0.00083700 -0.02200000
v -0.01442052 0.00090728 -0.02100000
v -0.01436809 0.00092979 -0.02200000
v -0.01420853 0.00097802 -0.02100000
v -0.01418196 0.00098331 -0.02200000
v -0.01400000 0.00100000 -0.02100000
v -0.01400000 0.00100000 -0.02200000
v -0.01381804 0.00098331 -0.02200000
v -0.01379146 0.00097802 -0.02100000
v -0.01363190 0.00092979 -0.02200000
v -0.01363190 0.00092979 -0.02100000
v -0.01347748 0.00085263 -0.02100000
v -0.01363190 0.00092979 -0.02000000
v -0.01345279 0.00083700 -0.02000000
v -0.01498330 0.00018196 -0.02000000
v -0.01492979 0.00036810 -0.02000000
v -0.01483699 0.00054721 -0.02000000
v -0.01470710 0.00070711 -0.02000000
v -0.01454721 0.00083700 -0.02000000
v -0.01436809 0.00092979 -0.02000000
v -0.01418196 0.00098331 -0.02000000
v -0.01400000 0.00100000 -0.02000000
v -0.01381804 0.00098331 -0.02000000
v -0.01333593 0.00074768 -0.02100000
v -0.01329289 0.00070711 -0.02000000
v -0.01321443 0.00061878 -0.02100000
v -0.01316300 0.00054721 -0.02000000
v -0.01311845 0.00047209 -0.02100000
v -0.01307021 0.00036810 -0.02000000
v -0.01305094 0.00031510 -0.02100000
v -0.01301669 0.00018196 -0.02000000
v -0.01301216 0.00015548 -0.02100000
v -0.01300000 0.00000000 -0.02000000
v -0.01300000 0.00000000 -0.02200000
v -0.01301669 0.00018196 -0.02200000
v -0.01307021 0.00036810 -0.02200000
v -0.01316300 0.00054721 -0.02200000
v -0.01329289 0.00070711 -0.02200000
v -0.01345279 0.00083700 -0.02200000
v 0.01301670 0.00018196 -0.02200000
v 0.01300000 0.00000000 -0.02000000
v 0.01300000 0.00000000 -0.02200000
v 0.01302199 0.00020854 -0.02100000
v 0.01307022 0.00036810 -0.02200000
v 0.01309272 0.00042052 -0.02100000
v 0.01316301 0.00054721 -0.02200000
v 0.01321444 0.00061878 -0.02100000
v 0.01329290 0.00070711 -0.02200000
v 0.01338123 0.00078556 -0.02100000
v 0.01345279 0.00083700 -0.02200000
v 0.01357948 0.00090728 -0.02100000
v 0.01363191 0.00092979 -0.02200000
v 0.01379147 0.00097802 -0.02100000
v 0.01381804 0.00098331 -0.02200000
v 0.01400000 0.00100000 -0.02100000
v 0.01400000 0.00100000 -0.02200000
v 0.01418197 0.00098331 -0.02200000
v 0.01420854 0.00097802 -0.02100000
v 0.01436810 0.00092979 -0.02200000
v 0.01436810 0.00092979 -0.02100000
v 0.01452252 0.00085263 -0.02100000
v 0.01436810 0.00092979 -0.02000000
v 0.01454721 0.00083700 -0.02000000
v 0.01301670 0.00018196 -0.02000000
v 0.01307022 0.00036810 -0.02000000
v 0.01316301 0.00054721 -0.02000000
v 0.01329290 0.00070711 -0.02000000
v 0.01345279 0.00083700 -0.02000000
v 0.01363191 0.00092979 -0.02000000
v 0.01381804 0.00098331 -0.02000000
v 0.01400000 0.00100000 -0.02000000
v 0.01418197 0.00098331 -0.02000000
v 0.01466407 0.00074768 -0.02100000
v 0.01470711 0.00070711 -0.02000000
v 0.01478557 0.00061878 -0.02100000
v 0.01483700 0.00054721 -0.02000000
v 0.01488155 0.00047209 -0.02100000
v 0.01492979 0.00036810 -0.02000000
v 0.01494906 0.00031510 -0.02100000
v 0.01498331 0.00018196 -0.02000000
v 0.01498784 0.00015548 -0.02100000
v 0.01500000 0.00000000 -0.02000000
v 0.01500000 0.00000000 -0.02200000
v 0.01498331 0.00018196 -0.02200000
v 0.01492979 0.00036810 -0.02200000
v 0.01483700 0.00054721 -0.02200000
v 0.01470711 0.00070711 -0.02200000
v 0.01454721 0.00083700 -0.02200000
v 0.02150000 -0.00098330 -0.00718196
v 0.01950000 -0.00100000 -0.00700001
v 0.02150000 -0.00100000 -0.00700001
v 0.02050000 -0.00097801 -0.00720853
v 0.02150000 -0.00092979 -0.00736809
v 0.02050000 -0.00090728 -0.00742052
v 0.02150000 -0.00083699 -0.00754721
v 0.02050000 -0.00078556 -0.00761878
v 0.02150000 -0.00070710 -0.00770711
v 0.02050000 -0.00061878 -0.00778556
v 0.02150000 -0.00054721 -0.00783699
v 0.02050000 -0.00042052 -0.00790728
v 0.02150000 -0.00036809 -0.00792979
v 0.02050000 -0.00020853 -0.00797801
v 0.02150000 -0.00018196 -0.00798330
v 0.02050000 0.00000000 -0.00799999
v 0.02150000 0.00000000 -0.00799999
v 0.02150000 0.00018197 -0.00798330
v 0.02050000 0.00020854 -0.00797801
v 0.02150000 0.00036810 -0.00792979
v 0.02050000 0.00036810 -0.00792979
v 0.02050000 0.00052252 -0.00785263
v 0.01950000 0.00036810 -0.00792979
v 0.01950000 0.00054721 -0.00783699
v 0.01950000 -0.00098330 -0.00718196
v 0.01950000 -0.00092979 -0.00736809
v 0.01950000 -0.00083699 -0.00754721
v 0.01950000 -0.00070710 -0.00770711
v 0.01950000 -0.00054721 -0.00783699
v 0.01950000 -0.00036809 -0.00792979
v 0.01950000 -0.00018196 -0.00798330
v 0.01950000 0.00000000 -0.00799999
v 0.01950000 0.00018197 -0.00798330
v 0.02050000 0.00066407 -0.00774767
v 0.01950000 0.00070711 -0.00770711
v 0.02050000 0.00078557 -0.00761878
v 0.01950000 0.00083700 -0.00754721
v 0.02050000 0.00088155 -0.00747209
v 0.01950000 0.00092979 -0.00736809
v 0.02050000 0.00094906 -0.00731511
v 0.01950000 0.00098331 -0.00718196
v 0.02050000 0.00098784 -0.00715548
v 0.01950000 0.00100000 -0.00700001
v 0.02150000 0.00100000 -0.00700001
v 0.02150000 0.00098331 -0.00718196
v 0.02150000 0.00092979 -0.00736809
v 0.02150000 0.00083700 -0.00754721
v 0.02150000 0.00070711 -0.00770711
v 0.02150000 0.00054721 -0.00783699
v 0.02150000 0.00601670 -0.00018196
v 0.01950000 0.00600000 -0.00000001
v 0.02150000 0.00600000 -0.00000001
v 0.02050000 0.00602199 -0.00020853
v 0.02150000 0.00607022 -0.00036809
v 0.02050000 0.00609272 -0.00042052
v 0.02150000 0.00616301 -0.00054721
v 0.02050000 0.00621444 -0.00061878
v 0.02150000 0.00629290 -0.00070711
v 0.02050000 0.00638122 -0.00078557
v 0.02150000 0.00645279 -0.00083700
v 0.02050000 0.00657948 -0.00090728
v 0.02150000 0.00663191 -0.00092979
v 0.02050000 0.00679147 -0.00097801
v 0.02150000 0.00681804 -0.00098330
v 0.02050000 0.00700000 -0.00099999
v 0.02150000 0.00700000 -0.00099999
v 0.02150000 0.00718197 -0.00098330
v 0.02050000 0.00720854 -0.00097801
v 0.02150000 0.00736810 -0.00092979
v 0.02050000 0.00736810 -0.00092979
v 0.02050000 0.00752252 -0.00085264
v 0.01950000 0.00736810 -0.00092979
v 0.01950000 0.00754721 -0.00083700
v 0.01950000 0.00601670 -0.00018196
v 0.01950000 0.00607022 -0.00036809
v 0.01950000 0.00616301 -0.00054721
v 0.01950000 0.00629290 -0.00070711
v 0.01950000 0.00645279 -0.00083700
v 0.01950000 0.00663191 -0.00092979
v 0.01950000 0.00681804 -0.00098330
v 0.01950000 0.00700000 -0.00099999
v 0.01950000 0.00718197 -0.00098330
v 0.02050000 0.00766407 -0.00074767
v 0.01950000 0.00770711 -0.00070711
v 0.02050000 0.00778557 -0.00061878
v 0.01950000 0.00783700 -0.00054721
v 0.02050000 0.00788155 -0.00047209
v 0.01950000 0.00792979 -0.00036809
v 0.02050000 0.00794906 -0.00031511
v 0.01950000 0.00798331 -0.00018196
v 0.02050000 0.00798784 -0.00015548
v 0.01950000 0.00800000 -0.00000001
v 0.02150000 0.00800000 -0.00000001
v 0.02150000 0.00798331 -0.00018196
v 0.02150000 0.00792979 -0.00036809
v 0.02150000 0.00783700 -0.00054721
v 0.02150000 0.00770711 -0.00070711
v 0.02150000 0.00754721 -0.00083700
v 0.02150000 -0.00798330 -0.00018196
v 0.01950000 -0.00800000 0.00000001
v 0.02150000 -0.00800000 0.00000001
v 0.02050000 -0.00797801 -0.00020853
v 0.02150000 -0.00792979 -0.00036809
v 0.02050000 -0.00790728 -0.00042052
v 0.02150000 -0.00783699 -0.00054721
v 0.02050000 -0.00778556 -0.00061878
v 0.02150000 -0.00770710 -0.00070710
v 0.02050000 -0.00761878 -0.00078557
v 0.02150000 -0.00754721 -0.00083699
v 0.02050000 -0.00742052 -0.00090728
v 0.02150000 -0.00736809 -0.00092978
v 0.02050000 -0.00720853 -0.00097801
v 0.02150000 -0.00718196 -0.00098330
v 0.02050000 -0.00700000 -0.00099999
v 0.02150000 -0.00700000 -0.00099999
v 0.02150000 -0.00681803 -0.00098330
v 0.02050000 -0.00679146 -0.00097801
v 0.02150000 -0.00663190 -0.00092978
v 0.02050000 -0.00663190 -0.00092978
v 0.02050000 -0.00647748 -0.00085262
v 0.01950000 -0.00663190 -0.00092978
v 0.01950000 -0.00645279 -0.00083699
v 0.01950000 -0.00798330 -0.00018196
v 0.01950000 -0.00792979 -0.00036809
v 0.01950000 -0.00783699 -0.00054721
v 0.01950000 -0.00770710 -0.00070710
v 0.01950000 -0.00754721 -0.00083699
v 0.01950000 -0.00736809 -0.00092978
v 0.01950000 -0.00718196 -0.00098330
v 0.01950000 -0.00700000 -0.00099999
v 0.01950000 -0.00681803 -0.00098330
v 0.02050000 -0.00633593 -0.00074767
v 0.01950000 -0.00629289 -0.00070710
v 0.02050000 -0.00621443 -0.00061878
v 0.01950000 -0.00616300 -0.00054721
v 0.02050000 -0.00611845 -0.00047209
v 0.01950000 -0.00607021 -0.00036809
v 0.02050000 -0.00605094 -0.00031511
v 0.01950000 -0.00601669 -0.00018196
v 0.02050000 -0.00601216 -0.00015548
v 0.01950000 -0.00600000 -0.00000001
v 0.02150000 -0.00600000 -0.00000001
v 0.02150000 -0.00601669 -0.00018196
v 0.02150000 -0.00607021 -0.00036809
v 0.02150000 -0.00616300 -0.00054721
v 0.02150000 -0.00629289 -0.00070710
v 0.02150000 -0.00645279 -0.00083699
v -0.02150000 -0.00601669 -0.00018196
v -0.01950000 -0.00600000 -0.00000001
v -0.02150000 -0.00600000 -0.00000001
v -0.02050000 -0.00602198 -0.00020853
v -0.02150000 -0.00607021 -0.00036809
v -0.02050000 -0.00609272 -0.00042052
v -0.02150000 -0.00616300 -0.00054721
v -0.02050000 -0.00621443 -0.00061878
v -0.02150000 -0.00629289 -0.00070711
v -0.02050000 -0.00638122 -0.00078557
v -0.02150000 -0.00645279 -0.00083700
v -0.02050000 -0.00657948 -0.00090728
v -0.02150000 -0.00663190 -0.00092979
v -0.02050000 -0.00679146 -0.00097801
v -0.02150000 -0.00681803 -0.00098330
v -0.02050000 -0.00700000 -0.00099999
v -0.02150000 -0.00700000 -0.00099999
v -0.02150000 -0.00718196 -0.00098330
v -0.02050000 -0.00720853 -0.00097801
v -0.02150000 -0.00736809 -0.00092979
v -0.02050000 -0.00736809 -0.00092979
v -0.02050000 -0.00752252 -0.00085264
v -0.01950000 -0.00736809 -0.00092979
v -0.01950000 -0.00754721 -0.00083700
v -0.01950000 -0.00601669 -0.00018196
v -0.01950000 -0.00607021 -0.00036809
v -0.01950000 -0.00616300 -0.00054721
v -0.01950000 -0.00629289 -0.00070711
v -0.01950000 -0.00645279 -0.00083700
v -0.01950000 -0.00663190 -0.00092979
v -0.01950000 -0.00681803 -0.00098330
v -0.01950000 -0.00700000 -0.00099999
v -0.01950000 -0.00718196 -0.00098330
v -0.02050000 -0.00766406 -0.00074767
v -0.01950000 -0.00770710 -0.00070711
v -0.02050000 -0.00778556 -0.00061878
v -0.01950000 -0.00783699 -0.00054721
v -0.02050000 -0.00788155 -0.00047209
v -0.01950000 -0.00792979 -0.00036809
v -0.02050000 -0.00794905 -0.00031511
v -0.01950000 -0.00798330 -0.00018196
v -0.02050000 -0.00798784 -0.00015548
v -0.01950000 -0.00800000 -0.00000001
v -0.02150000 -0.00800000 -0.00000001
v -0.02150000 -0.00798330 -0.00018196
v -0.02150000 -0.00792979 -0.00036809
v -0.02150000 -0.00783699 -0.00054721
v -0.02150000 -0.00770710 -0.00070711
v -0.02150000 -0.00754721 -0.00083700
v -0.02150000 0.00798331 -0.00018196
v -0.01950000 0.00800000 -0.00000001
v -0.02150000 0.00800000 -0.00000001
v -0.02050000 0.00797802 -0.00020853
v -0.02150000 0.00792979 -0.00036809
v -0.02050000 0.00790729 -0.00042052
v -0.02150000 0.00783700 -0.00054721
v -0.02050000 0.00778557 -0.00061879
v -0.02150000 0.00770711 -0.00070711
v -0.02050000 0.00761879 -0.00078557
v -0.02150000 0.00754721 -0.00083700
v -0.02050000 0.00742052 -0.00090729
v -0.02150000 0.00736810 -0.00092979
v -0.02050000 0.00720854 -0.00097801
v -0.02150000 0.00718197 -0.00098330
v -0.02050000 0.00700000 -0.00100001
v -0.02150000 0.00700000 -0.00100001
v -0.02150000 0.00681804 -0.00098330
v -0.02050000 0.00679147 -0.00097801
v -0.02150000 0.00663191 -0.00092979
v -0.02050000 0.00663191 -0.00092979
v -0.02050000 0.00647749 -0.00085264
v -0.01950000 0.00663191 -0.00092979
v -0.01950000 0.00645279 -0.00083700
v -0.01950000 0.00798331 -0.00018196
v -0.01950000 0.00792979 -0.00036809
v -0.01950000 0.00783700 -0.00054721
v -0.01950000 0.00770711 -0.00070711
v -0.01950000 0.00754721 -0.00083700
v -0.01950000 0.00736810 -0.00092979
v -0.01950000 0.00718197 -0.00098330
v -0.01950000 0.00700000 -0.00100001
v -0.01950000 0.00681804 -0.00098330
v -0.02050000 0.00633594 -0.00074769
v -0.01950000 0.00629290 -0.00070711
v -0.02050000 0.00621444 -0.00061879
v -0.01950000 0.00616301 -0.00054721
v -0.02050000 0.00611845 -0.00047209
v -0.01950000 0.00607022 -0.00036809
v -0.02050000 0.00605095 -0.00031511
v -0.01950000 0.00601670 -0.00018196
v -0.02050000 0.00601216 -0.00015548
v -0.01950000 0.00600000 -0.00000001
v -0.02150000 0.00600000 -0.00000001
v -0.02150000 0.00601670 -0.00018196
v -0.02150000 0.00607022 -0.00036809
v -0.02150000 0.00616301 -0.00054721
v -0.02150000 0.00629290 -0.00070711
v -0.02150000 0.00645279 -0.00083700
v -0.02150000 0.00098331 -0.00718196
v -0.01950000 0.00100000 -0.00700001
v -0.02150000 0.00100000 -0.00700001
v -0.02050000 0.00097802 -0.00720853
v -0.02150000 0.00092979 -0.00736809
v -0.02050000 0.00090729 -0.00742052
v -0.02150000 0.00083700 -0.00754721
v -0.02050000 0.00078557 -0.00761878
v -0.02150000 0.00070711 -0.00770711
v -0.02050000 0.00061878 -0.00778556
v -0.02150000 0.00054721 -0.00783700
v -0.02050000 0.00042052 -0.00790729
v -0.02150000 0.00036810 -0.00792979
v -0.02050000 0.00020854 -0.00797801
v -0.02150000 0.00018197 -0.00798330
v -0.02050000 0.00000000 -0.00800001
v -0.02150000 0.00000000 -0.00800001
v -0.02150000 -0.00018196 -0.00798330
v -0.02050000 -0.00020853 -0.00797801
v -0.02150000 -0.00036809 -0.00792979
v -0.02050000 -0.00036809 -0.00792979
v -0.02050000 -0.00052252 -0.00785263
v -0.01950000 -0.00036809 -0.00792979
v -0.01950000 -0.00054721 -0.00783700
v -0.01950000 0.00098331 -0.00718196
v -0.01950000 0.00092979 -0.00736809
v -0.01950000 0.00083700 -0.00754721
v -0.01950000 0.00070711 -0.00770711
v -0.01950000 0.00054721 -0.00783700
v -0.01950000 0.00036810 -0.00792979
v -0.01950000 0.00018197 -0.00798330
v -0.01950000 0.00000000 -0.00800001
v -0.01950000 -0.00018196 -0.00798330
v -0.02050000 -0.00066406 -0.00774767
v -0.01950000 -0.00070710 -0.00770711
v -0.02050000 -0.00078556 -0.00761878
v -0.01950000 -0.00083699 -0.00754721
v -0.02050000 -0.00088155 -0.00747209
v -0.01950000 -0.00092979 -0.00736809
v -0.02050000 -0.00094905 -0.00731511
v -0.01950000 -0.00098330 -0.00718196
v -0.02050000 -0.00098784 -0.00715548
v -0.01950000 -0.00100000 -0.00700001
v -0.02150000 -0.00100000 -0.00700001
v -0.02150000 -0.00098330 -0.00718196
v -0.02150000 -0.00092979 -0.00736809
v -0.02150000 -0.00083699 -0.00754721
v -0.02150000 -0.00070710 -0.00770711
v -0.02150000 -0.00054721 -0.00783700
v 0.02050000 0.00775000 -0.00775000
v 0.02150000 0.00550000 -0.01000000
v 0.01950000 0.00550000 -0.01000000
v 0.02150000 0.01000000 -0.00549999
v 0.01950000 0.01000000 -0.00549999
v 0.01950000 0.00098331 -0.00681803
v 0.01950000 0.00092979 -0.00663190
v 0.01950000 0.00083700 -0.00645279
v 0.01950000 0.00070711 -0.00629289
v 0.01950000 0.00054721 -0.00616301
v 0.01950000 0.00036810 -0.00607022
v 0.01950000 0.00018197 -0.00601669
v 0.01950000 0.00000000 -0.00600000
v 0.01950000 -0.00018196 -0.00601669
v 0.01950000 -0.00036809 -0.00607022
v 0.01950000 -0.00054721 -0.00616301
v 0.01950000 -0.00070710 -0.00629289
v 0.01950000 -0.00083699 -0.00645279
v 0.01950000 -0.00092979 -0.00663190
v 0.01950000 -0.00098330 -0.00681803
v 0.01950000 -0.00550000 -0.01000000
v 0.01950000 0.00000000 -0.00850000
v 0.01950000 0.01000000 0.00100000
v 0.01950000 0.00783700 0.00054721
v 0.01950000 0.00800001 0.00300000
v 0.01950000 0.00792979 0.00036810
v 0.01950000 0.00798331 0.00018197
v 0.01950000 0.00681804 0.00098331
v 0.01950000 0.00500000 0.00300000
v 0.01950000 0.00700000 0.00100000
v 0.01950000 0.00718197 0.00098331
v 0.01950000 0.00616301 0.00054721
v 0.01950000 0.00629290 0.00070711
v 0.01950000 0.00645280 0.00083699
v 0.01950000 -0.01000000 -0.00549999
v 0.01950000 -0.00601669 0.00018197
v 0.01950000 -0.00607021 0.00036810
v 0.01950000 -0.00616300 0.00054721
v 0.01950000 -0.00500000 0.00300000
v 0.01950000 -0.00629289 0.00070711
v 0.01950000 -0.00645279 0.00083699
v 0.01950000 -0.00663190 0.00092980
v 0.01950000 -0.00681803 0.00098331
v 0.01950000 -0.00800000 0.00300000
v 0.01950000 -0.00700000 0.00100000
v 0.01950000 -0.00718196 0.00098331
v 0.01950000 -0.00736809 0.00092980
v 0.01950000 -0.00754721 0.00083699
v 0.01950000 -0.00770710 0.00070711
v 0.01950000 -0.00783699 0.00054721
v 0.01950000 -0.01000000 0.00100000
v 0.01950000 -0.00792979 0.00036810
v 0.01950000 -0.00798330 0.00018197
v 0.01950000 -0.00550000 -0.02000000
v 0.01950000 0.00550000 -0.02000000
v 0.01950000 0.00601670 0.00018197
v 0.01950000 0.00607022 0.00036810
v 0.01950000 0.00663191 0.00092978
v 0.01950000 0.00736810 0.00092978
v 0.01950000 0.00754722 0.00083699
v 0.01950000 0.00770711 0.00070711
v -0.02050000 0.00775000 -0.00775001
v -0.01950000 0.00550000 -0.01000000
v -0.02150000 0.00550000 -0.01000000
v -0.01950000 0.01000000 -0.00550001
v -0.02150000 0.01000000 -0.00550001
v -0.02150000 -0.00184047 -0.00464894
v -0.02150000 -0.00098330 -0.00681803
v -0.02150000 -0.00273605 -0.00418498
v -0.02150000 -0.00550000 -0.01000000
v -0.02150000 -0.00353553 -0.00353554
v -0.02150000 -0.00418498 -0.00273605
v -0.02150000 -0.00092979 -0.00663190
v -0.02150000 -0.00083699 -0.00645279
v -0.02150000 -0.00090981 -0.00491652
v -0.02150000 -0.00070710 -0.00629290
v -0.02150000 -0.00054721 -0.00616301
v -0.02150000 -0.00036809 -0.00607022
v -0.02150000 0.00000000 -0.00500000
v -0.02150000 -0.00018196 -0.00601669
v -0.02150000 0.00000000 -0.00600000
v -0.02150000 0.00018197 -0.00601669
v -0.02150000 0.00036810 -0.00607022
v -0.02150000 0.00090982 -0.00491652
v -0.02150000 0.00054721 -0.00616301
v -0.02150000 0.00070711 -0.00629290
v -0.02150000 0.00083700 -0.00645279
v -0.02150000 0.00184048 -0.00464894
v -0.02150000 0.00092979 -0.00663190
v -0.02150000 0.00098331 -0.00681803
v -0.02150000 0.00273605 -0.00418498
v -0.02150000 0.00353554 -0.00353554
v -0.02150000 0.00418498 -0.00273605
v -0.02150000 0.01000000 0.00100000
v -0.02150000 0.00798331 0.00018197
v -0.02150000 0.00792979 0.00036808
v -0.02150000 0.00783700 0.00054721
v -0.02150000 0.00800001 0.00300000
v -0.02150000 0.00770711 0.00070710
v -0.02150000 0.00754722 0.00083699
v -0.02150000 0.00736810 0.00092978
v -0.02150000 0.00718197 0.00098331
v -0.02150000 0.00700000 0.00100000
v -0.02150000 0.00681804 0.00098331
v -0.02150000 0.00500000 0.00300000
v -0.02150000 0.00663191 0.00092978
v -0.02150000 0.00645280 0.00083699
v -0.02150000 0.00629290 0.00070710
v -0.02150000 0.00616301 0.00054721
v -0.02150000 0.00500000 -0.00000001
v -0.02150000 0.00607022 0.00036810
v -0.02150000 0.00601670 0.00018197
v -0.02150000 0.00491653 -0.00090981
v -0.02150000 0.00464895 -0.00184048
v -0.02150000 0.00000000 -0.00950000
v -0.02150000 -0.01000000 0.00100000
v -0.02150000 -0.00798330 0.00018197
v -0.02150000 -0.00792979 0.00036810
v -0.02150000 -0.00783699 0.00054721
v -0.02150000 -0.00800000 0.00300000
v -0.02150000 -0.00770710 0.00070711
v -0.02150000 -0.00754721 0.00083699
v -0.02150000 -0.00736809 0.00092978
v -0.02150000 -0.00718196 0.00098331
v -0.02150000 -0.00700000 0.00100000
v -0.02150000 -0.00681803 0.00098331
v -0.02150000 -0.00500000 0.00300000
v -0.02150000 -0.00663190 0.00092978
v -0.02150000 -0.00645279 0.00083699
v -0.02150000 -0.00629289 0.00070711
v -0.02150000 -0.00616300 0.00054721
v -0.02150000 -0.00500000 -0.00000001
v -0.02150000 -0.00607021 0.00036810
v -0.02150000 -0.00601669 0.00018197
v -0.02150000 -0.00491652 -0.00090981
v -0.02150000 -0.00464894 -0.00184048
v -0.02150000 -0.01000000 -0.00549999
v -0.02150000 -0.00550000 -0.02200000
v -0.02150000 0.00550000 -0.02200000
v 0.02050000 -0.00775000 -0.00775000
v 0.02150000 -0.00550000 -0.01000000
v 0.02150000 -0.01000000 -0.00549999
v 0.02050000 -0.01000000 -0.00224999
v 0.02150000 -0.01000000 0.00100000
v -0.02050000 -0.00775000 -0.00775000
v -0.01950000 -0.00550000 -0.01000000
v -0.01950000 -0.01000000 -0.00549999
v -0.02050000 -0.01000000 -0.00225001
v -0.01950000 -0.01000000 0.00100000
v -0.00775000 -0.00775000 -0.02100000
v -0.01000000 -0.00550000 -0.02000000
v -0.01000000 -0.00550000 -0.02200000
v -0.00550000 -0.01000000 -0.02000000
v -0.00550000 -0.01000000 -0.02200000
v 0.00000000 -0.01000000 -0.02100000
v 0.00550000 -0.01000000 -0.02200000
v 0.00550000 -0.01000000 -0.02000000
v -0.00535465 -0.00597252 -0.02000000
v -0.00514991 -0.00603138 -0.02000000
v -0.00494975 -0.00604975 -0.02000000
v -0.01400000 -0.00100000 -0.02000000
v -0.01950000 -0.00550000 -0.02000000
v -0.01381804 -0.00098330 -0.02000000
v -0.01363190 -0.00092979 -0.02000000
v -0.01950000 0.00550000 -0.02000000
v -0.01498330 -0.00018196 -0.02000000
v -0.01492979 -0.00036810 -0.02000000
v -0.01000000 0.00550000 -0.02000000
v -0.00550000 0.01000000 -0.02000000
v 0.00550000 0.01000000 -0.02000000
v 0.01000000 0.00550000 -0.02000000
v 0.01400000 -0.00100000 -0.02000000
v 0.01000000 -0.00550000 -0.02000000
v 0.01418197 -0.00098330 -0.02000000
v 0.01436810 -0.00092979 -0.02000000
v 0.00535465 -0.00597252 -0.02000000
v 0.00555168 -0.00587044 -0.02000000
v 0.00572757 -0.00572756 -0.02000000
v 0.00000000 -0.00810000 -0.02000000
v 0.00020016 -0.00808164 -0.02000000
v 0.00040491 -0.00802277 -0.02000000
v 0.01301670 -0.00018196 -0.02000000
v 0.01307022 -0.00036810 -0.02000000
v 0.01316301 -0.00054721 -0.02000000
v 0.01329290 -0.00070711 -0.02000000
v 0.01345279 -0.00083699 -0.02000000
v 0.01363191 -0.00092979 -0.02000000
v 0.01381804 -0.00098330 -0.02000000
v 0.01454721 -0.00083699 -0.02000000
v 0.01470711 -0.00070711 -0.02000000
v 0.01483700 -0.00054721 -0.02000000
v 0.01492979 -0.00036810 -0.02000000
v 0.01498331 -0.00018196 -0.02000000
v -0.01483699 -0.00054721 -0.02000000
v -0.01470710 -0.00070711 -0.02000000
v -0.01454721 -0.00083699 -0.02000000
v -0.01436809 -0.00092979 -0.02000000
v -0.01418196 -0.00098330 -0.02000000
v -0.00760193 -0.00092069 -0.02000000
v -0.01345279 -0.00083699 -0.02000000
v -0.00740490 -0.00102277 -0.02000000
v -0.00720016 -0.00108163 -0.02000000
v -0.00700000 -0.00110000 -0.02000000
v -0.00679984 -0.00108163 -0.02000000
v -0.00659509 -0.00102277 -0.02000000
v -0.00777782 -0.00077782 -0.02000000
v -0.01329289 -0.00070711 -0.02000000
v -0.00792069 -0.00060193 -0.02000000
v -0.01316300 -0.00054721 -0.02000000
v -0.00802276 -0.00040490 -0.02000000
v -0.01307021 -0.00036810 -0.02000000
v -0.00808163 -0.00020016 -0.02000000
v -0.01301669 -0.00018196 -0.02000000
v -0.00572756 0.00417193 -0.02000000
v -0.00555168 0.00402905 -0.02000000
v -0.00535465 0.00392698 -0.02000000
v -0.00639807 -0.00092069 -0.02000000
v -0.00622218 -0.00077782 -0.02000000
v -0.00607930 -0.00060193 -0.02000000
v -0.00597723 -0.00040490 -0.02000000
v -0.00591836 -0.00020016 -0.02000000
v -0.00474959 -0.00603138 -0.02000000
v -0.00108163 -0.00720016 -0.02000000
v -0.00454484 -0.00597252 -0.02000000
v -0.00434781 -0.00587044 -0.02000000
v -0.00417193 -0.00572756 -0.02000000
v -0.00402905 -0.00555168 -0.02000000
v -0.00392698 -0.00535465 -0.02000000
v 0.00090982 -0.00491653 -0.02000000
v 0.00392698 -0.00535465 -0.02000000
v 0.00402905 -0.00555168 -0.02000000
v 0.00417193 -0.00572756 -0.02000000
v 0.00434782 -0.00587044 -0.02000000
v 0.00454485 -0.00597252 -0.02000000
v 0.00474959 -0.00603138 -0.02000000
v 0.00108164 -0.00720016 -0.02000000
v 0.00102277 -0.00740490 -0.02000000
v 0.00494975 -0.00604975 -0.02000000
v 0.00092070 -0.00760193 -0.02000000
v 0.00077782 -0.00777782 -0.02000000
v 0.00060193 -0.00792069 -0.02000000
v -0.00102276 -0.00740490 -0.02000000
v -0.00092069 -0.00760193 -0.02000000
v -0.00077781 -0.00777782 -0.02000000
v -0.00060193 -0.00792069 -0.02000000
v -0.00040490 -0.00802277 -0.02000000
v -0.00020016 -0.00808164 -0.02000000
v 0.00500000 0.00000000 -0.02000000
v 0.00591837 -0.00020016 -0.02000000
v 0.00597724 -0.00040490 -0.02000000
v 0.00607931 -0.00060193 -0.02000000
v 0.00491653 -0.00090982 -0.02000000
v 0.00464894 -0.00184047 -0.02000000
v 0.00418498 -0.00273605 -0.02000000
v 0.00622219 -0.00077782 -0.02000000
v 0.00639807 -0.00092069 -0.02000000
v 0.00659510 -0.00102277 -0.02000000
v 0.00679984 -0.00108163 -0.02000000
v 0.00700000 -0.00110000 -0.02000000
v 0.00720016 -0.00108163 -0.02000000
v 0.00740491 -0.00102277 -0.02000000
v 0.00760193 -0.00092069 -0.02000000
v 0.00777782 -0.00077782 -0.02000000
v 0.00792070 -0.00060193 -0.02000000
v 0.00802277 -0.00040490 -0.02000000
v 0.00808164 -0.00020016 -0.02000000
v 0.00603139 0.00474959 -0.02000000
v 0.00597252 0.00454484 -0.02000000
v 0.00587045 0.00434782 -0.02000000
v 0.00572757 0.00417193 -0.02000000
v 0.00555168 0.00402905 -0.02000000
v 0.00464894 0.00184047 -0.02000000
v 0.00535465 0.00392698 -0.02000000
v 0.00418498 0.00273605 -0.02000000
v 0.00514991 0.00386811 -0.02000000
v 0.00494975 0.00384975 -0.02000000
v 0.00474959 0.00386811 -0.02000000
v 0.00353554 0.00353554 -0.02000000
v 0.00454485 0.00392698 -0.02000000
v 0.00434782 0.00402905 -0.02000000
v 0.00417193 0.00417193 -0.02000000
v 0.00273605 0.00418498 -0.02000000
v 0.00402905 0.00434782 -0.02000000
v 0.00392698 0.00454484 -0.02000000
v 0.00386811 0.00474959 -0.02000000
v 0.00184048 0.00464894 -0.02000000
v 0.00491653 0.00090982 -0.02000000
v -0.00108163 0.00679984 -0.02000000
v -0.00102276 0.00659510 -0.02000000
v -0.00092069 0.00639807 -0.02000000
v -0.00077781 0.00622218 -0.02000000
v -0.00060193 0.00607931 -0.02000000
v -0.00040490 0.00597723 -0.02000000
v -0.00020016 0.00591837 -0.02000000
v 0.00000000 0.00590000 -0.02000000
v 0.00020016 0.00591837 -0.02000000
v 0.00090982 0.00491653 -0.02000000
v 0.00040491 0.00597723 -0.02000000
v 0.00060193 0.00607931 -0.02000000
v 0.00077782 0.00622218 -0.02000000
v 0.00092070 0.00639807 -0.02000000
v 0.00102277 0.00659510 -0.02000000
v 0.00108164 0.00679984 -0.02000000
v 0.00184048 -0.00464894 -0.02000000
v 0.00386811 -0.00514991 -0.02000000
v 0.00514991 -0.00603138 -0.02000000
v 0.00587045 -0.00555168 -0.02000000
v 0.00597252 -0.00535465 -0.02000000
v 0.00603139 -0.00514991 -0.02000000
v 0.00353554 -0.00353553 -0.02000000
v 0.00273605 -0.00418498 -0.02000000
v -0.00603138 -0.00514991 -0.02000000
v -0.00597251 -0.00535465 -0.02000000
v -0.00587044 -0.00555168 -0.02000000
v -0.00572756 -0.00572756 -0.02000000
v -0.00555168 -0.00587044 -0.02000000
v -0.00386811 -0.00514991 -0.02000000
v -0.00603138 0.00474959 -0.02000000
v -0.00597251 0.00454484 -0.02000000
v -0.00587044 0.00434782 -0.02000000
v -0.00514991 0.00386811 -0.02000000
v -0.00494975 0.00384975 -0.02000000
v -0.00474959 0.00386811 -0.02000000
v -0.00454484 0.00392698 -0.02000000
v -0.00434781 0.00402905 -0.02000000
v -0.00417193 0.00417193 -0.02000000
v -0.00402905 0.00434782 -0.02000000
v -0.00392698 0.00454484 -0.02000000
v -0.00386811 0.00474959 -0.02000000
v 0.00775000 -0.00775000 -0.02100000
v 0.01000000 -0.00550000 -0.02200000
v -0.00775000 0.00775000 -0.02100000
v -0.01000000 0.00550000 -0.02200000
v -0.00550000 0.01000000 -0.02200000
v 0.00000000 0.01000000 -0.02100000
v 0.00550000 0.01000000 -0.02200000
v 0.00775000 0.00775000 -0.02100000
v 0.01000000 0.00550000 -0.02200000
v 0.02150000 0.00550000 -0.02200000
v 0.02150000 -0.00550000 -0.02200000
v -0.02050000 0.01000000 -0.00225001
v -0.01950000 0.01000000 0.00100000
v 0.02050000 0.01000000 -0.00225001
v 0.02150000 0.01000000 0.00100000
v -0.01950000 0.00353554 -0.00353554
v -0.01950000 0.00418498 -0.00273605
v -0.01950000 0.00464895 -0.00184048
v -0.01950000 0.00491653 -0.00090981
v -0.01950000 0.00500000 -0.00000001
v -0.01950000 0.00601670 0.00018197
v -0.01950000 0.00607022 0.00036810
v -0.01950000 0.00616301 0.00054721
v -0.01950000 0.00500000 0.00300000
v -0.01950000 0.00629290 0.00070710
v -0.01950000 0.00645280 0.00083699
v -0.01950000 0.00663191 0.00092978
v -0.01950000 0.00681804 0.00098331
v -0.01950000 0.00800001 0.00300000
v -0.01950000 0.00700000 0.00100000
v -0.01950000 0.00718197 0.00098331
v -0.01950000 0.00736810 0.00092978
v -0.01950000 0.00754722 0.00083699
v -0.01950000 0.00770711 0.00070710
v -0.01950000 0.00783700 0.00054721
v -0.01950000 0.00792979 0.00036808
v -0.01950000 0.00798331 0.00018197
v -0.01950000 0.00000000 -0.00850000
v -0.01950000 -0.00273605 -0.00418498
v -0.01950000 -0.00098330 -0.00681803
v -0.01950000 -0.00184047 -0.00464894
v -0.01950000 -0.00092979 -0.00663190
v -0.01950000 -0.00083699 -0.00645279
v -0.01950000 -0.00090981 -0.00491652
v -0.01950000 -0.00070710 -0.00629290
v -0.01950000 -0.00054721 -0.00616301
v -0.01950000 -0.00036809 -0.00607022
v -0.01950000 0.00000000 -0.00500000
v -0.01950000 -0.00018196 -0.00601669
v -0.01950000 0.00000000 -0.00600000
v -0.01950000 0.00018197 -0.00601669
v -0.01950000 0.00036810 -0.00607022
v -0.01950000 0.00090982 -0.00491652
v -0.01950000 0.00054721 -0.00616301
v -0.01950000 0.00070711 -0.00629290
v -0.01950000 0.00083700 -0.00645279
v -0.01950000 0.00184048 -0.00464894
v -0.01950000 0.00092979 -0.00663190
v -0.01950000 0.00098331 -0.00681803
v -0.01950000 0.00273605 -0.00418498
v -0.01950000 -0.00353553 -0.00353554
v -0.01950000 -0.00418498 -0.00273605
v -0.01950000 -0.00783699 0.00054721
v -0.01950000 -0.00800000 0.00300000
v -0.01950000 -0.00792979 0.00036810
v -0.01950000 -0.00798330 0.00018197
v -0.01950000 -0.00681803 0.00098331
v -0.01950000 -0.00500000 0.00300000
v -0.01950000 -0.00700000 0.00100000
v -0.01950000 -0.00718196 0.00098331
v -0.01950000 -0.00616300 0.00054721
v -0.01950000 -0.00500000 -0.00000001
v -0.01950000 -0.00629289 0.00070711
v -0.01950000 -0.00645279 0.00083699
v -0.01950000 -0.00491652 -0.00090981
v -0.01950000 -0.00464894 -0.00184048
v -0.01950000 -0.00601669 0.00018197
v -0.01950000 -0.00607021 0.00036810
v -0.01950000 -0.00663190 0.00092978
v -0.01950000 -0.00736809 0.00092978
v -0.01950000 -0.00754721 0.00083699
v -0.01950000 -0.00770710 0.00070711
v -0.02050000 0.00900000 0.00200000
v -0.02050000 0.00650000 0.00300000
v -0.02050000 -0.00900000 0.00200000
v -0.02050000 -0.00650000 0.00300000
v 0.02050000 -0.00900000 0.00200000
v 0.02150000 -0.00800000 0.00300000
v 0.02050000 -0.00650000 0.00300000
v 0.02150000 -0.00500000 0.00300000
v 0.02050000 0.00900000 0.00200000
v 0.02150000 0.00800001 0.00300000
v 0.02050000 0.00650000 0.00300000
v 0.02150000 0.00500000 0.00300000
v 0.02150000 0.00418498 -0.00273605
v 0.02150000 0.00000000 -0.00950000
v 0.02150000 -0.00273605 -0.00418498
v 0.02150000 -0.00184047 -0.00464894
v 0.02150000 -0.00418498 -0.00273605
v 0.02150000 -0.00353553 -0.00353553
v 0.02150000 -0.00783699 0.00054721
v 0.02150000 -0.00792979 0.00036810
v 0.02150000 -0.00798330 0.00018197
v 0.02150000 -0.00681803 0.00098331
v 0.02150000 -0.00700000 0.00100000
v 0.02150000 -0.00718196 0.00098331
v 0.02150000 -0.00616300 0.00054721
v 0.02150000 -0.00500000 -0.00000001
v 0.02150000 -0.00629289 0.00070711
v 0.02150000 -0.00645279 0.00083699
v 0.02150000 -0.00491652 -0.00090981
v 0.02150000 -0.00601669 0.00018197
v 0.02150000 -0.00464894 -0.00184048
v 0.02150000 -0.00083699 -0.00645279
v 0.02150000 -0.00090981 -0.00491652
v 0.02150000 -0.00092979 -0.00663190
v 0.02150000 -0.00098330 -0.00681803
v 0.02150000 -0.00036809 -0.00607022
v 0.02150000 0.00000000 -0.00500000
v 0.02150000 -0.00054721 -0.00616301
v 0.02150000 -0.00070710 -0.00629289
v 0.02150000 0.00036810 -0.00607022
v 0.02150000 0.00090982 -0.00491652
v 0.02150000 0.00018197 -0.00601669
v 0.02150000 0.00000000 -0.00600000
v 0.02150000 0.00083700 -0.00645279
v 0.02150000 0.00184048 -0.00464894
v 0.02150000 0.00070711 -0.00629289
v 0.02150000 0.00054721 -0.00616301
v 0.02150000 0.00273605 -0.00418498
v 0.02150000 0.00098331 -0.00681803
v 0.02150000 0.00092979 -0.00663190
v 0.02150000 0.00353554 -0.00353553
v 0.02150000 0.00464895 -0.00184048
v 0.02150000 0.00491653 -0.00090981
v 0.02150000 0.00500000 -0.00000001
v 0.02150000 0.00601670 0.00018197
v 0.02150000 0.00607022 0.00036810
v 0.02150000 0.00616301 0.00054721
v 0.02150000 0.00629290 0.00070711
v 0.02150000 0.00645280 0.00083699
v 0.02150000 0.00663191 0.00092978
v 0.02150000 0.00681804 0.00098331
v 0.02150000 0.00700000 0.00100000
v 0.02150000 0.00718197 0.00098331
v 0.02150000 0.00736810 0.00092978
v 0.02150000 0.00754722 0.00083699
v 0.02150000 0.00770711 0.00070711
v 0.02150000 0.00783700 0.00054721
v 0.02150000 0.00792979 0.00036810
v 0.02150000 0.00798331 0.00018197
v 0.02150000 -0.00018196 -0.00601669
v 0.02150000 -0.00607021 0.00036810
v 0.02150000 -0.00663190 0.00092980
v 0.02150000 -0.00736809 0.00092980
v 0.02150000 -0.00754721 0.00083699
v 0.02150000 -0.00770710 0.00070711
v -0.02050000 0.00098784 -0.00684453
v -0.02050000 0.00094906 -0.00668491
v -0.02050000 0.00088155 -0.00652791
v -0.02050000 0.00078557 -0.00638122
v -0.02050000 0.00066407 -0.00625232
v -0.02050000 0.00052252 -0.00614738
v -0.02050000 0.00036810 -0.00607022
v -0.02050000 0.00020854 -0.00602198
v -0.02050000 0.00000000 -0.00600000
v -0.02050000 -0.00020853 -0.00602198
v -0.02050000 -0.00042052 -0.00609272
v -0.02050000 -0.00061878 -0.00621445
v -0.02050000 -0.00078556 -0.00638122
v -0.02050000 -0.00090728 -0.00657948
v -0.02050000 -0.00097801 -0.00679146
v -0.02050000 0.00798784 0.00015547
v -0.02050000 0.00794906 0.00031509
v -0.02050000 0.00788155 0.00047209
v -0.02050000 0.00778557 0.00061878
v -0.02050000 0.00766407 0.00074767
v -0.02050000 0.00752252 0.00085262
v -0.02050000 0.00736810 0.00092978
v -0.02050000 0.00720854 0.00097802
v -0.02050000 0.00700000 0.00100000
v -0.02050000 0.00679147 0.00097802
v -0.02050000 0.00657949 0.00090728
v -0.02050000 0.00638122 0.00078555
v -0.02050000 0.00621444 0.00061878
v -0.02050000 0.00609272 0.00042052
v -0.02050000 0.00602199 0.00020854
v -0.02050000 -0.00601216 0.00015547
v -0.02050000 -0.00605094 0.00031509
v -0.02050000 -0.00611845 0.00047209
v -0.02050000 -0.00621443 0.00061878
v -0.02050000 -0.00633593 0.00074767
v -0.02050000 -0.00647748 0.00085262
v -0.02050000 -0.00663190 0.00092978
v -0.02050000 -0.00679146 0.00097802
v -0.02050000 -0.00700000 0.00100000
v -0.02050000 -0.00720853 0.00097802
v -0.02050000 -0.00742052 0.00090728
v -0.02050000 -0.00761878 0.00078557
v -0.02050000 -0.00778556 0.00061878
v -0.02050000 -0.00790728 0.00042052
v -0.02050000 -0.00797801 0.00020854
v 0.02050000 -0.00798784 0.00015549
v 0.02050000 -0.00794905 0.00031511
v 0.02050000 -0.00788155 0.00047209
v 0.02050000 -0.00778556 0.00061878
v 0.02050000 -0.00766406 0.00074767
v 0.02050000 -0.00752252 0.00085264
v 0.02050000 -0.00736809 0.00092980
v 0.02050000 -0.00720853 0.00097802
v 0.02050000 -0.00700000 0.00100000
v 0.02050000 -0.00679146 0.00097802
v 0.02050000 -0.00657948 0.00090728
v 0.02050000 -0.00638122 0.00078557
v 0.02050000 -0.00621443 0.00061878
v 0.02050000 -0.00609272 0.00042052
v 0.02050000 -0.00602198 0.00020854
v 0.02050000 0.00601216 0.00015549
v 0.02050000 0.00605095 0.00031511
v 0.02050000 0.00611845 0.00047209
v 0.02050000 0.00621444 0.00061878
v 0.02050000 0.00633594 0.00074767
v 0.02050000 0.00647749 0.00085262
v 0.02050000 0.00663191 0.00092978
v 0.02050000 0.00679147 0.00097802
v 0.02050000 0.00700000 0.00100000
v 0.02050000 0.00720854 0.00097802
v 0.02050000 0.00742053 0.00090728
v 0.02050000 0.00761879 0.00078557
v 0.02050000 0.00778557 0.00061878
v 0.02050000 0.00790729 0.00042052
v 0.02050000 0.00797802 0.00020854
v 0.02050000 -0.00098784 -0.00684451
v 0.02050000 -0.00094905 -0.00668489
v 0.02050000 -0.00088155 -0.00652791
v 0.02050000 -0.00078556 -0.00638122
v 0.02050000 -0.00066406 -0.00625232
v 0.02050000 -0.00052252 -0.00614738
v 0.02050000 -0.00036809 -0.00607022
v 0.02050000 -0.00020853 -0.00602198
v 0.02050000 0.00000000 -0.00600000
v 0.02050000 0.00020854 -0.00602198
v 0.02050000 0.00042052 -0.00609272
v 0.02050000 0.00061878 -0.00621443
v 0.02050000 0.00078557 -0.00638122
v 0.02050000 0.00090729 -0.00657948
v 0.02050000 0.00097802 -0.00679146
v -0.02050000 0.00493920 -0.00077740
v -0.02050000 0.00474529 -0.00157552
v -0.02050000 0.00440775 -0.00236045
v -0.02050000 0.00392782 -0.00309390
v -0.02050000 0.00332033 -0.00373838
v -0.02050000 0.00261259 -0.00426314
v -0.02050000 0.00184048 -0.00464894
v -0.02050000 0.00104268 -0.00489008
v -0.02050000 0.00000000 -0.00500000
v -0.02050000 -0.00104267 -0.00489008
v -0.02050000 -0.00210260 -0.00453643
v -0.02050000 -0.00309390 -0.00392782
v -0.02050000 -0.00392782 -0.00309390
v -0.02050000 -0.00453641 -0.00210260
v -0.02050000 -0.00489007 -0.00104267
v 0.02050000 -0.00489007 -0.00104267
v 0.02050000 -0.00453641 -0.00210260
v 0.02050000 -0.00392782 -0.00309390
v 0.02050000 -0.00309390 -0.00392782
v 0.02050000 -0.00210260 -0.00453641
v 0.02050000 -0.00104267 -0.00489008
v 0.02050000 0.00000000 -0.00500000
v 0.02050000 0.00104268 -0.00489008
v 0.02050000 0.00184048 -0.00464894
v 0.02050000 0.00261259 -0.00426314
v 0.02050000 0.00332033 -0.00373838
v 0.02050000 0.00392782 -0.00309390
v 0.02050000 0.00440775 -0.00236045
v 0.02050000 0.00474529 -0.00157552
v 0.02050000 0.00493920 -0.00077740
v -0.02050000 0.00500000 0.00150000
v -0.02050000 -0.00500000 0.00150000
v 0.02050000 -0.00500000 0.00150000
v 0.02050000 0.00500000 0.00150000
v 0.01301216 -0.00015548 -0.02100000
v 0.01301670 -0.00018196 -0.02200000
v 0.01305095 -0.00031510 -0.02100000
v 0.01307022 -0.00036810 -0.02200000
v 0.01311845 -0.00047209 -0.02100000
v 0.01316301 -0.00054721 -0.02200000
v 0.01321444 -0.00061878 -0.02100000
v 0.01329290 -0.00070711 -0.02200000
v 0.01333594 -0.00074768 -0.02100000
v 0.01345279 -0.00083699 -0.02200000
v 0.01347749 -0.00085263 -0.02100000
v 0.01363191 -0.00092979 -0.02200000
v 0.01363191 -0.00092979 -0.02100000
v 0.01379147 -0.00097801 -0.02100000
v 0.01400000 -0.00100000 -0.02100000
v 0.01420854 -0.00097801 -0.02100000
v 0.01442053 -0.00090728 -0.02100000
v 0.01461879 -0.00078556 -0.02100000
v 0.01478557 -0.00061878 -0.02100000
v 0.01490729 -0.00042052 -0.02100000
v 0.01497802 -0.00020853 -0.02100000
v 0.01498331 -0.00018196 -0.02200000
v 0.01381804 -0.00098330 -0.02200000
v 0.01400000 -0.00100000 -0.02200000
v 0.01418197 -0.00098330 -0.02200000
v 0.01436810 -0.00092979 -0.02200000
v 0.01454721 -0.00083699 -0.02200000
v 0.01470711 -0.00070711 -0.02200000
v 0.01483700 -0.00054721 -0.02200000
v 0.01492979 -0.00036810 -0.02200000
v -0.01498784 -0.00015548 -0.02100000
v -0.01498330 -0.00018196 -0.02200000
v -0.01494906 -0.00031510 -0.02100000
v -0.01492979 -0.00036810 -0.02200000
v -0.01488155 -0.00047209 -0.02100000
v -0.01483699 -0.00054721 -0.02200000
v -0.01478556 -0.00061878 -0.02100000
v -0.01470710 -0.00070711 -0.02200000
v -0.01466406 -0.00074768 -0.02100000
v -0.01454721 -0.00083699 -0.02200000
v -0.01452252 -0.00085263 -0.02100000
v -0.01436809 -0.00092979 -0.02200000
v -0.01436809 -0.00092979 -0.02100000
v -0.01420853 -0.00097801 -0.02100000
v -0.01400000 -0.00100000 -0.02100000
v -0.01379146 -0.00097801 -0.02100000
v -0.01357948 -0.00090728 -0.02100000
v -0.01338122 -0.00078556 -0.02100000
v -0.01321443 -0.00061878 -0.02100000
v -0.01309272 -0.00042052 -0.02100000
v -0.01302198 -0.00020853 -0.02100000
v -0.01301669 -0.00018196 -0.02200000
v -0.01418196 -0.00098330 -0.02200000
v -0.01400000 -0.00100000 -0.02200000
v -0.01381804 -0.00098330 -0.02200000
v -0.01363190 -0.00092979 -0.02200000
v -0.01345279 -0.00083699 -0.02200000
v -0.01329289 -0.00070711 -0.02200000
v -0.01316300 -0.00054721 -0.02200000
v -0.01307021 -0.00036810 -0.02200000
v -0.00808662 -0.00017103 -0.02100000
v -0.00808163 -0.00020016 -0.02200000
v -0.00804396 -0.00034662 -0.02100000
v -0.00802276 -0.00040490 -0.02200000
v -0.00796970 -0.00051930 -0.02100000
v -0.00792069 -0.00060193 -0.02200000
v -0.00786412 -0.00068066 -0.02100000
v -0.00777782 -0.00077782 -0.02200000
v -0.00773047 -0.00082244 -0.02100000
v -0.00760193 -0.00092069 -0.02200000
v -0.00757477 -0.00093789 -0.02100000
v -0.00740490 -0.00102277 -0.02200000
v -0.00740490 -0.00102277 -0.02100000
v -0.00722939 -0.00107581 -0.02100000
v -0.00700000 -0.00110000 -0.02100000
v -0.00677061 -0.00107581 -0.02100000
v -0.00653743 -0.00099801 -0.02100000
v -0.00631934 -0.00086412 -0.02100000
v -0.00613588 -0.00068066 -0.02100000
v -0.00600199 -0.00046257 -0.02100000
v -0.00592418 -0.00022939 -0.02100000
v -0.00591836 -0.00020016 -0.02200000
v -0.00720016 -0.00108164 -0.02200000
v -0.00700000 -0.00110000 -0.02200000
v -0.00679984 -0.00108164 -0.02200000
v -0.00659509 -0.00102277 -0.02200000
v -0.00639807 -0.00092069 -0.02200000
v -0.00622218 -0.00077782 -0.02200000
v -0.00607930 -0.00060193 -0.02200000
v -0.00597723 -0.00040490 -0.02200000
v -0.00108662 -0.00717103 -0.02100000
v -0.00108163 -0.00720016 -0.02200000
v -0.00104396 -0.00734662 -0.02100000
v -0.00102276 -0.00740490 -0.02200000
v -0.00096970 -0.00751930 -0.02100000
v -0.00092069 -0.00760193 -0.02200000
v -0.00086412 -0.00768066 -0.02100000
v -0.00077781 -0.00777782 -0.02200000
v -0.00073047 -0.00782244 -0.02100000
v -0.00060193 -0.00792069 -0.02200000
v -0.00057477 -0.00793789 -0.02100000
v -0.00040490 -0.00802277 -0.02200000
v -0.00040490 -0.00802277 -0.02100000
v -0.00022939 -0.00807582 -0.02100000
v 0.00000000 -0.00810000 -0.02100000
v 0.00022939 -0.00807582 -0.02100000
v 0.00046257 -0.00799801 -0.02100000
v 0.00068066 -0.00786412 -0.02100000
v 0.00086412 -0.00768066 -0.02100000
v 0.00099801 -0.00746257 -0.02100000
v 0.00107582 -0.00722939 -0.02100000
v 0.00108164 -0.00720016 -0.02200000
v -0.00020016 -0.00808164 -0.02200000
v 0.00000000 -0.00810000 -0.02200000
v 0.00020016 -0.00808164 -0.02200000
v 0.00040491 -0.00802277 -0.02200000
v 0.00060193 -0.00792069 -0.02200000
v 0.00077782 -0.00777782 -0.02200000
v 0.00092070 -0.00760193 -0.02200000
v 0.00102277 -0.00740490 -0.02200000
v 0.00591338 -0.00017103 -0.02100000
v 0.00591837 -0.00020016 -0.02200000
v 0.00595604 -0.00034662 -0.02100000
v 0.00597724 -0.00040490 -0.02200000
v 0.00603030 -0.00051930 -0.02100000
v 0.00607931 -0.00060193 -0.02200000
v 0.00613588 -0.00068066 -0.02100000
v 0.00622219 -0.00077782 -0.02200000
v 0.00626953 -0.00082244 -0.02100000
v 0.00639807 -0.00092069 -0.02200000
v 0.00642523 -0.00093789 -0.02100000
v 0.00659510 -0.00102277 -0.02200000
v 0.00659510 -0.00102277 -0.02100000
v 0.00677061 -0.00107581 -0.02100000
v 0.00700000 -0.00110000 -0.02100000
v 0.00722939 -0.00107581 -0.02100000
v 0.00746257 -0.00099801 -0.02100000
v 0.00768066 -0.00086412 -0.02100000
v 0.00786412 -0.00068066 -0.02100000
v 0.00799801 -0.00046257 -0.02100000
v 0.00807582 -0.00022939 -0.02100000
v 0.00808164 -0.00020016 -0.02200000
v 0.00679984 -0.00108164 -0.02200000
v 0.00700000 -0.00110000 -0.02200000
v 0.00720016 -0.00108164 -0.02200000
v 0.00740491 -0.00102277 -0.02200000
v 0.00760193 -0.00092069 -0.02200000
v 0.00777782 -0.00077782 -0.02200000
v 0.00792070 -0.00060193 -0.02200000
v 0.00802277 -0.00040490 -0.02200000
v -0.00108662 0.00682897 -0.02100000
v -0.00108163 0.00679984 -0.02200000
v -0.00104396 0.00665339 -0.02100000
v -0.00102276 0.00659510 -0.02200000
v -0.00096970 0.00648070 -0.02100000
v -0.00092069 0.00639807 -0.02200000
v -0.00086412 0.00631934 -0.02100000
v -0.00077781 0.00622218 -0.02200000
v -0.00073047 0.00617756 -0.02100000
v -0.00060193 0.00607931 -0.02200000
v -0.00057477 0.00606211 -0.02100000
v -0.00040490 0.00597723 -0.02200000
v -0.00040490 0.00597723 -0.02100000
v -0.00022939 0.00592418 -0.02100000
v 0.00000000 0.00590000 -0.02100000
v 0.00022939 0.00592418 -0.02100000
v 0.00046257 0.00600199 -0.02100000
v 0.00068066 0.00613588 -0.02100000
v 0.00086412 0.00631934 -0.02100000
v 0.00099801 0.00653743 -0.02100000
v 0.00107582 0.00677061 -0.02100000
v 0.00108164 0.00679984 -0.02200000
v -0.00020016 0.00591837 -0.02200000
v 0.00000000 0.00590000 -0.02200000
v 0.00020016 0.00591837 -0.02200000
v 0.00040491 0.00597723 -0.02200000
v 0.00060193 0.00607931 -0.02200000
v 0.00077782 0.00622218 -0.02200000
v 0.00092070 0.00639807 -0.02200000
v 0.00102277 0.00659510 -0.02200000
v 0.00386313 0.00477872 -0.02100000
v 0.00386811 0.00474959 -0.02200000
v 0.00390579 0.00460314 -0.02100000
v 0.00392698 0.00454484 -0.02200000
v 0.00398005 0.00443045 -0.02100000
v 0.00402905 0.00434782 -0.02200000
v 0.00408563 0.00426909 -0.02100000
v 0.00417193 0.00417193 -0.02200000
v 0.00421928 0.00412731 -0.02100000
v 0.00434782 0.00402905 -0.02200000
v 0.00437498 0.00401186 -0.02100000
v 0.00454485 0.00392698 -0.02200000
v 0.00454485 0.00392698 -0.02100000
v 0.00472036 0.00387393 -0.02100000
v 0.00494975 0.00384975 -0.02100000
v 0.00517914 0.00387393 -0.02100000
v 0.00541232 0.00395174 -0.02100000
v 0.00563041 0.00408563 -0.02100000
v 0.00581387 0.00426909 -0.02100000
v 0.00594776 0.00448718 -0.02100000
v 0.00602557 0.00472036 -0.02100000
v 0.00603139 0.00474959 -0.02200000
v 0.00474959 0.00386811 -0.02200000
v 0.00494975 0.00384975 -0.02200000
v 0.00514991 0.00386811 -0.02200000
v 0.00535465 0.00392698 -0.02200000
v 0.00555168 0.00402905 -0.02200000
v 0.00572757 0.00417193 -0.02200000
v 0.00587045 0.00434782 -0.02200000
v 0.00597252 0.00454484 -0.02200000
v 0.00386313 -0.00512078 -0.02100000
v 0.00386811 -0.00514991 -0.02200000
v 0.00390579 -0.00529636 -0.02100000
v 0.00392698 -0.00535465 -0.02200000
v 0.00398005 -0.00546905 -0.02100000
v 0.00402905 -0.00555168 -0.02200000
v 0.00408563 -0.00563041 -0.02100000
v 0.00417193 -0.00572757 -0.02200000
v 0.00421928 -0.00577219 -0.02100000
v 0.00434782 -0.00587044 -0.02200000
v 0.00437498 -0.00588764 -0.02100000
v 0.00454485 -0.00597252 -0.02200000
v 0.00454485 -0.00597252 -0.02100000
v 0.00472036 -0.00602556 -0.02100000
v 0.00494975 -0.00604975 -0.02100000
v 0.00517914 -0.00602556 -0.02100000
v 0.00541232 -0.00594776 -0.02100000
v 0.00563041 -0.00581387 -0.02100000
v 0.00581387 -0.00563041 -0.02100000
v 0.00594776 -0.00541232 -0.02100000
v 0.00602557 -0.00517914 -0.02100000
v 0.00603139 -0.00514991 -0.02200000
v 0.00474959 -0.00603138 -0.02200000
v 0.00494975 -0.00604975 -0.02200000
v 0.00514991 -0.00603138 -0.02200000
v 0.00535465 -0.00597252 -0.02200000
v 0.00555168 -0.00587044 -0.02200000
v 0.00572757 -0.00572757 -0.02200000
v 0.00587045 -0.00555168 -0.02200000
v 0.00597252 -0.00535465 -0.02200000
v -0.00603637 -0.00512078 -0.02100000
v -0.00603138 -0.00514991 -0.02200000
v -0.00599371 -0.00529636 -0.02100000
v -0.00597251 -0.00535465 -0.02200000
v -0.00591945 -0.00546905 -0.02100000
v -0.00587044 -0.00555168 -0.02200000
v -0.00581387 -0.00563041 -0.02100000
v -0.00572756 -0.00572757 -0.02200000
v -0.00568022 -0.00577219 -0.02100000
v -0.00555168 -0.00587044 -0.02200000
v -0.00552451 -0.00588764 -0.02100000
v -0.00535465 -0.00597252 -0.02200000
v -0.00535465 -0.00597252 -0.02100000
v -0.00517913 -0.00602556 -0.02100000
v -0.00494975 -0.00604975 -0.02100000
v -0.00472036 -0.00602556 -0.02100000
v -0.00448717 -0.00594776 -0.02100000
v -0.00426909 -0.00581387 -0.02100000
v -0.00408563 -0.00563041 -0.02100000
v -0.00395173 -0.00541232 -0.02100000
v -0.00387393 -0.00517914 -0.02100000
v -0.00386811 -0.00514991 -0.02200000
v -0.00514991 -0.00603138 -0.02200000
v -0.00494975 -0.00604975 -0.02200000
v -0.00474959 -0.00603138 -0.02200000
v -0.00454484 -0.00597252 -0.02200000
v -0.00434781 -0.00587044 -0.02200000
v -0.00417193 -0.00572757 -0.02200000
v -0.00402905 -0.00555168 -0.02200000
v -0.00392698 -0.00535465 -0.02200000
v -0.00603637 0.00477872 -0.02100000
v -0.00603138 0.00474959 -0.02200000
v -0.00599371 0.00460314 -0.02100000
v -0.00597251 0.00454484 -0.02200000
v -0.00591945 0.00443045 -0.02100000
v -0.00587044 0.00434782 -0.02200000
v -0.00581387 0.00426909 -0.02100000
v -0.00572756 0.00417193 -0.02200000
v -0.00568022 0.00412731 -0.02100000
v -0.00555168 0.00402905 -0.02200000
v -0.00552451 0.00401186 -0.02100000
v -0.00535465 0.00392698 -0.02200000
v -0.00535465 0.00392698 -0.02100000
v -0.00517913 0.00387393 -0.02100000
v -0.00494975 0.00384975 -0.02100000
v -0.00472036 0.00387393 -0.02100000
v -0.00448717 0.00395174 -0.02100000
v -0.00426909 0.00408563 -0.02100000
v -0.00408563 0.00426909 -0.02100000
v -0.00395173 0.00448718 -0.02100000
v -0.00387393 0.00472036 -0.02100000
v -0.00386811 0.00474959 -0.02200000
v -0.00514991 0.00386811 -0.02200000
v -0.00494975 0.00384975 -0.02200000
v -0.00474959 0.00386811 -0.02200000
v -0.00454484 0.00392698 -0.02200000
v -0.00434781 0.00402905 -0.02200000
v -0.00417193 0.00417193 -0.02200000
v -0.00402905 0.00434782 -0.02200000
v -0.00392698 0.00454484 -0.02200000
v 0.00090982 0.00491653 -0.02200000
v 0.00104268 0.00489008 -0.02100000
v 0.00184048 0.00464894 -0.02200000
v 0.00210260 0.00453642 -0.02100000
v 0.00273605 0.00418498 -0.02200000
v 0.00309390 0.00392782 -0.02100000
v 0.00353554 0.00353554 -0.02200000
v 0.00392782 0.00309390 -0.02100000
v 0.00418498 0.00273605 -0.02200000
v 0.00453642 0.00210260 -0.02100000
v 0.00464894 0.00184047 -0.02200000
v 0.00489008 0.00104268 -0.02100000
v 0.00491653 0.00090982 -0.02200000
v 0.00500000 0.00000000 -0.02100000
v 0.00500000 0.00000000 -0.02200000
v 0.00491653 -0.00090982 -0.02200000
v 0.00489008 -0.00104267 -0.02100000
v 0.00464894 -0.00184048 -0.02200000
v 0.00464894 -0.00184047 -0.02100000
v 0.00426315 -0.00261259 -0.02100000
v 0.00373838 -0.00332032 -0.02100000
v 0.00309390 -0.00392782 -0.02100000
v 0.00236046 -0.00440775 -0.02100000
v 0.00157552 -0.00474529 -0.02100000
v 0.00077741 -0.00493919 -0.02100000
v 0.00090982 -0.00491653 -0.02200000
v 0.00184048 -0.00464894 -0.02200000
v 0.00273605 -0.00418498 -0.02200000
v 0.00353554 -0.00353553 -0.02200000
v 0.00418498 -0.00273605 -0.02200000
v -0.00493919 0.00077741 -0.02300001
v -0.00500000 0.00000000 -0.02400001
v -0.00491652 0.00090982 -0.02400001
v -0.00474528 0.00157552 -0.02300001
v -0.00440775 0.00236046 -0.02300001
v -0.00392782 0.00309390 -0.02300001
v -0.00332032 0.00373838 -0.02300001
v -0.00261258 0.00426314 -0.02300001
v -0.00184047 0.00464894 -0.02300001
v -0.00104267 0.00489008 -0.02300001
v -0.00184047 0.00464894 -0.02400001
v -0.00090981 0.00491653 -0.02400001
v 0.00000000 0.00500000 -0.02300001
v 0.00000000 0.00500000 -0.02400001
v 0.00090982 0.00491653 -0.02400001
v 0.00104268 0.00489008 -0.02300001
v 0.00184048 0.00464894 -0.02400001
v 0.00210260 0.00453642 -0.02300001
v 0.00273605 0.00418498 -0.02400001
v 0.00309390 0.00392782 -0.02300001
v 0.00353554 0.00353554 -0.02400001
v 0.00392782 0.00309390 -0.02300001
v 0.00418498 0.00273605 -0.02400001
v 0.00453642 0.00210260 -0.02300001
v 0.00464894 0.00184048 -0.02400001
v 0.00489008 0.00104268 -0.02300001
v 0.00491653 0.00090982 -0.02400001
v 0.00500000 0.00000000 -0.02400001
v -0.00273605 0.00418498 -0.02400001
v -0.00353553 0.00353554 -0.02400001
v -0.00418498 0.00273605 -0.02400001
v -0.00464894 0.00184047 -0.02400001
v -0.00494975 0.00604975 -0.02400001
v -0.00517914 0.00602556 -0.02300001
v -0.00541232 0.00594776 -0.02300001
v -0.00563040 0.00581387 -0.02300001
v -0.00581387 0.00563041 -0.02300001
v -0.00594776 0.00541232 -0.02300001
v -0.00602556 0.00517914 -0.02300001
v -0.00604975 0.00494975 -0.02300001
v -0.00602556 0.00472036 -0.02300001
v -0.00597251 0.00454484 -0.02300001
v -0.00588764 0.00437498 -0.02300001
v -0.00597251 0.00454484 -0.02400001
v -0.00587044 0.00434782 -0.02400001
v -0.00514991 0.00603138 -0.02400001
v -0.00535465 0.00597252 -0.02400001
v -0.00555168 0.00587044 -0.02400001
v -0.00572756 0.00572757 -0.02400001
v -0.00587044 0.00555168 -0.02400001
v -0.00597251 0.00535465 -0.02400001
v -0.00603138 0.00514991 -0.02400001
v -0.00604975 0.00494975 -0.02400001
v -0.00603138 0.00474959 -0.02400001
v -0.00577219 0.00421928 -0.02300001
v -0.00572756 0.00417193 -0.02400001
v -0.00563040 0.00408563 -0.02300001
v -0.00555168 0.00402905 -0.02400001
v -0.00546905 0.00398004 -0.02300001
v -0.00535465 0.00392698 -0.02400001
v -0.00529636 0.00390579 -0.02300001
v -0.00514991 0.00386811 -0.02400001
v -0.00512077 0.00386312 -0.02300001
v -0.00494975 0.00384975 -0.02400001
v 0.00494975 0.00604975 -0.02400001
v 0.00472036 0.00602556 -0.02300001
v 0.00448718 0.00594776 -0.02300001
v 0.00426909 0.00581387 -0.02300001
v 0.00408563 0.00563041 -0.02300001
v 0.00395174 0.00541232 -0.02300001
v 0.00387393 0.00517914 -0.02300001
v 0.00384975 0.00494975 -0.02300001
v 0.00387393 0.00472036 -0.02300001
v 0.00392698 0.00454485 -0.02300001
v 0.00401186 0.00437498 -0.02300001
v 0.00392698 0.00454485 -0.02400001
v 0.00402905 0.00434782 -0.02400001
v 0.00474959 0.00603139 -0.02400001
v 0.00454485 0.00597252 -0.02400001
v 0.00434782 0.00587044 -0.02400001
v 0.00417193 0.00572757 -0.02400001
v 0.00402905 0.00555168 -0.02400001
v 0.00392698 0.00535465 -0.02400001
v 0.00386811 0.00514991 -0.02400001
v 0.00384975 0.00494975 -0.02400001
v 0.00386811 0.00474959 -0.02400001
v 0.00412731 0.00421928 -0.02300001
v 0.00417193 0.00417193 -0.02400001
v 0.00426909 0.00408563 -0.02300001
v 0.00434782 0.00402905 -0.02400001
v 0.00443045 0.00398005 -0.02300001
v 0.00454485 0.00392698 -0.02400001
v 0.00460314 0.00390579 -0.02300001
v 0.00474959 0.00386811 -0.02400001
v 0.00477872 0.00386313 -0.02300001
v 0.00494975 0.00384975 -0.02400001
v 0.00494975 -0.00384975 -0.02400001
v 0.00472036 -0.00387393 -0.02300001
v 0.00448718 -0.00395174 -0.02300001
v 0.00426909 -0.00408563 -0.02300001
v 0.00408563 -0.00426909 -0.02300001
v 0.00395174 -0.00448718 -0.02300001
v 0.00387393 -0.00472036 -0.02300001
v 0.00384975 -0.00494975 -0.02300001
v 0.00387393 -0.00517914 -0.02300001
v 0.00392698 -0.00535465 -0.02300001
v 0.00401186 -0.00552452 -0.02300001
v 0.00392698 -0.00535465 -0.02400001
v 0.00402905 -0.00555168 -0.02400001
v 0.00474959 -0.00386811 -0.02400001
v 0.00454485 -0.00392698 -0.02400001
v 0.00434782 -0.00402905 -0.02400001
v 0.00417193 -0.00417193 -0.02400001
v 0.00402905 -0.00434782 -0.02400001
v 0.00392698 -0.00454484 -0.02400001
v 0.00386811 -0.00474959 -0.02400001
v 0.00384975 -0.00494975 -0.02400001
v 0.00386811 -0.00514991 -0.02400001
v 0.00412731 -0.00568022 -0.02300001
v 0.00417193 -0.00572756 -0.02400001
v 0.00426909 -0.00581387 -0.02300001
v 0.00434782 -0.00587044 -0.02400001
v 0.00443045 -0.00591945 -0.02300001
v 0.00454485 -0.00597252 -0.02400001
v 0.00460314 -0.00599371 -0.02300001
v 0.00474959 -0.00603138 -0.02400001
v 0.00477872 -0.00603637 -0.02300001
v 0.00494975 -0.00604975 -0.02400001
v -0.00494974 -0.00384975 -0.02400001
v -0.00517913 -0.00387393 -0.02300001
v -0.00541232 -0.00395174 -0.02300001
v -0.00563040 -0.00408563 -0.02300001
v -0.00581387 -0.00426909 -0.02300001
v -0.00594776 -0.00448718 -0.02300001
v -0.00602556 -0.00472036 -0.02300001
v -0.00604975 -0.00494975 -0.02300001
v -0.00602556 -0.00517914 -0.02300001
v -0.00597251 -0.00535465 -0.02300001
v -0.00588764 -0.00552452 -0.02300001
v -0.00597251 -0.00535465 -0.02400001
v -0.00587044 -0.00555168 -0.02400001
v -0.00514990 -0.00386811 -0.02400001
v -0.00535465 -0.00392698 -0.02400001
v -0.00555168 -0.00402905 -0.02400001
v -0.00572756 -0.00417193 -0.02400001
v -0.00587044 -0.00434782 -0.02400001
v -0.00597251 -0.00454484 -0.02400001
v -0.00603138 -0.00474959 -0.02400001
v -0.00604975 -0.00494975 -0.02400001
v -0.00603138 -0.00514991 -0.02400001
v -0.00577219 -0.00568022 -0.02300001
v -0.00572756 -0.00572757 -0.02400001
v -0.00563040 -0.00581387 -0.02300001
v -0.00555168 -0.00587044 -0.02400001
v -0.00546905 -0.00591945 -0.02300001
v -0.00535465 -0.00597252 -0.02400001
v -0.00529636 -0.00599371 -0.02300001
v -0.00514990 -0.00603138 -0.02400001
v -0.00512077 -0.00603637 -0.02300001
v -0.00494974 -0.00604975 -0.02400001
v -0.00700000 0.00110000 -0.02400001
v -0.00722939 0.00107582 -0.02300001
v -0.00746257 0.00099801 -0.02300001
v -0.00768066 0.00086412 -0.02300001
v -0.00786412 0.00068066 -0.02300001
v -0.00799801 0.00046257 -0.02300001
v -0.00807581 0.00022939 -0.02300001
v -0.00810000 0.00000000 -0.02300001
v -0.00807581 -0.00022939 -0.02300001
v -0.00802276 -0.00040490 -0.02300001
v -0.00793789 -0.00057477 -0.02300001
v -0.00802276 -0.00040490 -0.02400001
v -0.00792069 -0.00060193 -0.02400001
v -0.00720016 0.00108164 -0.02400001
v -0.00740490 0.00102277 -0.02400001
v -0.00760193 0.00092070 -0.02400001
v -0.00777782 0.00077782 -0.02400001
v -0.00792069 0.00060193 -0.02400001
v -0.00802276 0.00040490 -0.02400001
v -0.00808163 0.00020016 -0.02400001
v -0.00810000 0.00000000 -0.02400001
v -0.00808163 -0.00020016 -0.02400001
v -0.00782244 -0.00073047 -0.02300001
v -0.00777782 -0.00077782 -0.02400001
v -0.00768066 -0.00086412 -0.02300001
v -0.00760193 -0.00092069 -0.02400001
v -0.00751930 -0.00096970 -0.02300001
v -0.00740490 -0.00102277 -0.02400001
v -0.00734661 -0.00104396 -0.02300001
v -0.00720016 -0.00108164 -0.02400001
v -0.00717103 -0.00108662 -0.02300001
v -0.00700000 -0.00110000 -0.02400001
v 0.00000000 -0.00590000 -0.02400001
v -0.00022939 -0.00592418 -0.02300001
v -0.00046257 -0.00600199 -0.02300001
v -0.00068066 -0.00613588 -0.02300001
v -0.00086412 -0.00631934 -0.02300001
v -0.00099801 -0.00653743 -0.02300001
v -0.00107581 -0.00677061 -0.02300001
v -0.00110000 -0.00700000 -0.02300001
v -0.00107581 -0.00722939 -0.02300001
v -0.00102276 -0.00740490 -0.02300001
v -0.00093789 -0.00757477 -0.02300001
v -0.00102276 -0.00740490 -0.02400001
v -0.00092069 -0.00760193 -0.02400001
v -0.00020016 -0.00591836 -0.02400001
v -0.00040490 -0.00597723 -0.02400001
v -0.00060193 -0.00607930 -0.02400001
v -0.00077781 -0.00622218 -0.02400001
v -0.00092069 -0.00639807 -0.02400001
v -0.00102276 -0.00659510 -0.02400001
v -0.00108163 -0.00679984 -0.02400001
v -0.00110000 -0.00700000 -0.02400001
v -0.00108163 -0.00720016 -0.02400001
v -0.00082244 -0.00773047 -0.02300001
v -0.00077781 -0.00777782 -0.02400001
v -0.00068066 -0.00786412 -0.02300001
v -0.00060193 -0.00792069 -0.02400001
v -0.00051930 -0.00796970 -0.02300001
v -0.00040490 -0.00802277 -0.02400001
v -0.00034661 -0.00804396 -0.02300001
v -0.00020016 -0.00808164 -0.02400001
v -0.00017103 -0.00808663 -0.02300001
v 0.00000000 -0.00810000 -0.02400001
v 0.00700000 0.00110000 -0.02400001
v 0.00677061 0.00107582 -0.02300001
v 0.00653743 0.00099801 -0.02300001
v 0.00631934 0.00086412 -0.02300001
v 0.00613588 0.00068066 -0.02300001
v 0.00600199 0.00046257 -0.02300001
v 0.00592419 0.00022939 -0.02300001
v 0.00590000 0.00000000 -0.02300001
v 0.00592419 -0.00022939 -0.02300001
v 0.00597724 -0.00040490 -0.02300001
v 0.00606211 -0.00057477 -0.02300001
v 0.00597724 -0.00040490 -0.02400001
v 0.00607931 -0.00060193 -0.02400001
v 0.00679984 0.00108164 -0.02400001
v 0.00659510 0.00102277 -0.02400001
v 0.00639807 0.00092070 -0.02400001
v 0.00622219 0.00077782 -0.02400001
v 0.00607931 0.00060193 -0.02400001
v 0.00597724 0.00040491 -0.02400001
v 0.00591837 0.00020016 -0.02400001
v 0.00590000 0.00000000 -0.02400001
v 0.00591837 -0.00020016 -0.02400001
v 0.00617756 -0.00073047 -0.02300001
v 0.00622219 -0.00077782 -0.02400001
v 0.00631934 -0.00086412 -0.02300001
v 0.00639807 -0.00092069 -0.02400001
v 0.00648070 -0.00096970 -0.02300001
v 0.00659510 -0.00102277 -0.02400001
v 0.00665339 -0.00104396 -0.02300001
v 0.00679984 -0.00108163 -0.02400001
v 0.00682897 -0.00108662 -0.02300001
v 0.00700000 -0.00110000 -0.02400001
v 0.00000000 0.00810000 -0.02400001
v -0.00022939 0.00807582 -0.02300001
v -0.00046257 0.00799801 -0.02300001
v -0.00068066 0.00786412 -0.02300001
v -0.00086412 0.00768066 -0.02300001
v -0.00099801 0.00746257 -0.02300001
v -0.00107581 0.00722939 -0.02300001
v -0.00110000 0.00700000 -0.02300001
v -0.00107581 0.00677061 -0.02300001
v -0.00102277 0.00659510 -0.02300001
v -0.00093789 0.00642523 -0.02300001
v -0.00102277 0.00659510 -0.02400001
v -0.00092069 0.00639807 -0.02400001
v -0.00020016 0.00808164 -0.02400001
v -0.00040490 0.00802277 -0.02400001
v -0.00060193 0.00792070 -0.02400001
v -0.00077782 0.00777782 -0.02400001
v -0.00092069 0.00760193 -0.02400001
v -0.00102277 0.00740491 -0.02400001
v -0.00108163 0.00720016 -0.02400001
v -0.00110000 0.00700000 -0.02400001
v -0.00108163 0.00679984 -0.02400001
v -0.00082244 0.00626953 -0.02300001
v -0.00077782 0.00622218 -0.02400001
v -0.00068066 0.00613588 -0.02300001
v -0.00060193 0.00607931 -0.02400001
v -0.00051930 0.00603030 -0.02300001
v -0.00040490 0.00597723 -0.02400001
v -0.00034661 0.00595604 -0.02300001
v -0.00020016 0.00591837 -0.02400001
v -0.00017103 0.00591338 -0.02300001
v 0.00000000 0.00590000 -0.02400001
v -0.00018196 0.01498331 -0.02200000
v 0.00000000 0.01500000 -0.02400001
v 0.00000000 0.01500000 -0.02200000
v -0.00020853 0.01497802 -0.02300001
v -0.00036809 0.01492979 -0.02200000
v -0.00042052 0.01490728 -0.02300001
v -0.00054721 0.01483700 -0.02200000
v -0.00061878 0.01478556 -0.02300001
v -0.00070711 0.01470711 -0.02200000
v -0.00078556 0.01461878 -0.02300001
v -0.00083699 0.01454721 -0.02200000
v -0.00090728 0.01442052 -0.02300001
v -0.00092979 0.01436809 -0.02200000
v -0.00097801 0.01420854 -0.02300001
v -0.00098330 0.01418196 -0.02200000
v -0.00100000 0.01400000 -0.02300001
v -0.00100000 0.01400000 -0.02200000
v -0.00098330 0.01381804 -0.02200000
v -0.00097801 0.01379146 -0.02300001
v -0.00092979 0.01363191 -0.02200000
v -0.00092979 0.01363191 -0.02300001
v -0.00085263 0.01347748 -0.02300001
v -0.00092979 0.01363191 -0.02400001
v -0.00083699 0.01345279 -0.02400001
v -0.00018196 0.01498331 -0.02400001
v -0.00036809 0.01492979 -0.02400001
v -0.00054721 0.01483700 -0.02400001
v -0.00070711 0.01470711 -0.02400001
v -0.00083699 0.01454721 -0.02400001
v -0.00092979 0.01436809 -0.02400001
v -0.00098330 0.01418196 -0.02400001
v -0.00100000 0.01400000 -0.02400001
v -0.00098330 0.01381804 -0.02400001
v -0.00074767 0.01333593 -0.02300001
v -0.00070711 0.01329289 -0.02400001
v -0.00061878 0.01321443 -0.02300001
v -0.00054721 0.01316300 -0.02400001
v -0.00047209 0.01311845 -0.02300001
v -0.00036809 0.01307021 -0.02400001
v -0.00031510 0.01305094 -0.02300001
v -0.00018196 0.01301670 -0.02400001
v -0.00015548 0.01301216 -0.02300001
v 0.00000000 0.01300000 -0.02400001
v 0.00000000 0.01300000 -0.02200000
v -0.00018196 0.01301670 -0.02200000
v -0.00036809 0.01307021 -0.02200000
v -0.00054721 0.01316300 -0.02200000
v -0.00070711 0.01329289 -0.02200000
v -0.00083699 0.01345279 -0.02200000
v -0.00018196 -0.01301670 -0.02200000
v 0.00000000 -0.01300000 -0.02400001
v 0.00000000 -0.01300000 -0.02200000
v -0.00020853 -0.01302199 -0.02300001
v -0.00036809 -0.01307021 -0.02200000
v -0.00042052 -0.01309272 -0.02300001
v -0.00054721 -0.01316300 -0.02200000
v -0.00061878 -0.01321444 -0.02300001
v -0.00070710 -0.01329289 -0.02200000
v -0.00078556 -0.01338122 -0.02300001
v -0.00083699 -0.01345279 -0.02200000
v -0.00090728 -0.01357948 -0.02300001
v -0.00092978 -0.01363191 -0.02200000
v -0.00097801 -0.01379146 -0.02300001
v -0.00098330 -0.01381804 -0.02200000
v -0.00100000 -0.01400000 -0.02300001
v -0.00100000 -0.01400000 -0.02200000
v -0.00098330 -0.01418196 -0.02200000
v -0.00097801 -0.01420854 -0.02300001
v -0.00092978 -0.01436809 -0.02200000
v -0.00092978 -0.01436809 -0.02300001
v -0.00085263 -0.01452252 -0.02300001
v -0.00092978 -0.01436809 -0.02400001
v -0.00083699 -0.01454721 -0.02400001
v -0.00018196 -0.01301670 -0.02400001
v -0.00036809 -0.01307021 -0.02400001
v -0.00054721 -0.01316300 -0.02400001
v -0.00070710 -0.01329289 -0.02400001
v -0.00083699 -0.01345279 -0.02400001
v -0.00092978 -0.01363191 -0.02400001
v -0.00098330 -0.01381804 -0.02400001
v -0.00100000 -0.01400000 -0.02400001
v -0.00098330 -0.01418196 -0.02400001
v -0.00074767 -0.01466407 -0.02300001
v -0.00070710 -0.01470711 -0.02400001
v -0.00061878 -0.01478557 -0.02300001
v -0.00054721 -0.01483700 -0.02400001
v -0.00047209 -0.01488155 -0.02300001
v -0.00036809 -0.01492979 -0.02400001
v -0.00031510 -0.01494906 -0.02300001
v -0.00018196 -0.01498331 -0.02400001
v -0.00015548 -0.01498784 -0.02300001
v 0.00000000 -0.01500000 -0.02400001
v 0.00000000 -0.01500000 -0.02200000
v -0.00018196 -0.01498331 -0.02200000
v -0.00036809 -0.01492979 -0.02200000
v -0.00054721 -0.01483700 -0.02200000
v -0.00070710 -0.01470711 -0.02200000
v -0.00083699 -0.01454721 -0.02200000
v 0.00098331 -0.02150000 -0.03681805
v 0.00100000 -0.01950000 -0.03700000
v 0.00100001 -0.02150000 -0.03700000
v 0.00097802 -0.02050000 -0.03679148
v 0.00092979 -0.02150000 -0.03663192
v 0.00090729 -0.02050000 -0.03657949
v 0.00083700 -0.02150000 -0.03645280
v 0.00078557 -0.02050000 -0.03638123
v 0.00070711 -0.02150000 -0.03629290
v 0.00061879 -0.02050000 -0.03621444
v 0.00054722 -0.02150000 -0.03616301
v 0.00042052 -0.02050000 -0.03609273
v 0.00036810 -0.02150000 -0.03607022
v 0.00020854 -0.02050000 -0.03602200
v 0.00018197 -0.02150000 -0.03601671
v 0.00000000 -0.02050000 -0.03600000
v 0.00000000 -0.02150000 -0.03600000
v -0.00018196 -0.02150000 -0.03601671
v -0.00020853 -0.02050000 -0.03602200
v -0.00036809 -0.02150000 -0.03607022
v -0.00036809 -0.02050000 -0.03607022
v -0.00052251 -0.02050000 -0.03614737
v -0.00036809 -0.01950000 -0.03607022
v -0.00054720 -0.01950000 -0.03616301
v 0.00098331 -0.01950000 -0.03681805
v 0.00092979 -0.01950000 -0.03663192
v 0.00083700 -0.01950000 -0.03645280
v 0.00070711 -0.01950000 -0.03629290
v 0.00054722 -0.01950000 -0.03616301
v 0.00036810 -0.01950000 -0.03607022
v 0.00018197 -0.01950000 -0.03601671
v 0.00000000 -0.01950000 -0.03600000
v -0.00018196 -0.01950000 -0.03601671
v -0.00066406 -0.02050000 -0.03625234
v -0.00070710 -0.01950000 -0.03629290
v -0.00078556 -0.02050000 -0.03638123
v -0.00083699 -0.01950000 -0.03645280
v -0.00088154 -0.02050000 -0.03652792
v -0.00092978 -0.01950000 -0.03663192
v -0.00094905 -0.02050000 -0.03668490
v -0.00098330 -0.01950000 -0.03681805
v -0.00098783 -0.02050000 -0.03684453
v -0.00099999 -0.01950000 -0.03700000
v -0.00099999 -0.02150000 -0.03700000
v -0.00098330 -0.02150000 -0.03681805
v -0.00092978 -0.02150000 -0.03663192
v -0.00083699 -0.02150000 -0.03645280
v -0.00070710 -0.02150000 -0.03629290
v -0.00054720 -0.02150000 -0.03616301
v -0.00601669 -0.02150000 -0.04381805
v -0.00600000 -0.01950000 -0.04400000
v -0.00600000 -0.02150000 -0.04400000
v -0.00602198 -0.02050000 -0.04379148
v -0.00607021 -0.02150000 -0.04363192
v -0.00609271 -0.02050000 -0.04357949
v -0.00616300 -0.02150000 -0.04345280
v -0.00621443 -0.02050000 -0.04338123
v -0.00629289 -0.02150000 -0.04329290
v -0.00638122 -0.02050000 -0.04321444
v -0.00645279 -0.02150000 -0.04316301
v -0.00657948 -0.02050000 -0.04309273
v -0.00663190 -0.02150000 -0.04307022
v -0.00679146 -0.02050000 -0.04302200
v -0.00681803 -0.02150000 -0.04301671
v -0.00700000 -0.02050000 -0.04300002
v -0.00700000 -0.02150000 -0.04300002
v -0.00718196 -0.02150000 -0.04301671
v -0.00720853 -0.02050000 -0.04302200
v -0.00736809 -0.02150000 -0.04307022
v -0.00736809 -0.02050000 -0.04307022
v -0.00752251 -0.02050000 -0.04314737
v -0.00736809 -0.01950000 -0.04307022
v -0.00754721 -0.01950000 -0.04316301
v -0.00601669 -0.01950000 -0.04381805
v -0.00607021 -0.01950000 -0.04363192
v -0.00616300 -0.01950000 -0.04345280
v -0.00629289 -0.01950000 -0.04329290
v -0.00645279 -0.01950000 -0.04316301
v -0.00663190 -0.01950000 -0.04307022
v -0.00681803 -0.01950000 -0.04301671
v -0.00700000 -0.01950000 -0.04300002
v -0.00718196 -0.01950000 -0.04301671
v -0.00766406 -0.02050000 -0.04325234
v -0.00770710 -0.01950000 -0.04329290
v -0.00778556 -0.02050000 -0.04338123
v -0.00783699 -0.01950000 -0.04345280
v -0.00788154 -0.02050000 -0.04352792
v -0.00792978 -0.01950000 -0.04363192
v -0.00794905 -0.02050000 -0.04368490
v -0.00798330 -0.01950000 -0.04381805
v -0.00798783 -0.02050000 -0.04384452
v -0.00799999 -0.01950000 -0.04400000
v -0.00799999 -0.02150000 -0.04400000
v -0.00798330 -0.02150000 -0.04381805
v -0.00792978 -0.02150000 -0.04363192
v -0.00783699 -0.02150000 -0.04345280
v -0.00770710 -0.02150000 -0.04329290
v -0.00754721 -0.02150000 -0.04316301
v 0.00798331 -0.02150000 -0.04381805
v 0.00800001 -0.01950000 -0.04400000
v 0.00800001 -0.02150000 -0.04400000
v 0.00797802 -0.02050000 -0.04379148
v 0.00792980 -0.02150000 -0.04363192
v 0.00790729 -0.02050000 -0.04357949
v 0.00783700 -0.02150000 -0.04345280
v 0.00778557 -0.02050000 -0.04338123
v 0.00770711 -0.02150000 -0.04329290
v 0.00761879 -0.02050000 -0.04321444
v 0.00754722 -0.02150000 -0.04316301
v 0.00742053 -0.02050000 -0.04309273
v 0.00736810 -0.02150000 -0.04307022
v 0.00720854 -0.02050000 -0.04302200
v 0.00718197 -0.02150000 -0.04301671
v 0.00700001 -0.02050000 -0.04300002
v 0.00700001 -0.02150000 -0.04300002
v 0.00681804 -0.02150000 -0.04301671
v 0.00679147 -0.02050000 -0.04302200
v 0.00663191 -0.02150000 -0.04307022
v 0.00663191 -0.02050000 -0.04307022
v 0.00647749 -0.02050000 -0.04314737
v 0.00663191 -0.01950000 -0.04307022
v 0.00645280 -0.01950000 -0.04316301
v 0.00798331 -0.01950000 -0.04381805
v 0.00792980 -0.01950000 -0.04363192
v 0.00783700 -0.01950000 -0.04345280
v 0.00770711 -0.01950000 -0.04329290
v 0.00754722 -0.01950000 -0.04316301
v 0.00736810 -0.01950000 -0.04307022
v 0.00718197 -0.01950000 -0.04301671
v 0.00700001 -0.01950000 -0.04300002
v 0.00681804 -0.01950000 -0.04301671
v 0.00633594 -0.02050000 -0.04325234
v 0.00629290 -0.01950000 -0.04329290
v 0.00621444 -0.02050000 -0.04338123
v 0.00616301 -0.01950000 -0.04345280
v 0.00611846 -0.02050000 -0.04352792
v 0.00607022 -0.01950000 -0.04363192
v 0.00605095 -0.02050000 -0.04368490
v 0.00601670 -0.01950000 -0.04381805
v 0.00601217 -0.02050000 -0.04384452
v 0.00600001 -0.01950000 -0.04400000
v 0.00600001 -0.02150000 -0.04400000
v 0.00601670 -0.02150000 -0.04381805
v 0.00607022 -0.02150000 -0.04363192
v 0.00616301 -0.02150000 -0.04345280
v 0.00629290 -0.02150000 -0.04329290
v 0.00645280 -0.02150000 -0.04316301
v 0.00601670 0.02150000 -0.04381805
v 0.00600000 0.01950000 -0.04400000
v 0.00600000 0.02150000 -0.04400000
v 0.00602199 0.02050000 -0.04379148
v 0.00607021 0.02150000 -0.04363192
v 0.00609272 0.02050000 -0.04357949
v 0.00616301 0.02150000 -0.04345280
v 0.00621444 0.02050000 -0.04338123
v 0.00629290 0.02150000 -0.04329290
v 0.00638122 0.02050000 -0.04321444
v 0.00645279 0.02150000 -0.04316301
v 0.00657948 0.02050000 -0.04309273
v 0.00663191 0.02150000 -0.04307022
v 0.00679147 0.02050000 -0.04302200
v 0.00681804 0.02150000 -0.04301671
v 0.00700000 0.02050000 -0.04300002
v 0.00700000 0.02150000 -0.04300002
v 0.00718197 0.02150000 -0.04301671
v 0.00720854 0.02050000 -0.04302200
v 0.00736810 0.02150000 -0.04307022
v 0.00736810 0.02050000 -0.04307022
v 0.00752252 0.02050000 -0.04314737
v 0.00736810 0.01950000 -0.04307022
v 0.00754721 0.01950000 -0.04316301
v 0.00601670 0.01950000 -0.04381805
v 0.00607021 0.01950000 -0.04363192
v 0.00616301 0.01950000 -0.04345280
v 0.00629290 0.01950000 -0.04329290
v 0.00645279 0.01950000 -0.04316301
v 0.00663191 0.01950000 -0.04307022
v 0.00681804 0.01950000 -0.04301671
v 0.00700000 0.01950000 -0.04300002
v 0.00718197 0.01950000 -0.04301671
v 0.00766407 0.02050000 -0.04325234
v 0.00770711 0.01950000 -0.04329290
v 0.00778557 0.02050000 -0.04338123
v 0.00783700 0.01950000 -0.04345280
v 0.00788155 0.02050000 -0.04352792
v 0.00792979 0.01950000 -0.04363192
v 0.00794906 0.02050000 -0.04368490
v 0.00798331 0.01950000 -0.04381805
v 0.00798784 0.02050000 -0.04384452
v 0.00800000 0.01950000 -0.04400000
v 0.00800000 0.02150000 -0.04400000
v 0.00798331 0.02150000 -0.04381805
v 0.00792979 0.02150000 -0.04363192
v 0.00783700 0.02150000 -0.04345280
v 0.00770711 0.02150000 -0.04329290
v 0.00754721 0.02150000 -0.04316301
v -0.00798330 0.02150000 -0.04381805
v -0.00800000 0.01950000 -0.04400000
v -0.00800000 0.02150000 -0.04400000
v -0.00797801 0.02050000 -0.04379148
v -0.00792979 0.02150000 -0.04363192
v -0.00790728 0.02050000 -0.04357949
v -0.00783699 0.02150000 -0.04345280
v -0.00778556 0.02050000 -0.04338123
v -0.00770711 0.02150000 -0.04329290
v -0.00761878 0.02050000 -0.04321444
v -0.00754721 0.02150000 -0.04316301
v -0.00742052 0.02050000 -0.04309273
v -0.00736809 0.02150000 -0.04307022
v -0.00720853 0.02050000 -0.04302200
v -0.00718196 0.02150000 -0.04301671
v -0.00700000 0.02050000 -0.04300002
v -0.00700000 0.02150000 -0.04300002
v -0.00681804 0.02150000 -0.04301671
v -0.00679146 0.02050000 -0.04302200
v -0.00663190 0.02150000 -0.04307022
v -0.00663190 0.02050000 -0.04307022
v -0.00647748 0.02050000 -0.04314737
v -0.00663190 0.01950000 -0.04307022
v -0.00645279 0.01950000 -0.04316301
v -0.00798330 0.01950000 -0.04381805
v -0.00792979 0.01950000 -0.04363192
v -0.00783699 0.01950000 -0.04345280
v -0.00770711 0.01950000 -0.04329290
v -0.00754721 0.01950000 -0.04316301
v -0.00736809 0.01950000 -0.04307022
v -0.00718196 0.01950000 -0.04301671
v -0.00700000 0.01950000 -0.04300002
v -0.00681804 0.01950000 -0.04301671
v -0.00633593 0.02050000 -0.04325234
v -0.00629289 0.01950000 -0.04329290
v -0.00621443 0.02050000 -0.04338123
v -0.00616300 0.01950000 -0.04345280
v -0.00611845 0.02050000 -0.04352792
v -0.00607021 0.01950000 -0.04363192
v -0.00605094 0.02050000 -0.04368490
v -0.00601669 0.01950000 -0.04381805
v -0.00601216 0.02050000 -0.04384452
v -0.00600000 0.01950000 -0.04400000
v -0.00600000 0.02150000 -0.04400000
v -0.00601669 0.02150000 -0.04381805
v -0.00607021 0.02150000 -0.04363192
v -0.00616300 0.02150000 -0.04345280
v -0.00629289 0.02150000 -0.04329290
v -0.00645279 0.02150000 -0.04316301
v -0.00098330 0.02150000 -0.03681805
v -0.00100000 0.01950000 -0.03700000
v -0.00100000 0.02150000 -0.03700000
v -0.00097801 0.02050000 -0.03679148
v -0.00092979 0.02150000 -0.03663192
v -0.00090728 0.02050000 -0.03657949
v -0.00083699 0.02150000 -0.03645280
v -0.00078556 0.02050000 -0.03638123
v -0.00070711 0.02150000 -0.03629290
v -0.00061878 0.02050000 -0.03621444
v -0.00054721 0.02150000 -0.03616301
v -0.00042052 0.02050000 -0.03609273
v -0.00036809 0.02150000 -0.03607022
v -0.00020853 0.02050000 -0.03602200
v -0.00018196 0.02150000 -0.03601671
v 0.00000000 0.02050000 -0.03600000
v 0.00000000 0.02150000 -0.03600000
v 0.00018196 0.02150000 -0.03601671
v 0.00020854 0.02050000 -0.03602200
v 0.00036810 0.02150000 -0.03607022
v 0.00036810 0.02050000 -0.03607022
v 0.00052252 0.02050000 -0.03614737
v 0.00036810 0.01950000 -0.03607022
v 0.00054721 0.01950000 -0.03616301
v -0.00098330 0.01950000 -0.03681805
v -0.00092979 0.01950000 -0.03663192
v -0.00083699 0.01950000 -0.03645280
v -0.00070711 0.01950000 -0.03629290
v -0.00054721 0.01950000 -0.03616301
v -0.00036809 0.01950000 -0.03607022
v -0.00018196 0.01950000 -0.03601671
v 0.00000000 0.01950000 -0.03600000
v 0.00018197 0.01950000 -0.03601671
v 0.00066407 0.02050000 -0.03625234
v 0.00070711 0.01950000 -0.03629290
v 0.00078557 0.02050000 -0.03638123
v 0.00083700 0.01950000 -0.03645280
v 0.00088155 0.02050000 -0.03652792
v 0.00092979 0.01950000 -0.03663192
v 0.00094906 0.02050000 -0.03668490
v 0.00098331 0.01950000 -0.03681805
v 0.00098784 0.02050000 -0.03684453
v 0.00100000 0.01950000 -0.03700000
v 0.00100000 0.02150000 -0.03700000
v 0.00098331 0.02150000 -0.03681805
v 0.00092979 0.02150000 -0.03663192
v 0.00083700 0.02150000 -0.03645280
v 0.00070711 0.02150000 -0.03629290
v 0.00054721 0.02150000 -0.03616301
v -0.00775000 -0.02050000 -0.03625001
v -0.00550000 -0.02150000 -0.03400001
v -0.00550000 -0.01950000 -0.03400001
v -0.01000000 -0.02150000 -0.03850001
v -0.01000000 -0.01950000 -0.03850001
v -0.00098330 -0.01950000 -0.03718198
v -0.00092978 -0.01950000 -0.03736811
v -0.00083699 -0.01950000 -0.03754722
v -0.00070710 -0.01950000 -0.03770711
v -0.00054720 -0.01950000 -0.03783700
v -0.00036809 -0.01950000 -0.03792979
v -0.00018196 -0.01950000 -0.03798332
v 0.00000000 -0.01950000 -0.03800001
v 0.00018197 -0.01950000 -0.03798332
v 0.00036810 -0.01950000 -0.03792979
v 0.00054722 -0.01950000 -0.03783700
v 0.00070711 -0.01950000 -0.03770711
v 0.00083700 -0.01950000 -0.03754722
v 0.00092979 -0.01950000 -0.03736811
v 0.00098331 -0.01950000 -0.03718198
v 0.00550001 -0.01950000 -0.03400001
v 0.00000000 -0.01950000 -0.03550001
v -0.00999999 -0.01950000 -0.04500001
v -0.00783699 -0.01950000 -0.04454722
v -0.00799999 -0.01950000 -0.04700001
v -0.00792978 -0.01950000 -0.04436811
v -0.00798330 -0.01950000 -0.04418198
v -0.00681803 -0.01950000 -0.04498332
v -0.00499999 -0.01950000 -0.04700001
v -0.00700000 -0.01950000 -0.04500001
v -0.00718196 -0.01950000 -0.04498332
v -0.00616300 -0.01950000 -0.04454722
v -0.00629289 -0.01950000 -0.04470712
v -0.00645279 -0.01950000 -0.04483700
v 0.01000001 -0.01950000 -0.03850001
v 0.00601670 -0.01950000 -0.04418198
v 0.00607022 -0.01950000 -0.04436811
v 0.00616301 -0.01950000 -0.04454722
v 0.00500001 -0.01950000 -0.04700001
v 0.00629290 -0.01950000 -0.04470712
v 0.00645280 -0.01950000 -0.04483700
v 0.00663191 -0.01950000 -0.04492979
v 0.00681804 -0.01950000 -0.04498332
v 0.00800001 -0.01950000 -0.04700001
v 0.00700001 -0.01950000 -0.04500001
v 0.00718197 -0.01950000 -0.04498332
v 0.00736810 -0.01950000 -0.04492979
v 0.00754722 -0.01950000 -0.04483700
v 0.00770711 -0.01950000 -0.04470712
v 0.00783700 -0.01950000 -0.04454722
v 0.01000001 -0.01950000 -0.04500001
v 0.00792980 -0.01950000 -0.04436811
v 0.00798331 -0.01950000 -0.04418198
v 0.00550000 -0.01950000 -0.02400001
v -0.00550000 -0.01950000 -0.02400001
v -0.00601669 -0.01950000 -0.04418198
v -0.00607021 -0.01950000 -0.04436811
v -0.00663190 -0.01950000 -0.04492979
v -0.00736809 -0.01950000 -0.04492979
v -0.00754721 -0.01950000 -0.04483700
v -0.00770710 -0.01950000 -0.04470712
v -0.00775000 0.02050000 -0.03625001
v -0.00550000 0.01950000 -0.03400001
v -0.00550000 0.02150000 -0.03400001
v -0.01000000 0.01950000 -0.03850001
v -0.01000000 0.02150000 -0.03850001
v 0.00184048 0.02150000 -0.03935106
v 0.00098331 0.02150000 -0.03718198
v 0.00273605 0.02150000 -0.03981503
v 0.00550000 0.02150000 -0.03400001
v 0.00353554 0.02150000 -0.04046448
v 0.00418498 0.02150000 -0.04126396
v 0.00092979 0.02150000 -0.03736811
v 0.00083700 0.02150000 -0.03754722
v 0.00090982 0.02150000 -0.03908348
v 0.00070711 0.02150000 -0.03770711
v 0.00054721 0.02150000 -0.03783700
v 0.00036810 0.02150000 -0.03792979
v 0.00000000 0.02150000 -0.03900001
v 0.00018197 0.02150000 -0.03798332
v 0.00000000 0.02150000 -0.03800001
v -0.00018196 0.02150000 -0.03798332
v -0.00036809 0.02150000 -0.03792979
v -0.00090981 0.02150000 -0.03908348
v -0.00054721 0.02150000 -0.03783700
v -0.00070711 0.02150000 -0.03770711
v -0.00083699 0.02150000 -0.03754722
v -0.00184047 0.02150000 -0.03935106
v -0.00092979 0.02150000 -0.03736811
v -0.00098330 0.02150000 -0.03718198
v -0.00273605 0.02150000 -0.03981503
v -0.00353553 0.02150000 -0.04046448
v -0.00418498 0.02150000 -0.04126396
v -0.01000000 0.02150000 -0.04500001
v -0.00798330 0.02150000 -0.04418198
v -0.00792979 0.02150000 -0.04436811
v -0.00783699 0.02150000 -0.04454722
v -0.00800000 0.02150000 -0.04700001
v -0.00770711 0.02150000 -0.04470712
v -0.00754721 0.02150000 -0.04483700
v -0.00736809 0.02150000 -0.04492979
v -0.00718196 0.02150000 -0.04498332
v -0.00700000 0.02150000 -0.04500001
v -0.00681804 0.02150000 -0.04498332
v -0.00500000 0.02150000 -0.04700001
v -0.00663190 0.02150000 -0.04492979
v -0.00645279 0.02150000 -0.04483700
v -0.00629289 0.02150000 -0.04470712
v -0.00616300 0.02150000 -0.04454722
v -0.00500000 0.02150000 -0.04400000
v -0.00607021 0.02150000 -0.04436811
v -0.00601669 0.02150000 -0.04418198
v -0.00491652 0.02150000 -0.04309020
v -0.00464894 0.02150000 -0.04215953
v 0.00000000 0.02150000 -0.03450001
v 0.01000000 0.02150000 -0.04500001
v 0.00798331 0.02150000 -0.04418198
v 0.00792979 0.02150000 -0.04436811
v 0.00783700 0.02150000 -0.04454722
v 0.00800000 0.02150000 -0.04700001
v 0.00770711 0.02150000 -0.04470712
v 0.00754721 0.02150000 -0.04483700
v 0.00736810 0.02150000 -0.04492979
v 0.00718197 0.02150000 -0.04498332
v 0.00700000 0.02150000 -0.04500001
v 0.00681804 0.02150000 -0.04498332
v 0.00500000 0.02150000 -0.04700001
v 0.00663191 0.02150000 -0.04492979
v 0.00645279 0.02150000 -0.04483700
v 0.00629290 0.02150000 -0.04470712
v 0.00616301 0.02150000 -0.04454722
v 0.00500000 0.02150000 -0.04400000
v 0.00607021 0.02150000 -0.04436811
v 0.00601670 0.02150000 -0.04418198
v 0.00491653 0.02150000 -0.04309020
v 0.00464894 0.02150000 -0.04215953
v 0.01000000 0.02150000 -0.03850001
v 0.00550000 0.02150000 -0.02200000
v -0.00550000 0.02150000 -0.02200000
v 0.00775000 -0.02050000 -0.03625001
v 0.00550001 -0.02150000 -0.03400001
v 0.01000001 -0.02150000 -0.03850001
v 0.01000001 -0.02050000 -0.04175000
v 0.01000001 -0.02150000 -0.04500001
v 0.00775000 0.02050000 -0.03625001
v 0.00550000 0.01950000 -0.03400001
v 0.01000000 0.01950000 -0.03850001
v 0.01000000 0.02050000 -0.04175000
v 0.01000000 0.01950000 -0.04500001
v 0.00775000 0.00775000 -0.02300001
v 0.00550000 0.01000000 -0.02400001
v 0.01000000 0.00550000 -0.02400001
v 0.01000000 0.00000000 -0.02300001
v 0.01000000 -0.00550000 -0.02400001
v 0.00597252 0.00535465 -0.02400001
v 0.00603139 0.00514991 -0.02400001
v 0.00604975 0.00494975 -0.02400001
v 0.00100000 0.01400000 -0.02400001
v 0.00550000 0.01950000 -0.02400001
v 0.00098331 0.01381804 -0.02400001
v 0.00092979 0.01363191 -0.02400001
v -0.00550000 0.01950000 -0.02400001
v 0.00018196 0.01498331 -0.02400001
v 0.00036810 0.01492979 -0.02400001
v -0.00550000 0.01000000 -0.02400001
v -0.01000000 0.00550000 -0.02400001
v -0.01000000 -0.00550000 -0.02400001
v -0.00550000 -0.01000000 -0.02400001
v 0.00100000 -0.01400000 -0.02400001
v 0.00550000 -0.01000000 -0.02400001
v 0.00098331 -0.01418196 -0.02400001
v 0.00092979 -0.01436809 -0.02400001
v 0.00597252 -0.00535465 -0.02400001
v 0.00587045 -0.00555168 -0.02400001
v 0.00572757 -0.00572756 -0.02400001
v 0.00810000 0.00000000 -0.02400001
v 0.00808164 -0.00020016 -0.02400001
v 0.00802277 -0.00040490 -0.02400001
v 0.00018197 -0.01301670 -0.02400001
v 0.00036810 -0.01307021 -0.02400001
v 0.00054721 -0.01316300 -0.02400001
v 0.00070711 -0.01329289 -0.02400001
v 0.00083700 -0.01345279 -0.02400001
v 0.00092979 -0.01363191 -0.02400001
v 0.00098331 -0.01381804 -0.02400001
v 0.00083700 -0.01454721 -0.02400001
v 0.00070711 -0.01470711 -0.02400001
v 0.00054721 -0.01483700 -0.02400001
v 0.00036810 -0.01492979 -0.02400001
v 0.00018197 -0.01498331 -0.02400001
v 0.00054721 0.01483700 -0.02400001
v 0.00070711 0.01470711 -0.02400001
v 0.00083700 0.01454721 -0.02400001
v 0.00092979 0.01436809 -0.02400001
v 0.00098331 0.01418196 -0.02400001
v 0.00083700 0.01345279 -0.02400001
v 0.00092070 0.00760193 -0.02400001
v 0.00102277 0.00740491 -0.02400001
v 0.00108164 0.00720016 -0.02400001
v 0.00110000 0.00700000 -0.02400001
v 0.00108164 0.00679984 -0.02400001
v 0.00102277 0.00659510 -0.02400001
v 0.00077782 0.00777782 -0.02400001
v 0.00070711 0.01329289 -0.02400001
v 0.00060193 0.00792070 -0.02400001
v 0.00054721 0.01316300 -0.02400001
v 0.00040491 0.00802277 -0.02400001
v 0.00036810 0.01307021 -0.02400001
v 0.00020016 0.00808164 -0.02400001
v 0.00018196 0.01301670 -0.02400001
v -0.00417193 0.00572757 -0.02400001
v -0.00402905 0.00555168 -0.02400001
v -0.00392698 0.00535465 -0.02400001
v 0.00092070 0.00639807 -0.02400001
v 0.00077782 0.00622218 -0.02400001
v 0.00060193 0.00607931 -0.02400001
v 0.00040491 0.00597723 -0.02400001
v 0.00020016 0.00591837 -0.02400001
v 0.00720016 0.00108164 -0.02400001
v 0.00603139 0.00474959 -0.02400001
v 0.00597252 0.00454485 -0.02400001
v 0.00587045 0.00434782 -0.02400001
v 0.00572757 0.00417193 -0.02400001
v 0.00555168 0.00402905 -0.02400001
v 0.00535465 0.00392698 -0.02400001
v 0.00491653 -0.00090982 -0.02400001
v 0.00535465 -0.00392698 -0.02400001
v 0.00555168 -0.00402905 -0.02400001
v 0.00572757 -0.00417193 -0.02400001
v 0.00587045 -0.00434782 -0.02400001
v 0.00597252 -0.00454484 -0.02400001
v 0.00603139 -0.00474959 -0.02400001
v 0.00720016 -0.00108163 -0.02400001
v 0.00740491 -0.00102277 -0.02400001
v 0.00604975 -0.00494975 -0.02400001
v 0.00760193 -0.00092069 -0.02400001
v 0.00777782 -0.00077782 -0.02400001
v 0.00792070 -0.00060193 -0.02400001
v 0.00740491 0.00102277 -0.02400001
v 0.00760193 0.00092070 -0.02400001
v 0.00777782 0.00077782 -0.02400001
v 0.00792070 0.00060193 -0.02400001
v 0.00802277 0.00040491 -0.02400001
v 0.00808164 0.00020016 -0.02400001
v 0.00000000 -0.00500000 -0.02400001
v 0.00020016 -0.00591836 -0.02400001
v 0.00040491 -0.00597723 -0.02400001
v 0.00060193 -0.00607930 -0.02400001
v 0.00090982 -0.00491653 -0.02400001
v 0.00184048 -0.00464894 -0.02400001
v 0.00273605 -0.00418498 -0.02400001
v 0.00077782 -0.00622218 -0.02400001
v 0.00092070 -0.00639807 -0.02400001
v 0.00102277 -0.00659510 -0.02400001
v 0.00108164 -0.00679984 -0.02400001
v 0.00110000 -0.00700000 -0.02400001
v 0.00108164 -0.00720016 -0.02400001
v 0.00102277 -0.00740490 -0.02400001
v 0.00092070 -0.00760193 -0.02400001
v 0.00077782 -0.00777782 -0.02400001
v 0.00060193 -0.00792069 -0.02400001
v 0.00040491 -0.00802277 -0.02400001
v 0.00020016 -0.00808164 -0.02400001
v -0.00474959 -0.00603138 -0.02400001
v -0.00454484 -0.00597252 -0.02400001
v -0.00434781 -0.00587044 -0.02400001
v -0.00417193 -0.00572757 -0.02400001
v -0.00402905 -0.00555168 -0.02400001
v -0.00184047 -0.00464894 -0.02400001
v -0.00392698 -0.00535465 -0.02400001
v -0.00273605 -0.00418498 -0.02400001
v -0.00386811 -0.00514991 -0.02400001
v -0.00384974 -0.00494975 -0.02400001
v -0.00386811 -0.00474959 -0.02400001
v -0.00353553 -0.00353553 -0.02400001
v -0.00392698 -0.00454484 -0.02400001
v -0.00402905 -0.00434782 -0.02400001
v -0.00417193 -0.00417193 -0.02400001
v -0.00418498 -0.00273605 -0.02400001
v -0.00434781 -0.00402905 -0.02400001
v -0.00454484 -0.00392698 -0.02400001
v -0.00474959 -0.00386811 -0.02400001
v -0.00464894 -0.00184048 -0.02400001
v -0.00090981 -0.00491653 -0.02400001
v -0.00679984 0.00108164 -0.02400001
v -0.00659509 0.00102277 -0.02400001
v -0.00639807 0.00092070 -0.02400001
v -0.00622218 0.00077782 -0.02400001
v -0.00607930 0.00060193 -0.02400001
v -0.00597723 0.00040491 -0.02400001
v -0.00591836 0.00020016 -0.02400001
v -0.00590000 0.00000000 -0.02400001
v -0.00591836 -0.00020016 -0.02400001
v -0.00491652 -0.00090982 -0.02400001
v -0.00597723 -0.00040490 -0.02400001
v -0.00607930 -0.00060193 -0.02400001
v -0.00622218 -0.00077782 -0.02400001
v -0.00639807 -0.00092069 -0.02400001
v -0.00659509 -0.00102277 -0.02400001
v -0.00679984 -0.00108164 -0.02400001
v 0.00464894 -0.00184047 -0.02400001
v 0.00514991 -0.00386811 -0.02400001
v 0.00603139 -0.00514991 -0.02400001
v 0.00555168 -0.00587044 -0.02400001
v 0.00535465 -0.00597252 -0.02400001
v 0.00514991 -0.00603138 -0.02400001
v 0.00353554 -0.00353553 -0.02400001
v 0.00418498 -0.00273605 -0.02400001
v 0.00514991 0.00603139 -0.02400001
v 0.00535465 0.00597252 -0.02400001
v 0.00555168 0.00587044 -0.02400001
v 0.00572757 0.00572757 -0.02400001
v 0.00587045 0.00555168 -0.02400001
v 0.00514991 0.00386811 -0.02400001
v -0.00474959 0.00603138 -0.02400001
v -0.00454484 0.00597252 -0.02400001
v -0.00434782 0.00587044 -0.02400001
v -0.00386811 0.00514991 -0.02400001
v -0.00384975 0.00494975 -0.02400001
v -0.00386811 0.00474959 -0.02400001
v -0.00392698 0.00454484 -0.02400001
v -0.00402905 0.00434782 -0.02400001
v -0.00417193 0.00417193 -0.02400001
v -0.00434782 0.00402905 -0.02400001
v -0.00454484 0.00392698 -0.02400001
v -0.00474959 0.00386811 -0.02400001
v 0.00775000 -0.00775000 -0.02300001
v -0.00775000 0.00775000 -0.02300001
v -0.01000000 0.00000000 -0.02300001
v -0.00775000 -0.00775000 -0.02300001
v -0.00550000 -0.02150000 -0.02200000
v 0.00550000 -0.02150000 -0.02200000
v -0.01000000 0.02050000 -0.04175000
v -0.01000000 0.01950000 -0.04500001
v -0.01000000 -0.02050000 -0.04175000
v -0.00999999 -0.02150000 -0.04500001
v -0.00353553 0.01950000 -0.04046448
v -0.00418498 0.01950000 -0.04126396
v -0.00464894 0.01950000 -0.04215953
v -0.00491652 0.01950000 -0.04309020
v -0.00500000 0.01950000 -0.04400000
v -0.00601669 0.01950000 -0.04418198
v -0.00607021 0.01950000 -0.04436811
v -0.00616300 0.01950000 -0.04454722
v -0.00500000 0.01950000 -0.04700001
v -0.00629289 0.01950000 -0.04470712
v -0.00645279 0.01950000 -0.04483700
v -0.00663190 0.01950000 -0.04492979
v -0.00681804 0.01950000 -0.04498332
v -0.00800000 0.01950000 -0.04700001
v -0.00700000 0.01950000 -0.04500001
v -0.00718196 0.01950000 -0.04498332
v -0.00736809 0.01950000 -0.04492979
v -0.00754721 0.01950000 -0.04483700
v -0.00770711 0.01950000 -0.04470712
v -0.00783699 0.01950000 -0.04454722
v -0.00792979 0.01950000 -0.04436811
v -0.00798330 0.01950000 -0.04418198
v 0.00000000 0.01950000 -0.03550001
v 0.00273605 0.01950000 -0.03981503
v 0.00098331 0.01950000 -0.03718198
v 0.00184048 0.01950000 -0.03935106
v 0.00092979 0.01950000 -0.03736811
v 0.00083700 0.01950000 -0.03754722
v 0.00090982 0.01950000 -0.03908348
v 0.00070711 0.01950000 -0.03770711
v 0.00054721 0.01950000 -0.03783700
v 0.00036810 0.01950000 -0.03792979
v 0.00000000 0.01950000 -0.03900001
v 0.00018197 0.01950000 -0.03798332
v 0.00000000 0.01950000 -0.03800001
v -0.00018196 0.01950000 -0.03798332
v -0.00036809 0.01950000 -0.03792979
v -0.00090981 0.01950000 -0.03908348
v -0.00054721 0.01950000 -0.03783700
v -0.00070710 0.01950000 -0.03770711
v -0.00083699 0.01950000 -0.03754722
v -0.00184047 0.01950000 -0.03935106
v -0.00092979 0.01950000 -0.03736811
v -0.00098330 0.01950000 -0.03718198
v -0.00273605 0.01950000 -0.03981503
v 0.00353554 0.01950000 -0.04046448
v 0.00418498 0.01950000 -0.04126396
v 0.00783700 0.01950000 -0.04454722
v 0.00800000 0.01950000 -0.04700001
v 0.00792979 0.01950000 -0.04436811
v 0.00798331 0.01950000 -0.04418198
v 0.00681804 0.01950000 -0.04498332
v 0.00500000 0.01950000 -0.04700001
v 0.00700000 0.01950000 -0.04500001
v 0.00718197 0.01950000 -0.04498332
v 0.00616301 0.01950000 -0.04454722
v 0.00500000 0.01950000 -0.04400000
v 0.00629290 0.01950000 -0.04470712
v 0.00645279 0.01950000 -0.04483700
v 0.00491653 0.01950000 -0.04309020
v 0.00464894 0.01950000 -0.04215953
v 0.00601670 0.01950000 -0.04418198
v 0.00607021 0.01950000 -0.04436811
v 0.00663191 0.01950000 -0.04492979
v 0.00736810 0.01950000 -0.04492979
v 0.00754721 0.01950000 -0.04483700
v 0.00770711 0.01950000 -0.04470712
v -0.00900000 0.02050000 -0.04600001
v -0.00650000 0.02050000 -0.04700001
v 0.00900000 0.02050000 -0.04600001
v 0.00650000 0.02050000 -0.04700001
v 0.00900001 -0.02050000 -0.04600001
v 0.00800001 -0.02150000 -0.04700001
v 0.00650001 -0.02050000 -0.04700001
v 0.00500001 -0.02150000 -0.04700001
v -0.00899999 -0.02050000 -0.04600001
v -0.00799999 -0.02150000 -0.04700001
v -0.00649999 -0.02050000 -0.04700001
v -0.00499999 -0.02150000 -0.04700001
v -0.00418497 -0.02150000 -0.04126396
v 0.00000000 -0.02150000 -0.03450001
v 0.00273605 -0.02150000 -0.03981503
v 0.00184048 -0.02150000 -0.03935106
v 0.00418498 -0.02150000 -0.04126396
v 0.00353554 -0.02150000 -0.04046448
v 0.00783700 -0.02150000 -0.04454722
v 0.00792980 -0.02150000 -0.04436811
v 0.00798331 -0.02150000 -0.04418198
v 0.00681804 -0.02150000 -0.04498332
v 0.00700001 -0.02150000 -0.04500001
v 0.00718197 -0.02150000 -0.04498332
v 0.00616301 -0.02150000 -0.04454722
v 0.00500001 -0.02150000 -0.04400000
v 0.00629290 -0.02150000 -0.04470712
v 0.00645280 -0.02150000 -0.04483700
v 0.00491653 -0.02150000 -0.04309020
v 0.00601670 -0.02150000 -0.04418198
v 0.00464895 -0.02150000 -0.04215953
v 0.00083700 -0.02150000 -0.03754722
v 0.00090982 -0.02150000 -0.03908348
v 0.00092979 -0.02150000 -0.03736811
v 0.00098331 -0.02150000 -0.03718198
v 0.00036810 -0.02150000 -0.03792979
v 0.00000001 -0.02150000 -0.03900001
v 0.00054722 -0.02150000 -0.03783700
v 0.00070711 -0.02150000 -0.03770711
v -0.00036809 -0.02150000 -0.03792979
v -0.00090981 -0.02150000 -0.03908348
v -0.00018196 -0.02150000 -0.03798332
v 0.00000001 -0.02150000 -0.03800001
v -0.00083699 -0.02150000 -0.03754722
v -0.00184047 -0.02150000 -0.03935106
v -0.00070710 -0.02150000 -0.03770711
v -0.00054720 -0.02150000 -0.03783700
v -0.00273604 -0.02150000 -0.03981503
v -0.00098330 -0.02150000 -0.03718198
v -0.00092978 -0.02150000 -0.03736811
v -0.00353553 -0.02150000 -0.04046448
v -0.00464894 -0.02150000 -0.04215953
v -0.00491652 -0.02150000 -0.04309020
v -0.00500000 -0.02150000 -0.04400000
v -0.00601669 -0.02150000 -0.04418198
v -0.00607021 -0.02150000 -0.04436811
v -0.00616300 -0.02150000 -0.04454722
v -0.00629289 -0.02150000 -0.04470712
v -0.00645279 -0.02150000 -0.04483700
v -0.00663190 -0.02150000 -0.04492979
v -0.00681803 -0.02150000 -0.04498332
v -0.00700000 -0.02150000 -0.04500001
v -0.00718196 -0.02150000 -0.04498332
v -0.00736809 -0.02150000 -0.04492979
v -0.00754721 -0.02150000 -0.04483700
v -0.00770710 -0.02150000 -0.04470712
v -0.00783699 -0.02150000 -0.04454722
v -0.00792978 -0.02150000 -0.04436811
v -0.00798330 -0.02150000 -0.04418198
v 0.00018197 -0.02150000 -0.03798332
v 0.00607022 -0.02150000 -0.04436811
v 0.00663191 -0.02150000 -0.04492979
v 0.00736810 -0.02150000 -0.04492979
v 0.00754722 -0.02150000 -0.04483700
v 0.00770711 -0.02150000 -0.04470712
v -0.00098784 0.02050000 -0.03715548
v -0.00094906 0.02050000 -0.03731510
v -0.00088155 0.02050000 -0.03747210
v -0.00078556 0.02050000 -0.03761879
v -0.00066406 0.02050000 -0.03774768
v -0.00052252 0.02050000 -0.03785263
v -0.00036809 0.02050000 -0.03792979
v -0.00020853 0.02050000 -0.03797803
v 0.00000000 0.02050000 -0.03800001
v 0.00020854 0.02050000 -0.03797803
v 0.00042052 0.02050000 -0.03790729
v 0.00061878 0.02050000 -0.03778558
v 0.00078557 0.02050000 -0.03761879
v 0.00090728 0.02050000 -0.03742053
v 0.00097802 0.02050000 -0.03720855
v -0.00798784 0.02050000 -0.04415548
v -0.00794906 0.02050000 -0.04431512
v -0.00788155 0.02050000 -0.04447210
v -0.00778556 0.02050000 -0.04461879
v -0.00766406 0.02050000 -0.04474768
v -0.00752252 0.02050000 -0.04485263
v -0.00736809 0.02050000 -0.04492979
v -0.00720853 0.02050000 -0.04497803
v -0.00700000 0.02050000 -0.04500001
v -0.00679146 0.02050000 -0.04497803
v -0.00657948 0.02050000 -0.04490729
v -0.00638122 0.02050000 -0.04478558
v -0.00621443 0.02050000 -0.04461879
v -0.00609272 0.02050000 -0.04442053
v -0.00602198 0.02050000 -0.04420855
v 0.00601216 0.02050000 -0.04415548
v 0.00605094 0.02050000 -0.04431512
v 0.00611845 0.02050000 -0.04447210
v 0.00621444 0.02050000 -0.04461879
v 0.00633594 0.02050000 -0.04474768
v 0.00647749 0.02050000 -0.04485263
v 0.00663191 0.02050000 -0.04492979
v 0.00679147 0.02050000 -0.04497803
v 0.00700000 0.02050000 -0.04500001
v 0.00720854 0.02050000 -0.04497803
v 0.00742052 0.02050000 -0.04490729
v 0.00761878 0.02050000 -0.04478558
v 0.00778557 0.02050000 -0.04461879
v 0.00790729 0.02050000 -0.04442053
v 0.00797802 0.02050000 -0.04420855
v 0.00798785 -0.02050000 -0.04415548
v 0.00794906 -0.02050000 -0.04431512
v 0.00788156 -0.02050000 -0.04447210
v 0.00778557 -0.02050000 -0.04461879
v 0.00766407 -0.02050000 -0.04474768
v 0.00752252 -0.02050000 -0.04485263
v 0.00736810 -0.02050000 -0.04492979
v 0.00720854 -0.02050000 -0.04497803
v 0.00700001 -0.02050000 -0.04500001
v 0.00679147 -0.02050000 -0.04497803
v 0.00657949 -0.02050000 -0.04490729
v 0.00638123 -0.02050000 -0.04478558
v 0.00621444 -0.02050000 -0.04461879
v 0.00609272 -0.02050000 -0.04442053
v 0.00602199 -0.02050000 -0.04420855
v -0.00601216 -0.02050000 -0.04415548
v -0.00605094 -0.02050000 -0.04431512
v -0.00611845 -0.02050000 -0.04447210
v -0.00621443 -0.02050000 -0.04461879
v -0.00633593 -0.02050000 -0.04474768
v -0.00647748 -0.02050000 -0.04485263
v -0.00663190 -0.02050000 -0.04492979
v -0.00679146 -0.02050000 -0.04497803
v -0.00700000 -0.02050000 -0.04500001
v -0.00720853 -0.02050000 -0.04497803
v -0.00742052 -0.02050000 -0.04490729
v -0.00761878 -0.02050000 -0.04478558
v -0.00778556 -0.02050000 -0.04461879
v -0.00790728 -0.02050000 -0.04442053
v -0.00797801 -0.02050000 -0.04420855
v 0.00098784 -0.02050000 -0.03715548
v 0.00094906 -0.02050000 -0.03731510
v 0.00088155 -0.02050000 -0.03747210
v 0.00078557 -0.02050000 -0.03761879
v 0.00066407 -0.02050000 -0.03774768
v 0.00052252 -0.02050000 -0.03785263
v 0.00036810 -0.02050000 -0.03792979
v 0.00020854 -0.02050000 -0.03797803
v 0.00000001 -0.02050000 -0.03800001
v -0.00020853 -0.02050000 -0.03797803
v -0.00042052 -0.02050000 -0.03790729
v -0.00061878 -0.02050000 -0.03778558
v -0.00078556 -0.02050000 -0.03761879
v -0.00090728 -0.02050000 -0.03742053
v -0.00097801 -0.02050000 -0.03720855
v -0.00493919 0.02050000 -0.04322261
v -0.00474528 0.02050000 -0.04242449
v -0.00440775 0.02050000 -0.04163956
v -0.00392782 0.02050000 -0.04090611
v -0.00332032 0.02050000 -0.04026163
v -0.00261258 0.02050000 -0.03973687
v -0.00184047 0.02050000 -0.03935106
v -0.00104267 0.02050000 -0.03910993
v 0.00000000 0.02050000 -0.03900001
v 0.00104268 0.02050000 -0.03910993
v 0.00210260 0.02050000 -0.03946360
v 0.00309390 0.02050000 -0.04007219
v 0.00392782 0.02050000 -0.04090611
v 0.00453642 0.02050000 -0.04189740
v 0.00489008 0.02050000 -0.04295734
v 0.00489008 -0.02050000 -0.04295734
v 0.00453642 -0.02050000 -0.04189740
v 0.00392783 -0.02050000 -0.04090611
v 0.00309391 -0.02050000 -0.04007219
v 0.00210261 -0.02050000 -0.03946360
v 0.00104268 -0.02050000 -0.03910993
v 0.00000001 -0.02050000 -0.03900001
v -0.00104267 -0.02050000 -0.03910993
v -0.00184047 -0.02050000 -0.03935106
v -0.00261258 -0.02050000 -0.03973687
v -0.00332032 -0.02050000 -0.04026163
v -0.00392782 -0.02050000 -0.04090611
v -0.00440774 -0.02050000 -0.04163956
v -0.00474528 -0.02050000 -0.04242449
v -0.00493919 -0.02050000 -0.04322261
v -0.00500000 0.02050000 -0.04550001
v 0.00500000 0.02050000 -0.04550001
v 0.00500001 -0.02050000 -0.04550001
v -0.00500000 -0.02050000 -0.04550001
v 0.00015548 -0.01301216 -0.02300001
v 0.00018197 -0.01301670 -0.02200000
v 0.00031511 -0.01305094 -0.02300001
v 0.00036810 -0.01307021 -0.02200000
v 0.00047210 -0.01311845 -0.02300001
v 0.00054721 -0.01316300 -0.02200000
v 0.00061878 -0.01321444 -0.02300001
v 0.00070711 -0.01329289 -0.02200000
v 0.00074768 -0.01333594 -0.02300001
v 0.00083700 -0.01345279 -0.02200000
v 0.00085263 -0.01347749 -0.02300001
v 0.00092979 -0.01363191 -0.02200000
v 0.00092979 -0.01363191 -0.02300001
v 0.00097802 -0.01379146 -0.02300001
v 0.00100000 -0.01400000 -0.02300001
v 0.00097802 -0.01420854 -0.02300001
v 0.00090729 -0.01442052 -0.02300001
v 0.00078557 -0.01461878 -0.02300001
v 0.00061878 -0.01478557 -0.02300001
v 0.00042052 -0.01490729 -0.02300001
v 0.00020854 -0.01497802 -0.02300001
v 0.00018197 -0.01498331 -0.02200000
v 0.00098331 -0.01381804 -0.02200000
v 0.00100000 -0.01400000 -0.02200000
v 0.00098331 -0.01418196 -0.02200000
v 0.00092979 -0.01436809 -0.02200000
v 0.00083700 -0.01454721 -0.02200000
v 0.00070711 -0.01470711 -0.02200000
v 0.00054721 -0.01483700 -0.02200000
v 0.00036810 -0.01492979 -0.02200000
v 0.00015548 0.01498784 -0.02300001
v 0.00018196 0.01498331 -0.02200000
v 0.00031510 0.01494906 -0.02300001
v 0.00036810 0.01492979 -0.02200000
v 0.00047209 0.01488155 -0.02300001
v 0.00054721 0.01483700 -0.02200000
v 0.00061878 0.01478556 -0.02300001
v 0.00070711 0.01470711 -0.02200000
v 0.00074768 0.01466406 -0.02300001
v 0.00083700 0.01454721 -0.02200000
v 0.00085263 0.01452252 -0.02300001
v 0.00092979 0.01436809 -0.02200000
v 0.00092979 0.01436809 -0.02300001
v 0.00097802 0.01420854 -0.02300001
v 0.00100000 0.01400000 -0.02300001
v 0.00097802 0.01379146 -0.02300001
v 0.00090728 0.01357948 -0.02300001
v 0.00078557 0.01338122 -0.02300001
v 0.00061878 0.01321443 -0.02300001
v 0.00042052 0.01309272 -0.02300001
v 0.00020854 0.01302199 -0.02300001
v 0.00018196 0.01301670 -0.02200000
v 0.00098331 0.01418196 -0.02200000
v 0.00100000 0.01400000 -0.02200000
v 0.00098331 0.01381804 -0.02200000
v 0.00092979 0.01363191 -0.02200000
v 0.00083700 0.01345279 -0.02200000
v 0.00070711 0.01329289 -0.02200000
v 0.00054721 0.01316300 -0.02200000
v 0.00036810 0.01307021 -0.02200000
v 0.00017103 0.00808662 -0.02300001
v 0.00034662 0.00804396 -0.02300001
v 0.00051930 0.00796971 -0.02300001
v 0.00068066 0.00786412 -0.02300001
v 0.00082244 0.00773047 -0.02300001
v 0.00093789 0.00757477 -0.02300001
v 0.00102277 0.00740491 -0.02300001
v 0.00107582 0.00722939 -0.02300001
v 0.00110000 0.00700000 -0.02300001
v 0.00107582 0.00677061 -0.02300001
v 0.00099801 0.00653743 -0.02300001
v 0.00086412 0.00631934 -0.02300001
v 0.00068066 0.00613588 -0.02300001
v 0.00046257 0.00600199 -0.02300001
v 0.00022939 0.00592418 -0.02300001
v 0.00717103 0.00108662 -0.02300001
v 0.00734662 0.00104396 -0.02300001
v 0.00751930 0.00096970 -0.02300001
v 0.00768066 0.00086412 -0.02300001
v 0.00782245 0.00073047 -0.02300001
v 0.00793790 0.00057477 -0.02300001
v 0.00802277 0.00040491 -0.02300001
v 0.00807582 0.00022939 -0.02300001
v 0.00810000 0.00000000 -0.02300001
v 0.00807582 -0.00022939 -0.02300001
v 0.00799801 -0.00046257 -0.02300001
v 0.00786412 -0.00068066 -0.02300001
v 0.00768066 -0.00086412 -0.02300001
v 0.00746257 -0.00099801 -0.02300001
v 0.00722939 -0.00107581 -0.02300001
v 0.00017103 -0.00591338 -0.02300001
v 0.00034662 -0.00595604 -0.02300001
v 0.00051930 -0.00603030 -0.02300001
v 0.00068066 -0.00613588 -0.02300001
v 0.00082245 -0.00626953 -0.02300001
v 0.00093789 -0.00642523 -0.02300001
v 0.00102277 -0.00659510 -0.02300001
v 0.00107582 -0.00677061 -0.02300001
v 0.00110000 -0.00700000 -0.02300001
v 0.00107582 -0.00722939 -0.02300001
v 0.00099801 -0.00746257 -0.02300001
v 0.00086412 -0.00768066 -0.02300001
v 0.00068066 -0.00786412 -0.02300001
v 0.00046258 -0.00799801 -0.02300001
v 0.00022939 -0.00807582 -0.02300001
v -0.00682897 0.00108662 -0.02300001
v -0.00665338 0.00104396 -0.02300001
v -0.00648070 0.00096970 -0.02300001
v -0.00631934 0.00086412 -0.02300001
v -0.00617756 0.00073047 -0.02300001
v -0.00606211 0.00057477 -0.02300001
v -0.00597723 0.00040491 -0.02300001
v -0.00592418 0.00022939 -0.02300001
v -0.00590000 0.00000000 -0.02300001
v -0.00592418 -0.00022939 -0.02300001
v -0.00600199 -0.00046257 -0.02300001
v -0.00613588 -0.00068066 -0.02300001
v -0.00631934 -0.00086412 -0.02300001
v -0.00653743 -0.00099801 -0.02300001
v -0.00677061 -0.00107581 -0.02300001
v -0.00477872 -0.00386313 -0.02300001
v -0.00460313 -0.00390578 -0.02300001
v -0.00443044 -0.00398004 -0.02300001
v -0.00426909 -0.00408563 -0.02300001
v -0.00412730 -0.00421928 -0.02300001
v -0.00401185 -0.00437498 -0.02300001
v -0.00392698 -0.00454484 -0.02300001
v -0.00387393 -0.00472036 -0.02300001
v -0.00384974 -0.00494975 -0.02300001
v -0.00387393 -0.00517914 -0.02300001
v -0.00395173 -0.00541232 -0.02300001
v -0.00408562 -0.00563041 -0.02300001
v -0.00426909 -0.00581387 -0.02300001
v -0.00448717 -0.00594776 -0.02300001
v -0.00472036 -0.00602556 -0.02300001
v 0.00512078 -0.00386313 -0.02300001
v 0.00529636 -0.00390578 -0.02300001
v 0.00546905 -0.00398004 -0.02300001
v 0.00563041 -0.00408563 -0.02300001
v 0.00577219 -0.00421927 -0.02300001
v 0.00588764 -0.00437498 -0.02300001
v 0.00597252 -0.00454484 -0.02300001
v 0.00602557 -0.00472036 -0.02300001
v 0.00604975 -0.00494975 -0.02300001
v 0.00602557 -0.00517914 -0.02300001
v 0.00594776 -0.00541232 -0.02300001
v 0.00581387 -0.00563041 -0.02300001
v 0.00563041 -0.00581387 -0.02300001
v 0.00541232 -0.00594776 -0.02300001
v 0.00517914 -0.00602556 -0.02300001
v 0.00512078 0.00603637 -0.02300001
v 0.00529636 0.00599371 -0.02300001
v 0.00546905 0.00591945 -0.02300001
v 0.00563041 0.00581387 -0.02300001
v 0.00577219 0.00568022 -0.02300001
v 0.00588764 0.00552452 -0.02300001
v 0.00597252 0.00535465 -0.02300001
v 0.00602557 0.00517914 -0.02300001
v 0.00604975 0.00494975 -0.02300001
v 0.00602557 0.00472036 -0.02300001
v 0.00594776 0.00448718 -0.02300001
v 0.00581387 0.00426909 -0.02300001
v 0.00563041 0.00408563 -0.02300001
v 0.00541232 0.00395174 -0.02300001
v 0.00517914 0.00387393 -0.02300001
v -0.00477872 0.00603637 -0.02300001
v -0.00460313 0.00599371 -0.02300001
v -0.00443045 0.00591945 -0.02300001
v -0.00426909 0.00581387 -0.02300001
v -0.00412730 0.00568022 -0.02300001
v -0.00401185 0.00552452 -0.02300001
v -0.00392698 0.00535465 -0.02300001
v -0.00387393 0.00517914 -0.02300001
v -0.00384975 0.00494975 -0.02300001
v -0.00387393 0.00472036 -0.02300001
v -0.00395173 0.00448718 -0.02300001
v -0.00408563 0.00426909 -0.02300001
v -0.00426909 0.00408563 -0.02300001
v -0.00448717 0.00395174 -0.02300001
v -0.00472036 0.00387393 -0.02300001
v -0.00489007 -0.00104267 -0.02300001
v -0.00453641 -0.00210260 -0.02300001
v -0.00392782 -0.00309390 -0.02300001
v -0.00309390 -0.00392782 -0.02300001
v -0.00210260 -0.00453642 -0.02300001
v -0.00104267 -0.00489007 -0.02300001
v 0.00000000 -0.00500000 -0.02300001
v 0.00104268 -0.00489007 -0.02300001
v 0.00184048 -0.00464894 -0.02300001
v 0.00261259 -0.00426314 -0.02300001
v 0.00332033 -0.00373838 -0.02300001
v 0.00392782 -0.00309390 -0.02300001
v 0.00440775 -0.00236045 -0.02300001
v 0.00474529 -0.00157552 -0.02300001
v 0.00493920 -0.00077740 -0.02300001
f 1 2 3
f 4 2 1
f 1 4 5
f 5 4 6
f 5 6 7
f 7 6 8
f 7 8 9
f 9 8 10
f 9 10 11
f 11 10 12
f 12 10 13
f 12 13 14
f 14 13 15
f 14 15 16
f 16 15 17
f 17 15 18
f 17 18 19
f 19 18 20
f 19 20 21
f 21 20 22
f 21 22 23
f 23 22 24
f 23 24 25
f 25 24 26
f 26 24 27
f 26 27 28
f 29 27 28
f 30 29 28
f 31 29 30
f 32 31 30
f 33 31 32
f 34 33 32
f 35 33 34
f 36 35 34
f 37 35 36
f 38 35 37
f 39 35 38
f 33 35 39
f 40 33 39
f 31 33 40
f 41 31 40
f 29 31 41
f 41 29 42
f 42 29 27
f 42 27 43
f 43 27 24
f 43 24 44
f 44 24 22
f 44 22 20
f 4 45 2
f 46 45 4
f 4 46 6
f 6 46 47
f 6 47 8
f 8 47 48
f 8 48 10
f 10 48 49
f 10 49 13
f 13 49 50
f 13 50 15
f 15 50 51
f 15 51 18
f 18 51 52
f 18 52 53
f 18 53 20
f 20 53 44
f 54 55 56
f 57 55 54
f 58 57 54
f 59 57 58
f 60 59 58
f 61 59 60
f 60 61 62
f 62 61 63
f 62 63 64
f 64 63 65
f 64 65 66
f 66 65 67
f 68 67 66
f 69 67 68
f 70 69 68
f 71 69 70
f 72 69 71
f 73 72 71
f 74 72 73
f 75 74 73
f 76 74 75
f 77 76 75
f 57 78 55
f 79 78 57
f 59 79 57
f 80 79 59
f 61 80 59
f 81 80 61
f 63 81 61
f 82 81 63
f 65 82 63
f 83 82 65
f 65 83 67
f 84 83 67
f 69 84 67
f 85 84 69
f 86 85 69
f 72 86 69
f 76 86 72
f 74 76 72
f 75 77 87
f 87 77 88
f 87 88 89
f 89 88 90
f 89 90 91
f 91 90 92
f 91 92 93
f 93 92 94
f 93 94 95
f 95 94 96
f 95 96 97
f 97 98 95
f 95 98 93
f 98 99 93
f 93 99 91
f 99 100 91
f 91 100 89
f 100 101 89
f 89 101 87
f 101 102 87
f 87 102 75
f 75 73 102
f 103 104 105
f 105 104 106
f 105 106 107
f 107 106 108
f 107 108 109
f 109 108 110
f 109 110 111
f 111 110 112
f 111 112 113
f 113 112 114
f 113 114 115
f 115 114 116
f 115 116 117
f 117 116 118
f 117 118 119
f 119 118 120
f 120 118 121
f 120 121 122
f 122 121 123
f 122 123 124
f 124 123 125
f 124 125 126
f 106 127 104
f 128 127 106
f 108 128 106
f 129 128 108
f 130 129 108
f 108 130 110
f 131 130 110
f 112 131 110
f 132 131 112
f 112 132 133
f 112 133 114
f 114 133 134
f 114 134 116
f 116 134 135
f 116 135 136
f 116 136 118
f 118 136 137
f 118 137 121
f 121 137 138
f 121 138 139
f 121 139 123
f 123 139 125
f 124 126 140
f 140 126 141
f 140 141 142
f 143 141 142
f 144 143 142
f 145 143 144
f 146 145 144
f 147 145 146
f 148 147 146
f 149 147 148
f 150 149 148
f 148 151 150
f 146 151 148
f 146 152 151
f 144 152 146
f 144 153 152
f 142 153 144
f 153 154 142
f 142 154 140
f 154 155 140
f 140 155 124
f 155 122 124
f 156 157 158
f 159 157 156
f 160 159 156
f 161 159 160
f 162 161 160
f 163 161 162
f 164 163 162
f 165 163 164
f 166 165 164
f 167 165 166
f 168 167 166
f 169 167 168
f 170 169 168
f 171 169 170
f 172 171 170
f 173 171 172
f 174 171 173
f 175 174 173
f 176 174 175
f 177 176 175
f 178 176 177
f 179 178 177
f 159 180 157
f 181 180 159
f 161 181 159
f 182 181 161
f 163 182 161
f 183 182 163
f 165 183 163
f 184 183 165
f 185 184 165
f 167 185 165
f 186 185 167
f 169 186 167
f 187 186 169
f 188 187 169
f 171 188 169
f 189 188 171
f 174 189 171
f 190 189 174
f 176 190 174
f 178 190 176
f 177 191 179
f 192 191 177
f 193 192 177
f 194 192 193
f 195 192 194
f 196 195 194
f 197 195 196
f 198 197 196
f 199 197 198
f 200 199 198
f 201 199 200
f 202 201 200
f 203 201 202
f 204 203 202
f 192 205 191
f 195 205 192
f 195 206 205
f 197 206 195
f 197 207 206
f 199 207 197
f 199 208 207
f 201 208 199
f 201 203 208
f 177 175 193
f 209 210 211
f 211 210 212
f 211 212 213
f 213 212 214
f 213 214 215
f 215 214 216
f 215 216 217
f 217 216 218
f 217 218 219
f 219 218 220
f 219 220 221
f 221 220 222
f 221 222 223
f 223 222 224
f 223 224 225
f 225 224 226
f 226 224 227
f 226 227 228
f 228 227 229
f 228 229 230
f 230 229 231
f 230 231 232
f 210 233 212
f 212 233 234
f 212 234 214
f 214 234 235
f 214 235 216
f 236 235 216
f 216 236 218
f 237 236 218
f 220 237 218
f 238 237 220
f 220 238 222
f 222 238 239
f 222 239 224
f 240 239 224
f 224 240 241
f 224 241 227
f 227 241 231
f 227 231 229
f 230 232 242
f 242 232 243
f 242 243 244
f 244 243 245
f 244 245 246
f 246 245 247
f 246 247 248
f 248 247 249
f 248 249 250
f 250 249 251
f 250 251 252
f 252 253 250
f 250 253 248
f 253 254 248
f 248 254 246
f 254 255 246
f 246 255 244
f 255 256 244
f 244 256 242
f 256 257 242
f 242 257 230
f 257 228 230
f 258 259 260
f 261 259 258
f 262 261 258
f 263 261 262
f 264 263 262
f 265 263 264
f 266 265 264
f 267 265 266
f 268 267 266
f 269 267 268
f 270 269 268
f 271 269 270
f 272 271 270
f 273 271 272
f 274 273 272
f 275 273 274
f 276 273 275
f 277 276 275
f 278 276 277
f 279 278 277
f 280 278 279
f 281 280 279
f 261 282 259
f 283 282 261
f 263 283 261
f 284 283 263
f 265 284 263
f 285 284 265
f 267 285 265
f 286 285 267
f 269 286 267
f 287 286 269
f 271 287 269
f 288 287 271
f 273 288 271
f 289 288 273
f 290 289 273
f 276 290 273
f 280 290 276
f 278 280 276
f 291 281 279
f 292 281 291
f 293 292 291
f 294 292 293
f 295 294 293
f 296 294 295
f 297 296 295
f 298 296 297
f 299 298 297
f 300 298 299
f 301 300 299
f 299 302 301
f 297 302 299
f 297 303 302
f 295 303 297
f 295 304 303
f 293 304 295
f 293 305 304
f 291 305 293
f 291 306 305
f 279 306 291
f 279 277 306
f 307 308 309
f 309 308 310
f 309 310 311
f 311 310 312
f 311 312 313
f 313 312 314
f 314 312 315
f 314 315 316
f 316 315 317
f 316 317 318
f 318 317 319
f 319 317 320
f 319 320 321
f 321 320 322
f 321 322 323
f 323 322 324
f 324 322 325
f 324 325 326
f 326 325 327
f 326 327 328
f 328 327 329
f 329 327 330
f 329 330 331
f 331 330 332
f 331 332 333
f 333 332 334
f 333 334 335
f 335 334 336
f 335 336 337
f 337 336 338
f 337 338 339
f 339 338 340
f 339 340 341
f 341 340 342
f 341 342 343
f 343 342 344
f 344 342 345
f 345 342 340
f 345 340 346
f 346 340 338
f 346 338 347
f 347 338 336
f 347 336 348
f 348 336 334
f 348 334 349
f 349 334 332
f 349 332 350
f 350 332 330
f 350 330 327
f 308 351 310
f 310 351 352
f 310 352 312
f 312 352 353
f 312 353 315
f 315 353 354
f 315 354 317
f 317 354 355
f 317 355 320
f 320 355 356
f 320 356 322
f 322 356 357
f 322 357 325
f 325 357 358
f 325 358 359
f 325 359 327
f 327 359 350
f 360 361 362
f 363 361 360
f 364 363 360
f 365 363 364
f 366 365 364
f 367 365 366
f 368 367 366
f 369 367 368
f 370 369 368
f 371 369 370
f 372 371 370
f 373 371 372
f 374 373 372
f 375 373 374
f 376 375 374
f 377 375 376
f 378 375 377
f 379 378 377
f 380 378 379
f 381 380 379
f 382 380 381
f 383 382 381
f 363 384 361
f 385 384 363
f 365 385 363
f 386 385 365
f 367 386 365
f 387 386 367
f 369 387 367
f 388 387 369
f 371 388 369
f 389 388 371
f 373 389 371
f 390 389 373
f 375 390 373
f 391 390 375
f 392 391 375
f 378 392 375
f 382 392 378
f 380 382 378
f 393 383 381
f 394 383 393
f 395 394 393
f 396 394 395
f 397 396 395
f 398 396 397
f 399 398 397
f 400 398 399
f 401 400 399
f 402 400 401
f 403 402 401
f 401 404 403
f 399 404 401
f 399 405 404
f 397 405 399
f 397 406 405
f 395 406 397
f 395 407 406
f 393 407 395
f 393 408 407
f 381 408 393
f 381 379 408
f 409 410 411
f 411 410 412
f 411 412 413
f 413 412 414
f 413 414 415
f 415 414 416
f 415 416 417
f 417 416 418
f 417 418 419
f 419 418 420
f 419 420 421
f 421 420 422
f 423 422 421
f 424 422 423
f 425 424 423
f 426 424 425
f 427 424 426
f 428 427 426
f 429 427 428
f 430 429 428
f 431 429 430
f 432 431 430
f 410 433 412
f 412 433 434
f 412 434 414
f 414 434 435
f 414 435 416
f 416 435 436
f 416 436 418
f 418 436 437
f 418 437 420
f 420 437 438
f 420 438 422
f 422 438 439
f 424 439 422
f 440 439 424
f 441 440 424
f 427 441 424
f 431 441 427
f 429 431 427
f 442 432 430
f 443 432 442
f 444 443 442
f 445 443 444
f 446 445 444
f 447 445 446
f 448 447 446
f 449 447 448
f 450 449 448
f 451 449 450
f 452 451 450
f 450 453 452
f 448 453 450
f 448 454 453
f 446 454 448
f 446 455 454
f 444 455 446
f 444 456 455
f 442 456 444
f 442 457 456
f 430 457 442
f 430 428 457
f 458 459 460
f 460 459 461
f 460 461 462
f 462 461 463
f 462 463 464
f 464 463 465
f 464 465 466
f 466 465 467
f 466 467 468
f 468 467 469
f 468 469 470
f 470 469 471
f 470 471 472
f 472 471 473
f 472 473 474
f 474 473 475
f 475 473 476
f 475 476 477
f 477 476 478
f 477 478 479
f 479 478 480
f 479 480 481
f 459 482 461
f 483 482 461
f 461 483 463
f 484 483 463
f 463 484 465
f 485 484 465
f 465 485 467
f 486 485 467
f 467 486 469
f 487 486 469
f 469 487 471
f 471 487 488
f 471 488 473
f 473 488 489
f 473 489 490
f 473 490 476
f 476 490 480
f 476 480 478
f 479 481 491
f 492 481 491
f 491 492 493
f 494 492 493
f 493 494 495
f 496 494 495
f 495 496 497
f 498 496 497
f 497 498 499
f 499 498 500
f 499 500 501
f 501 502 499
f 499 502 497
f 502 503 497
f 497 503 495
f 503 504 495
f 495 504 493
f 504 505 493
f 493 505 491
f 505 506 491
f 491 506 479
f 506 477 479
f 507 508 509
f 509 508 510
f 509 510 511
f 511 510 512
f 511 512 513
f 513 512 514
f 513 514 515
f 515 514 516
f 515 516 517
f 517 516 518
f 517 518 519
f 519 518 520
f 519 520 521
f 521 520 522
f 521 522 523
f 523 522 524
f 524 522 525
f 524 525 526
f 526 525 527
f 526 527 528
f 528 527 529
f 528 529 530
f 508 531 510
f 510 531 532
f 510 532 512
f 512 532 533
f 512 533 514
f 514 533 534
f 514 534 516
f 516 534 535
f 516 535 518
f 518 535 536
f 518 536 520
f 520 536 537
f 520 537 522
f 522 537 538
f 522 538 539
f 522 539 525
f 525 539 529
f 525 529 527
f 528 530 540
f 540 530 541
f 540 541 542
f 542 541 543
f 542 543 544
f 544 543 545
f 544 545 546
f 546 545 547
f 546 547 548
f 548 547 549
f 548 549 550
f 550 551 548
f 548 551 546
f 551 552 546
f 546 552 544
f 552 553 544
f 544 553 542
f 553 554 542
f 542 554 540
f 554 555 540
f 540 555 528
f 555 526 528
f 556 557 558
f 558 557 559
f 558 559 560
f 560 559 561
f 562 561 560
f 563 561 562
f 564 563 562
f 565 563 564
f 566 565 564
f 567 565 566
f 568 567 566
f 569 567 568
f 570 569 568
f 571 569 570
f 572 571 570
f 573 571 572
f 573 571 574
f 573 574 575
f 575 574 576
f 575 576 577
f 578 576 577
f 579 578 577
f 580 578 579
f 581 580 579
f 582 580 581
f 583 582 581
f 584 582 583
f 585 584 583
f 586 584 585
f 587 586 585
f 588 586 587
f 589 586 588
f 590 589 588
f 590 589 591
f 590 591 592
f 592 591 593
f 592 593 594
f 594 593 595
f 594 595 596
f 596 595 597
f 596 597 598
f 557 599 559
f 559 599 600
f 559 600 561
f 561 600 601
f 561 601 563
f 563 601 602
f 563 602 565
f 565 602 603
f 565 603 567
f 567 603 604
f 567 604 569
f 569 604 605
f 569 605 571
f 571 605 606
f 571 606 607
f 571 607 574
f 574 607 608
f 574 608 576
f 609 608 576
f 578 609 576
f 610 609 578
f 580 610 578
f 611 610 580
f 582 611 580
f 612 611 582
f 584 612 582
f 613 612 584
f 586 613 584
f 614 613 586
f 615 614 586
f 589 615 586
f 589 615 616
f 589 616 591
f 591 616 617
f 591 617 593
f 593 617 597
f 593 597 595
f 596 598 618
f 618 598 619
f 618 619 620
f 620 619 621
f 620 621 622
f 622 621 623
f 622 623 624
f 625 623 624
f 626 625 624
f 627 625 626
f 628 627 626
f 629 627 628
f 630 629 628
f 631 629 630
f 632 629 631
f 633 632 631
f 634 632 633
f 635 634 633
f 636 634 635
f 637 636 635
f 638 636 637
f 639 638 637
f 640 638 639
f 641 640 639
f 642 640 641
f 643 640 642
f 638 640 643
f 644 638 643
f 636 638 644
f 645 636 644
f 634 636 645
f 646 634 645
f 632 634 646
f 647 632 646
f 629 632 647
f 627 629 647
f 626 630 628
f 648 630 626
f 624 648 626
f 649 648 624
f 624 649 622
f 622 649 650
f 622 650 620
f 620 650 651
f 620 651 618
f 618 651 652
f 618 652 596
f 596 652 594
f 653 654 655
f 656 654 653
f 657 656 653
f 658 659 657
f 657 659 660
f 657 660 653
f 653 660 655
f 659 658 661
f 661 658 662
f 661 662 663
f 663 662 664
f 663 664 665
f 665 664 666
f 666 664 667
f 666 667 668
f 668 667 669
f 668 669 670
f 662 669 664
f 664 669 667
f 671 672 670
f 670 672 673
f 670 673 668
f 668 673 674
f 668 674 666
f 672 671 675
f 675 671 676
f 675 676 677
f 677 676 678
f 677 678 679
f 679 678 680
f 680 678 681
f 680 681 682
f 682 681 683
f 682 683 684
f 676 683 678
f 678 683 681
f 685 684 682
f 685 684 686
f 685 686 687
f 687 686 688
f 687 688 689
f 689 688 690
f 690 688 691
f 690 691 692
f 692 691 693
f 692 693 694
f 694 693 695
f 694 695 696
f 696 695 697
f 696 697 698
f 698 697 699
f 698 699 700
f 700 699 701
f 701 699 702
f 702 699 697
f 702 697 703
f 703 697 695
f 703 695 704
f 704 695 693
f 704 693 705
f 705 693 691
f 705 691 706
f 706 691 688
f 706 688 686
f 687 689 685
f 685 689 707
f 682 707 685
f 680 707 682
f 677 679 675
f 675 679 708
f 675 708 672
f 672 708 674
f 672 674 673
f 663 665 661
f 661 665 709
f 661 709 659
f 659 709 655
f 659 655 660
f 710 711 712
f 713 711 710
f 714 713 710
f 714 715 716
f 717 715 714
f 710 717 714
f 712 717 710
f 718 716 715
f 719 716 718
f 720 719 718
f 721 719 720
f 722 721 720
f 723 721 722
f 724 721 723
f 725 724 723
f 726 724 725
f 727 726 725
f 721 726 719
f 724 726 721
f 727 728 729
f 730 728 727
f 725 730 727
f 731 730 725
f 723 731 725
f 732 729 728
f 733 729 732
f 734 733 732
f 735 733 734
f 736 735 734
f 737 735 736
f 738 735 737
f 739 738 737
f 740 738 739
f 741 740 739
f 735 740 733
f 738 740 735
f 742 741 739
f 743 741 742
f 744 743 742
f 745 743 744
f 746 745 744
f 747 745 746
f 748 745 747
f 749 748 747
f 750 748 749
f 751 750 749
f 752 750 751
f 753 752 751
f 754 752 753
f 755 754 753
f 756 754 755
f 757 756 755
f 758 756 757
f 759 756 758
f 754 756 759
f 760 754 759
f 752 754 760
f 761 752 760
f 750 752 761
f 762 750 761
f 748 750 762
f 763 748 762
f 745 748 763
f 743 745 763
f 742 746 744
f 764 746 742
f 739 764 742
f 737 764 739
f 732 736 734
f 765 736 732
f 728 765 732
f 731 765 728
f 730 731 728
f 718 722 720
f 766 722 718
f 715 766 718
f 712 766 715
f 717 712 715
f 767 713 768
f 711 713 767
f 767 711 769
f 767 769 770
f 770 769 771
f 770 771 772
f 772 771 773
f 772 773 774
f 774 773 775
f 774 775 776
f 776 775 777
f 776 777 778
f 778 777 779
f 778 779 780
f 780 779 781
f 780 781 782
f 782 781 783
f 783 781 784
f 783 784 785
f 785 784 786
f 785 786 787
f 787 786 788
f 789 788 787
f 781 790 779
f 784 790 781
f 784 788 790
f 786 788 784
f 791 792 789
f 789 792 793
f 789 793 787
f 787 793 794
f 787 794 785
f 792 791 795
f 795 791 796
f 795 796 797
f 797 796 798
f 797 798 799
f 799 798 800
f 800 798 801
f 800 801 802
f 802 801 803
f 802 803 804
f 796 803 798
f 798 803 801
f 805 806 804
f 804 806 807
f 804 807 802
f 802 807 808
f 802 808 800
f 806 805 809
f 810 805 809
f 811 810 809
f 812 810 811
f 813 812 811
f 758 812 813
f 757 812 758
f 810 812 757
f 811 813 809
f 809 813 814
f 809 814 806
f 806 814 808
f 806 808 807
f 797 799 795
f 795 799 815
f 795 815 792
f 792 815 794
f 792 794 793
f 780 782 778
f 778 782 816
f 778 816 776
f 776 816 817
f 776 817 774
f 774 817 818
f 774 818 772
f 772 818 819
f 772 819 770
f 770 819 768
f 767 768 770
f 813 758 459
f 759 758 459
f 482 759 459
f 760 759 482
f 483 760 482
f 761 760 483
f 484 761 483
f 762 761 484
f 485 762 484
f 763 762 485
f 486 763 485
f 743 763 486
f 487 743 486
f 741 743 487
f 488 741 487
f 740 741 488
f 488 740 489
f 489 740 490
f 490 740 733
f 490 733 480
f 729 733 480
f 481 729 480
f 727 729 481
f 492 727 481
f 726 727 492
f 494 726 492
f 719 726 494
f 496 719 494
f 716 719 496
f 498 716 496
f 714 716 498
f 500 714 498
f 713 714 500
f 768 713 500
f 500 768 820
f 820 768 819
f 820 819 821
f 821 819 818
f 821 818 822
f 822 818 817
f 822 817 823
f 823 817 816
f 823 816 824
f 824 816 782
f 824 782 825
f 825 782 783
f 825 783 826
f 826 783 785
f 826 785 827
f 827 785 828
f 828 785 794
f 828 794 829
f 829 794 815
f 829 815 830
f 830 815 799
f 830 799 831
f 831 799 800
f 831 800 832
f 832 800 808
f 832 808 833
f 833 808 814
f 833 814 834
f 834 814 813
f 834 813 459
f 835 656 836
f 654 656 835
f 837 654 835
f 838 837 835
f 839 837 838
f 840 839 838
f 841 839 840
f 842 841 840
f 843 841 842
f 844 843 842
f 845 843 844
f 846 845 844
f 847 845 846
f 848 847 846
f 849 847 848
f 850 849 848
f 851 849 850
f 852 849 851
f 853 852 851
f 854 852 853
f 855 854 853
f 856 854 855
f 857 856 855
f 849 858 847
f 852 858 849
f 852 856 858
f 854 856 852
f 859 860 857
f 857 860 861
f 855 861 857
f 855 861 862
f 853 862 855
f 860 859 863
f 863 859 864
f 863 864 865
f 865 864 866
f 865 866 867
f 867 866 868
f 868 866 869
f 868 869 870
f 870 869 871
f 870 871 872
f 864 871 866
f 866 871 869
f 873 874 872
f 872 874 875
f 872 875 870
f 870 875 876
f 870 876 868
f 874 873 877
f 877 873 878
f 877 878 879
f 879 878 880
f 879 880 881
f 881 880 701
f 701 880 700
f 700 880 878
f 879 881 877
f 877 881 882
f 877 882 874
f 874 882 876
f 874 876 875
f 865 867 863
f 863 867 883
f 863 883 860
f 860 883 862
f 860 862 861
f 846 850 848
f 884 850 846
f 844 884 846
f 885 884 844
f 842 885 844
f 886 885 842
f 840 886 842
f 887 886 840
f 838 887 840
f 836 887 838
f 835 836 838
f 657 656 507
f 507 656 836
f 507 836 888
f 888 836 887
f 888 887 889
f 889 887 886
f 889 886 890
f 890 886 885
f 890 885 891
f 891 885 884
f 891 884 892
f 892 884 850
f 892 850 893
f 893 850 851
f 893 851 894
f 894 851 853
f 894 853 895
f 895 853 896
f 896 853 862
f 896 862 897
f 897 862 883
f 897 883 898
f 898 883 867
f 898 867 899
f 899 867 868
f 899 868 900
f 900 868 876
f 900 876 901
f 901 876 882
f 901 882 902
f 902 882 881
f 902 881 550
f 550 881 701
f 550 701 702
f 550 702 551
f 551 702 703
f 551 703 552
f 552 703 704
f 552 704 553
f 553 704 705
f 553 705 554
f 554 705 706
f 554 706 555
f 555 706 686
f 555 686 526
f 526 686 684
f 526 684 524
f 524 684 683
f 524 683 523
f 523 683 521
f 521 683 676
f 521 676 519
f 519 676 671
f 519 671 670
f 670 669 519
f 519 669 662
f 519 662 517
f 517 662 515
f 515 662 513
f 513 662 511
f 511 662 658
f 511 658 509
f 509 658 657
f 509 657 507
f 903 557 904
f 904 557 556
f 904 556 905
f 904 905 906
f 906 905 907
f 906 907 908
f 908 907 909
f 908 909 910
f 910 909 911
f 912 911 910
f 913 911 912
f 914 913 912
f 915 913 914
f 916 915 914
f 917 915 916
f 918 917 916
f 919 917 918
f 920 917 919
f 921 920 919
f 922 920 921
f 923 922 921
f 924 922 923
f 925 924 923
f 926 924 925
f 927 926 925
f 928 926 927
f 929 928 927
f 930 928 929
f 931 930 929
f 932 930 931
f 933 932 931
f 917 934 915
f 920 934 917
f 920 935 934
f 922 935 920
f 922 936 935
f 924 936 922
f 924 937 936
f 926 937 924
f 926 938 937
f 928 938 926
f 928 932 938
f 930 932 928
f 939 933 931
f 940 933 939
f 941 940 939
f 942 940 941
f 943 942 941
f 944 942 943
f 945 944 943
f 946 945 943
f 947 945 946
f 948 947 946
f 949 947 948
f 950 949 948
f 951 949 950
f 952 951 950
f 953 951 952
f 954 953 952
f 954 953 955
f 954 955 956
f 956 955 957
f 956 957 958
f 958 957 959
f 958 959 960
f 958 960 961
f 961 960 962
f 961 962 963
f 963 962 964
f 963 964 965
f 965 964 966
f 965 966 967
f 968 966 967
f 969 968 967
f 970 968 969
f 971 970 969
f 972 970 971
f 642 972 971
f 641 972 642
f 971 973 642
f 974 973 971
f 969 974 971
f 975 974 969
f 969 975 967
f 967 975 976
f 967 976 965
f 965 976 977
f 965 977 963
f 963 977 978
f 963 978 961
f 961 978 979
f 961 979 958
f 958 979 980
f 958 980 981
f 958 981 956
f 956 981 982
f 956 982 954
f 983 982 954
f 952 983 954
f 984 983 952
f 950 984 952
f 985 984 950
f 948 985 950
f 986 985 948
f 946 986 948
f 987 986 946
f 943 987 946
f 988 987 943
f 989 988 943
f 941 989 943
f 990 989 941
f 939 990 941
f 991 990 939
f 931 991 939
f 929 991 931
f 914 918 916
f 992 918 914
f 912 992 914
f 993 992 912
f 910 993 912
f 994 993 910
f 908 994 910
f 908 994 995
f 908 995 906
f 906 995 903
f 906 903 904
f 641 996 972
f 451 996 641
f 449 451 641
f 972 997 970
f 998 997 972
f 999 998 972
f 997 968 970
f 966 968 997
f 997 966 348
f 348 966 347
f 347 966 964
f 347 964 346
f 346 964 962
f 346 962 345
f 345 962 344
f 344 962 1000
f 1000 962 960
f 1000 960 1001
f 1001 960 1002
f 1002 960 1003
f 1003 960 959
f 1003 959 1004
f 1004 959 1005
f 1005 959 1006
f 1006 959 957
f 1006 957 1007
f 1007 957 1008
f 1009 957 1008
f 955 957 1009
f 1010 955 1009
f 1011 955 1010
f 300 1011 1010
f 953 1012 955
f 955 1012 1013
f 955 1013 1014
f 1012 951 953
f 949 951 1012
f 396 949 1012
f 398 949 396
f 947 949 398
f 400 947 398
f 402 947 400
f 1015 947 402
f 945 947 1015
f 1016 945 1015
f 1017 945 1016
f 1018 945 1017
f 1019 945 1018
f 1020 945 1019
f 944 945 1020
f 1021 944 1020
f 1022 944 1021
f 942 944 1022
f 940 942 1022
f 1022 933 940
f 1023 933 1022
f 1024 933 1023
f 1025 933 1024
f 1026 933 1025
f 1027 933 1026
f 1028 933 1027
f 1029 933 1028
f 361 933 1029
f 384 933 361
f 385 933 384
f 1030 933 385
f 1031 1030 385
f 933 1032 932
f 1033 1032 933
f 1030 1033 933
f 932 1034 938
f 259 1034 932
f 1032 259 932
f 1034 937 938
f 1035 937 1034
f 936 937 1035
f 1036 936 1035
f 1037 936 1036
f 935 936 1037
f 1038 935 1037
f 1039 935 1038
f 934 935 1039
f 1040 934 1039
f 1041 934 1040
f 915 934 1041
f 157 915 1041
f 180 915 157
f 913 915 180
f 181 913 180
f 182 913 181
f 911 913 182
f 183 911 182
f 1042 911 183
f 184 1042 183
f 1043 1042 184
f 185 1043 184
f 805 1043 185
f 186 805 185
f 186 805 804
f 186 804 187
f 188 804 187
f 189 804 188
f 190 804 189
f 178 804 190
f 803 804 178
f 179 803 178
f 191 803 179
f 205 803 191
f 206 803 205
f 207 803 206
f 207 803 796
f 208 796 207
f 203 796 208
f 204 796 203
f 1044 796 204
f 791 796 1044
f 789 791 1044
f 911 909 1042
f 1042 909 907
f 1042 907 905
f 556 1045 905
f 905 1045 1046
f 905 1046 1047
f 558 233 556
f 556 233 210
f 556 210 1045
f 560 235 558
f 558 235 234
f 558 234 233
f 560 237 562
f 236 237 560
f 235 236 560
f 562 239 564
f 238 239 562
f 237 238 562
f 564 1048 566
f 1049 1048 564
f 1050 1049 564
f 1051 566 1048
f 568 566 1051
f 1052 568 1051
f 104 568 1052
f 127 568 104
f 570 568 127
f 128 570 127
f 129 570 128
f 130 570 129
f 572 570 130
f 131 572 130
f 132 572 131
f 133 572 132
f 573 572 133
f 133 573 134
f 134 573 135
f 135 573 136
f 136 573 575
f 136 575 137
f 137 575 138
f 138 575 139
f 139 575 577
f 139 577 125
f 125 577 126
f 579 577 126
f 55 579 126
f 78 579 55
f 581 579 78
f 79 581 78
f 80 581 79
f 583 581 80
f 81 583 80
f 82 583 81
f 585 583 82
f 83 585 82
f 84 585 83
f 587 585 84
f 85 587 84
f 86 587 85
f 588 587 86
f 76 588 86
f 77 588 76
f 590 588 77
f 77 590 88
f 88 590 90
f 90 590 592
f 90 592 92
f 92 592 94
f 94 592 594
f 94 594 96
f 96 594 50
f 96 50 1053
f 1053 50 1054
f 1054 50 1055
f 1055 50 1056
f 1056 50 1057
f 1057 50 1058
f 1058 50 1059
f 1059 50 49
f 1059 49 48
f 594 652 50
f 50 652 651
f 50 651 51
f 51 651 52
f 52 651 53
f 53 651 650
f 53 650 44
f 44 650 43
f 43 650 649
f 43 649 42
f 42 649 41
f 648 649 41
f 40 648 41
f 39 648 40
f 630 648 39
f 38 630 39
f 1060 630 38
f 631 630 1060
f 1061 631 1060
f 1062 631 1061
f 633 631 1062
f 1063 633 1062
f 1064 633 1063
f 1065 633 1064
f 1066 633 1065
f 1067 633 1066
f 1068 633 1067
f 440 633 1068
f 439 440 1068
f 441 633 440
f 635 633 441
f 431 635 441
f 432 635 431
f 637 635 432
f 443 637 432
f 445 637 443
f 639 637 445
f 447 639 445
f 449 639 447
f 641 639 449
f 712 434 711
f 711 434 433
f 711 433 410
f 712 437 766
f 712 437 436
f 712 436 435
f 766 1068 722
f 439 1068 766
f 438 439 766
f 722 1069 723
f 1070 1069 722
f 1071 1070 722
f 723 1072 731
f 1073 1072 723
f 1074 1073 723
f 731 45 765
f 2 45 731
f 1075 2 731
f 736 1059 765
f 765 1059 48
f 765 48 47
f 736 737 1059
f 1059 737 1076
f 1077 737 1076
f 1078 737 1077
f 764 737 1078
f 1079 764 1078
f 1080 764 1079
f 1081 764 1080
f 746 764 1081
f 1082 746 1081
f 1083 746 1082
f 143 746 1083
f 141 143 1083
f 746 147 747
f 145 147 746
f 143 145 746
f 747 1084 749
f 1085 1084 747
f 149 1085 747
f 749 1086 751
f 1087 1086 749
f 1088 1087 749
f 751 1089 753
f 1090 1089 751
f 1086 1090 751
f 753 232 755
f 231 232 753
f 241 231 753
f 757 247 755
f 755 247 245
f 755 245 243
f 810 1091 757
f 757 1091 1092
f 757 1092 251
f 810 1093 805
f 1094 1093 810
f 1095 1094 810
f 1044 788 789
f 1096 788 1044
f 1097 1096 1044
f 1098 1096 1097
f 1099 1096 1098
f 1100 1096 1099
f 1101 1096 1100
f 1102 1096 1101
f 1034 1096 1102
f 289 1096 1034
f 288 289 1034
f 1096 790 788
f 779 790 1096
f 1103 779 1096
f 1104 779 1103
f 1104 779 1105
f 1105 779 1106
f 1106 779 777
f 1106 777 308
f 308 777 351
f 351 777 352
f 352 777 775
f 352 775 353
f 353 775 354
f 354 775 355
f 355 775 356
f 356 775 773
f 356 773 357
f 357 773 358
f 358 773 359
f 359 773 771
f 359 771 350
f 350 771 349
f 349 771 1107
f 349 1107 348
f 348 1107 997
f 769 1108 771
f 771 1108 1109
f 771 1109 1107
f 711 1110 769
f 769 1110 1111
f 769 1111 1112
f 972 1113 999
f 1114 1113 972
f 1115 1114 972
f 972 1116 1115
f 996 1116 972
f 766 437 438
f 435 434 712
f 410 1117 711
f 711 1117 1110
f 1112 1108 769
f 1012 394 396
f 383 394 1012
f 382 383 1012
f 1012 392 382
f 391 392 1012
f 390 391 1012
f 1118 390 1012
f 389 390 1118
f 1119 389 1118
f 388 389 1119
f 1120 388 1119
f 387 388 1120
f 1031 387 1120
f 386 387 1031
f 385 386 1031
f 1096 1121 1103
f 1122 1121 1096
f 1123 1122 1096
f 1096 1124 1123
f 1010 1124 1096
f 292 1010 1096
f 294 1010 292
f 296 1010 294
f 298 1010 296
f 300 1010 298
f 955 1125 1014
f 1126 1125 955
f 1127 1126 955
f 955 1128 1127
f 1011 1128 955
f 1096 281 292
f 280 281 1096
f 290 280 1096
f 1096 289 290
f 1034 287 288
f 286 287 1034
f 285 286 1034
f 1034 284 285
f 283 284 1034
f 282 283 1034
f 1034 259 282
f 240 564 239
f 1089 564 240
f 241 1089 240
f 753 1089 241
f 1047 1129 905
f 905 1129 1130
f 1131 1130 905
f 905 1132 1131
f 1042 1132 905
f 805 1133 1043
f 1093 1133 805
f 1095 1091 810
f 251 249 757
f 757 249 247
f 243 232 755
f 55 141 1083
f 126 141 55
f 564 1134 1050
f 1135 1134 564
f 1089 1135 564
f 749 1136 1088
f 1084 1136 749
f 747 147 149
f 47 46 765
f 45 46 765
f 731 1137 1075
f 1072 1137 731
f 723 1138 1074
f 1139 1138 723
f 1069 1139 723
f 722 1068 1071
f 903 1140 557
f 557 1140 209
f 557 209 211
f 995 1141 903
f 903 1141 1142
f 903 1142 1140
f 994 1143 995
f 995 1143 1144
f 995 1144 1141
f 994 1145 993
f 1146 1145 994
f 1143 1146 994
f 993 162 992
f 164 162 993
f 166 164 993
f 160 992 162
f 918 992 160
f 156 918 160
f 158 918 156
f 1147 918 158
f 919 918 1147
f 1148 919 1147
f 1149 919 1148
f 1150 919 1149
f 921 919 1150
f 1151 921 1150
f 1152 921 1151
f 1153 921 1152
f 923 921 1153
f 1154 923 1153
f 1155 923 1154
f 1156 923 1155
f 925 923 1156
f 1157 925 1156
f 1158 925 1157
f 1159 925 1158
f 1160 925 1159
f 1161 925 1160
f 1162 925 1161
f 260 1162 1161
f 1162 927 925
f 1163 927 1162
f 1164 927 1163
f 929 927 1164
f 991 929 1164
f 1164 990 991
f 364 990 1164
f 366 364 1164
f 990 1165 989
f 362 1165 990
f 360 362 990
f 989 1166 988
f 1167 1166 989
f 1168 1167 989
f 988 1169 987
f 1170 1169 988
f 1171 1170 988
f 987 1172 986
f 1173 1172 987
f 1174 1173 987
f 986 1175 985
f 405 1175 986
f 404 405 986
f 985 1176 984
f 1177 1176 985
f 1175 1177 985
f 984 1178 983
f 301 1178 984
f 1176 301 984
f 1178 982 983
f 1179 982 1178
f 981 982 1179
f 1180 981 1179
f 1180 981 1181
f 1181 981 980
f 1181 980 1182
f 1182 980 1183
f 1183 980 979
f 1183 979 1184
f 1184 979 1185
f 1185 979 978
f 1185 978 343
f 343 978 341
f 341 978 977
f 341 977 339
f 339 977 337
f 337 977 976
f 337 976 335
f 335 976 333
f 333 976 331
f 331 976 329
f 329 976 328
f 328 976 326
f 326 976 1186
f 326 1186 1187
f 1186 976 1188
f 1188 976 975
f 1188 975 1189
f 1189 975 1190
f 974 975 1190
f 1191 974 1190
f 1192 974 1191
f 973 974 1192
f 1193 973 1192
f 1194 973 1193
f 642 973 1194
f 452 642 1194
f 453 642 452
f 643 642 453
f 454 643 453
f 455 643 454
f 456 643 455
f 457 643 456
f 428 643 457
f 426 643 428
f 425 643 426
f 644 643 425
f 645 644 425
f 425 646 645
f 1195 646 425
f 423 1195 425
f 1196 1195 423
f 696 1196 423
f 1197 1196 696
f 1198 1197 696
f 1199 646 1195
f 647 646 1199
f 1200 647 1199
f 627 647 1200
f 1201 627 1200
f 37 627 1201
f 36 627 37
f 625 627 36
f 34 625 36
f 32 625 34
f 30 625 32
f 623 625 30
f 28 623 30
f 28 623 26
f 26 623 25
f 25 623 621
f 25 621 23
f 23 621 21
f 21 621 19
f 19 621 619
f 19 619 17
f 17 619 598
f 17 598 597
f 617 98 597
f 597 98 97
f 597 97 17
f 17 97 1202
f 17 1202 1203
f 616 100 617
f 617 100 99
f 617 99 98
f 615 102 616
f 616 102 101
f 616 101 100
f 615 71 614
f 73 71 615
f 102 73 615
f 70 614 71
f 613 614 70
f 612 613 70
f 70 611 612
f 610 611 70
f 609 610 70
f 70 608 609
f 68 608 70
f 66 608 68
f 66 608 64
f 64 608 62
f 62 608 60
f 60 608 58
f 58 608 54
f 54 608 119
f 56 119 54
f 1204 119 56
f 1205 119 1204
f 1206 119 1205
f 1207 119 1206
f 1207 119 1208
f 1208 119 1209
f 1209 119 1210
f 1210 119 1211
f 1211 119 1212
f 1211 1212 1213
f 1213 1212 1214
f 1214 1212 1215
f 1215 1212 1216
f 1216 1212 17
f 1216 17 1217
f 1217 17 1203
f 119 608 117
f 117 608 607
f 117 607 115
f 115 607 113
f 113 607 606
f 113 606 111
f 111 606 109
f 109 606 605
f 109 605 107
f 107 605 105
f 105 605 604
f 105 604 103
f 103 604 1218
f 1218 604 603
f 1218 603 1219
f 1219 603 1220
f 1220 603 602
f 1220 602 1221
f 1221 602 225
f 1221 225 1222
f 1222 225 226
f 1222 226 1223
f 1223 226 709
f 1223 709 1224
f 1224 709 665
f 1224 665 1225
f 1226 665 1225
f 1227 665 1226
f 1228 665 1227
f 1229 665 1228
f 666 665 1229
f 1230 666 1229
f 1231 666 1230
f 1232 666 1231
f 1233 666 1232
f 1234 666 1233
f 674 666 1234
f 1235 674 1234
f 1236 674 1235
f 150 674 1236
f 151 674 150
f 151 674 708
f 151 708 679
f 602 601 225
f 225 601 600
f 225 600 599
f 557 211 599
f 599 211 213
f 599 213 215
f 878 1237 700
f 700 1237 1238
f 700 1238 409
f 873 1239 878
f 878 1239 1240
f 878 1240 1241
f 872 326 873
f 873 326 1187
f 873 1187 1242
f 871 321 872
f 872 321 323
f 872 323 324
f 864 313 871
f 871 313 314
f 871 314 316
f 859 1243 864
f 864 1243 307
f 864 307 309
f 857 274 859
f 859 274 1244
f 859 1244 1245
f 274 856 857
f 272 856 274
f 270 856 272
f 858 856 270
f 268 858 270
f 266 858 268
f 264 858 266
f 847 858 264
f 262 847 264
f 258 847 262
f 1246 847 258
f 1247 1246 258
f 847 1248 845
f 1249 1248 847
f 1246 1249 847
f 845 198 843
f 200 198 845
f 202 200 845
f 843 175 841
f 193 175 843
f 194 193 843
f 841 172 839
f 173 172 841
f 175 173 841
f 839 1250 837
f 1251 1250 839
f 1252 1251 839
f 837 1253 654
f 1254 1253 837
f 1255 1254 837
f 655 254 654
f 654 254 253
f 654 253 252
f 709 257 655
f 655 257 256
f 655 256 255
f 679 680 151
f 151 680 1212
f 151 1212 152
f 152 1212 153
f 153 1212 154
f 154 1212 155
f 155 1212 122
f 122 1212 120
f 120 1212 119
f 680 707 1212
f 1212 707 689
f 1212 689 9
f 9 689 7
f 7 689 5
f 5 689 1
f 1 689 690
f 3 690 1
f 1256 690 3
f 1257 690 1256
f 692 690 1257
f 1258 692 1257
f 1259 692 1258
f 1260 692 1259
f 1261 692 1260
f 694 692 1261
f 1262 694 1261
f 1263 694 1262
f 1198 694 1263
f 696 694 1198
f 698 419 696
f 696 419 421
f 423 421 696
f 700 413 698
f 698 413 415
f 698 415 417
f 409 411 700
f 700 411 413
f 417 419 698
f 1242 1239 873
f 1241 1237 878
f 990 364 360
f 1164 368 366
f 370 368 1164
f 372 370 1164
f 1264 372 1164
f 374 372 1264
f 1265 374 1264
f 1266 374 1265
f 1267 374 1266
f 1268 374 1267
f 376 374 1268
f 377 376 1268
f 1269 377 1268
f 379 377 1269
f 1270 379 1269
f 408 379 1270
f 1271 408 1270
f 407 408 1271
f 1272 407 1271
f 406 407 1272
f 405 406 1272
f 986 403 404
f 1172 403 986
f 987 1273 1174
f 1274 1273 987
f 1169 1274 987
f 988 1275 1171
f 1166 1275 988
f 989 1276 1168
f 1277 1276 989
f 1165 1277 989
f 309 311 864
f 864 311 313
f 316 318 871
f 871 318 319
f 871 319 321
f 324 326 872
f 1178 274 1278
f 275 274 1178
f 277 275 1178
f 1278 1279 274
f 274 1279 1280
f 274 1280 1244
f 1245 1281 859
f 859 1281 1243
f 1247 260 1161
f 258 260 1247
f 1178 306 277
f 305 306 1178
f 304 305 1178
f 1178 303 304
f 302 303 1178
f 301 302 1178
f 405 1272 1175
f 252 1282 654
f 654 1282 1253
f 837 1250 1255
f 172 1252 839
f 1283 1252 172
f 993 1283 172
f 1145 1283 993
f 215 217 599
f 599 217 219
f 599 219 221
f 221 223 599
f 599 223 225
f 226 228 709
f 709 228 257
f 255 254 655
f 845 1248 202
f 993 168 166
f 170 168 993
f 172 170 993
f 843 196 194
f 198 196 843
f 9 11 1212
f 1212 11 12
f 1212 12 14
f 14 16 1212
f 1212 16 17
f 1284 508 1285
f 1285 508 507
f 1285 507 888
f 1285 888 1286
f 1286 888 889
f 1286 889 1287
f 1287 889 890
f 1287 890 1288
f 1288 890 891
f 1288 891 1289
f 1289 891 892
f 1289 892 1290
f 1290 892 893
f 1290 893 1291
f 1291 893 1292
f 1291 1292 1293
f 1293 1292 1294
f 1294 1292 1295
f 1294 1295 1296
f 1296 1295 1297
f 1297 1295 1298
f 1297 1298 1299
f 1299 1298 1300
f 1299 1300 1301
f 1301 1300 1302
f 1301 1302 1303
f 1303 1302 1304
f 1303 1304 1305
f 1305 1304 1306
f 1305 1306 1307
f 1307 1306 1308
f 1307 1308 1309
f 1309 1308 549
f 549 1308 902
f 549 902 550
f 893 894 1292
f 1292 894 1295
f 894 895 1295
f 1295 895 896
f 1295 896 1298
f 1298 896 897
f 1298 897 1300
f 1300 897 898
f 1300 898 1302
f 1302 898 899
f 1302 899 1304
f 1304 899 900
f 1304 900 1306
f 1306 900 901
f 1306 901 1308
f 1308 901 902
f 1291 1293 1290
f 1290 1293 1310
f 1290 1310 1289
f 1289 1310 1311
f 1289 1311 1288
f 1288 1311 1312
f 1288 1312 1287
f 1287 1312 1313
f 1287 1313 1286
f 1286 1313 1284
f 1286 1284 1285
f 834 459 1314
f 1314 459 458
f 1314 458 1315
f 1314 1315 1316
f 1316 1315 1317
f 1316 1317 1318
f 1318 1317 1319
f 1318 1319 1320
f 1320 1319 1321
f 1320 1321 1322
f 1322 1321 1323
f 1322 1323 1324
f 1324 1323 1325
f 1324 1325 1326
f 1326 1325 1327
f 1326 1327 829
f 829 1327 828
f 828 1327 1328
f 828 1328 827
f 827 1328 826
f 826 1328 1329
f 826 1329 825
f 825 1329 1330
f 825 1330 824
f 824 1330 1331
f 824 1331 823
f 823 1331 1332
f 823 1332 822
f 822 1332 1333
f 822 1333 821
f 821 1333 1334
f 821 1334 820
f 820 1334 500
f 500 1334 1335
f 500 1335 501
f 1325 1336 1327
f 1327 1336 1328
f 1336 1337 1328
f 1328 1337 1338
f 1328 1338 1329
f 1329 1338 1339
f 1329 1339 1330
f 1330 1339 1340
f 1330 1340 1331
f 1331 1340 1341
f 1331 1341 1332
f 1332 1341 1342
f 1332 1342 1333
f 1333 1342 1343
f 1333 1343 1334
f 1334 1343 1335
f 1326 829 1324
f 1324 829 830
f 1324 830 1322
f 1322 830 831
f 1322 831 1320
f 1320 831 832
f 1320 832 1318
f 1318 832 833
f 1318 833 1316
f 1316 833 834
f 1316 834 1314
f 502 501 549
f 549 501 1335
f 549 1335 1309
f 1309 1335 1343
f 1309 1343 1307
f 1307 1343 1342
f 1307 1342 1305
f 1305 1342 1341
f 1305 1341 1303
f 1303 1341 1340
f 1303 1340 1301
f 1301 1340 1339
f 1301 1339 1299
f 1299 1339 1338
f 1299 1338 1297
f 1297 1338 1337
f 1297 1337 1296
f 1296 1337 1294
f 1294 1337 1336
f 1294 1336 1293
f 1293 1336 1325
f 1293 1325 1310
f 1310 1325 1323
f 1310 1323 1311
f 1311 1323 1321
f 1311 1321 1312
f 1312 1321 1319
f 1312 1319 1313
f 1313 1319 1317
f 1313 1317 1284
f 1284 1317 1315
f 1284 1315 508
f 508 1315 458
f 508 458 460
f 508 460 531
f 531 460 462
f 531 462 532
f 532 462 464
f 532 464 533
f 533 464 466
f 533 466 534
f 534 466 468
f 534 468 535
f 535 468 470
f 535 470 536
f 536 470 472
f 536 472 537
f 537 472 474
f 537 474 538
f 538 474 539
f 539 474 475
f 539 475 529
f 529 475 477
f 529 477 530
f 530 477 506
f 530 506 541
f 541 506 505
f 541 505 543
f 543 505 504
f 543 504 545
f 545 504 503
f 545 503 547
f 547 503 502
f 547 502 549
f 1117 410 1344
f 1344 410 409
f 1344 409 1238
f 1344 1238 1345
f 1345 1238 1237
f 1345 1237 1346
f 1346 1237 1241
f 1346 1241 1347
f 1347 1241 1240
f 1347 1240 1348
f 1348 1240 1239
f 1348 1239 1349
f 1349 1239 1242
f 1349 1242 1350
f 1350 1242 1351
f 1350 1351 1109
f 1109 1351 1107
f 1107 1351 1352
f 1107 1352 997
f 997 1352 998
f 998 1352 1353
f 998 1353 999
f 999 1353 1354
f 1113 1354 999
f 1355 1354 1113
f 1114 1355 1113
f 1356 1355 1114
f 1115 1356 1114
f 1357 1356 1115
f 1116 1357 1115
f 1358 1357 1116
f 996 1358 1116
f 451 1358 996
f 1194 1358 451
f 452 1194 451
f 1242 1187 1351
f 1351 1187 1352
f 1187 1186 1352
f 1352 1186 1188
f 1352 1188 1353
f 1353 1188 1189
f 1353 1189 1354
f 1354 1189 1190
f 1354 1190 1355
f 1191 1190 1355
f 1356 1191 1355
f 1192 1191 1356
f 1357 1192 1356
f 1193 1192 1357
f 1358 1193 1357
f 1194 1193 1358
f 1350 1109 1349
f 1349 1109 1108
f 1349 1108 1348
f 1348 1108 1112
f 1348 1112 1347
f 1347 1112 1111
f 1347 1111 1346
f 1346 1111 1110
f 1346 1110 1345
f 1345 1110 1117
f 1345 1117 1344
f 1359 361 1029
f 362 361 1359
f 1165 362 1359
f 1360 1165 1359
f 1277 1165 1360
f 1361 1277 1360
f 1276 1277 1361
f 1362 1276 1361
f 1168 1276 1362
f 1363 1168 1362
f 1167 1168 1363
f 1364 1167 1363
f 1166 1167 1364
f 1365 1166 1364
f 1366 1166 1365
f 1024 1366 1365
f 1023 1366 1024
f 1367 1366 1023
f 1022 1367 1023
f 1021 1367 1022
f 1368 1367 1021
f 1020 1368 1021
f 1369 1368 1020
f 1019 1369 1020
f 1370 1369 1019
f 1018 1370 1019
f 1371 1370 1018
f 1017 1371 1018
f 1372 1371 1017
f 1016 1372 1017
f 1373 1372 1016
f 1015 1373 1016
f 402 1373 1015
f 1172 1373 402
f 403 1172 402
f 1366 1275 1166
f 1367 1275 1366
f 1367 1171 1275
f 1170 1171 1367
f 1368 1170 1367
f 1169 1170 1368
f 1369 1169 1368
f 1274 1169 1369
f 1370 1274 1369
f 1273 1274 1370
f 1371 1273 1370
f 1174 1273 1371
f 1372 1174 1371
f 1173 1174 1372
f 1373 1173 1372
f 1172 1173 1373
f 1364 1024 1365
f 1025 1024 1364
f 1363 1025 1364
f 1026 1025 1363
f 1362 1026 1363
f 1027 1026 1362
f 1361 1027 1362
f 1028 1027 1361
f 1360 1028 1361
f 1029 1028 1360
f 1359 1029 1360
f 1106 308 1374
f 1374 308 307
f 1374 307 1243
f 1374 1243 1375
f 1375 1243 1281
f 1375 1281 1376
f 1376 1281 1245
f 1376 1245 1377
f 1377 1245 1244
f 1377 1244 1378
f 1378 1244 1280
f 1378 1280 1379
f 1379 1280 1279
f 1379 1279 1380
f 1380 1279 1381
f 1380 1381 1123
f 1124 1381 1123
f 1010 1381 1124
f 1382 1381 1010
f 1009 1382 1010
f 1383 1382 1009
f 1008 1383 1009
f 1007 1383 1008
f 1384 1383 1007
f 1007 1384 1006
f 1006 1384 1385
f 1006 1385 1005
f 1005 1385 1004
f 1004 1385 1386
f 1004 1386 1003
f 1003 1386 1387
f 1003 1387 1002
f 1002 1387 1001
f 1001 1387 1388
f 1001 1388 1000
f 1000 1388 344
f 344 1388 1185
f 344 1185 343
f 1279 1278 1381
f 1382 1278 1381
f 1382 1178 1278
f 1179 1178 1382
f 1383 1179 1382
f 1180 1179 1383
f 1384 1180 1383
f 1384 1180 1181
f 1384 1181 1385
f 1385 1181 1182
f 1385 1182 1386
f 1386 1182 1183
f 1386 1183 1387
f 1387 1183 1184
f 1387 1184 1388
f 1388 1184 1185
f 1380 1122 1123
f 1380 1122 1379
f 1379 1121 1122
f 1379 1121 1378
f 1378 1103 1121
f 1378 1103 1377
f 1377 1104 1103
f 1377 1104 1376
f 1104 1105 1376
f 1376 1105 1375
f 1105 1106 1375
f 1375 1106 1374
f 1389 259 1032
f 260 259 1389
f 1162 260 1389
f 1390 1162 1389
f 1163 1162 1390
f 1391 1163 1390
f 1164 1163 1391
f 1392 1164 1391
f 1264 1164 1392
f 1393 1264 1392
f 1265 1264 1393
f 1394 1265 1393
f 1266 1265 1394
f 1395 1266 1394
f 1396 1266 1395
f 1119 1396 1395
f 1118 1396 1119
f 1397 1396 1118
f 1118 1397 1012
f 1012 1397 1013
f 1013 1397 1398
f 1013 1398 1014
f 1014 1398 1399
f 1125 1399 1014
f 1400 1399 1125
f 1126 1400 1125
f 1401 1400 1126
f 1127 1401 1126
f 1402 1401 1127
f 1128 1402 1127
f 1403 1402 1128
f 1011 1403 1128
f 300 1403 1011
f 1176 1403 300
f 301 1176 300
f 1396 1267 1266
f 1397 1267 1396
f 1397 1268 1267
f 1269 1268 1397
f 1398 1269 1397
f 1270 1269 1398
f 1398 1270 1399
f 1271 1270 1399
f 1400 1271 1399
f 1272 1271 1400
f 1401 1272 1400
f 1175 1272 1401
f 1402 1175 1401
f 1177 1175 1402
f 1403 1177 1402
f 1176 1177 1403
f 1394 1119 1395
f 1120 1119 1394
f 1393 1120 1394
f 1031 1120 1393
f 1392 1031 1393
f 1030 1031 1392
f 1391 1030 1392
f 1033 1030 1391
f 1390 1033 1391
f 1032 1033 1390
f 1389 1032 1390
f 1045 210 1404
f 1404 210 209
f 1404 209 1140
f 1404 1140 1405
f 1405 1140 1142
f 1405 1142 1406
f 1406 1142 1141
f 1406 1141 1407
f 1407 1141 1144
f 1407 1144 1408
f 1408 1144 1143
f 1409 1143 1408
f 1146 1143 1409
f 1410 1146 1409
f 1411 1146 1410
f 1131 1411 1410
f 1132 1411 1131
f 1412 1411 1132
f 1042 1412 1132
f 1043 1412 1042
f 1413 1412 1043
f 1133 1413 1043
f 1414 1413 1133
f 1093 1414 1133
f 1415 1414 1093
f 1094 1415 1093
f 1416 1415 1094
f 1095 1416 1094
f 1417 1416 1095
f 1095 1417 1091
f 1091 1417 1418
f 1091 1418 1092
f 1092 1418 251
f 251 1418 1282
f 251 1282 252
f 1411 1145 1146
f 1412 1145 1411
f 1412 1283 1145
f 1252 1283 1412
f 1413 1252 1412
f 1251 1252 1413
f 1414 1251 1413
f 1250 1251 1414
f 1415 1250 1414
f 1255 1250 1415
f 1416 1255 1415
f 1254 1255 1416
f 1417 1254 1416
f 1253 1254 1417
f 1417 1253 1418
f 1418 1253 1282
f 1409 1131 1410
f 1130 1131 1409
f 1409 1130 1408
f 1408 1130 1129
f 1408 1129 1407
f 1407 1129 1047
f 1407 1047 1406
f 1406 1047 1046
f 1406 1046 1405
f 1405 1046 1045
f 1405 1045 1404
f 1419 157 1041
f 158 157 1419
f 1147 158 1419
f 1419 1148 1147
f 1420 1148 1419
f 1041 1420 1419
f 1040 1420 1041
f 1421 1420 1040
f 1039 1421 1040
f 1422 1421 1039
f 1038 1422 1039
f 1423 1422 1038
f 1037 1423 1038
f 1424 1423 1037
f 1036 1424 1037
f 1425 1424 1036
f 1426 1425 1036
f 1155 1425 1426
f 1156 1155 1426
f 1420 1149 1148
f 1421 1149 1420
f 1421 1150 1149
f 1422 1150 1421
f 1422 1151 1150
f 1423 1151 1422
f 1423 1152 1151
f 1424 1152 1423
f 1424 1153 1152
f 1154 1153 1424
f 1425 1154 1424
f 1155 1154 1425
f 1427 1156 1426
f 1157 1156 1427
f 1428 1157 1427
f 1158 1157 1428
f 1159 1158 1428
f 1429 1159 1428
f 1160 1159 1429
f 1430 1160 1429
f 1161 1160 1430
f 1247 1161 1430
f 1431 1247 1430
f 1246 1247 1431
f 1432 1246 1431
f 1249 1246 1432
f 1433 1249 1432
f 1248 1249 1433
f 204 1248 1433
f 202 1248 204
f 1433 1044 204
f 1097 1044 1433
f 1432 1097 1433
f 1098 1097 1432
f 1431 1098 1432
f 1099 1098 1431
f 1430 1099 1431
f 1100 1099 1430
f 1429 1100 1430
f 1101 1100 1429
f 1428 1101 1429
f 1102 1101 1428
f 1427 1102 1428
f 1034 1102 1427
f 1035 1034 1427
f 1426 1035 1427
f 1036 1035 1426
f 1434 104 1052
f 1434 104 103
f 1434 103 1218
f 1434 1218 1435
f 1435 1218 1219
f 1435 1219 1436
f 1436 1219 1220
f 1436 1220 1437
f 1437 1220 1221
f 1437 1221 1438
f 1438 1221 1222
f 1438 1222 1439
f 1439 1222 1223
f 1439 1223 1440
f 1440 1223 1224
f 1440 1224 1441
f 1441 1224 1225
f 1226 1225 1441
f 1442 1226 1441
f 1227 1226 1442
f 1443 1227 1442
f 1228 1227 1443
f 1229 1228 1443
f 1444 1229 1443
f 1230 1229 1444
f 1445 1230 1444
f 1231 1230 1445
f 1232 1231 1445
f 1446 1232 1445
f 1233 1232 1446
f 1447 1233 1446
f 1234 1233 1447
f 1235 1234 1447
f 1448 1235 1447
f 1236 1235 1448
f 149 1236 1448
f 150 1236 149
f 1448 1085 149
f 1084 1085 1448
f 1447 1084 1448
f 1136 1084 1447
f 1446 1136 1447
f 1088 1136 1446
f 1445 1088 1446
f 1087 1088 1445
f 1444 1087 1445
f 1086 1087 1444
f 1443 1086 1444
f 1090 1086 1443
f 1442 1090 1443
f 1089 1090 1442
f 1135 1089 1442
f 1441 1135 1442
f 1134 1135 1441
f 1441 1134 1440
f 1440 1134 1439
f 1134 1050 1439
f 1439 1050 1438
f 1050 1049 1438
f 1438 1049 1437
f 1437 1048 1049
f 1436 1048 1437
f 1436 1051 1048
f 1435 1051 1436
f 1435 1052 1051
f 1435 1052 1434
f 1449 55 1083
f 56 55 1449
f 1204 56 1449
f 1450 1204 1449
f 1205 1204 1450
f 1451 1205 1450
f 1206 1205 1451
f 1452 1206 1451
f 1207 1206 1452
f 1453 1207 1452
f 1208 1207 1453
f 1454 1208 1453
f 1454 1208 1209
f 1455 1209 1454
f 1455 1209 1456
f 1078 1456 1455
f 1077 1456 1078
f 1457 1456 1077
f 1076 1457 1077
f 1076 1457 1059
f 1059 1457 1458
f 1059 1458 1058
f 1058 1458 1459
f 1058 1459 1057
f 1057 1459 1460
f 1057 1460 1056
f 1056 1460 1461
f 1056 1461 1055
f 1055 1461 1462
f 1055 1462 1054
f 1054 1462 1463
f 1054 1463 1053
f 1053 1463 96
f 96 1463 1202
f 96 1202 97
f 1209 1210 1456
f 1456 1210 1457
f 1210 1211 1457
f 1457 1211 1213
f 1457 1213 1458
f 1458 1213 1214
f 1458 1214 1459
f 1459 1214 1215
f 1459 1215 1460
f 1460 1215 1216
f 1460 1216 1461
f 1461 1216 1217
f 1461 1217 1462
f 1462 1217 1203
f 1462 1203 1463
f 1463 1203 1202
f 1454 1078 1455
f 1079 1078 1454
f 1453 1079 1454
f 1080 1079 1453
f 1452 1080 1453
f 1081 1080 1452
f 1451 1081 1452
f 1082 1081 1451
f 1450 1082 1451
f 1083 1082 1450
f 1449 1083 1450
f 1075 3 2
f 1464 3 1075
f 1137 1464 1075
f 1465 1464 1137
f 1072 1465 1137
f 1466 1465 1072
f 1073 1466 1072
f 1467 1466 1073
f 1074 1467 1073
f 1468 1467 1074
f 1138 1468 1074
f 1469 1468 1138
f 1139 1469 1138
f 1069 1469 1139
f 1470 1469 1069
f 1070 1470 1069
f 1471 1470 1070
f 1071 1471 1070
f 1472 1471 1071
f 1068 1472 1071
f 1473 1472 1068
f 1067 1473 1068
f 1066 1473 1067
f 1474 1473 1066
f 1065 1474 1066
f 1475 1474 1065
f 1064 1475 1065
f 1063 1475 1064
f 1476 1475 1063
f 1062 1476 1063
f 1477 1476 1062
f 1061 1477 1062
f 1478 1477 1061
f 1060 1478 1061
f 38 1478 1060
f 1201 1478 38
f 37 1201 38
f 1464 1256 3
f 1465 1256 1464
f 1465 1257 1256
f 1466 1257 1465
f 1466 1258 1257
f 1467 1258 1466
f 1467 1259 1258
f 1468 1259 1467
f 1468 1260 1259
f 1469 1260 1468
f 1469 1261 1260
f 1470 1261 1469
f 1471 1261 1470
f 1262 1261 1471
f 1472 1262 1471
f 1263 1262 1472
f 1198 1263 1472
f 1473 1198 1472
f 1197 1198 1473
f 1474 1197 1473
f 1196 1197 1474
f 1475 1196 1474
f 1195 1196 1475
f 1476 1195 1475
f 1199 1195 1476
f 1477 1199 1476
f 1200 1199 1477
f 1478 1200 1477
f 1201 1200 1478
f 1479 1480 1481
f 1482 1480 1479
f 1479 1482 1483
f 1483 1482 1484
f 1483 1484 1485
f 1485 1484 1486
f 1485 1486 1487
f 1487 1486 1488
f 1487 1488 1489
f 1489 1488 1490
f 1490 1488 1491
f 1490 1491 1492
f 1492 1491 1493
f 1492 1493 1494
f 1494 1493 1495
f 1495 1493 1496
f 1495 1496 1497
f 1497 1496 1498
f 1497 1498 1499
f 1499 1498 1500
f 1499 1500 1501
f 1501 1500 1502
f 1501 1502 1503
f 1503 1502 1504
f 1504 1502 1505
f 1506 1505 1504
f 1507 1505 1506
f 1508 1507 1506
f 1509 1507 1508
f 1510 1509 1508
f 1511 1509 1510
f 1512 1511 1510
f 1513 1511 1512
f 1514 1513 1512
f 1515 1513 1514
f 1516 1513 1515
f 1517 1513 1516
f 1511 1513 1517
f 1518 1511 1517
f 1509 1511 1518
f 1519 1509 1518
f 1507 1509 1519
f 1520 1507 1519
f 1520 1507 1505
f 1520 1505 1521
f 1521 1505 1502
f 1521 1502 1522
f 1522 1502 1500
f 1522 1500 1498
f 1482 1523 1480
f 1524 1523 1482
f 1482 1524 1484
f 1484 1524 1525
f 1484 1525 1486
f 1486 1525 1526
f 1486 1526 1488
f 1488 1526 1527
f 1488 1527 1491
f 1491 1527 1528
f 1491 1528 1493
f 1493 1528 1529
f 1493 1529 1496
f 1496 1529 1530
f 1496 1530 1531
f 1496 1531 1498
f 1498 1531 1522
f 1532 1533 1534
f 1534 1533 1535
f 1534 1535 1536
f 1536 1535 1537
f 1536 1537 1538
f 1538 1537 1539
f 1538 1539 1540
f 1540 1539 1541
f 1540 1541 1542
f 1542 1541 1543
f 1542 1543 1544
f 1544 1543 1545
f 1544 1545 1546
f 1546 1545 1547
f 1546 1547 1548
f 1548 1547 1549
f 1549 1547 1550
f 1549 1550 1551
f 1551 1550 1552
f 1551 1552 1553
f 1553 1552 1554
f 1553 1554 1555
f 1533 1556 1535
f 1535 1556 1557
f 1535 1557 1537
f 1537 1557 1558
f 1537 1558 1539
f 1539 1558 1559
f 1539 1559 1541
f 1541 1559 1560
f 1541 1560 1543
f 1543 1560 1561
f 1543 1561 1545
f 1545 1561 1562
f 1545 1562 1547
f 1547 1562 1563
f 1547 1563 1564
f 1547 1564 1550
f 1550 1564 1554
f 1550 1554 1552
f 1553 1555 1565
f 1565 1555 1566
f 1565 1566 1567
f 1567 1566 1568
f 1567 1568 1569
f 1569 1568 1570
f 1569 1570 1571
f 1571 1570 1572
f 1571 1572 1573
f 1573 1572 1574
f 1573 1574 1575
f 1575 1576 1573
f 1573 1576 1571
f 1576 1577 1571
f 1571 1577 1569
f 1577 1578 1569
f 1569 1578 1567
f 1578 1579 1567
f 1567 1579 1565
f 1579 1580 1565
f 1565 1580 1553
f 1580 1551 1553
f 1581 1582 1583
f 1583 1582 1584
f 1583 1584 1585
f 1585 1584 1586
f 1585 1586 1587
f 1587 1586 1588
f 1587 1588 1589
f 1589 1588 1590
f 1589 1590 1591
f 1591 1590 1592
f 1591 1592 1593
f 1593 1592 1594
f 1593 1594 1595
f 1595 1594 1596
f 1595 1596 1597
f 1597 1596 1598
f 1598 1596 1599
f 1598 1599 1600
f 1600 1599 1601
f 1600 1601 1602
f 1602 1601 1603
f 1602 1603 1604
f 1584 1605 1582
f 1606 1605 1584
f 1586 1606 1584
f 1607 1606 1586
f 1608 1607 1586
f 1586 1608 1588
f 1609 1608 1588
f 1588 1609 1590
f 1590 1609 1610
f 1590 1610 1611
f 1590 1611 1592
f 1592 1611 1612
f 1592 1612 1594
f 1594 1612 1613
f 1594 1613 1614
f 1594 1614 1596
f 1596 1614 1615
f 1596 1615 1599
f 1599 1615 1616
f 1599 1616 1617
f 1599 1617 1601
f 1601 1617 1603
f 1602 1604 1618
f 1618 1604 1619
f 1618 1619 1620
f 1620 1619 1621
f 1620 1621 1622
f 1622 1621 1623
f 1622 1623 1624
f 1625 1623 1624
f 1626 1625 1624
f 1627 1625 1626
f 1628 1627 1626
f 1626 1629 1628
f 1624 1629 1626
f 1629 1630 1624
f 1624 1630 1622
f 1630 1631 1622
f 1622 1631 1620
f 1631 1632 1620
f 1620 1632 1618
f 1632 1633 1618
f 1618 1633 1602
f 1633 1600 1602
f 1634 1635 1636
f 1637 1635 1634
f 1638 1637 1634
f 1639 1637 1638
f 1640 1639 1638
f 1641 1639 1640
f 1642 1641 1640
f 1643 1641 1642
f 1644 1643 1642
f 1645 1643 1644
f 1646 1645 1644
f 1647 1645 1646
f 1648 1647 1646
f 1649 1647 1648
f 1650 1649 1648
f 1651 1649 1650
f 1652 1649 1651
f 1653 1652 1651
f 1654 1652 1653
f 1655 1654 1653
f 1656 1654 1655
f 1657 1656 1655
f 1637 1658 1635
f 1659 1658 1637
f 1639 1659 1637
f 1660 1659 1639
f 1641 1660 1639
f 1661 1660 1641
f 1643 1661 1641
f 1662 1661 1643
f 1663 1662 1643
f 1645 1663 1643
f 1664 1663 1645
f 1647 1664 1645
f 1665 1664 1647
f 1666 1665 1647
f 1649 1666 1647
f 1667 1666 1649
f 1652 1667 1649
f 1668 1667 1652
f 1654 1668 1652
f 1656 1668 1654
f 1655 1669 1657
f 1670 1669 1655
f 1671 1670 1655
f 1672 1670 1671
f 1673 1670 1672
f 1674 1673 1672
f 1675 1673 1674
f 1676 1675 1674
f 1677 1675 1676
f 1678 1677 1676
f 1679 1677 1678
f 1680 1679 1678
f 1681 1679 1680
f 1682 1681 1680
f 1670 1683 1669
f 1673 1683 1670
f 1673 1684 1683
f 1675 1684 1673
f 1675 1685 1684
f 1677 1685 1675
f 1677 1686 1685
f 1679 1686 1677
f 1679 1681 1686
f 1655 1653 1671
f 1687 1688 1689
f 1689 1688 1690
f 1689 1690 1691
f 1691 1690 1692
f 1691 1692 1693
f 1693 1692 1694
f 1693 1694 1695
f 1695 1694 1696
f 1695 1696 1697
f 1697 1696 1698
f 1697 1698 1699
f 1699 1698 1700
f 1699 1700 1701
f 1701 1700 1702
f 1701 1702 1703
f 1703 1702 1704
f 1704 1702 1705
f 1704 1705 1706
f 1706 1705 1707
f 1706 1707 1708
f 1708 1707 1709
f 1708 1709 1710
f 1688 1711 1690
f 1690 1711 1712
f 1690 1712 1692
f 1692 1712 1713
f 1692 1713 1694
f 1714 1713 1694
f 1694 1714 1696
f 1715 1714 1696
f 1698 1715 1696
f 1716 1715 1698
f 1698 1716 1700
f 1700 1716 1717
f 1700 1717 1702
f 1718 1717 1702
f 1702 1718 1719
f 1702 1719 1705
f 1705 1719 1709
f 1705 1709 1707
f 1708 1710 1720
f 1720 1710 1721
f 1720 1721 1722
f 1722 1721 1723
f 1722 1723 1724
f 1724 1723 1725
f 1724 1725 1726
f 1726 1725 1727
f 1726 1727 1728
f 1728 1727 1729
f 1728 1729 1730
f 1730 1731 1728
f 1728 1731 1726
f 1731 1732 1726
f 1726 1732 1724
f 1732 1733 1724
f 1724 1733 1722
f 1733 1734 1722
f 1722 1734 1720
f 1734 1735 1720
f 1720 1735 1708
f 1735 1706 1708
f 1736 1737 1738
f 1739 1737 1736
f 1740 1739 1736
f 1741 1739 1740
f 1742 1741 1740
f 1743 1741 1742
f 1744 1743 1742
f 1745 1743 1744
f 1746 1745 1744
f 1747 1745 1746
f 1746 1747 1748
f 1748 1747 1749
f 1748 1749 1750
f 1750 1749 1751
f 1750 1751 1752
f 1752 1751 1753
f 1753 1751 1754
f 1753 1754 1755
f 1755 1754 1756
f 1755 1756 1757
f 1757 1756 1758
f 1757 1758 1759
f 1739 1760 1737
f 1761 1760 1739
f 1741 1761 1739
f 1762 1761 1741
f 1743 1762 1741
f 1763 1762 1743
f 1745 1763 1743
f 1764 1763 1745
f 1747 1764 1745
f 1747 1764 1765
f 1747 1765 1749
f 1749 1765 1766
f 1749 1766 1751
f 1751 1766 1767
f 1751 1767 1768
f 1751 1768 1754
f 1754 1768 1758
f 1754 1758 1756
f 1757 1759 1769
f 1769 1759 1770
f 1769 1770 1771
f 1771 1770 1772
f 1771 1772 1773
f 1773 1772 1774
f 1773 1774 1775
f 1775 1774 1776
f 1775 1776 1777
f 1777 1776 1778
f 1777 1778 1779
f 1779 1780 1777
f 1777 1780 1775
f 1780 1781 1775
f 1775 1781 1773
f 1781 1782 1773
f 1773 1782 1771
f 1782 1783 1771
f 1771 1783 1769
f 1783 1784 1769
f 1769 1784 1757
f 1784 1755 1757
f 1785 1786 1787
f 1787 1786 1788
f 1787 1788 1789
f 1789 1788 1790
f 1789 1790 1791
f 1791 1790 1792
f 1792 1790 1793
f 1792 1793 1794
f 1794 1793 1795
f 1794 1795 1796
f 1796 1795 1797
f 1797 1795 1798
f 1797 1798 1799
f 1799 1798 1800
f 1799 1800 1801
f 1801 1800 1802
f 1802 1800 1803
f 1802 1803 1804
f 1804 1803 1805
f 1804 1805 1806
f 1806 1805 1807
f 1807 1805 1808
f 1807 1808 1809
f 1809 1808 1810
f 1809 1810 1811
f 1811 1810 1812
f 1811 1812 1813
f 1813 1812 1814
f 1813 1814 1815
f 1815 1814 1816
f 1815 1816 1817
f 1817 1816 1818
f 1817 1818 1819
f 1819 1818 1820
f 1819 1820 1821
f 1821 1820 1822
f 1822 1820 1823
f 1823 1820 1818
f 1823 1818 1824
f 1824 1818 1816
f 1824 1816 1825
f 1825 1816 1814
f 1825 1814 1826
f 1826 1814 1812
f 1826 1812 1827
f 1827 1812 1810
f 1827 1810 1828
f 1828 1810 1808
f 1828 1808 1805
f 1786 1829 1788
f 1788 1829 1830
f 1788 1830 1790
f 1790 1830 1831
f 1790 1831 1793
f 1793 1831 1832
f 1793 1832 1795
f 1795 1832 1833
f 1795 1833 1798
f 1798 1833 1834
f 1798 1834 1800
f 1800 1834 1835
f 1800 1835 1803
f 1803 1835 1836
f 1803 1836 1837
f 1803 1837 1805
f 1805 1837 1828
f 1838 1839 1840
f 1841 1839 1838
f 1842 1841 1838
f 1843 1841 1842
f 1844 1843 1842
f 1845 1843 1844
f 1846 1845 1844
f 1847 1845 1846
f 1848 1847 1846
f 1849 1847 1848
f 1850 1849 1848
f 1851 1849 1850
f 1852 1851 1850
f 1853 1851 1852
f 1854 1853 1852
f 1855 1853 1854
f 1856 1853 1855
f 1855 1856 1857
f 1857 1856 1858
f 1857 1858 1859
f 1859 1858 1860
f 1859 1860 1861
f 1841 1862 1839
f 1863 1862 1841
f 1843 1863 1841
f 1864 1863 1843
f 1845 1864 1843
f 1865 1864 1845
f 1847 1865 1845
f 1866 1865 1847
f 1849 1866 1847
f 1867 1866 1849
f 1851 1867 1849
f 1851 1867 1868
f 1853 1868 1851
f 1853 1868 1869
f 1853 1869 1870
f 1853 1870 1856
f 1856 1870 1860
f 1856 1860 1858
f 1859 1861 1871
f 1871 1861 1872
f 1871 1872 1873
f 1873 1872 1874
f 1873 1874 1875
f 1875 1874 1876
f 1875 1876 1877
f 1877 1876 1878
f 1877 1878 1879
f 1879 1878 1880
f 1879 1880 1881
f 1881 1882 1879
f 1879 1882 1877
f 1882 1883 1877
f 1877 1883 1875
f 1883 1884 1875
f 1875 1884 1873
f 1884 1885 1873
f 1873 1885 1871
f 1885 1886 1871
f 1871 1886 1859
f 1886 1857 1859
f 1887 1888 1889
f 1889 1888 1890
f 1889 1890 1891
f 1891 1890 1892
f 1891 1892 1893
f 1893 1892 1894
f 1893 1894 1895
f 1895 1894 1896
f 1895 1896 1897
f 1897 1896 1898
f 1897 1898 1899
f 1899 1898 1900
f 1901 1900 1899
f 1902 1900 1901
f 1903 1902 1901
f 1904 1902 1903
f 1905 1902 1904
f 1906 1905 1904
f 1907 1905 1906
f 1908 1907 1906
f 1909 1907 1908
f 1910 1909 1908
f 1888 1911 1890
f 1890 1911 1912
f 1890 1912 1892
f 1892 1912 1913
f 1892 1913 1894
f 1894 1913 1914
f 1894 1914 1896
f 1896 1914 1915
f 1896 1915 1898
f 1898 1915 1916
f 1898 1916 1900
f 1900 1916 1917
f 1902 1917 1900
f 1918 1917 1902
f 1919 1918 1902
f 1905 1919 1902
f 1909 1919 1905
f 1907 1909 1905
f 1920 1910 1908
f 1921 1910 1920
f 1922 1921 1920
f 1923 1921 1922
f 1924 1923 1922
f 1925 1923 1924
f 1926 1925 1924
f 1927 1925 1926
f 1928 1927 1926
f 1929 1927 1928
f 1930 1929 1928
f 1928 1931 1930
f 1926 1931 1928
f 1926 1932 1931
f 1924 1932 1926
f 1924 1933 1932
f 1922 1933 1924
f 1922 1934 1933
f 1920 1934 1922
f 1920 1935 1934
f 1908 1935 1920
f 1908 1906 1935
f 1936 1937 1938
f 1938 1937 1939
f 1938 1939 1940
f 1940 1939 1941
f 1940 1941 1942
f 1942 1941 1943
f 1942 1943 1944
f 1944 1943 1945
f 1944 1945 1946
f 1946 1945 1947
f 1946 1947 1948
f 1948 1947 1949
f 1948 1949 1950
f 1950 1949 1951
f 1950 1951 1952
f 1952 1951 1953
f 1953 1951 1954
f 1953 1954 1955
f 1955 1954 1956
f 1955 1956 1957
f 1957 1956 1958
f 1957 1958 1959
f 1937 1960 1939
f 1961 1960 1939
f 1939 1961 1941
f 1962 1961 1941
f 1941 1962 1943
f 1963 1962 1943
f 1943 1963 1945
f 1964 1963 1945
f 1945 1964 1947
f 1965 1964 1947
f 1947 1965 1949
f 1949 1965 1966
f 1949 1966 1951
f 1951 1966 1967
f 1951 1967 1968
f 1951 1968 1954
f 1954 1968 1958
f 1954 1958 1956
f 1957 1959 1969
f 1970 1959 1969
f 1969 1970 1971
f 1972 1970 1971
f 1971 1972 1973
f 1974 1972 1973
f 1973 1974 1975
f 1976 1974 1975
f 1975 1976 1977
f 1977 1976 1978
f 1977 1978 1979
f 1979 1980 1977
f 1977 1980 1975
f 1980 1981 1975
f 1975 1981 1973
f 1981 1982 1973
f 1973 1982 1971
f 1982 1983 1971
f 1971 1983 1969
f 1983 1984 1969
f 1969 1984 1957
f 1984 1955 1957
f 1985 1986 1987
f 1987 1986 1988
f 1987 1988 1989
f 1989 1988 1990
f 1989 1990 1991
f 1991 1990 1992
f 1991 1992 1993
f 1993 1992 1994
f 1993 1994 1995
f 1995 1994 1996
f 1995 1996 1997
f 1997 1996 1998
f 1997 1998 1999
f 1999 1998 2000
f 1999 2000 2001
f 2001 2000 2002
f 2002 2000 2003
f 2002 2003 2004
f 2004 2003 2005
f 2004 2005 2006
f 2006 2005 2007
f 2006 2007 2008
f 1986 2009 1988
f 1988 2009 2010
f 1988 2010 1990
f 1990 2010 2011
f 1990 2011 1992
f 1992 2011 2012
f 1992 2012 1994
f 1994 2012 2013
f 1994 2013 1996
f 1996 2013 2014
f 1996 2014 1998
f 1998 2014 2015
f 1998 2015 2000
f 2000 2015 2016
f 2000 2016 2017
f 2000 2017 2003
f 2003 2017 2007
f 2003 2007 2005
f 2006 2008 2018
f 2018 2008 2019
f 2018 2019 2020
f 2020 2019 2021
f 2020 2021 2022
f 2022 2021 2023
f 2022 2023 2024
f 2024 2023 2025
f 2024 2025 2026
f 2026 2025 2027
f 2026 2027 2028
f 2028 2029 2026
f 2026 2029 2024
f 2029 2030 2024
f 2024 2030 2022
f 2030 2031 2022
f 2022 2031 2020
f 2031 2032 2020
f 2020 2032 2018
f 2032 2033 2018
f 2018 2033 2006
f 2033 2004 2006
f 2034 2035 2036
f 2036 2035 2037
f 2036 2037 2038
f 2038 2037 2039
f 2040 2039 2038
f 2041 2039 2040
f 2042 2041 2040
f 2043 2041 2042
f 2044 2043 2042
f 2045 2043 2044
f 2046 2045 2044
f 2047 2045 2046
f 2048 2047 2046
f 2049 2047 2048
f 2050 2049 2048
f 2050 2049 2051
f 2051 2049 2052
f 2051 2052 2053
f 2053 2052 2054
f 2053 2054 2055
f 2055 2054 2056
f 2055 2056 2057
f 2057 2056 2058
f 2057 2058 2059
f 2059 2058 2060
f 2059 2060 2061
f 2061 2060 2062
f 2061 2062 2063
f 2063 2062 2064
f 2063 2064 2065
f 2065 2064 2066
f 2066 2064 2067
f 2066 2067 2068
f 2068 2067 2069
f 2068 2069 2070
f 2070 2069 2071
f 2070 2071 2072
f 2072 2071 2073
f 2072 2073 2074
f 2074 2073 2075
f 2074 2075 2076
f 2035 2077 2037
f 2037 2077 2078
f 2037 2078 2039
f 2039 2078 2079
f 2039 2079 2041
f 2041 2079 2080
f 2041 2080 2043
f 2043 2080 2081
f 2043 2081 2045
f 2045 2081 2082
f 2045 2082 2047
f 2047 2082 2083
f 2047 2083 2049
f 2049 2083 2084
f 2049 2084 2085
f 2049 2085 2052
f 2052 2085 2086
f 2052 2086 2054
f 2054 2086 2087
f 2054 2087 2056
f 2056 2087 2088
f 2056 2088 2058
f 2058 2088 2089
f 2058 2089 2060
f 2060 2089 2090
f 2060 2090 2062
f 2062 2090 2091
f 2062 2091 2064
f 2064 2091 2092
f 2064 2092 2093
f 2064 2093 2067
f 2067 2093 2094
f 2067 2094 2069
f 2069 2094 2095
f 2069 2095 2071
f 2071 2095 2075
f 2071 2075 2073
f 2074 2076 2096
f 2096 2076 2097
f 2096 2097 2098
f 2098 2097 2099
f 2098 2099 2100
f 2100 2099 2101
f 2102 2101 2100
f 2103 2101 2102
f 2104 2103 2102
f 2105 2103 2104
f 2106 2105 2104
f 2107 2105 2106
f 2108 2107 2106
f 2109 2107 2108
f 2110 2107 2109
f 2111 2110 2109
f 2112 2110 2111
f 2113 2112 2111
f 2114 2112 2113
f 2115 2114 2113
f 2116 2114 2115
f 2117 2116 2115
f 2118 2116 2117
f 2119 2118 2117
f 2120 2118 2119
f 2121 2118 2120
f 2116 2118 2121
f 2122 2116 2121
f 2114 2116 2122
f 2123 2114 2122
f 2112 2114 2123
f 2124 2112 2123
f 2110 2112 2124
f 2125 2110 2124
f 2107 2110 2125
f 2105 2107 2125
f 2104 2108 2106
f 2126 2108 2104
f 2102 2126 2104
f 2127 2126 2102
f 2100 2127 2102
f 2100 2127 2128
f 2100 2128 2098
f 2098 2128 2129
f 2098 2129 2096
f 2096 2129 2130
f 2096 2130 2074
f 2074 2130 2072
f 2131 2132 2133
f 2134 2132 2131
f 2135 2134 2131
f 2136 2137 2135
f 2135 2137 2138
f 2135 2138 2131
f 2131 2138 2133
f 2137 2136 2139
f 2139 2136 2140
f 2139 2140 2141
f 2141 2140 2142
f 2141 2142 2143
f 2143 2142 2144
f 2144 2142 2145
f 2144 2145 2146
f 2146 2145 2147
f 2146 2147 2148
f 2140 2147 2142
f 2142 2147 2145
f 2149 2150 2148
f 2148 2150 2151
f 2148 2151 2146
f 2146 2151 2152
f 2146 2152 2144
f 2150 2149 2153
f 2153 2149 2154
f 2155 2154 2153
f 2156 2154 2155
f 2157 2156 2155
f 2158 2156 2157
f 2158 2156 2159
f 2158 2159 2160
f 2160 2159 2161
f 2160 2161 2162
f 2154 2161 2156
f 2156 2161 2159
f 2160 2162 2163
f 2163 2162 2164
f 2163 2164 2165
f 2165 2164 2166
f 2165 2166 2167
f 2167 2166 2168
f 2168 2166 2169
f 2168 2169 2170
f 2170 2169 2171
f 2170 2171 2172
f 2172 2171 2173
f 2172 2173 2174
f 2174 2173 2175
f 2174 2175 2176
f 2176 2175 2177
f 2176 2177 2178
f 2178 2177 2179
f 2179 2177 2180
f 2180 2177 2175
f 2180 2175 2181
f 2181 2175 2173
f 2181 2173 2182
f 2182 2173 2171
f 2182 2171 2183
f 2183 2171 2169
f 2183 2169 2184
f 2184 2169 2166
f 2184 2166 2164
f 2165 2167 2163
f 2163 2167 2185
f 2163 2185 2160
f 2160 2185 2158
f 2153 2157 2155
f 2186 2157 2153
f 2153 2186 2150
f 2150 2186 2152
f 2150 2152 2151
f 2141 2143 2139
f 2139 2143 2187
f 2139 2187 2137
f 2137 2187 2133
f 2137 2133 2138
f 2188 2189 2190
f 2191 2189 2188
f 2192 2191 2188
f 2192 2193 2194
f 2195 2193 2192
f 2188 2195 2192
f 2190 2195 2188
f 2196 2194 2193
f 2197 2194 2196
f 2198 2197 2196
f 2199 2197 2198
f 2200 2199 2198
f 2201 2199 2200
f 2202 2199 2201
f 2203 2202 2201
f 2204 2202 2203
f 2205 2204 2203
f 2199 2204 2197
f 2202 2204 2199
f 2205 2206 2207
f 2208 2206 2205
f 2203 2208 2205
f 2209 2208 2203
f 2201 2209 2203
f 2210 2207 2206
f 2211 2207 2210
f 2212 2211 2210
f 2213 2211 2212
f 2214 2213 2212
f 2214 2213 2215
f 2215 2213 2216
f 2215 2216 2217
f 2217 2216 2218
f 2217 2218 2219
f 2213 2218 2211
f 2213 2218 2216
f 2220 2219 2217
f 2221 2219 2220
f 2222 2221 2220
f 2223 2221 2222
f 2224 2223 2222
f 2225 2223 2224
f 2226 2223 2225
f 2227 2226 2225
f 2228 2226 2227
f 2229 2228 2227
f 2230 2228 2229
f 2231 2230 2229
f 2232 2230 2231
f 2233 2232 2231
f 2234 2232 2233
f 2235 2234 2233
f 2236 2234 2235
f 2237 2234 2236
f 2232 2234 2237
f 2238 2232 2237
f 2230 2232 2238
f 2239 2230 2238
f 2228 2230 2239
f 2240 2228 2239
f 2226 2228 2240
f 2241 2226 2240
f 2223 2226 2241
f 2221 2223 2241
f 2220 2224 2222
f 2242 2224 2220
f 2217 2242 2220
f 2217 2242 2215
f 2210 2214 2212
f 2243 2214 2210
f 2206 2243 2210
f 2209 2243 2206
f 2208 2209 2206
f 2196 2200 2198
f 2244 2200 2196
f 2193 2244 2196
f 2190 2244 2193
f 2195 2190 2193
f 2245 2191 2246
f 2189 2191 2245
f 2245 2189 2247
f 2245 2247 2248
f 2248 2247 2249
f 2248 2249 2250
f 2250 2249 2251
f 2250 2251 2252
f 2252 2251 2253
f 2252 2253 2254
f 2254 2253 2255
f 2254 2255 2256
f 2256 2255 2257
f 2256 2257 2258
f 2258 2257 2259
f 2258 2259 2260
f 2260 2259 2261
f 2261 2259 2262
f 2261 2262 2263
f 2263 2262 2264
f 2263 2264 2265
f 2265 2264 2266
f 2265 2266 2267
f 2257 2268 2259
f 2259 2268 2262
f 2268 2266 2262
f 2262 2266 2264
f 2269 2270 2267
f 2267 2270 2271
f 2267 2271 2265
f 2265 2271 2272
f 2265 2272 2263
f 2270 2269 2273
f 2273 2269 2274
f 2273 2274 2275
f 2275 2274 2276
f 2275 2276 2277
f 2277 2276 2278
f 2278 2276 2279
f 2278 2279 2280
f 2280 2279 2281
f 2280 2281 2282
f 2274 2281 2276
f 2276 2281 2279
f 2283 2284 2282
f 2282 2284 2285
f 2282 2285 2280
f 2280 2285 2286
f 2280 2286 2278
f 2284 2283 2287
f 2288 2283 2287
f 2289 2288 2287
f 2290 2288 2289
f 2291 2290 2289
f 2236 2290 2291
f 2235 2290 2236
f 2288 2290 2235
f 2289 2291 2287
f 2287 2291 2292
f 2287 2292 2284
f 2284 2292 2286
f 2284 2286 2285
f 2275 2277 2273
f 2273 2277 2293
f 2273 2293 2270
f 2270 2293 2272
f 2270 2272 2271
f 2258 2260 2256
f 2256 2260 2294
f 2256 2294 2254
f 2254 2294 2295
f 2254 2295 2252
f 2252 2295 2296
f 2252 2296 2250
f 2250 2296 2297
f 2250 2297 2248
f 2248 2297 2246
f 2245 2246 2248
f 2291 2236 1937
f 2237 2236 1937
f 1960 2237 1937
f 2238 2237 1960
f 1961 2238 1960
f 2239 2238 1961
f 1962 2239 1961
f 2240 2239 1962
f 1963 2240 1962
f 2241 2240 1963
f 1964 2241 1963
f 2221 2241 1964
f 1965 2221 1964
f 2219 2221 1965
f 1965 2219 1966
f 1966 2219 2218
f 1966 2218 1967
f 1967 2218 1968
f 2211 2218 1968
f 1958 2211 1968
f 2207 2211 1958
f 1959 2207 1958
f 2205 2207 1959
f 1970 2205 1959
f 2204 2205 1970
f 1972 2204 1970
f 2197 2204 1972
f 1974 2197 1972
f 2194 2197 1974
f 1976 2194 1974
f 2192 2194 1976
f 1978 2192 1976
f 2191 2192 1978
f 2246 2191 1978
f 1978 2246 2298
f 2298 2246 2297
f 2298 2297 2299
f 2299 2297 2296
f 2299 2296 2300
f 2300 2296 2295
f 2300 2295 2301
f 2301 2295 2294
f 2301 2294 2302
f 2302 2294 2260
f 2302 2260 2303
f 2303 2260 2261
f 2303 2261 2304
f 2304 2261 2263
f 2304 2263 2305
f 2305 2263 2306
f 2306 2263 2272
f 2306 2272 2307
f 2307 2272 2293
f 2307 2293 2308
f 2308 2293 2277
f 2308 2277 2309
f 2309 2277 2278
f 2309 2278 2310
f 2310 2278 2286
f 2310 2286 2311
f 2311 2286 2292
f 2311 2292 2312
f 2312 2292 2291
f 2312 2291 1937
f 2313 2134 2314
f 2132 2134 2313
f 2315 2132 2313
f 2316 2315 2313
f 2317 2315 2316
f 2318 2317 2316
f 2319 2317 2318
f 2320 2319 2318
f 2321 2319 2320
f 2322 2321 2320
f 2323 2321 2322
f 2324 2323 2322
f 2325 2323 2324
f 2326 2325 2324
f 2327 2325 2326
f 2328 2327 2326
f 2329 2327 2328
f 2330 2327 2329
f 2329 2330 2331
f 2331 2330 2332
f 2331 2332 2333
f 2333 2332 2334
f 2333 2334 2335
f 2327 2336 2325
f 2330 2336 2327
f 2330 2334 2336
f 2330 2334 2332
f 2337 2338 2335
f 2335 2338 2339
f 2335 2339 2333
f 2333 2339 2340
f 2333 2340 2331
f 2338 2337 2341
f 2341 2337 2342
f 2341 2342 2343
f 2343 2342 2344
f 2343 2344 2345
f 2345 2344 2346
f 2346 2344 2347
f 2346 2347 2348
f 2348 2347 2349
f 2348 2349 2350
f 2342 2349 2344
f 2344 2349 2347
f 2351 2352 2350
f 2350 2352 2353
f 2350 2353 2348
f 2348 2353 2354
f 2348 2354 2346
f 2352 2351 2355
f 2355 2351 2356
f 2355 2356 2357
f 2357 2356 2358
f 2357 2358 2359
f 2359 2358 2179
f 2179 2358 2178
f 2178 2358 2356
f 2357 2359 2355
f 2355 2359 2360
f 2355 2360 2352
f 2352 2360 2354
f 2352 2354 2353
f 2343 2345 2341
f 2341 2345 2361
f 2341 2361 2338
f 2338 2361 2340
f 2338 2340 2339
f 2324 2328 2326
f 2362 2328 2324
f 2322 2362 2324
f 2363 2362 2322
f 2320 2363 2322
f 2364 2363 2320
f 2318 2364 2320
f 2365 2364 2318
f 2316 2365 2318
f 2314 2365 2316
f 2313 2314 2316
f 2135 2134 1985
f 1985 2134 2314
f 1985 2314 2366
f 2366 2314 2365
f 2366 2365 2367
f 2367 2365 2364
f 2367 2364 2368
f 2368 2364 2363
f 2368 2363 2369
f 2369 2363 2362
f 2369 2362 2370
f 2370 2362 2328
f 2370 2328 2371
f 2371 2328 2329
f 2371 2329 2372
f 2372 2329 2331
f 2372 2331 2373
f 2373 2331 2374
f 2374 2331 2340
f 2374 2340 2375
f 2375 2340 2361
f 2375 2361 2376
f 2376 2361 2345
f 2376 2345 2377
f 2377 2345 2346
f 2377 2346 2378
f 2378 2346 2354
f 2378 2354 2379
f 2379 2354 2360
f 2379 2360 2380
f 2380 2360 2359
f 2380 2359 2028
f 2028 2359 2179
f 2028 2179 2180
f 2028 2180 2029
f 2029 2180 2181
f 2029 2181 2030
f 2030 2181 2182
f 2030 2182 2031
f 2031 2182 2183
f 2031 2183 2032
f 2032 2183 2184
f 2032 2184 2033
f 2033 2184 2164
f 2033 2164 2004
f 2004 2164 2162
f 2004 2162 2002
f 2002 2162 2161
f 2002 2161 2001
f 2001 2161 1999
f 1999 2161 2154
f 1999 2154 1997
f 1997 2154 2149
f 1997 2149 2148
f 2148 2147 1997
f 1997 2147 2140
f 1997 2140 1995
f 1995 2140 1993
f 1993 2140 1991
f 1991 2140 1989
f 1989 2140 2136
f 1989 2136 1987
f 1987 2136 2135
f 1987 2135 1985
f 2381 2035 2382
f 2382 2035 2034
f 2382 2034 2383
f 2382 2383 2384
f 2384 2383 2385
f 2384 2385 2386
f 2386 2385 2387
f 2386 2387 2388
f 2388 2387 2389
f 2390 2389 2388
f 2391 2389 2390
f 2392 2391 2390
f 2393 2391 2392
f 2394 2393 2392
f 2395 2393 2394
f 2396 2395 2394
f 2397 2395 2396
f 2398 2395 2397
f 2399 2398 2397
f 2400 2398 2399
f 2401 2400 2399
f 2402 2400 2401
f 2403 2402 2401
f 2404 2402 2403
f 2405 2404 2403
f 2406 2404 2405
f 2407 2406 2405
f 2408 2406 2407
f 2409 2408 2407
f 2410 2408 2409
f 2411 2410 2409
f 2395 2412 2393
f 2398 2412 2395
f 2398 2413 2412
f 2400 2413 2398
f 2400 2414 2413
f 2402 2414 2400
f 2402 2415 2414
f 2404 2415 2402
f 2404 2416 2415
f 2406 2416 2404
f 2406 2410 2416
f 2408 2410 2406
f 2417 2411 2409
f 2418 2411 2417
f 2419 2418 2417
f 2420 2418 2419
f 2421 2420 2419
f 2422 2420 2421
f 2423 2422 2421
f 2424 2423 2421
f 2424 2423 2425
f 2424 2425 2426
f 2426 2425 2427
f 2426 2427 2428
f 2428 2427 2429
f 2428 2429 2430
f 2430 2429 2431
f 2430 2431 2432
f 2432 2431 2433
f 2432 2433 2434
f 2434 2433 2435
f 2434 2435 2436
f 2436 2435 2437
f 2436 2437 2438
f 2436 2438 2439
f 2439 2438 2440
f 2439 2440 2441
f 2441 2440 2442
f 2441 2442 2443
f 2443 2442 2444
f 2443 2444 2445
f 2446 2444 2445
f 2447 2446 2445
f 2448 2446 2447
f 2449 2448 2447
f 2450 2448 2449
f 2120 2450 2449
f 2119 2450 2120
f 2449 2451 2120
f 2452 2451 2449
f 2447 2452 2449
f 2453 2452 2447
f 2447 2453 2445
f 2445 2453 2454
f 2445 2454 2443
f 2443 2454 2455
f 2443 2455 2441
f 2441 2455 2456
f 2441 2456 2439
f 2439 2456 2457
f 2439 2457 2436
f 2436 2457 2458
f 2436 2458 2459
f 2436 2459 2434
f 2434 2459 2460
f 2434 2460 2432
f 2432 2460 2461
f 2432 2461 2430
f 2430 2461 2462
f 2430 2462 2428
f 2428 2462 2463
f 2428 2463 2426
f 2426 2463 2464
f 2426 2464 2424
f 2424 2464 2465
f 2424 2465 2421
f 2466 2465 2421
f 2467 2466 2421
f 2419 2467 2421
f 2468 2467 2419
f 2417 2468 2419
f 2469 2468 2417
f 2409 2469 2417
f 2407 2469 2409
f 2392 2396 2394
f 2470 2396 2392
f 2390 2470 2392
f 2471 2470 2390
f 2388 2471 2390
f 2472 2471 2388
f 2386 2472 2388
f 2386 2472 2473
f 2386 2473 2384
f 2384 2473 2381
f 2384 2381 2382
f 2119 2474 2450
f 1929 2474 2119
f 1927 1929 2119
f 2450 2475 2448
f 2476 2475 2450
f 2477 2476 2450
f 2475 2446 2448
f 2444 2446 2475
f 2475 2444 1826
f 1826 2444 1825
f 1825 2444 2442
f 1825 2442 1824
f 1824 2442 2440
f 1824 2440 1823
f 1823 2440 1822
f 1822 2440 2478
f 2478 2440 2438
f 2478 2438 2479
f 2479 2438 2480
f 2480 2438 2481
f 2481 2438 2437
f 2481 2437 2482
f 2482 2437 2483
f 2483 2437 2484
f 2484 2437 2435
f 2484 2435 2485
f 2485 2435 2486
f 2486 2435 2487
f 2487 2435 2433
f 2487 2433 2488
f 2488 2433 2489
f 2488 2489 1778
f 2431 2490 2433
f 2433 2490 2491
f 2433 2491 2492
f 2431 2429 2490
f 2490 2429 2427
f 2490 2427 1874
f 1874 2427 1876
f 1876 2427 2425
f 1876 2425 1878
f 1878 2425 1880
f 1880 2425 2493
f 2493 2425 2423
f 2493 2423 2494
f 2494 2423 2495
f 2496 2423 2495
f 2497 2423 2496
f 2498 2423 2497
f 2422 2423 2498
f 2499 2422 2498
f 2500 2422 2499
f 2420 2422 2500
f 2418 2420 2500
f 2500 2411 2418
f 2501 2411 2500
f 2502 2411 2501
f 2503 2411 2502
f 2504 2411 2503
f 2505 2411 2504
f 2506 2411 2505
f 2507 2411 2506
f 1839 2411 2507
f 1862 2411 1839
f 1863 2411 1862
f 2508 2411 1863
f 2509 2508 1863
f 2411 2510 2410
f 2511 2510 2411
f 2508 2511 2411
f 2410 2512 2416
f 1737 2512 2410
f 2510 1737 2410
f 2512 2415 2416
f 2513 2415 2512
f 2414 2415 2513
f 2514 2414 2513
f 2515 2414 2514
f 2413 2414 2515
f 2516 2413 2515
f 2517 2413 2516
f 2412 2413 2517
f 2518 2412 2517
f 2519 2412 2518
f 2393 2412 2519
f 1635 2393 2519
f 1658 2393 1635
f 2391 2393 1658
f 1659 2391 1658
f 1660 2391 1659
f 2389 2391 1660
f 1661 2389 1660
f 2520 2389 1661
f 1662 2520 1661
f 2521 2520 1662
f 1663 2521 1662
f 2283 2521 1663
f 1664 2283 1663
f 1664 2283 2282
f 1664 2282 1665
f 1666 2282 1665
f 1667 2282 1666
f 1668 2282 1667
f 1656 2282 1668
f 2281 2282 1656
f 1657 2281 1656
f 1669 2281 1657
f 1683 2281 1669
f 1684 2281 1683
f 1685 2281 1684
f 1685 2281 2274
f 1686 2274 1685
f 1681 2274 1686
f 1682 2274 1681
f 2522 2274 1682
f 2269 2274 2522
f 2267 2269 2522
f 2389 2387 2520
f 2520 2387 2385
f 2520 2385 2383
f 2034 2523 2383
f 2383 2523 2524
f 2383 2524 2525
f 2036 1711 2034
f 2034 1711 1688
f 2034 1688 2523
f 2038 1713 2036
f 2036 1713 1712
f 2036 1712 1711
f 2038 1715 2040
f 1714 1715 2038
f 1713 1714 2038
f 2040 1717 2042
f 1716 1717 2040
f 1715 1716 2040
f 2042 2526 2044
f 2527 2526 2042
f 2528 2527 2042
f 2529 2044 2526
f 2046 2044 2529
f 2530 2046 2529
f 1582 2046 2530
f 1605 2046 1582
f 2048 2046 1605
f 1606 2048 1605
f 1607 2048 1606
f 1608 2048 1607
f 2050 2048 1608
f 1609 2050 1608
f 1610 2050 1609
f 1610 2050 1611
f 1611 2050 2051
f 1611 2051 1612
f 1612 2051 1613
f 1613 2051 1614
f 1614 2051 2053
f 1614 2053 1615
f 1615 2053 1616
f 1616 2053 1617
f 1617 2053 2055
f 1617 2055 1603
f 1603 2055 1604
f 1604 2055 2057
f 1604 2057 1533
f 1533 2057 1556
f 1556 2057 2059
f 1556 2059 1557
f 1557 2059 1558
f 1558 2059 2061
f 1558 2061 1559
f 1559 2061 1560
f 1560 2061 2063
f 1560 2063 1561
f 1561 2063 1562
f 1562 2063 2065
f 1562 2065 1563
f 1563 2065 1564
f 1564 2065 2066
f 1564 2066 1554
f 1554 2066 1555
f 1555 2066 2068
f 1555 2068 1566
f 1566 2068 1568
f 1568 2068 2070
f 1568 2070 1570
f 1570 2070 1572
f 1572 2070 2072
f 1572 2072 1574
f 1574 2072 1528
f 1574 1528 2531
f 2531 1528 2532
f 2532 1528 2533
f 2533 1528 2534
f 2534 1528 2535
f 2535 1528 2536
f 2536 1528 2537
f 2537 1528 1527
f 2537 1527 1526
f 2072 2130 1528
f 1528 2130 2129
f 1528 2129 1529
f 1529 2129 1530
f 1530 2129 1531
f 1531 2129 2128
f 1531 2128 1522
f 1522 2128 1521
f 1521 2128 2127
f 1521 2127 1520
f 1519 2127 1520
f 2126 2127 1519
f 1518 2126 1519
f 1517 2126 1518
f 2108 2126 1517
f 1516 2108 1517
f 2538 2108 1516
f 2109 2108 2538
f 2539 2109 2538
f 2540 2109 2539
f 2111 2109 2540
f 2541 2111 2540
f 2542 2111 2541
f 2543 2111 2542
f 2544 2111 2543
f 2545 2111 2544
f 2546 2111 2545
f 1918 2111 2546
f 1917 1918 2546
f 1919 2111 1918
f 2113 2111 1919
f 1909 2113 1919
f 1910 2113 1909
f 2115 2113 1910
f 1921 2115 1910
f 1923 2115 1921
f 2117 2115 1923
f 1925 2117 1923
f 1927 2117 1925
f 2119 2117 1927
f 2190 1912 2189
f 2189 1912 1911
f 2189 1911 1888
f 2190 1915 2244
f 2190 1915 1914
f 2190 1914 1913
f 2244 2546 2200
f 1917 2546 2244
f 1916 1917 2244
f 2200 2547 2201
f 2548 2547 2200
f 2549 2548 2200
f 2201 2550 2209
f 2551 2550 2201
f 2552 2551 2201
f 2209 1523 2243
f 1480 1523 2209
f 2553 1480 2209
f 2214 2537 2243
f 2243 2537 1526
f 2243 1526 1525
f 2214 2215 2537
f 2537 2215 2554
f 2554 2215 2555
f 2555 2215 2556
f 2556 2215 2242
f 2556 2242 2557
f 2558 2242 2557
f 2559 2242 2558
f 2224 2242 2559
f 2560 2224 2559
f 2561 2224 2560
f 1621 2224 2561
f 2561 1621 1619
f 2224 1625 2225
f 1623 1625 2224
f 1621 1623 2224
f 2225 2562 2227
f 2563 2562 2225
f 1627 2563 2225
f 2227 2564 2229
f 2565 2564 2227
f 2566 2565 2227
f 2229 2567 2231
f 2568 2567 2229
f 2564 2568 2229
f 2231 1710 2233
f 1709 1710 2231
f 1719 1709 2231
f 2235 1725 2233
f 2233 1725 1723
f 2233 1723 1721
f 2288 2569 2235
f 2235 2569 2570
f 2235 2570 1729
f 2288 2571 2283
f 2572 2571 2288
f 2573 2572 2288
f 2522 2266 2267
f 2574 2266 2522
f 2575 2574 2522
f 2576 2574 2575
f 2577 2574 2576
f 2578 2574 2577
f 2579 2574 2578
f 2580 2574 2579
f 2580 2574 2512
f 2512 2574 1767
f 2512 1767 1766
f 2266 2268 2574
f 2574 2268 2257
f 2574 2257 2581
f 2581 2257 2582
f 2582 2257 2583
f 2583 2257 2584
f 2584 2257 2255
f 2584 2255 1786
f 1786 2255 1829
f 1829 2255 1830
f 1830 2255 2253
f 1830 2253 1831
f 1831 2253 1832
f 1832 2253 1833
f 1833 2253 1834
f 1834 2253 2251
f 1834 2251 1835
f 1835 2251 1836
f 1836 2251 1837
f 1837 2251 2249
f 1837 2249 1828
f 1828 2249 1827
f 1827 2249 2585
f 1827 2585 1826
f 1826 2585 2475
f 2247 2586 2249
f 2249 2586 2587
f 2249 2587 2585
f 2189 2588 2247
f 2247 2588 2589
f 2247 2589 2590
f 2450 2591 2477
f 2592 2591 2450
f 2593 2592 2450
f 2450 2594 2593
f 2474 2594 2450
f 2244 1915 1916
f 1913 1912 2190
f 1888 2595 2189
f 2189 2595 2588
f 2590 2586 2247
f 1874 1872 2490
f 2490 1872 1861
f 2490 1861 1860
f 1860 1870 2490
f 2490 1870 1869
f 2490 1869 1868
f 2490 1868 2596
f 2596 1868 1867
f 2596 1867 2597
f 2597 1867 1866
f 2598 1866 2597
f 1865 1866 2598
f 2509 1865 2598
f 1864 1865 2509
f 1863 1864 2509
f 2581 2599 2574
f 2574 2599 2600
f 2574 2600 2601
f 2601 2602 2574
f 2574 2602 2488
f 2574 2488 1770
f 1770 2488 1772
f 1772 2488 1774
f 1774 2488 1776
f 1776 2488 1778
f 2492 2603 2433
f 2433 2603 2604
f 2433 2604 2605
f 2605 2606 2433
f 2433 2606 2489
f 1770 1759 2574
f 2574 1759 1758
f 2574 1758 1768
f 1768 1767 2574
f 1766 1765 2512
f 2512 1765 1764
f 1763 1764 2512
f 2512 1762 1763
f 1761 1762 2512
f 1760 1761 2512
f 2512 1737 1760
f 1718 2042 1717
f 2567 2042 1718
f 1719 2567 1718
f 2231 2567 1719
f 2525 2607 2383
f 2383 2607 2608
f 2609 2608 2383
f 2383 2610 2609
f 2520 2610 2383
f 2283 2611 2521
f 2571 2611 2283
f 2573 2569 2288
f 1729 1727 2235
f 2235 1727 1725
f 1721 1710 2233
f 2561 1619 1533
f 1533 1619 1604
f 2042 2612 2528
f 2613 2612 2042
f 2567 2613 2042
f 2227 2614 2566
f 2562 2614 2227
f 2225 1625 1627
f 1525 1524 2243
f 1523 1524 2243
f 2209 2615 2553
f 2550 2615 2209
f 2201 2616 2552
f 2617 2616 2201
f 2547 2617 2201
f 2200 2546 2549
f 2381 2618 2035
f 2035 2618 1687
f 2035 1687 1689
f 2473 2619 2381
f 2381 2619 2620
f 2381 2620 2618
f 2472 2621 2473
f 2473 2621 2622
f 2473 2622 2619
f 2472 2623 2471
f 2624 2623 2472
f 2621 2624 2472
f 2471 1640 2470
f 1642 1640 2471
f 1644 1642 2471
f 1638 2470 1640
f 2396 2470 1638
f 1634 2396 1638
f 1636 2396 1634
f 2625 2396 1636
f 2397 2396 2625
f 2626 2397 2625
f 2627 2397 2626
f 2628 2397 2627
f 2399 2397 2628
f 2629 2399 2628
f 2630 2399 2629
f 2631 2399 2630
f 2401 2399 2631
f 2632 2401 2631
f 2633 2401 2632
f 2634 2401 2633
f 2403 2401 2634
f 2635 2403 2634
f 2636 2403 2635
f 2637 2403 2636
f 2638 2403 2637
f 2639 2403 2638
f 2640 2403 2639
f 1738 2640 2639
f 2640 2405 2403
f 2641 2405 2640
f 2642 2405 2641
f 2407 2405 2642
f 2469 2407 2642
f 2642 2468 2469
f 1842 2468 2642
f 1844 1842 2642
f 2468 2643 2467
f 1840 2643 2468
f 1838 1840 2468
f 2467 2644 2466
f 2645 2644 2467
f 2646 2645 2467
f 2466 2647 2465
f 2648 2647 2466
f 2649 2648 2466
f 2464 2650 2465
f 2465 2650 2651
f 2465 2651 2652
f 2463 2653 2464
f 2464 2653 1883
f 2464 1883 1882
f 2462 2654 2463
f 2463 2654 2655
f 2463 2655 2653
f 2461 2656 2462
f 2462 2656 1779
f 2462 1779 2654
f 2461 2460 2656
f 2656 2460 2657
f 2657 2460 2459
f 2657 2459 2658
f 2658 2459 2659
f 2659 2459 2458
f 2659 2458 2660
f 2660 2458 2661
f 2661 2458 2457
f 2661 2457 2662
f 2662 2457 2663
f 2663 2457 2456
f 2663 2456 1821
f 1821 2456 1819
f 1819 2456 2455
f 1819 2455 1817
f 1817 2455 1815
f 1815 2455 2454
f 1815 2454 1813
f 1813 2454 1811
f 1811 2454 1809
f 1809 2454 1807
f 1807 2454 1806
f 1806 2454 1804
f 1804 2454 2664
f 1804 2664 2665
f 2664 2454 2666
f 2666 2454 2453
f 2666 2453 2667
f 2667 2453 2668
f 2452 2453 2668
f 2669 2452 2668
f 2670 2452 2669
f 2451 2452 2670
f 2671 2451 2670
f 2672 2451 2671
f 2120 2451 2672
f 1930 2120 2672
f 1931 2120 1930
f 2121 2120 1931
f 1932 2121 1931
f 1933 2121 1932
f 1934 2121 1933
f 1935 2121 1934
f 1906 2121 1935
f 1904 2121 1906
f 1903 2121 1904
f 2122 2121 1903
f 2123 2122 1903
f 1903 2124 2123
f 2673 2124 1903
f 1901 2673 1903
f 2674 2673 1901
f 2174 2674 1901
f 2675 2674 2174
f 2676 2675 2174
f 2677 2124 2673
f 2125 2124 2677
f 2678 2125 2677
f 2105 2125 2678
f 2679 2105 2678
f 1515 2105 2679
f 1514 2105 1515
f 2103 2105 1514
f 1512 2103 1514
f 1510 2103 1512
f 1508 2103 1510
f 2101 2103 1508
f 1506 2101 1508
f 1504 2101 1506
f 1504 2101 1503
f 1503 2101 2099
f 1503 2099 1501
f 1501 2099 1499
f 1499 2099 1497
f 1497 2099 2097
f 1497 2097 1495
f 1495 2097 2076
f 1495 2076 2075
f 2095 1576 2075
f 2075 1576 1575
f 2075 1575 1495
f 1495 1575 2680
f 1495 2680 2681
f 2094 1578 2095
f 2095 1578 1577
f 2095 1577 1576
f 2093 1580 2094
f 2094 1580 1579
f 2094 1579 1578
f 2092 1549 2093
f 2093 1549 1551
f 2093 1551 1580
f 1549 2092 1548
f 1548 2092 2091
f 1548 2091 2090
f 2090 2089 1548
f 1548 2089 2088
f 1548 2088 2087
f 2087 2086 1548
f 1548 2086 1546
f 1546 2086 1544
f 1544 2086 1542
f 1542 2086 1540
f 1540 2086 1538
f 1538 2086 1536
f 1536 2086 1534
f 1534 2086 1597
f 1534 1597 1532
f 1532 1597 2682
f 2683 1597 2682
f 2684 1597 2683
f 2684 1597 2685
f 2685 1597 2686
f 2686 1597 2687
f 2687 1597 2688
f 2688 1597 2689
f 2689 1597 2690
f 2689 2690 2691
f 2691 2690 2692
f 2692 2690 2693
f 2693 2690 2694
f 2694 2690 1495
f 2694 1495 2695
f 2695 1495 2681
f 1597 2086 1595
f 1595 2086 2085
f 1595 2085 1593
f 1593 2085 1591
f 1591 2085 2084
f 1591 2084 1589
f 1589 2084 1587
f 1587 2084 2083
f 1587 2083 1585
f 1585 2083 1583
f 1583 2083 2082
f 1583 2082 1581
f 1581 2082 2696
f 2696 2082 2081
f 2696 2081 2697
f 2697 2081 2698
f 2698 2081 2080
f 2698 2080 2699
f 2699 2080 1703
f 2699 1703 2700
f 2700 1703 1704
f 2700 1704 2701
f 2701 1704 2187
f 2701 2187 2702
f 2702 2187 2143
f 2702 2143 2703
f 2704 2143 2703
f 2705 2143 2704
f 2706 2143 2705
f 2707 2143 2706
f 2144 2143 2707
f 2708 2144 2707
f 2709 2144 2708
f 2710 2144 2709
f 2711 2144 2710
f 2712 2144 2711
f 2152 2144 2712
f 2713 2152 2712
f 2714 2152 2713
f 1628 2152 2714
f 1629 2152 1628
f 1629 2152 2186
f 1629 2186 2157
f 2080 2079 1703
f 1703 2079 2078
f 1703 2078 2077
f 2035 1689 2077
f 2077 1689 1691
f 2077 1691 1693
f 2356 2715 2178
f 2178 2715 2716
f 2178 2716 1887
f 2351 2717 2356
f 2356 2717 2718
f 2356 2718 2719
f 2350 1804 2351
f 2351 1804 2665
f 2351 2665 2720
f 2349 1799 2350
f 2350 1799 1801
f 2350 1801 1802
f 2342 1791 2349
f 2349 1791 1792
f 2349 1792 1794
f 2337 2721 2342
f 2342 2721 1785
f 2342 1785 1787
f 2335 1752 2337
f 2337 1752 2722
f 2337 2722 2723
f 2335 2334 1752
f 1752 2334 1750
f 1750 2334 1748
f 1748 2334 2336
f 1748 2336 1746
f 1744 2336 1746
f 1742 2336 1744
f 2325 2336 1742
f 1740 2325 1742
f 1736 2325 1740
f 2724 2325 1736
f 2725 2724 1736
f 2325 2726 2323
f 2727 2726 2325
f 2724 2727 2325
f 2323 1676 2321
f 1678 1676 2323
f 1680 1678 2323
f 2321 1653 2319
f 1671 1653 2321
f 1672 1671 2321
f 2319 1650 2317
f 1651 1650 2319
f 1653 1651 2319
f 2317 2728 2315
f 2729 2728 2317
f 2730 2729 2317
f 2315 2731 2132
f 2732 2731 2315
f 2733 2732 2315
f 2133 1732 2132
f 2132 1732 1731
f 2132 1731 1730
f 2187 1735 2133
f 2133 1735 1734
f 2133 1734 1733
f 2157 2158 1629
f 1629 2158 2690
f 1629 2690 1630
f 1630 2690 1631
f 1631 2690 1632
f 1632 2690 1633
f 1633 2690 1600
f 1600 2690 1598
f 1598 2690 1597
f 2158 2185 2690
f 2690 2185 2167
f 2690 2167 1487
f 1487 2167 1485
f 1485 2167 1483
f 1483 2167 1479
f 1479 2167 2168
f 1481 2168 1479
f 2734 2168 1481
f 2735 2168 2734
f 2170 2168 2735
f 2736 2170 2735
f 2737 2170 2736
f 2738 2170 2737
f 2739 2170 2738
f 2172 2170 2739
f 2740 2172 2739
f 2741 2172 2740
f 2676 2172 2741
f 2174 2172 2676
f 2176 1897 2174
f 2174 1897 1899
f 1901 1899 2174
f 2178 1891 2176
f 2176 1891 1893
f 2176 1893 1895
f 1887 1889 2178
f 2178 1889 1891
f 1895 1897 2176
f 2720 2717 2351
f 2719 2715 2356
f 2468 1842 1838
f 2642 1846 1844
f 1848 1846 2642
f 1850 1848 2642
f 2742 1850 2642
f 1852 1850 2742
f 2743 1852 2742
f 2744 1852 2743
f 2745 1852 2744
f 2745 1852 2746
f 1854 1852 2746
f 2746 1854 1855
f 2746 1855 2747
f 2747 1855 1857
f 2747 1857 2748
f 2748 1857 1886
f 2748 1886 2749
f 2749 1886 1885
f 2749 1885 2750
f 2750 1885 1884
f 2750 1884 1883
f 1882 1881 2464
f 2464 1881 2650
f 2652 2751 2465
f 2752 2751 2465
f 2647 2752 2465
f 2466 2753 2649
f 2644 2753 2466
f 2467 2754 2646
f 2755 2754 2467
f 2643 2755 2467
f 1787 1789 2342
f 2342 1789 1791
f 1794 1796 2349
f 2349 1796 1797
f 2349 1797 1799
f 1802 1804 2350
f 2756 1752 2656
f 2656 1752 1753
f 2656 1753 1755
f 2756 2757 1752
f 1752 2757 2758
f 1752 2758 2722
f 2723 2759 2337
f 2337 2759 2721
f 2725 1738 2639
f 1736 1738 2725
f 1755 1784 2656
f 2656 1784 1783
f 2656 1783 1782
f 1782 1781 2656
f 2656 1781 1780
f 2656 1780 1779
f 2653 2750 1883
f 1730 2760 2132
f 2132 2760 2731
f 2315 2728 2733
f 1650 2730 2317
f 2761 2730 1650
f 2471 2761 1650
f 2623 2761 2471
f 1693 1695 2077
f 2077 1695 1697
f 2077 1697 1699
f 1699 1701 2077
f 2077 1701 1703
f 1704 1706 2187
f 2187 1706 1735
f 1733 1732 2133
f 2323 2726 1680
f 2471 1646 1644
f 1648 1646 2471
f 1650 1648 2471
f 2321 1674 1672
f 1676 1674 2321
f 1487 1489 2690
f 2690 1489 1490
f 2690 1490 1492
f 1492 1494 2690
f 2690 1494 1495
f 2762 1986 2763
f 2763 1986 1985
f 2763 1985 2366
f 2763 2366 2764
f 2764 2366 2367
f 2764 2367 2765
f 2765 2367 2368
f 2765 2368 2766
f 2766 2368 2369
f 2766 2369 2767
f 2767 2369 2370
f 2767 2370 2768
f 2768 2370 2371
f 2768 2371 2769
f 2769 2371 2770
f 2769 2770 2771
f 2771 2770 2772
f 2772 2770 2773
f 2772 2773 2774
f 2774 2773 2775
f 2775 2773 2776
f 2775 2776 2777
f 2777 2776 2778
f 2777 2778 2779
f 2779 2778 2780
f 2779 2780 2781
f 2781 2780 2782
f 2781 2782 2783
f 2783 2782 2784
f 2783 2784 2785
f 2785 2784 2786
f 2785 2786 2787
f 2787 2786 2027
f 2027 2786 2380
f 2027 2380 2028
f 2371 2372 2770
f 2770 2372 2773
f 2372 2373 2773
f 2773 2373 2374
f 2773 2374 2776
f 2776 2374 2375
f 2776 2375 2778
f 2778 2375 2376
f 2778 2376 2780
f 2780 2376 2377
f 2780 2377 2782
f 2782 2377 2378
f 2782 2378 2784
f 2784 2378 2379
f 2784 2379 2786
f 2786 2379 2380
f 2769 2771 2768
f 2768 2771 2788
f 2768 2788 2767
f 2767 2788 2789
f 2767 2789 2766
f 2766 2789 2790
f 2766 2790 2765
f 2765 2790 2791
f 2765 2791 2764
f 2764 2791 2762
f 2764 2762 2763
f 2312 1937 2792
f 2792 1937 1936
f 2792 1936 2793
f 2792 2793 2794
f 2794 2793 2795
f 2794 2795 2796
f 2796 2795 2797
f 2796 2797 2798
f 2798 2797 2799
f 2798 2799 2800
f 2800 2799 2801
f 2800 2801 2802
f 2802 2801 2803
f 2802 2803 2804
f 2804 2803 2805
f 2804 2805 2307
f 2307 2805 2306
f 2306 2805 2806
f 2306 2806 2305
f 2305 2806 2304
f 2304 2806 2807
f 2304 2807 2303
f 2303 2807 2808
f 2303 2808 2302
f 2302 2808 2809
f 2302 2809 2301
f 2301 2809 2810
f 2301 2810 2300
f 2300 2810 2811
f 2300 2811 2299
f 2299 2811 2812
f 2299 2812 2298
f 2298 2812 1978
f 1978 2812 2813
f 1978 2813 1979
f 2803 2814 2805
f 2805 2814 2806
f 2814 2815 2806
f 2806 2815 2816
f 2806 2816 2807
f 2807 2816 2817
f 2807 2817 2808
f 2808 2817 2818
f 2808 2818 2809
f 2809 2818 2819
f 2809 2819 2810
f 2810 2819 2820
f 2810 2820 2811
f 2811 2820 2821
f 2811 2821 2812
f 2812 2821 2813
f 2804 2307 2802
f 2802 2307 2308
f 2802 2308 2800
f 2800 2308 2309
f 2800 2309 2798
f 2798 2309 2310
f 2798 2310 2796
f 2796 2310 2311
f 2796 2311 2794
f 2794 2311 2312
f 2794 2312 2792
f 1980 1979 2027
f 2027 1979 2813
f 2027 2813 2787
f 2787 2813 2821
f 2787 2821 2785
f 2785 2821 2820
f 2785 2820 2783
f 2783 2820 2819
f 2783 2819 2781
f 2781 2819 2818
f 2781 2818 2779
f 2779 2818 2817
f 2779 2817 2777
f 2777 2817 2816
f 2777 2816 2775
f 2775 2816 2815
f 2775 2815 2774
f 2774 2815 2772
f 2772 2815 2814
f 2772 2814 2771
f 2771 2814 2803
f 2771 2803 2788
f 2788 2803 2801
f 2788 2801 2789
f 2789 2801 2799
f 2789 2799 2790
f 2790 2799 2797
f 2790 2797 2791
f 2791 2797 2795
f 2791 2795 2762
f 2762 2795 2793
f 2762 2793 1986
f 1986 2793 1936
f 1986 1936 1938
f 1986 1938 2009
f 2009 1938 1940
f 2009 1940 2010
f 2010 1940 1942
f 2010 1942 2011
f 2011 1942 1944
f 2011 1944 2012
f 2012 1944 1946
f 2012 1946 2013
f 2013 1946 1948
f 2013 1948 2014
f 2014 1948 1950
f 2014 1950 2015
f 2015 1950 1952
f 2015 1952 2016
f 2016 1952 2017
f 2017 1952 1953
f 2017 1953 2007
f 2007 1953 1955
f 2007 1955 2008
f 2008 1955 1984
f 2008 1984 2019
f 2019 1984 1983
f 2019 1983 2021
f 2021 1983 1982
f 2021 1982 2023
f 2023 1982 1981
f 2023 1981 2025
f 2025 1981 1980
f 2025 1980 2027
f 2595 1888 2822
f 2822 1888 1887
f 2822 1887 2716
f 2822 2716 2823
f 2823 2716 2715
f 2823 2715 2824
f 2824 2715 2719
f 2824 2719 2825
f 2825 2719 2718
f 2825 2718 2826
f 2826 2718 2717
f 2826 2717 2827
f 2827 2717 2720
f 2827 2720 2828
f 2828 2720 2829
f 2828 2829 2587
f 2587 2829 2585
f 2585 2829 2830
f 2585 2830 2475
f 2475 2830 2476
f 2476 2830 2831
f 2476 2831 2477
f 2477 2831 2832
f 2591 2832 2477
f 2833 2832 2591
f 2592 2833 2591
f 2834 2833 2592
f 2593 2834 2592
f 2835 2834 2593
f 2594 2835 2593
f 2836 2835 2594
f 2474 2836 2594
f 1929 2836 2474
f 2672 2836 1929
f 1930 2672 1929
f 2720 2665 2829
f 2829 2665 2830
f 2665 2664 2830
f 2830 2664 2666
f 2830 2666 2831
f 2831 2666 2667
f 2831 2667 2832
f 2832 2667 2668
f 2832 2668 2833
f 2669 2668 2833
f 2834 2669 2833
f 2670 2669 2834
f 2835 2670 2834
f 2671 2670 2835
f 2836 2671 2835
f 2672 2671 2836
f 2828 2587 2827
f 2827 2587 2586
f 2827 2586 2826
f 2826 2586 2590
f 2826 2590 2825
f 2825 2590 2589
f 2825 2589 2824
f 2824 2589 2588
f 2824 2588 2823
f 2823 2588 2595
f 2823 2595 2822
f 2837 1839 2507
f 1840 1839 2837
f 2643 1840 2837
f 2838 2643 2837
f 2755 2643 2838
f 2839 2755 2838
f 2754 2755 2839
f 2840 2754 2839
f 2646 2754 2840
f 2841 2646 2840
f 2645 2646 2841
f 2842 2645 2841
f 2644 2645 2842
f 2843 2644 2842
f 2844 2644 2843
f 2502 2844 2843
f 2501 2844 2502
f 2845 2844 2501
f 2500 2845 2501
f 2499 2845 2500
f 2846 2845 2499
f 2498 2846 2499
f 2847 2846 2498
f 2497 2847 2498
f 2848 2847 2497
f 2496 2848 2497
f 2849 2848 2496
f 2495 2849 2496
f 2495 2849 2850
f 2495 2850 2494
f 2494 2850 2851
f 2494 2851 2493
f 2493 2851 1880
f 1880 2851 2650
f 1880 2650 1881
f 2844 2753 2644
f 2845 2753 2844
f 2845 2649 2753
f 2648 2649 2845
f 2846 2648 2845
f 2647 2648 2846
f 2847 2647 2846
f 2752 2647 2847
f 2848 2752 2847
f 2751 2752 2848
f 2848 2751 2849
f 2849 2751 2652
f 2849 2652 2850
f 2850 2652 2651
f 2850 2651 2851
f 2851 2651 2650
f 2842 2502 2843
f 2503 2502 2842
f 2841 2503 2842
f 2504 2503 2841
f 2840 2504 2841
f 2505 2504 2840
f 2839 2505 2840
f 2506 2505 2839
f 2838 2506 2839
f 2507 2506 2838
f 2837 2507 2838
f 2584 1786 2852
f 2852 1786 1785
f 2852 1785 2721
f 2852 2721 2853
f 2853 2721 2759
f 2853 2759 2854
f 2854 2759 2723
f 2854 2723 2855
f 2855 2723 2722
f 2855 2722 2856
f 2856 2722 2758
f 2856 2758 2857
f 2857 2758 2757
f 2857 2757 2858
f 2858 2757 2859
f 2858 2859 2601
f 2601 2859 2602
f 2602 2859 2488
f 2488 2859 2860
f 2488 2860 2487
f 2487 2860 2861
f 2487 2861 2486
f 2486 2861 2485
f 2485 2861 2862
f 2485 2862 2484
f 2484 2862 2863
f 2484 2863 2483
f 2483 2863 2482
f 2482 2863 2864
f 2482 2864 2481
f 2481 2864 2865
f 2481 2865 2480
f 2480 2865 2479
f 2479 2865 2866
f 2479 2866 2478
f 2478 2866 1822
f 1822 2866 2663
f 1822 2663 1821
f 2757 2756 2859
f 2859 2756 2860
f 2756 2656 2860
f 2860 2656 2657
f 2860 2657 2861
f 2861 2657 2658
f 2861 2658 2862
f 2862 2658 2659
f 2862 2659 2863
f 2863 2659 2660
f 2863 2660 2864
f 2864 2660 2661
f 2864 2661 2865
f 2865 2661 2662
f 2865 2662 2866
f 2866 2662 2663
f 2601 2600 2858
f 2858 2600 2857
f 2600 2599 2857
f 2857 2599 2856
f 2599 2581 2856
f 2856 2581 2855
f 2581 2582 2855
f 2855 2582 2854
f 2582 2583 2854
f 2854 2583 2853
f 2583 2584 2853
f 2853 2584 2852
f 2867 1737 2510
f 1738 1737 2867
f 2640 1738 2867
f 2868 2640 2867
f 2641 2640 2868
f 2869 2641 2868
f 2642 2641 2869
f 2870 2642 2869
f 2742 2642 2870
f 2871 2742 2870
f 2743 2742 2871
f 2872 2743 2871
f 2744 2743 2872
f 2873 2744 2872
f 2873 2744 2874
f 2873 2874 2597
f 2597 2874 2596
f 2596 2874 2875
f 2596 2875 2490
f 2490 2875 2491
f 2491 2875 2876
f 2491 2876 2492
f 2492 2876 2877
f 2492 2877 2603
f 2603 2877 2878
f 2603 2878 2604
f 2604 2878 2879
f 2604 2879 2605
f 2605 2879 2880
f 2605 2880 2606
f 2606 2880 2881
f 2606 2881 2489
f 2489 2881 1778
f 1778 2881 2654
f 1778 2654 1779
f 2744 2745 2874
f 2874 2745 2875
f 2745 2746 2875
f 2875 2746 2747
f 2875 2747 2876
f 2876 2747 2748
f 2876 2748 2877
f 2877 2748 2749
f 2877 2749 2878
f 2878 2749 2750
f 2878 2750 2879
f 2879 2750 2653
f 2879 2653 2880
f 2880 2653 2655
f 2880 2655 2881
f 2881 2655 2654
f 2872 2597 2873
f 2598 2597 2872
f 2871 2598 2872
f 2509 2598 2871
f 2870 2509 2871
f 2508 2509 2870
f 2869 2508 2870
f 2511 2508 2869
f 2868 2511 2869
f 2510 2511 2868
f 2867 2510 2868
f 2523 1688 2882
f 2882 1688 1687
f 2882 1687 2618
f 2882 2618 2883
f 2883 2618 2620
f 2883 2620 2884
f 2884 2620 2619
f 2884 2619 2885
f 2885 2619 2622
f 2885 2622 2886
f 2886 2622 2621
f 2887 2621 2886
f 2624 2621 2887
f 2888 2624 2887
f 2889 2624 2888
f 2609 2889 2888
f 2610 2889 2609
f 2890 2889 2610
f 2520 2890 2610
f 2521 2890 2520
f 2891 2890 2521
f 2611 2891 2521
f 2892 2891 2611
f 2571 2892 2611
f 2893 2892 2571
f 2572 2893 2571
f 2894 2893 2572
f 2573 2894 2572
f 2895 2894 2573
f 2573 2895 2569
f 2569 2895 2896
f 2569 2896 2570
f 2570 2896 1729
f 1729 2896 2760
f 1729 2760 1730
f 2889 2623 2624
f 2890 2623 2889
f 2890 2761 2623
f 2730 2761 2890
f 2891 2730 2890
f 2729 2730 2891
f 2892 2729 2891
f 2728 2729 2892
f 2893 2728 2892
f 2733 2728 2893
f 2894 2733 2893
f 2732 2733 2894
f 2895 2732 2894
f 2731 2732 2895
f 2895 2731 2896
f 2896 2731 2760
f 2887 2609 2888
f 2608 2609 2887
f 2887 2608 2886
f 2886 2608 2607
f 2886 2607 2885
f 2885 2607 2525
f 2885 2525 2884
f 2884 2525 2524
f 2884 2524 2883
f 2883 2524 2523
f 2883 2523 2882
f 2897 1635 2519
f 1636 1635 2897
f 2625 1636 2897
f 2897 2626 2625
f 2898 2626 2897
f 2519 2898 2897
f 2518 2898 2519
f 2899 2898 2518
f 2517 2899 2518
f 2900 2899 2517
f 2516 2900 2517
f 2901 2900 2516
f 2515 2901 2516
f 2902 2901 2515
f 2514 2902 2515
f 2514 2902 2903
f 2514 2903 2904
f 2904 2903 2633
f 2904 2633 2634
f 2898 2627 2626
f 2899 2627 2898
f 2899 2628 2627
f 2900 2628 2899
f 2900 2629 2628
f 2901 2629 2900
f 2901 2630 2629
f 2902 2630 2901
f 2902 2631 2630
f 2632 2631 2902
f 2903 2632 2902
f 2633 2632 2903
f 2904 2634 2905
f 2905 2634 2635
f 2905 2635 2906
f 2636 2635 2906
f 2637 2636 2906
f 2907 2637 2906
f 2638 2637 2907
f 2908 2638 2907
f 2639 2638 2908
f 2725 2639 2908
f 2909 2725 2908
f 2724 2725 2909
f 2910 2724 2909
f 2727 2724 2910
f 2911 2727 2910
f 2726 2727 2911
f 1682 2726 2911
f 1680 2726 1682
f 2911 2522 1682
f 2575 2522 2911
f 2910 2575 2911
f 2576 2575 2910
f 2909 2576 2910
f 2577 2576 2909
f 2908 2577 2909
f 2578 2577 2908
f 2907 2578 2908
f 2579 2578 2907
f 2906 2579 2907
f 2580 2579 2906
f 2906 2580 2905
f 2905 2580 2512
f 2905 2512 2513
f 2905 2513 2904
f 2904 2513 2514
f 2912 1582 2530
f 2912 1582 1581
f 2912 1581 2696
f 2912 2696 2913
f 2913 2696 2697
f 2913 2697 2914
f 2914 2697 2698
f 2914 2698 2915
f 2915 2698 2699
f 2915 2699 2916
f 2916 2699 2700
f 2916 2700 2917
f 2917 2700 2701
f 2917 2701 2918
f 2918 2701 2702
f 2918 2702 2919
f 2919 2702 2703
f 2704 2703 2919
f 2920 2704 2919
f 2705 2704 2920
f 2921 2705 2920
f 2706 2705 2921
f 2707 2706 2921
f 2922 2707 2921
f 2708 2707 2922
f 2923 2708 2922
f 2709 2708 2923
f 2710 2709 2923
f 2924 2710 2923
f 2711 2710 2924
f 2925 2711 2924
f 2712 2711 2925
f 2713 2712 2925
f 2926 2713 2925
f 2714 2713 2926
f 1627 2714 2926
f 1628 2714 1627
f 2926 2563 1627
f 2562 2563 2926
f 2925 2562 2926
f 2614 2562 2925
f 2924 2614 2925
f 2566 2614 2924
f 2923 2566 2924
f 2565 2566 2923
f 2922 2565 2923
f 2564 2565 2922
f 2921 2564 2922
f 2568 2564 2921
f 2920 2568 2921
f 2567 2568 2920
f 2613 2567 2920
f 2919 2613 2920
f 2612 2613 2919
f 2919 2612 2918
f 2918 2612 2917
f 2612 2528 2917
f 2917 2528 2916
f 2528 2527 2916
f 2916 2527 2915
f 2915 2526 2527
f 2914 2526 2915
f 2914 2529 2526
f 2913 2529 2914
f 2913 2530 2529
f 2913 2530 2912
f 2561 1533 2927
f 2927 1533 1532
f 2927 1532 2682
f 2928 2682 2927
f 2683 2682 2928
f 2929 2683 2928
f 2684 2683 2929
f 2930 2684 2929
f 2685 2684 2930
f 2931 2685 2930
f 2931 2685 2686
f 2931 2686 2932
f 2932 2686 2687
f 2932 2687 2933
f 2933 2687 2934
f 2933 2934 2556
f 2556 2934 2555
f 2555 2934 2935
f 2555 2935 2554
f 2554 2935 2537
f 2537 2935 2936
f 2537 2936 2536
f 2536 2936 2937
f 2536 2937 2535
f 2535 2937 2938
f 2535 2938 2534
f 2534 2938 2939
f 2534 2939 2533
f 2533 2939 2940
f 2533 2940 2532
f 2532 2940 2941
f 2532 2941 2531
f 2531 2941 1574
f 1574 2941 2680
f 1574 2680 1575
f 2687 2688 2934
f 2934 2688 2935
f 2688 2689 2935
f 2935 2689 2691
f 2935 2691 2936
f 2936 2691 2692
f 2936 2692 2937
f 2937 2692 2693
f 2937 2693 2938
f 2938 2693 2694
f 2938 2694 2939
f 2939 2694 2695
f 2939 2695 2940
f 2940 2695 2681
f 2940 2681 2941
f 2941 2681 2680
f 2933 2556 2932
f 2932 2556 2557
f 2932 2557 2931
f 2558 2557 2931
f 2930 2558 2931
f 2559 2558 2930
f 2929 2559 2930
f 2560 2559 2929
f 2928 2560 2929
f 2561 2560 2928
f 2927 2561 2928
f 2553 1481 1480
f 2942 1481 2553
f 2615 2942 2553
f 2943 2942 2615
f 2550 2943 2615
f 2944 2943 2550
f 2551 2944 2550
f 2945 2944 2551
f 2552 2945 2551
f 2946 2945 2552
f 2616 2946 2552
f 2947 2946 2616
f 2617 2947 2616
f 2547 2947 2617
f 2948 2947 2547
f 2548 2948 2547
f 2949 2948 2548
f 2549 2949 2548
f 2950 2949 2549
f 2546 2950 2549
f 2951 2950 2546
f 2545 2951 2546
f 2544 2951 2545
f 2952 2951 2544
f 2543 2952 2544
f 2953 2952 2543
f 2542 2953 2543
f 2541 2953 2542
f 2954 2953 2541
f 2540 2954 2541
f 2955 2954 2540
f 2539 2955 2540
f 2956 2955 2539
f 2538 2956 2539
f 1516 2956 2538
f 2679 2956 1516
f 1515 2679 1516
f 2942 2734 1481
f 2943 2734 2942
f 2943 2735 2734
f 2944 2735 2943
f 2944 2736 2735
f 2945 2736 2944
f 2945 2737 2736
f 2946 2737 2945
f 2946 2738 2737
f 2947 2738 2946
f 2947 2739 2738
f 2948 2739 2947
f 2949 2739 2948
f 2740 2739 2949
f 2950 2740 2949
f 2741 2740 2950
f 2676 2741 2950
f 2951 2676 2950
f 2675 2676 2951
f 2952 2675 2951
f 2674 2675 2952
f 2953 2674 2952
f 2673 2674 2953
f 2954 2673 2953
f 2677 2673 2954
f 2955 2677 2954
f 2678 2677 2955
f 2956 2678 2955
f 2679 2678 2956
f 2957 2958 2959
f 2960 2958 2957
f 2961 2960 2957
f 2962 2961 2957
f 2963 2961 2962
f 2964 2963 2962
f 2965 2963 2964
f 2966 2965 2964
f 2967 2965 2966
f 2968 2967 2966
f 2969 2967 2968
f 2970 2969 2968
f 2971 2969 2970
f 2972 2971 2970
f 2973 2971 2972
f 2974 2973 2972
f 2975 2973 2974
f 2976 2973 2975
f 2975 2976 2977
f 2977 2976 2978
f 2978 2976 2979
f 2980 2979 2978
f 2981 2979 2980
f 2982 2981 2980
f 2983 2981 2982
f 2984 2983 2982
f 2985 2983 2984
f 2986 2985 2984
f 2987 2985 2986
f 2988 2987 2986
f 2988 2987 2989
f 2990 2989 2988
f 2990 2989 2991
f 2991 2989 2992
f 2991 2992 2993
f 2973 2994 2971
f 2976 2994 2973
f 2994 2995 2976
f 2976 2995 2996
f 2976 2996 2979
f 2979 2996 2997
f 2981 2997 2979
f 2998 2997 2981
f 2983 2998 2981
f 2999 2998 2983
f 2985 2999 2983
f 3000 2999 2985
f 2987 3000 2985
f 3001 3000 2987
f 2987 3001 2989
f 2989 3001 2992
f 2970 2974 2972
f 3002 2974 2970
f 2968 3002 2970
f 3003 3002 2968
f 2966 3003 2968
f 3004 3003 2966
f 2964 3004 2966
f 3005 3004 2964
f 2962 3005 2964
f 2959 3005 2962
f 2957 2959 2962
f 3006 3007 3008
f 3009 3007 3006
f 3010 3009 3006
f 3011 3009 3010
f 3012 3011 3010
f 3013 3011 3012
f 3014 3013 3012
f 3014 3013 3015
f 3014 3015 3016
f 3016 3015 3017
f 3016 3017 3018
f 3019 3017 3018
f 3020 3019 3018
f 3021 3019 3020
f 3022 3021 3020
f 3023 3021 3022
f 3024 3021 3023
f 3025 3024 3023
f 3026 3024 3025
f 3027 3026 3025
f 3028 3026 3027
f 3029 3028 3027
f 3009 3030 3007
f 3031 3030 3009
f 3011 3031 3009
f 3032 3031 3011
f 3013 3032 3011
f 3033 3032 3013
f 3015 3033 3013
f 3034 3033 3015
f 3017 3034 3015
f 3035 3034 3017
f 3019 3035 3017
f 3036 3035 3019
f 3021 3036 3019
f 3037 3036 3021
f 3038 3037 3021
f 3024 3038 3021
f 3028 3038 3024
f 3026 3028 3024
f 3039 3029 3027
f 3040 3029 3039
f 3041 3040 3039
f 3042 3040 3041
f 3043 3042 3041
f 3044 3042 3043
f 3045 3044 3043
f 3046 3044 3045
f 3047 3046 3045
f 3047 3046 3048
f 3047 3048 3049
f 3047 3050 3049
f 3045 3050 3047
f 3045 3051 3050
f 3043 3051 3045
f 3043 3052 3051
f 3041 3052 3043
f 3041 3053 3052
f 3039 3053 3041
f 3039 3054 3053
f 3027 3054 3039
f 3027 3025 3054
f 3055 3056 3057
f 3058 3056 3055
f 3059 3058 3055
f 3060 3058 3059
f 3061 3060 3059
f 3062 3060 3061
f 3063 3062 3061
f 3064 3062 3063
f 3065 3064 3063
f 3066 3064 3065
f 3067 3066 3065
f 3068 3066 3067
f 3069 3068 3067
f 3070 3068 3069
f 3069 3070 3071
f 3071 3070 3072
f 3072 3070 3073
f 3072 3073 3074
f 3074 3073 3075
f 3074 3075 3076
f 3076 3075 3077
f 3076 3077 3078
f 3058 3079 3056
f 3080 3079 3058
f 3060 3080 3058
f 3081 3080 3060
f 3062 3081 3060
f 3082 3081 3062
f 3064 3082 3062
f 3083 3082 3064
f 3066 3083 3064
f 3084 3083 3066
f 3068 3084 3066
f 3085 3084 3068
f 3070 3085 3068
f 3086 3085 3070
f 3087 3086 3070
f 3070 3087 3073
f 3073 3087 3077
f 3073 3077 3075
f 3076 3078 3088
f 3088 3078 3089
f 3088 3089 3090
f 3090 3089 3091
f 3092 3091 3090
f 3093 3091 3092
f 3094 3093 3092
f 3095 3093 3094
f 3094 3095 3096
f 3096 3095 3097
f 3096 3097 3098
f 3096 3099 3098
f 3094 3099 3096
f 3094 3100 3099
f 3092 3100 3094
f 3092 3101 3100
f 3090 3101 3092
f 3090 3102 3101
f 3090 3102 3088
f 3102 3103 3088
f 3088 3103 3076
f 3103 3074 3076
f 3104 3105 3106
f 3106 3105 3107
f 3108 3107 3106
f 3109 3107 3108
f 3110 3109 3108
f 3111 3109 3110
f 3112 3111 3110
f 3113 3111 3112
f 3114 3113 3112
f 3115 3113 3114
f 3116 3115 3114
f 3117 3115 3116
f 3118 3117 3116
f 3119 3117 3118
f 3120 3119 3118
f 3120 3119 3121
f 3121 3119 3122
f 3121 3122 3123
f 3123 3122 3124
f 3123 3124 3125
f 3125 3124 3126
f 3127 3126 3125
f 3105 3128 3107
f 3107 3128 3129
f 3109 3129 3107
f 3130 3129 3109
f 3111 3130 3109
f 3111 3130 3131
f 3113 3131 3111
f 3113 3131 3132
f 3115 3132 3113
f 3133 3132 3115
f 3117 3133 3115
f 3134 3133 3117
f 3119 3134 3117
f 3119 3134 3135
f 3119 3135 3136
f 3119 3136 3122
f 3126 3136 3122
f 3122 3126 3124
f 3125 3127 3137
f 3138 3127 3137
f 3139 3138 3137
f 3140 3138 3139
f 3141 3140 3139
f 3142 3140 3141
f 3143 3142 3141
f 3144 3142 3143
f 3145 3144 3143
f 3146 3144 3145
f 3147 3146 3145
f 3145 3148 3147
f 3143 3148 3145
f 3143 3149 3148
f 3141 3149 3143
f 3141 3150 3149
f 3139 3150 3141
f 3139 3151 3150
f 3137 3151 3139
f 3151 3152 3137
f 3137 3152 3125
f 3152 3123 3125
f 3153 3154 3155
f 3156 3154 3153
f 3157 3156 3153
f 3158 3156 3157
f 3159 3158 3157
f 3160 3158 3159
f 3161 3160 3159
f 3162 3160 3161
f 3163 3162 3161
f 3164 3162 3163
f 3165 3164 3163
f 3166 3164 3165
f 3167 3166 3165
f 3168 3166 3167
f 3169 3168 3167
f 3170 3168 3169
f 3171 3168 3170
f 3172 3171 3170
f 3173 3171 3172
f 3174 3173 3172
f 3175 3173 3174
f 3176 3175 3174
f 3156 3177 3154
f 3178 3177 3156
f 3158 3178 3156
f 3179 3178 3158
f 3160 3179 3158
f 3180 3179 3160
f 3162 3180 3160
f 3181 3180 3162
f 3164 3181 3162
f 3182 3181 3164
f 3166 3182 3164
f 3183 3182 3166
f 3168 3183 3166
f 3184 3183 3168
f 3185 3184 3168
f 3171 3185 3168
f 3175 3185 3171
f 3173 3175 3171
f 3186 3176 3174
f 3187 3176 3186
f 3188 3187 3186
f 3189 3187 3188
f 3188 3189 3190
f 3191 3189 3190
f 3190 3191 3192
f 3192 3191 3193
f 3194 3193 3192
f 3195 3193 3194
f 3196 3195 3194
f 3194 3197 3196
f 3192 3197 3194
f 3192 3198 3197
f 3192 3198 3190
f 3198 3199 3190
f 3190 3199 3188
f 3199 3200 3188
f 3186 3200 3188
f 3186 3201 3200
f 3174 3201 3186
f 3174 3172 3201
f 3202 3203 3204
f 3204 3203 3205
f 3204 3205 3206
f 3207 3205 3206
f 3208 3207 3206
f 3209 3207 3208
f 3210 3209 3208
f 3211 3209 3210
f 3212 3211 3210
f 3213 3211 3212
f 3214 3213 3212
f 3215 3213 3214
f 3216 3215 3214
f 3217 3215 3216
f 3218 3217 3216
f 3219 3217 3218
f 3220 3217 3219
f 3221 3220 3219
f 3222 3220 3221
f 3223 3222 3221
f 3224 3222 3223
f 3225 3224 3223
f 3203 3226 3205
f 3227 3226 3205
f 3207 3227 3205
f 3228 3227 3207
f 3209 3228 3207
f 3229 3228 3209
f 3211 3229 3209
f 3230 3229 3211
f 3213 3230 3211
f 3231 3230 3213
f 3215 3231 3213
f 3232 3231 3215
f 3217 3232 3215
f 3233 3232 3217
f 3234 3233 3217
f 3220 3234 3217
f 3224 3234 3220
f 3222 3224 3220
f 3235 3225 3223
f 3236 3225 3235
f 3237 3236 3235
f 3238 3236 3237
f 3239 3238 3237
f 3240 3238 3239
f 3241 3240 3239
f 3242 3240 3241
f 3243 3242 3241
f 3244 3242 3243
f 3243 3244 3245
f 3245 3246 3243
f 3243 3246 3241
f 3246 3247 3241
f 3239 3247 3241
f 3239 3248 3247
f 3237 3248 3239
f 3237 3249 3248
f 3235 3249 3237
f 3235 3250 3249
f 3223 3250 3235
f 3223 3221 3250
f 3251 3252 3253
f 3253 3252 3254
f 3255 3254 3253
f 3256 3254 3255
f 3257 3256 3255
f 3258 3256 3257
f 3259 3258 3257
f 3260 3258 3259
f 3261 3260 3259
f 3262 3260 3261
f 3263 3262 3261
f 3264 3262 3263
f 3265 3264 3263
f 3266 3264 3265
f 3267 3266 3265
f 3268 3266 3267
f 3269 3266 3268
f 3270 3269 3268
f 3271 3269 3270
f 3270 3271 3272
f 3272 3271 3273
f 3274 3273 3272
f 3254 3275 3252
f 3276 3275 3254
f 3256 3276 3254
f 3277 3276 3256
f 3258 3277 3256
f 3278 3277 3258
f 3260 3278 3258
f 3279 3278 3260
f 3262 3279 3260
f 3280 3279 3262
f 3264 3280 3262
f 3281 3280 3264
f 3266 3281 3264
f 3282 3281 3266
f 3283 3282 3266
f 3269 3283 3266
f 3273 3283 3269
f 3271 3273 3269
f 3272 3274 3284
f 3284 3274 3285
f 3286 3285 3284
f 3286 3285 3287
f 3286 3287 3288
f 3288 3287 3289
f 3288 3289 3290
f 3290 3289 3291
f 3290 3291 3292
f 3292 3291 3293
f 3292 3293 3294
f 3294 3295 3292
f 3292 3295 3290
f 3295 3296 3290
f 3290 3296 3288
f 3296 3297 3288
f 3288 3297 3286
f 3297 3298 3286
f 3284 3298 3286
f 3284 3299 3298
f 3284 3299 3272
f 3299 3270 3272
f 3300 3301 3302
f 3303 3301 3300
f 3304 3303 3300
f 3305 3303 3304
f 3306 3305 3304
f 3307 3305 3306
f 3308 3307 3306
f 3309 3307 3308
f 3310 3309 3308
f 3311 3309 3310
f 3312 3311 3310
f 3313 3311 3312
f 3314 3313 3312
f 3315 3313 3314
f 3316 3315 3314
f 3317 3315 3316
f 3318 3315 3317
f 3319 3318 3317
f 3320 3318 3319
f 3321 3320 3319
f 3322 3320 3321
f 3323 3322 3321
f 3303 3324 3301
f 3325 3324 3303
f 3305 3325 3303
f 3326 3325 3305
f 3307 3326 3305
f 3327 3326 3307
f 3309 3327 3307
f 3328 3327 3309
f 3311 3328 3309
f 3329 3328 3311
f 3313 3329 3311
f 3330 3329 3313
f 3315 3330 3313
f 3331 3330 3315
f 3332 3331 3315
f 3318 3332 3315
f 3322 3332 3318
f 3320 3322 3318
f 3333 3323 3321
f 3334 3323 3333
f 3335 3334 3333
f 3336 3334 3335
f 3337 3336 3335
f 3338 3336 3337
f 3339 3338 3337
f 3340 3338 3339
f 3341 3340 3339
f 3342 3340 3341
f 3343 3342 3341
f 3341 3344 3343
f 3339 3344 3341
f 3339 3345 3344
f 3337 3345 3339
f 3337 3346 3345
f 3335 3346 3337
f 3335 3347 3346
f 3333 3347 3335
f 3333 3348 3347
f 3321 3348 3333
f 3321 3319 3348
f 3349 3350 3351
f 3351 3350 3352
f 3351 3352 3353
f 3353 3352 3354
f 3353 3354 3355
f 3355 3354 3356
f 3355 3356 3357
f 3358 3356 3357
f 3359 3358 3357
f 3360 3358 3359
f 3361 3360 3359
f 3362 3360 3361
f 3363 3362 3361
f 3364 3362 3363
f 3365 3364 3363
f 3366 3364 3365
f 3366 3364 3367
f 3366 3367 3368
f 3368 3367 3369
f 3368 3369 3370
f 3370 3369 3371
f 3370 3371 3372
f 3350 3373 3352
f 3352 3373 3374
f 3352 3374 3354
f 3354 3374 3375
f 3354 3375 3356
f 3356 3375 3376
f 3358 3376 3356
f 3377 3376 3358
f 3360 3377 3358
f 3378 3377 3360
f 3362 3378 3360
f 3379 3378 3362
f 3364 3379 3362
f 3380 3379 3364
f 3381 3380 3364
f 3364 3381 3367
f 3367 3381 3371
f 3367 3371 3369
f 3370 3372 3382
f 3382 3372 3383
f 3382 3383 3384
f 3384 3383 3385
f 3384 3385 3386
f 3386 3385 3387
f 3388 3387 3386
f 3389 3387 3388
f 3390 3389 3388
f 3391 3389 3390
f 3390 3391 3392
f 3390 3393 3392
f 3388 3393 3390
f 3388 3394 3393
f 3386 3394 3388
f 3386 3395 3394
f 3386 3395 3384
f 3395 3396 3384
f 3384 3396 3382
f 3396 3397 3382
f 3382 3397 3370
f 3397 3368 3370
f 3398 3399 3400
f 3401 3399 3398
f 3402 3401 3398
f 3403 3401 3402
f 3404 3403 3402
f 3405 3403 3404
f 3406 3405 3404
f 3407 3405 3406
f 3408 3407 3406
f 3409 3407 3408
f 3410 3409 3408
f 3411 3409 3410
f 3412 3411 3410
f 3413 3411 3412
f 3414 3413 3412
f 3415 3413 3414
f 3416 3413 3415
f 3417 3416 3415
f 3418 3416 3417
f 3419 3418 3417
f 3420 3418 3419
f 3421 3420 3419
f 3401 3422 3399
f 3423 3422 3401
f 3403 3423 3401
f 3424 3423 3403
f 3405 3424 3403
f 3425 3424 3405
f 3407 3425 3405
f 3426 3425 3407
f 3409 3426 3407
f 3427 3426 3409
f 3411 3427 3409
f 3428 3427 3411
f 3413 3428 3411
f 3429 3428 3413
f 3430 3429 3413
f 3416 3430 3413
f 3420 3430 3416
f 3418 3420 3416
f 3431 3421 3419
f 3432 3421 3431
f 3433 3432 3431
f 3434 3432 3433
f 3435 3434 3433
f 3436 3434 3435
f 3437 3436 3435
f 3437 3436 3438
f 3439 3438 3437
f 3440 3438 3439
f 3441 3440 3439
f 3439 3442 3441
f 3437 3442 3439
f 3437 3443 3442
f 3435 3443 3437
f 3435 3444 3443
f 3433 3444 3435
f 3433 3445 3444
f 3431 3445 3433
f 3431 3446 3445
f 3419 3446 3431
f 3419 3417 3446
f 3447 3448 3449
f 3450 3448 3447
f 3451 3450 3447
f 3452 3450 3451
f 3453 3452 3451
f 3454 3452 3453
f 3455 3454 3453
f 3456 3454 3455
f 3457 3456 3455
f 3458 3456 3457
f 3459 3458 3457
f 3460 3458 3459
f 3461 3460 3459
f 3462 3460 3461
f 3463 3462 3461
f 3464 3462 3463
f 3465 3462 3464
f 3466 3465 3464
f 3467 3465 3466
f 3468 3467 3466
f 3469 3467 3468
f 3470 3469 3468
f 3448 3471 3450
f 3450 3471 3472
f 3452 3472 3450
f 3473 3472 3452
f 3454 3473 3452
f 3474 3473 3454
f 3456 3474 3454
f 3475 3474 3456
f 3458 3475 3456
f 3476 3475 3458
f 3460 3476 3458
f 3477 3476 3460
f 3462 3477 3460
f 3478 3477 3462
f 3479 3478 3462
f 3465 3479 3462
f 3469 3479 3465
f 3467 3469 3465
f 3480 3470 3468
f 3481 3470 3480
f 3482 3481 3480
f 3483 3481 3482
f 3484 3483 3482
f 3485 3483 3484
f 3486 3485 3484
f 3487 3485 3486
f 3488 3487 3486
f 3489 3487 3488
f 3490 3489 3488
f 3488 3491 3490
f 3486 3491 3488
f 3486 3492 3491
f 3484 3492 3486
f 3484 3493 3492
f 3482 3493 3484
f 3482 3494 3493
f 3480 3494 3482
f 3480 3495 3494
f 3468 3495 3480
f 3468 3466 3495
f 3496 3497 3498
f 3499 3497 3496
f 3500 3499 3496
f 3501 3499 3500
f 3502 3501 3500
f 3503 3501 3502
f 3504 3503 3502
f 3505 3503 3504
f 3506 3505 3504
f 3507 3505 3506
f 3508 3507 3506
f 3509 3507 3508
f 3510 3509 3508
f 3511 3509 3510
f 3512 3511 3510
f 3513 3511 3512
f 3514 3511 3513
f 3515 3514 3513
f 3516 3514 3515
f 3517 3516 3515
f 3518 3516 3517
f 3519 3518 3517
f 3499 3520 3497
f 3521 3520 3499
f 3501 3521 3499
f 3522 3521 3501
f 3503 3522 3501
f 3523 3522 3503
f 3505 3523 3503
f 3524 3523 3505
f 3507 3524 3505
f 3525 3524 3507
f 3509 3525 3507
f 3526 3525 3509
f 3511 3526 3509
f 3527 3526 3511
f 3528 3527 3511
f 3514 3528 3511
f 3518 3528 3514
f 3516 3518 3514
f 3529 3519 3517
f 3530 3519 3529
f 3531 3530 3529
f 3532 3530 3531
f 3533 3532 3531
f 3534 3532 3533
f 3535 3534 3533
f 3536 3534 3535
f 3537 3536 3535
f 3538 3536 3537
f 3539 3538 3537
f 3537 3540 3539
f 3535 3540 3537
f 3535 3541 3540
f 3533 3541 3535
f 3533 3542 3541
f 3531 3542 3533
f 3531 3543 3542
f 3529 3543 3531
f 3529 3544 3543
f 3517 3544 3529
f 3517 3515 3544
f 3545 3546 3547
f 3548 3546 3545
f 3549 3548 3545
f 3550 3548 3549
f 3551 3550 3549
f 3552 3550 3551
f 3553 3552 3551
f 3554 3552 3553
f 3555 3554 3553
f 3556 3554 3555
f 3557 3556 3555
f 3558 3556 3557
f 3559 3558 3557
f 3560 3558 3559
f 3561 3560 3559
f 3562 3560 3561
f 3563 3560 3562
f 3564 3563 3562
f 3565 3563 3564
f 3566 3565 3564
f 3567 3565 3566
f 3568 3567 3566
f 3548 3569 3546
f 3570 3569 3548
f 3550 3570 3548
f 3571 3570 3550
f 3552 3571 3550
f 3572 3571 3552
f 3554 3572 3552
f 3573 3572 3554
f 3556 3573 3554
f 3574 3573 3556
f 3558 3574 3556
f 3575 3574 3558
f 3560 3575 3558
f 3576 3575 3560
f 3577 3576 3560
f 3563 3577 3560
f 3567 3577 3563
f 3565 3567 3563
f 3578 3568 3566
f 3579 3568 3578
f 3580 3579 3578
f 3581 3579 3580
f 3582 3581 3580
f 3583 3581 3582
f 3584 3583 3582
f 3585 3583 3584
f 3586 3585 3584
f 3587 3585 3586
f 3588 3587 3586
f 3586 3589 3588
f 3584 3589 3586
f 3584 3590 3589
f 3582 3590 3584
f 3582 3591 3590
f 3580 3591 3582
f 3580 3592 3591
f 3578 3592 3580
f 3578 3593 3592
f 3566 3593 3578
f 3566 3564 3593
f 3594 3595 3596
f 3597 3595 3594
f 3598 3597 3594
f 3599 3597 3598
f 3600 3599 3598
f 3601 3599 3600
f 3602 3601 3600
f 3603 3601 3602
f 3604 3603 3602
f 3605 3603 3604
f 3606 3605 3604
f 3607 3605 3606
f 3608 3607 3606
f 3609 3607 3608
f 3610 3609 3608
f 3611 3609 3610
f 3612 3609 3611
f 3613 3612 3611
f 3614 3612 3613
f 3615 3614 3613
f 3616 3614 3615
f 3617 3616 3615
f 3597 3618 3595
f 3619 3618 3597
f 3599 3619 3597
f 3620 3619 3599
f 3601 3620 3599
f 3621 3620 3601
f 3603 3621 3601
f 3622 3621 3603
f 3605 3622 3603
f 3623 3622 3605
f 3607 3623 3605
f 3624 3623 3607
f 3609 3624 3607
f 3625 3624 3609
f 3626 3625 3609
f 3612 3626 3609
f 3616 3626 3612
f 3614 3616 3612
f 3627 3617 3615
f 3628 3617 3627
f 3629 3628 3627
f 3630 3628 3629
f 3631 3630 3629
f 3632 3630 3631
f 3633 3632 3631
f 3634 3632 3633
f 3635 3634 3633
f 3636 3634 3635
f 3637 3636 3635
f 3635 3638 3637
f 3633 3638 3635
f 3633 3639 3638
f 3631 3639 3633
f 3631 3640 3639
f 3629 3640 3631
f 3629 3641 3640
f 3627 3641 3629
f 3627 3642 3641
f 3615 3642 3627
f 3615 3613 3642
f 3643 3644 3645
f 3646 3644 3643
f 3647 3646 3643
f 3648 3646 3647
f 3649 3648 3647
f 3650 3648 3649
f 3651 3650 3649
f 3652 3650 3651
f 3653 3652 3651
f 3654 3652 3653
f 3655 3654 3653
f 3656 3654 3655
f 3657 3656 3655
f 3658 3656 3657
f 3659 3658 3657
f 3660 3658 3659
f 3661 3658 3660
f 3662 3661 3660
f 3663 3661 3662
f 3664 3663 3662
f 3665 3663 3664
f 3666 3665 3664
f 3646 3667 3644
f 3668 3667 3646
f 3648 3668 3646
f 3669 3668 3648
f 3650 3669 3648
f 3670 3669 3650
f 3652 3670 3650
f 3671 3670 3652
f 3654 3671 3652
f 3672 3671 3654
f 3656 3672 3654
f 3673 3672 3656
f 3658 3673 3656
f 3674 3673 3658
f 3675 3674 3658
f 3661 3675 3658
f 3665 3675 3661
f 3663 3665 3661
f 3676 3666 3664
f 3677 3666 3676
f 3678 3677 3676
f 3679 3677 3678
f 3680 3679 3678
f 3681 3679 3680
f 3682 3681 3680
f 3683 3681 3682
f 3684 3683 3682
f 3685 3683 3684
f 3686 3685 3684
f 3684 3687 3686
f 3682 3687 3684
f 3682 3688 3687
f 3680 3688 3682
f 3680 3689 3688
f 3678 3689 3680
f 3678 3690 3689
f 3676 3690 3678
f 3676 3691 3690
f 3664 3691 3676
f 3664 3662 3691
f 3692 3693 3694
f 3695 3693 3692
f 3696 3695 3692
f 3697 3695 3696
f 3698 3697 3696
f 3699 3697 3698
f 3700 3699 3698
f 3701 3699 3700
f 3702 3701 3700
f 3703 3701 3702
f 3704 3703 3702
f 3705 3703 3704
f 3706 3705 3704
f 3707 3705 3706
f 3708 3707 3706
f 3709 3707 3708
f 3710 3707 3709
f 3711 3710 3709
f 3712 3710 3711
f 3713 3712 3711
f 3714 3712 3713
f 3715 3714 3713
f 3695 3716 3693
f 3717 3716 3695
f 3697 3717 3695
f 3718 3717 3697
f 3699 3718 3697
f 3719 3718 3699
f 3701 3719 3699
f 3720 3719 3701
f 3703 3720 3701
f 3721 3720 3703
f 3705 3721 3703
f 3722 3721 3705
f 3707 3722 3705
f 3723 3722 3707
f 3724 3723 3707
f 3710 3724 3707
f 3714 3724 3710
f 3712 3714 3710
f 3725 3715 3713
f 3726 3715 3725
f 3727 3726 3725
f 3728 3726 3727
f 3729 3728 3727
f 3730 3728 3729
f 3731 3730 3729
f 3732 3730 3731
f 3733 3732 3731
f 3734 3732 3733
f 3735 3734 3733
f 3733 3736 3735
f 3731 3736 3733
f 3731 3737 3736
f 3729 3737 3731
f 3729 3738 3737
f 3727 3738 3729
f 3727 3739 3738
f 3725 3739 3727
f 3725 3740 3739
f 3713 3740 3725
f 3713 3711 3740
f 3741 3742 3743
f 3744 3742 3741
f 3745 3744 3741
f 3746 3744 3745
f 3747 3746 3745
f 3748 3746 3747
f 3749 3748 3747
f 3750 3748 3749
f 3751 3750 3749
f 3752 3750 3751
f 3753 3752 3751
f 3754 3752 3753
f 3755 3754 3753
f 3756 3754 3755
f 3757 3756 3755
f 3758 3756 3757
f 3759 3756 3758
f 3760 3759 3758
f 3761 3759 3760
f 3762 3761 3760
f 3763 3761 3762
f 3764 3763 3762
f 3744 3765 3742
f 3766 3765 3744
f 3746 3766 3744
f 3767 3766 3746
f 3748 3767 3746
f 3768 3767 3748
f 3750 3768 3748
f 3769 3768 3750
f 3752 3769 3750
f 3770 3769 3752
f 3754 3770 3752
f 3771 3770 3754
f 3756 3771 3754
f 3772 3771 3756
f 3773 3772 3756
f 3759 3773 3756
f 3763 3773 3759
f 3761 3763 3759
f 3774 3764 3762
f 3775 3764 3774
f 3776 3775 3774
f 3777 3775 3776
f 3778 3777 3776
f 3779 3777 3778
f 3780 3779 3778
f 3781 3779 3780
f 3782 3781 3780
f 3783 3781 3782
f 3784 3783 3782
f 3782 3785 3784
f 3780 3785 3782
f 3780 3786 3785
f 3778 3786 3780
f 3778 3787 3786
f 3776 3787 3778
f 3776 3788 3787
f 3774 3788 3776
f 3774 3789 3788
f 3762 3789 3774
f 3762 3760 3789
f 3790 3791 3792
f 3793 3791 3790
f 3794 3793 3790
f 3790 3792 3794
f 3792 692 3794
f 690 692 3792
f 3538 690 3792
f 3795 690 3538
f 689 690 3795
f 3796 689 3795
f 3797 689 3796
f 707 689 3797
f 3798 707 3797
f 3799 707 3798
f 3800 707 3799
f 680 707 3800
f 3801 680 3800
f 3801 680 3802
f 3802 680 3803
f 3803 680 3804
f 3804 680 679
f 3804 679 3805
f 3806 679 3805
f 3807 679 3806
f 708 679 3807
f 3808 708 3807
f 3809 708 3808
f 674 708 3809
f 3497 674 3809
f 3810 674 3497
f 3520 3810 3497
f 3521 3810 3520
f 3522 3810 3521
f 3523 3810 3522
f 3811 3810 3523
f 3524 3811 3523
f 3525 3811 3524
f 3526 3811 3525
f 3527 3811 3526
f 3528 3811 3527
f 3518 3811 3528
f 3519 3811 3518
f 3530 3811 3519
f 3792 3811 3530
f 3532 3792 3530
f 3534 3792 3532
f 3536 3792 3534
f 3538 3792 3536
f 3794 3581 3812
f 3579 3581 3794
f 3568 3579 3794
f 3812 3813 3814
f 3815 3813 3812
f 3816 3815 3812
f 3814 3817 3818
f 3819 3817 3814
f 3820 3819 3814
f 3818 3821 700
f 3822 3821 3818
f 3823 3822 3818
f 700 3570 698
f 3569 3570 700
f 3546 3569 700
f 698 3572 696
f 3571 3572 698
f 3570 3571 698
f 696 3575 694
f 3574 3575 696
f 3573 3574 696
f 694 3794 692
f 3576 3794 694
f 3575 3576 694
f 3810 666 674
f 3824 666 3810
f 665 666 3824
f 3625 665 3824
f 3626 665 3625
f 709 665 3626
f 3616 709 3626
f 3617 709 3616
f 3628 709 3617
f 655 709 3628
f 3630 655 3628
f 3632 655 3630
f 654 655 3632
f 3634 654 3632
f 3636 654 3634
f 3825 654 3636
f 3826 654 3825
f 3827 654 3826
f 3828 654 3827
f 3829 3828 3827
f 3830 3828 3829
f 3831 3828 3830
f 3832 3828 3831
f 3833 3828 3832
f 3834 3833 3832
f 3835 3833 3834
f 3836 3833 3835
f 3837 3833 3836
f 3838 3833 3837
f 3839 3833 3838
f 3840 3833 3839
f 3841 3840 3839
f 3842 3840 3841
f 3595 3840 3842
f 3618 3840 3595
f 3619 3840 3618
f 3620 3840 3619
f 3824 3840 3620
f 3621 3824 3620
f 3622 3824 3621
f 3623 3824 3622
f 3624 3824 3623
f 3625 3824 3624
f 3811 3843 3810
f 3844 3843 3811
f 3792 3844 3811
f 3812 3587 3816
f 3585 3587 3812
f 3583 3585 3812
f 3812 3581 3583
f 3794 3567 3568
f 3577 3567 3794
f 3576 3577 3794
f 696 3572 3573
f 700 3845 3546
f 3846 3845 700
f 3821 3846 700
f 3818 3847 3823
f 3817 3847 3818
f 3814 3848 3820
f 3849 3848 3814
f 3850 3849 3814
f 3814 3813 3850
f 3851 3852 3853
f 3854 3852 3851
f 3855 3854 3851
f 3851 3853 3855
f 3784 3856 3857
f 3858 3856 3784
f 3859 3858 3784
f 3860 3858 3859
f 3861 3860 3859
f 3856 3862 3857
f 3863 3862 3856
f 3864 3863 3856
f 3865 3863 3864
f 3866 3865 3864
f 3864 3867 3866
f 3868 3867 3864
f 3869 3867 3868
f 3870 3869 3868
f 3868 3871 3870
f 3872 3871 3868
f 3873 3872 3868
f 3874 3872 3873
f 3875 3874 3873
f 3873 3876 3875
f 3877 3876 3873
f 3878 3876 3877
f 3879 3878 3877
f 3877 3743 3879
f 3880 3743 3877
f 3853 3743 3880
f 3881 3853 3880
f 3882 3853 3881
f 3855 3853 3882
f 3708 3855 3882
f 3706 3855 3708
f 3704 3855 3706
f 3702 3855 3704
f 3700 3855 3702
f 3698 3855 3700
f 3883 3855 3698
f 3696 3883 3698
f 3692 3883 3696
f 3694 3883 3692
f 3884 3883 3694
f 3885 3883 3884
f 3886 3883 3885
f 3887 3883 3886
f 3888 3887 3886
f 3889 3887 3888
f 3890 3887 3889
f 3891 3887 3890
f 3892 3887 3891
f 3893 3887 3892
f 3894 3887 3893
f 3895 3894 3893
f 3896 3894 3895
f 3897 3894 3896
f 3898 3894 3897
f 3899 3894 3898
f 3900 3899 3898
f 3901 3899 3900
f 3735 3899 3901
f 3736 3899 3735
f 3902 3899 3736
f 3737 3902 3736
f 3738 3902 3737
f 3739 3902 3738
f 3903 3902 3739
f 3740 3903 3739
f 3711 3903 3740
f 3709 3903 3711
f 3882 3903 3709
f 3708 3882 3709
f 3853 3741 3743
f 3745 3741 3853
f 3747 3745 3853
f 3904 3747 3853
f 3749 3747 3904
f 3751 3749 3904
f 3904 3753 3751
f 3755 3753 3904
f 3757 3755 3904
f 3904 3758 3757
f 3760 3758 3904
f 3789 3760 3904
f 3904 3788 3789
f 3787 3788 3904
f 3859 3787 3904
f 3786 3787 3859
f 3785 3786 3859
f 3859 3784 3785
f 3905 3686 3687
f 3906 3686 3905
f 3907 3906 3905
f 3905 3908 3907
f 3909 3908 3905
f 3910 3908 3909
f 3911 3910 3909
f 3909 3912 3911
f 3913 3912 3909
f 3914 3913 3909
f 3909 3915 3914
f 3916 3915 3909
f 3917 3915 3916
f 3918 3917 3916
f 3916 3919 3918
f 3920 3919 3916
f 3921 3920 3916
f 3922 3920 3921
f 3923 3922 3921
f 3921 3645 3923
f 3643 3645 3921
f 3924 3643 3921
f 3647 3643 3924
f 3649 3647 3924
f 3924 3651 3649
f 3925 3651 3924
f 3653 3651 3925
f 3655 3653 3925
f 3925 3657 3655
f 3861 3657 3925
f 3659 3657 3861
f 3926 3659 3861
f 3660 3659 3926
f 3662 3660 3926
f 3926 3691 3662
f 3690 3691 3926
f 3689 3690 3926
f 3905 3689 3926
f 3688 3689 3905
f 3687 3688 3905
f 3861 3859 3926
f 3904 3927 3859
f 3928 3927 3904
f 3853 3928 3904
f 3929 3810 3930
f 3824 3810 3929
f 3931 3824 3929
f 3929 3930 3931
f 3932 3931 3933
f 3824 3931 3932
f 3840 3824 3932
f 3932 3933 3840
f 3934 3859 3935
f 3926 3859 3934
f 3936 3926 3934
f 3934 3935 3936
f 3937 3936 3938
f 3926 3936 3937
f 3905 3926 3937
f 3937 3938 3905
f 3939 3940 3941
f 3942 3940 3939
f 3943 3942 3939
f 3939 3941 3943
f 3944 3943 3945
f 3942 3943 3944
f 3946 3942 3944
f 3944 3945 3946
f 3942 3947 3940
f 3948 3947 3942
f 3949 3948 3942
f 3940 3950 3951
f 3952 3950 3940
f 3953 3952 3940
f 3951 3399 3954
f 3955 3399 3951
f 3956 3955 3951
f 3954 3429 3957
f 3428 3429 3954
f 3427 3428 3954
f 3957 3035 3958
f 3034 3035 3957
f 3033 3034 3957
f 3958 3233 3959
f 3232 3233 3958
f 3231 3232 3958
f 3959 3175 3960
f 3185 3175 3959
f 3184 3185 3959
f 3960 3478 3844
f 3477 3478 3960
f 3476 3477 3960
f 3844 3489 3843
f 3487 3489 3844
f 3485 3487 3844
f 3843 3961 3962
f 3963 3961 3843
f 3964 3963 3843
f 3962 3965 3946
f 3966 3965 3962
f 3967 3966 3962
f 3946 3968 3942
f 3969 3968 3946
f 3970 3969 3946
f 3471 3448 3293
f 3293 3448 3971
f 3972 3971 3293
f 3293 3973 3972
f 3974 3973 3293
f 3975 3974 3293
f 3962 3975 3293
f 3976 3975 3962
f 3977 3976 3962
f 3962 3961 3977
f 3843 3978 3964
f 3979 3978 3843
f 3980 3979 3843
f 3843 3981 3980
f 3982 3981 3843
f 3489 3982 3843
f 3844 3483 3485
f 3481 3483 3844
f 3470 3481 3844
f 3844 3469 3470
f 3479 3469 3844
f 3478 3479 3844
f 3476 3274 3475
f 3273 3274 3476
f 3960 3273 3476
f 3283 3273 3960
f 3195 3283 3960
f 3282 3283 3195
f 3281 3282 3195
f 3285 3475 3274
f 3474 3475 3285
f 3287 3474 3285
f 3473 3474 3287
f 3287 3473 3289
f 3289 3473 3472
f 3289 3472 3291
f 3291 3472 3471
f 3291 3471 3293
f 3951 3983 3956
f 3984 3983 3951
f 3985 3984 3951
f 3951 3986 3985
f 3987 3986 3951
f 3950 3987 3951
f 3953 3988 3989
f 3990 3988 3953
f 3082 3990 3953
f 3991 3990 3082
f 3083 3991 3082
f 3084 3991 3083
f 3992 3991 3084
f 2982 3992 3084
f 2980 3992 2982
f 3993 3992 2980
f 3994 3993 2980
f 3995 3989 3988
f 3996 3989 3995
f 3997 3996 3995
f 3998 3996 3997
f 3999 3998 3997
f 4000 3998 3999
f 3999 4000 4001
f 4001 4000 4002
f 4001 4002 3350
f 3350 4002 3440
f 3350 3440 3438
f 3350 3438 3373
f 3373 3438 3436
f 3373 3436 3374
f 3374 3436 3434
f 3374 3434 3375
f 3432 3434 3375
f 3376 3432 3375
f 3421 3432 3376
f 3377 3421 3376
f 3420 3421 3377
f 3378 3420 3377
f 4003 3420 3378
f 3379 4003 3378
f 4004 4003 3379
f 4005 4004 3379
f 3957 3420 4003
f 3430 3420 3957
f 3429 3430 3957
f 3954 3426 3427
f 3425 3426 3954
f 3424 3425 3954
f 3954 3423 3424
f 3422 3423 3954
f 3399 3422 3954
f 2978 3994 2980
f 4006 3994 2978
f 4007 4006 2978
f 2978 4008 4007
f 2978 4008 4009
f 2978 4009 2977
f 2977 4009 4010
f 2977 4010 3391
f 3391 3389 2977
f 2977 3389 3387
f 2977 3387 2975
f 2975 3387 3385
f 2975 3385 3383
f 3383 3372 2975
f 2975 3372 3371
f 2975 3371 2974
f 3381 3371 2974
f 3380 3381 2974
f 3380 4005 3379
f 3002 4005 3380
f 2974 3002 3380
f 3301 4011 4012
f 4013 4011 3301
f 3324 4013 3301
f 4014 4013 3324
f 3325 4014 3324
f 4015 4014 3325
f 3326 4015 3325
f 4016 4015 3326
f 3327 4016 3326
f 4017 4016 3327
f 3328 4017 3327
f 2990 4017 3328
f 3329 2990 3328
f 3330 2990 3329
f 2991 2990 3330
f 3331 2991 3330
f 3332 2991 3331
f 3332 2991 4018
f 3332 4018 3322
f 3323 4018 3322
f 4019 4018 3323
f 3334 4019 3323
f 4020 4019 3334
f 3336 4020 3334
f 4021 4020 3336
f 3338 4021 3336
f 4022 4021 3338
f 3340 4022 3338
f 4023 4022 3340
f 3342 4023 3340
f 4024 4023 3342
f 4025 4024 3342
f 4026 4024 4025
f 4027 4024 4026
f 4028 4027 4026
f 3946 4027 4028
f 4029 3946 4028
f 4030 3946 4029
f 3970 3946 4030
f 4011 4031 4012
f 3949 4031 4011
f 4032 4031 3949
f 3942 4032 3949
f 4033 4032 3942
f 4034 4033 3942
f 3942 4035 4034
f 4036 4035 3942
f 3968 4036 3942
f 4037 3252 3275
f 4038 3252 4037
f 4039 4038 4037
f 4037 4040 4039
f 3136 4040 4037
f 4041 3136 4037
f 4041 3136 4042
f 4042 3136 4043
f 4043 3136 3135
f 4043 3135 3134
f 4040 3146 4044
f 3144 3146 4040
f 3142 3144 4040
f 3146 4045 4044
f 4046 4045 3146
f 4047 4046 3146
f 3146 4048 4047
f 4049 4048 3146
f 3962 4049 3146
f 4050 4049 3962
f 4051 4050 3962
f 3962 4052 4051
f 4053 4052 3962
f 4054 4053 3962
f 3962 4055 4054
f 3293 4055 3962
f 3195 3280 3281
f 3279 3280 3195
f 3278 3279 3195
f 3195 3277 3278
f 4056 3277 3195
f 4057 3277 4056
f 4058 3277 4057
f 4059 3277 4058
f 4060 3277 4059
f 4061 3277 4060
f 4060 4061 4062
f 4062 4061 4063
f 4062 4063 4064
f 4064 4063 4065
f 4065 4063 4066
f 4067 4063 4066
f 4068 4067 4066
f 4069 4067 4068
f 4070 4067 4069
f 4071 4067 4070
f 4072 4071 4070
f 4073 4071 4072
f 4074 4071 4073
f 4075 4071 4074
f 3154 4075 4074
f 3177 4075 3154
f 3178 4075 3177
f 3179 4075 3178
f 3244 4075 3179
f 3180 3244 3179
f 3181 3244 3180
f 3182 3244 3181
f 3183 3244 3182
f 3242 3244 3183
f 3240 3242 3183
f 4076 3277 4061
f 3276 3277 4076
f 4076 3276 4037
f 3275 3276 4037
f 3203 3028 4077
f 3038 3028 3203
f 3226 3038 3203
f 3227 3038 3226
f 3037 3038 3227
f 3228 3037 3227
f 3958 3037 3228
f 3229 3958 3228
f 3230 3958 3229
f 3231 3958 3230
f 3029 4077 3028
f 4078 4077 3029
f 3040 4078 3029
f 4079 4078 3040
f 3042 4079 3040
f 3042 4079 4080
f 3044 4080 3042
f 3044 4080 4081
f 3044 4081 2959
f 2959 4081 4082
f 4083 4082 2959
f 2958 4083 2959
f 4084 4083 2958
f 4085 4084 2958
f 4086 4085 2958
f 4087 4085 4086
f 4088 4087 4086
f 4075 4088 4086
f 4089 4088 4075
f 4090 4089 4075
f 4075 4091 4090
f 4092 4091 4075
f 3244 4092 4075
f 3184 3240 3183
f 3238 3240 3184
f 3959 3238 3184
f 3236 3238 3959
f 3225 3236 3959
f 3959 3224 3225
f 3234 3224 3959
f 3233 3234 3959
f 3960 3193 3195
f 3191 3193 3960
f 3189 3191 3960
f 3960 3187 3189
f 3176 3187 3960
f 3175 3176 3960
f 3128 3105 4093
f 4093 3105 4094
f 4093 4094 4019
f 3946 4095 4027
f 3965 4095 3946
f 3962 4096 3967
f 4097 4096 3962
f 4098 4097 3962
f 3962 3146 4098
f 4040 3140 3142
f 3138 3140 4040
f 3127 3138 4040
f 4040 3126 3127
f 3136 3126 4040
f 4043 3134 4099
f 4099 3134 3133
f 4099 3133 3132
f 3132 3131 4099
f 4099 3131 4100
f 4100 3131 3130
f 4100 3130 3129
f 3129 3128 4100
f 4100 3128 4093
f 3940 3056 3079
f 4101 3056 3940
f 4102 4101 3940
f 3940 4103 4102
f 4104 4103 3940
f 4105 4104 3940
f 3940 3947 4105
f 2988 4017 2990
f 2988 4017 4106
f 2988 4106 3097
f 3097 3095 2988
f 2986 3095 2988
f 3093 3095 2986
f 3091 3093 2986
f 2986 3089 3091
f 2984 3089 2986
f 3078 3089 2984
f 3077 3078 2984
f 2984 3087 3077
f 2982 3087 2984
f 3086 3087 2982
f 3085 3086 2982
f 2982 3084 3085
f 3940 3082 3953
f 3081 3082 3940
f 3080 3081 3940
f 3940 3079 3080
f 3957 3007 3030
f 4107 3007 3957
f 4108 4107 3957
f 3957 4109 4108
f 4003 4109 3957
f 3002 4110 4005
f 4111 4110 3002
f 4112 4111 3002
f 3003 4112 3002
f 4113 4112 3003
f 4114 4113 3003
f 3003 4115 4114
f 3004 4115 3003
f 4116 4115 3004
f 4117 4116 3004
f 3004 4118 4117
f 3005 4118 3004
f 3048 4118 3005
f 3005 3048 3046
f 3005 3044 3046
f 2959 3044 3005
f 3958 3036 3037
f 3035 3036 3958
f 3957 3032 3033
f 3031 3032 3957
f 3030 3031 3957
f 4018 4093 4019
f 4119 4120 3962
f 3945 4120 4119
f 3946 3945 4119
f 4119 3962 3946
f 4121 4122 3957
f 4123 4122 4121
f 3958 4123 4121
f 4121 3957 3958
f 4124 3958 3959
f 4123 3958 4124
f 4125 4123 4124
f 4124 3959 4125
f 4126 3960 4127
f 3959 3960 4126
f 4125 3959 4126
f 4126 4127 4125
f 3844 4127 3960
f 4128 4127 3844
f 3791 4128 3844
f 3844 3792 3791
f 3954 3853 3852
f 3928 3853 3954
f 4122 3928 3954
f 3954 3957 4122
f 3843 3930 3810
f 4129 3930 3843
f 4120 4129 3843
f 3843 3962 4120
f 3951 3941 3940
f 3927 3941 3951
f 3859 3927 3951
f 3951 3935 3859
f 4130 3855 3883
f 3854 3855 4130
f 4131 3854 4130
f 4130 3883 4131
f 4132 3794 3812
f 3793 3794 4132
f 4133 3793 4132
f 4132 3812 4133
f 3854 4134 3852
f 4135 4134 3854
f 3723 4135 3854
f 3724 4135 3723
f 4136 4135 3724
f 3714 4136 3724
f 3715 4136 3714
f 3726 4136 3715
f 4137 4136 3726
f 3728 4137 3726
f 3730 4137 3728
f 4138 4137 3730
f 3732 4138 3730
f 3734 4138 3732
f 4139 4138 3734
f 4140 4138 4139
f 4141 4138 4140
f 4142 4138 4141
f 4143 4142 4141
f 4144 4142 4143
f 4145 4142 4144
f 4146 4142 4145
f 4147 4142 4146
f 4148 4147 4146
f 4149 4147 4148
f 4150 4147 4149
f 4151 4147 4150
f 4152 4147 4151
f 4153 4147 4152
f 4131 4147 4153
f 4154 4131 4153
f 4155 4131 4154
f 3693 4131 4155
f 3716 4131 3693
f 3717 4131 3716
f 3718 4131 3717
f 3854 4131 3718
f 3719 3854 3718
f 3720 3854 3719
f 3721 3854 3720
f 3722 3854 3721
f 3723 3854 3722
f 3852 4156 3954
f 3768 4156 3852
f 3767 3768 3852
f 4156 3951 3954
f 3935 3951 4156
f 3775 3935 4156
f 3777 3935 3775
f 3779 3935 3777
f 3781 3935 3779
f 3783 3935 3781
f 4157 3935 3783
f 4158 4157 3783
f 4159 4157 4158
f 4160 4159 4158
f 4161 4159 4160
f 4162 4159 4161
f 4163 4162 4161
f 4164 4162 4163
f 4165 4162 4164
f 4166 4162 4165
f 4167 4166 4165
f 4168 4166 4167
f 4169 4166 4168
f 4170 4166 4169
f 4171 4166 4170
f 4172 4171 4170
f 4173 4171 4172
f 4174 4171 4173
f 4175 4171 4174
f 4176 4175 4174
f 4177 4175 4176
f 4178 4175 4177
f 3742 4178 4177
f 3852 4178 3742
f 3765 3852 3742
f 3766 3852 3765
f 3767 3852 3766
f 4179 3935 4157
f 3936 3935 4179
f 4180 3936 4179
f 3674 3936 4180
f 3673 3674 4180
f 3936 3679 3938
f 3677 3679 3936
f 3666 3677 3936
f 3938 4181 4182
f 4183 4181 3938
f 4184 4183 3938
f 4182 4185 4186
f 4187 4185 4182
f 4188 4187 4182
f 4186 4189 4190
f 4191 4189 4186
f 4192 4191 4186
f 4190 3668 4193
f 3667 3668 4190
f 3644 3667 4190
f 4193 3670 4194
f 3669 3670 4193
f 3668 3669 4193
f 4194 3673 4180
f 3672 3673 4194
f 3671 3672 4194
f 3852 4134 4178
f 4156 3764 3775
f 3763 3764 4156
f 3773 3763 4156
f 4156 3772 3773
f 3771 3772 4156
f 3770 3771 4156
f 4156 3769 3770
f 3768 3769 4156
f 3938 3685 4184
f 3683 3685 3938
f 3681 3683 3938
f 3938 3679 3681
f 3936 3665 3666
f 3675 3665 3936
f 3674 3675 3936
f 4194 3670 3671
f 4190 4195 3644
f 4196 4195 4190
f 4189 4196 4190
f 4186 4197 4192
f 4185 4197 4186
f 4182 4198 4188
f 4199 4198 4182
f 4200 4199 4182
f 4182 4181 4200
f 4201 3887 4147
f 3883 3887 4201
f 4131 3883 4201
f 4201 4147 4131
f 4202 3887 3894
f 4147 3887 4202
f 4142 4147 4202
f 4202 3894 4142
f 4203 3905 3938
f 3909 3905 4203
f 4182 3909 4203
f 4203 3938 4182
f 4204 4182 4186
f 3909 4182 4204
f 3916 3909 4204
f 4204 4186 3916
f 4205 4206 3833
f 3933 4206 4205
f 3840 3933 4205
f 4205 3833 3840
f 4207 4206 4208
f 3833 4206 4207
f 3828 3833 4207
f 4207 4208 3828
f 4209 4133 3812
f 4210 4133 4209
f 3814 4210 4209
f 4209 3812 3814
f 4211 3814 3818
f 4210 3814 4211
f 4212 4210 4211
f 4211 3818 4212
f 3793 4213 3791
f 3561 4213 3793
f 3562 3561 3793
f 3791 4214 4128
f 3542 4214 3791
f 3541 3542 3791
f 4214 4129 4128
f 3930 4129 4214
f 3502 3930 4214
f 3500 3930 3502
f 3496 3930 3500
f 3498 3930 3496
f 4215 3930 3498
f 4216 4215 3498
f 3930 4217 3931
f 4218 4217 3930
f 4215 4218 3930
f 3931 3600 3933
f 3602 3600 3931
f 3604 3602 3931
f 3933 4219 4206
f 4220 4219 3933
f 4221 4220 3933
f 4206 4222 4208
f 4223 4222 4206
f 4224 4223 4206
f 4208 4225 4226
f 4227 4225 4208
f 4228 4227 4208
f 4226 3638 4229
f 3637 3638 4226
f 4230 3637 4226
f 4229 3641 4231
f 3640 3641 4229
f 3639 3640 4229
f 4231 3611 4217
f 3613 3611 4231
f 3642 3613 4231
f 4216 4232 4233
f 4234 4232 4216
f 4235 4234 4216
f 4233 4236 4237
f 4238 4236 4233
f 4239 4238 4233
f 4237 4240 4241
f 4242 4240 4237
f 4243 4242 4237
f 4241 4244 4245
f 4246 4244 4241
f 4247 4246 4241
f 4245 3539 4248
f 4249 3539 4245
f 4250 4249 4245
f 3791 4248 3539
f 4251 4248 3791
f 4213 4251 3791
f 3559 4213 3561
f 4252 4213 3559
f 3557 4252 3559
f 3555 4252 3557
f 3553 4252 3555
f 4253 4252 3553
f 3551 4253 3553
f 3549 4253 3551
f 3545 4253 3549
f 4254 4253 3545
f 3547 4254 3545
f 4255 4254 3547
f 4256 4254 4255
f 4257 4254 4256
f 4212 4254 4257
f 4258 4212 4257
f 4259 4212 4258
f 4260 4212 4259
f 4261 4212 4260
f 4210 4212 4261
f 4262 4210 4261
f 4263 4210 4262
f 4264 4210 4263
f 4265 4210 4264
f 4266 4210 4265
f 4267 4210 4266
f 4133 4210 4267
f 4268 4133 4267
f 4269 4133 4268
f 3588 4133 4269
f 3589 4133 3588
f 3590 4133 3589
f 3591 4133 3590
f 3793 4133 3591
f 3592 3793 3591
f 3593 3793 3592
f 3564 3793 3593
f 3562 3793 3564
f 4245 4244 4250
f 4241 4240 4247
f 4237 4270 4243
f 4236 4270 4237
f 4233 4232 4239
f 4216 3498 4235
f 4214 3504 3502
f 3506 3504 4214
f 3508 3506 4214
f 4214 3510 3508
f 3512 3510 4214
f 3513 3512 4214
f 4214 3515 3513
f 3544 3515 4214
f 3543 3544 4214
f 4214 3542 3543
f 3791 3540 3541
f 3539 3540 3791
f 4226 4271 4230
f 4225 4271 4226
f 4208 4272 4228
f 4222 4272 4208
f 4206 4273 4224
f 4274 4273 4206
f 4275 4274 4206
f 4206 4219 4275
f 3933 3596 4221
f 3594 3596 3933
f 3598 3594 3933
f 3933 3600 3598
f 3931 3606 3604
f 3608 3606 3931
f 3610 3608 3931
f 4217 3610 3931
f 3611 3610 4217
f 4231 3641 3642
f 4229 3638 3639
f 4276 3742 4177
f 3743 3742 4276
f 3879 3743 4276
f 4277 3879 4276
f 3878 3879 4277
f 4278 3878 4277
f 3876 3878 4278
f 4279 3876 4278
f 3875 3876 4279
f 4280 3875 4279
f 3874 3875 4280
f 4281 3874 4280
f 3872 3874 4281
f 4282 3872 4281
f 4283 3872 4282
f 4170 4283 4282
f 4169 4283 4170
f 4284 4283 4169
f 4168 4284 4169
f 4167 4284 4168
f 4285 4284 4167
f 4165 4285 4167
f 4286 4285 4165
f 4164 4286 4165
f 4287 4286 4164
f 4163 4287 4164
f 4288 4287 4163
f 4161 4288 4163
f 4289 4288 4161
f 4160 4289 4161
f 4290 4289 4160
f 4158 4290 4160
f 3783 4290 4158
f 3857 4290 3783
f 3784 3857 3783
f 4283 3871 3872
f 4284 3871 4283
f 4284 3870 3871
f 3869 3870 4284
f 4285 3869 4284
f 3867 3869 4285
f 4286 3867 4285
f 3866 3867 4286
f 4287 3866 4286
f 3865 3866 4287
f 4288 3865 4287
f 3863 3865 4288
f 4289 3863 4288
f 3862 3863 4289
f 4290 3862 4289
f 3857 3862 4290
f 4281 4170 4282
f 4172 4170 4281
f 4280 4172 4281
f 4173 4172 4280
f 4279 4173 4280
f 4174 4173 4279
f 4278 4174 4279
f 4176 4174 4278
f 4277 4176 4278
f 4177 4176 4277
f 4276 4177 4277
f 4291 3693 4155
f 3694 3693 4291
f 3884 3694 4291
f 4292 3884 4291
f 3885 3884 4292
f 4293 3885 4292
f 3886 3885 4293
f 4294 3886 4293
f 3888 3886 4294
f 4295 3888 4294
f 3889 3888 4295
f 4296 3889 4295
f 3890 3889 4296
f 4297 3890 4296
f 4298 3890 4297
f 4150 4298 4297
f 4149 4298 4150
f 4299 4298 4149
f 4148 4299 4149
f 4146 4299 4148
f 4300 4299 4146
f 4145 4300 4146
f 4301 4300 4145
f 4144 4301 4145
f 4302 4301 4144
f 4143 4302 4144
f 4303 4302 4143
f 4141 4303 4143
f 4304 4303 4141
f 4140 4304 4141
f 4305 4304 4140
f 4139 4305 4140
f 3734 4305 4139
f 3901 4305 3734
f 3735 3901 3734
f 4298 3891 3890
f 4299 3891 4298
f 4299 3892 3891
f 3893 3892 4299
f 4300 3893 4299
f 3895 3893 4300
f 4301 3895 4300
f 3896 3895 4301
f 4302 3896 4301
f 3897 3896 4302
f 4303 3897 4302
f 3898 3897 4303
f 4304 3898 4303
f 3900 3898 4304
f 4305 3900 4304
f 3901 3900 4305
f 4296 4150 4297
f 4151 4150 4296
f 4295 4151 4296
f 4152 4151 4295
f 4294 4152 4295
f 4153 4152 4294
f 4293 4153 4294
f 4154 4153 4293
f 4292 4154 4293
f 4155 4154 4292
f 4291 4155 4292
f 4306 3644 4195
f 3645 3644 4306
f 3923 3645 4306
f 4307 3923 4306
f 3922 3923 4307
f 4308 3922 4307
f 3920 3922 4308
f 4309 3920 4308
f 3919 3920 4309
f 4310 3919 4309
f 3918 3919 4310
f 4311 3918 4310
f 3917 3918 4311
f 4312 3917 4311
f 4313 3917 4312
f 4197 4313 4312
f 4185 4313 4197
f 4314 4313 4185
f 4187 4314 4185
f 4188 4314 4187
f 4315 4314 4188
f 4198 4315 4188
f 4316 4315 4198
f 4199 4316 4198
f 4317 4316 4199
f 4200 4317 4199
f 4318 4317 4200
f 4181 4318 4200
f 4319 4318 4181
f 4183 4319 4181
f 4320 4319 4183
f 4184 4320 4183
f 3685 4320 4184
f 3906 4320 3685
f 3686 3906 3685
f 4313 3915 3917
f 4314 3915 4313
f 4314 3914 3915
f 3913 3914 4314
f 4315 3913 4314
f 3912 3913 4315
f 4316 3912 4315
f 3911 3912 4316
f 4317 3911 4316
f 3910 3911 4317
f 4318 3910 4317
f 3908 3910 4318
f 4319 3908 4318
f 3907 3908 4319
f 4320 3907 4319
f 3906 3907 4320
f 4311 4197 4312
f 4192 4197 4311
f 4310 4192 4311
f 4191 4192 4310
f 4309 4191 4310
f 4189 4191 4309
f 4308 4189 4309
f 4196 4189 4308
f 4307 4196 4308
f 4195 4196 4307
f 4306 4195 4307
f 4321 3595 3842
f 3596 3595 4321
f 4221 3596 4321
f 4322 4221 4321
f 4220 4221 4322
f 4323 4220 4322
f 4219 4220 4323
f 4324 4219 4323
f 4275 4219 4324
f 4325 4275 4324
f 4274 4275 4325
f 4326 4274 4325
f 4273 4274 4326
f 4327 4273 4326
f 4328 4273 4327
f 3836 4328 4327
f 3835 4328 3836
f 4329 4328 3835
f 3834 4329 3835
f 3832 4329 3834
f 4330 4329 3832
f 3831 4330 3832
f 4331 4330 3831
f 3830 4331 3831
f 4332 4331 3830
f 3829 4332 3830
f 4333 4332 3829
f 3827 4333 3829
f 4334 4333 3827
f 3826 4334 3827
f 4335 4334 3826
f 3825 4335 3826
f 3636 4335 3825
f 4230 4335 3636
f 3637 4230 3636
f 4328 4224 4273
f 4329 4224 4328
f 4329 4223 4224
f 4222 4223 4329
f 4330 4222 4329
f 4272 4222 4330
f 4331 4272 4330
f 4228 4272 4331
f 4332 4228 4331
f 4227 4228 4332
f 4333 4227 4332
f 4225 4227 4333
f 4334 4225 4333
f 4271 4225 4334
f 4335 4271 4334
f 4230 4271 4335
f 4326 3836 4327
f 3837 3836 4326
f 4325 3837 4326
f 3838 3837 4325
f 4324 3838 4325
f 3839 3838 4324
f 4323 3839 4324
f 3841 3839 4323
f 4322 3841 4323
f 3842 3841 4322
f 4321 3842 4322
f 4336 3546 3845
f 3547 3546 4336
f 4255 3547 4336
f 4337 4255 4336
f 4256 4255 4337
f 4338 4256 4337
f 4257 4256 4338
f 4339 4257 4338
f 4258 4257 4339
f 4340 4258 4339
f 4259 4258 4340
f 4341 4259 4340
f 4260 4259 4341
f 4342 4260 4341
f 4343 4260 4342
f 3847 4343 4342
f 3817 4343 3847
f 4344 4343 3817
f 3819 4344 3817
f 3820 4344 3819
f 4345 4344 3820
f 3848 4345 3820
f 4346 4345 3848
f 3849 4346 3848
f 4347 4346 3849
f 3850 4347 3849
f 4348 4347 3850
f 3813 4348 3850
f 4349 4348 3813
f 3815 4349 3813
f 4350 4349 3815
f 3816 4350 3815
f 3587 4350 3816
f 4269 4350 3587
f 3588 4269 3587
f 4343 4261 4260
f 4344 4261 4343
f 4344 4262 4261
f 4263 4262 4344
f 4345 4263 4344
f 4264 4263 4345
f 4346 4264 4345
f 4265 4264 4346
f 4347 4265 4346
f 4266 4265 4347
f 4348 4266 4347
f 4267 4266 4348
f 4349 4267 4348
f 4268 4267 4349
f 4350 4268 4349
f 4269 4268 4350
f 4341 3847 4342
f 3823 3847 4341
f 4340 3823 4341
f 3822 3823 4340
f 4339 3822 4340
f 3821 3822 4339
f 4338 3821 4339
f 3846 3821 4338
f 4337 3846 4338
f 3845 3846 4337
f 4336 3845 4337
f 4351 3497 3809
f 3498 3497 4351
f 4235 3498 4351
f 4352 4235 4351
f 4234 4235 4352
f 4353 4234 4352
f 4232 4234 4353
f 4354 4232 4353
f 4239 4232 4354
f 4355 4239 4354
f 4238 4239 4355
f 4356 4238 4355
f 4236 4238 4356
f 4357 4236 4356
f 4358 4236 4357
f 4357 4358 3804
f 3804 4358 3803
f 3803 4358 4359
f 3803 4359 3802
f 3802 4359 3801
f 4360 4359 3801
f 3800 4360 3801
f 4361 4360 3800
f 3799 4361 3800
f 4362 4361 3799
f 3798 4362 3799
f 4363 4362 3798
f 3797 4363 3798
f 4364 4363 3797
f 3796 4364 3797
f 4365 4364 3796
f 3795 4365 3796
f 3538 4365 3795
f 4249 4365 3538
f 3539 4249 3538
f 4358 4270 4236
f 4359 4270 4358
f 4359 4243 4270
f 4242 4243 4359
f 4360 4242 4359
f 4240 4242 4360
f 4361 4240 4360
f 4247 4240 4361
f 4362 4247 4361
f 4246 4247 4362
f 4363 4246 4362
f 4244 4246 4363
f 4364 4244 4363
f 4250 4244 4364
f 4365 4250 4364
f 4249 4250 4365
f 4357 3804 4356
f 4356 3804 3805
f 4355 3805 4356
f 3806 3805 4355
f 4354 3806 4355
f 3807 3806 4354
f 4353 3807 4354
f 3808 3807 4353
f 4352 3808 4353
f 3809 3808 4352
f 4351 3809 4352
f 4366 4138 3899
f 4137 4138 4366
f 4367 4137 4366
f 4136 4137 4367
f 4368 4136 4367
f 4135 4136 4368
f 4369 4135 4368
f 4134 4135 4369
f 4370 4134 4369
f 4178 4134 4370
f 4371 4178 4370
f 4175 4178 4371
f 4372 4175 4371
f 4373 4175 4372
f 3877 4373 4372
f 3873 4373 3877
f 4374 4373 3873
f 3868 4374 3873
f 3864 4374 3868
f 4375 4374 3864
f 3856 4375 3864
f 4376 4375 3856
f 3858 4376 3856
f 4377 4376 3858
f 3860 4377 3858
f 4378 4377 3860
f 3861 4378 3860
f 4379 4378 3861
f 3925 4379 3861
f 4380 4379 3925
f 3924 4380 3925
f 3921 4380 3924
f 4193 4380 3921
f 4190 4193 3921
f 4373 4171 4175
f 4374 4171 4373
f 4374 4166 4171
f 4162 4166 4374
f 4375 4162 4374
f 4159 4162 4375
f 4376 4159 4375
f 4157 4159 4376
f 4377 4157 4376
f 4179 4157 4377
f 4378 4179 4377
f 4180 4179 4378
f 4379 4180 4378
f 4194 4180 4379
f 4380 4194 4379
f 4193 4194 4380
f 4371 3877 4372
f 3880 3877 4371
f 4370 3880 4371
f 3881 3880 4370
f 4369 3881 4370
f 3882 3881 4369
f 4368 3882 4369
f 3903 3882 4368
f 4367 3903 4368
f 3902 3903 4367
f 4366 3902 4367
f 3899 3902 4366
f 654 4381 655
f 4229 4381 654
f 4226 4229 654
f 4381 709 655
f 4382 709 4381
f 4231 4382 4381
f 4217 4382 4231
f 4383 4382 4217
f 4218 4383 4217
f 4384 4383 4218
f 4215 4384 4218
f 4385 4384 4215
f 4216 4385 4215
f 4386 4385 4216
f 4233 4386 4216
f 4387 4386 4233
f 4237 4387 4233
f 4241 4387 4237
f 4388 4387 4241
f 4245 4388 4241
f 4389 4388 4245
f 4390 4389 4245
f 689 4389 4390
f 690 689 4390
f 4382 665 709
f 4383 665 4382
f 4383 666 665
f 4384 666 4383
f 4384 674 666
f 4385 674 4384
f 4385 708 674
f 4386 708 4385
f 4386 679 708
f 4387 679 4386
f 4387 680 679
f 707 680 4387
f 4388 707 4387
f 689 707 4388
f 4389 689 4388
f 4391 690 4390
f 692 690 4391
f 4392 692 4391
f 694 692 4392
f 4393 694 4392
f 696 694 4393
f 4394 696 4393
f 698 696 4394
f 4395 698 4394
f 700 698 4395
f 4254 700 4395
f 4395 4253 4254
f 4394 4253 4395
f 4394 4252 4253
f 4393 4252 4394
f 4393 4213 4252
f 4392 4213 4393
f 4392 4251 4213
f 4391 4251 4392
f 4391 4248 4251
f 4390 4248 4391
f 4390 4245 4248
f 4381 4229 4231
f 4396 4142 3894
f 4138 4142 4396
f 3899 4138 4396
f 4396 3894 3899
f 4397 4190 3921
f 4186 4190 4397
f 3916 4186 4397
f 4397 3921 3916
f 4398 3828 4208
f 654 3828 4398
f 4226 654 4398
f 4398 4208 4226
f 4399 700 4254
f 3818 700 4399
f 4212 3818 4399
f 4399 4254 4212
f 4400 3448 3971
f 3449 3448 4400
f 4401 3449 4400
f 4402 4401 4400
f 4403 4401 4402
f 4404 4403 4402
f 4405 4403 4404
f 4404 4405 4406
f 4406 4405 4407
f 4406 4407 4408
f 4408 4407 4409
f 4408 4409 4410
f 4410 4409 4411
f 4410 4411 4412
f 4413 4411 4412
f 3976 4413 4412
f 3977 4413 3976
f 4414 4413 3977
f 3961 4414 3977
f 3963 4414 3961
f 4415 4414 3963
f 3964 4415 3963
f 4416 4415 3964
f 3978 4416 3964
f 4417 4416 3978
f 3979 4417 3978
f 4418 4417 3979
f 3980 4418 3979
f 4419 4418 3980
f 3981 4419 3980
f 4420 4419 3981
f 3982 4420 3981
f 3489 4420 3982
f 4421 4420 3489
f 3490 4421 3489
f 4413 4422 4411
f 4414 4422 4413
f 4414 4423 4422
f 4424 4423 4414
f 4415 4424 4414
f 4425 4424 4415
f 4416 4425 4415
f 4426 4425 4416
f 4417 4426 4416
f 4427 4426 4417
f 4418 4427 4417
f 4428 4427 4418
f 4419 4428 4418
f 4429 4428 4419
f 4420 4429 4419
f 4421 4429 4420
f 4410 3976 4412
f 3975 3976 4410
f 4408 3975 4410
f 3974 3975 4408
f 4408 3974 4406
f 3973 3974 4406
f 4406 3973 4404
f 3972 3973 4404
f 4402 3972 4404
f 3971 3972 4402
f 4400 3971 4402
f 4430 3399 3955
f 3400 3399 4430
f 4431 3400 4430
f 4432 4431 4430
f 4433 4431 4432
f 4434 4433 4432
f 4435 4433 4434
f 4436 4435 4434
f 4437 4435 4436
f 4438 4437 4436
f 4439 4437 4438
f 4440 4439 4438
f 4441 4439 4440
f 4442 4441 4440
f 4443 4441 4442
f 3986 4443 4442
f 3987 4443 3986
f 4444 4443 3987
f 3950 4444 3987
f 3952 4444 3950
f 4445 4444 3952
f 3953 4445 3952
f 4446 4445 3953
f 3989 4446 3953
f 4447 4446 3989
f 3996 4447 3989
f 4448 4447 3996
f 3998 4448 3996
f 4449 4448 3998
f 4000 4449 3998
f 4450 4449 4000
f 4000 4450 4002
f 3440 4450 4002
f 4451 4450 3440
f 3441 4451 3440
f 4443 4452 4441
f 4444 4452 4443
f 4444 4453 4452
f 4454 4453 4444
f 4445 4454 4444
f 4455 4454 4445
f 4446 4455 4445
f 4456 4455 4446
f 4447 4456 4446
f 4457 4456 4447
f 4448 4457 4447
f 4458 4457 4448
f 4449 4458 4448
f 4459 4458 4449
f 4450 4459 4449
f 4451 4459 4450
f 4440 3986 4442
f 3985 3986 4440
f 4438 3985 4440
f 3984 3985 4438
f 4436 3984 4438
f 3983 3984 4436
f 4434 3983 4436
f 3956 3983 4434
f 4432 3956 4434
f 3955 3956 4432
f 4430 3955 4432
f 4001 3350 4460
f 4460 3350 3349
f 4460 3349 4461
f 4460 4461 4462
f 4462 4461 4463
f 4462 4463 4464
f 4465 4463 4464
f 4466 4465 4464
f 4467 4465 4466
f 4468 4467 4466
f 4469 4467 4468
f 4470 4469 4468
f 4471 4469 4470
f 4472 4471 4470
f 4473 4471 4472
f 3990 4473 4472
f 3991 4473 3990
f 4474 4473 3991
f 3992 4474 3991
f 3993 4474 3992
f 4475 4474 3993
f 3994 4475 3993
f 3994 4475 4476
f 3994 4476 4006
f 4006 4476 4477
f 4006 4477 4007
f 4007 4477 4478
f 4007 4478 4008
f 4479 4478 4008
f 4009 4479 4008
f 4480 4479 4009
f 4010 4480 4009
f 3391 4480 4010
f 4481 4480 3391
f 3391 4481 3392
f 4473 4482 4471
f 4474 4482 4473
f 4474 4483 4482
f 4484 4483 4474
f 4475 4484 4474
f 4475 4484 4485
f 4475 4485 4476
f 4476 4485 4486
f 4476 4486 4477
f 4477 4486 4487
f 4477 4487 4478
f 4488 4487 4478
f 4479 4488 4478
f 4489 4488 4479
f 4480 4489 4479
f 4481 4489 4480
f 4470 3990 4472
f 3988 3990 4470
f 4468 3988 4470
f 3995 3988 4468
f 4466 3995 4468
f 3997 3995 4466
f 4464 3997 4466
f 3999 3997 4464
f 4464 3999 4462
f 4462 3999 4001
f 4462 4001 4460
f 4490 3301 4012
f 3302 3301 4490
f 4491 3302 4490
f 4492 4491 4490
f 4493 4491 4492
f 4494 4493 4492
f 4495 4493 4494
f 4496 4495 4494
f 4497 4495 4496
f 4498 4497 4496
f 4499 4497 4498
f 4500 4499 4498
f 4501 4499 4500
f 4502 4501 4500
f 4503 4501 4502
f 4035 4503 4502
f 4036 4503 4035
f 4504 4503 4036
f 3968 4504 4036
f 3969 4504 3968
f 4505 4504 3969
f 3970 4505 3969
f 4506 4505 3970
f 4030 4506 3970
f 4507 4506 4030
f 4029 4507 4030
f 4508 4507 4029
f 4028 4508 4029
f 4509 4508 4028
f 4026 4509 4028
f 4510 4509 4026
f 4025 4510 4026
f 3342 4510 4025
f 4511 4510 3342
f 3343 4511 3342
f 4503 4512 4501
f 4504 4512 4503
f 4504 4513 4512
f 4514 4513 4504
f 4505 4514 4504
f 4515 4514 4505
f 4506 4515 4505
f 4516 4515 4506
f 4507 4516 4506
f 4517 4516 4507
f 4508 4517 4507
f 4518 4517 4508
f 4509 4518 4508
f 4519 4518 4509
f 4510 4519 4509
f 4511 4519 4510
f 4500 4035 4502
f 4034 4035 4500
f 4498 4034 4500
f 4033 4034 4498
f 4496 4033 4498
f 4032 4033 4496
f 4494 4032 4496
f 4031 4032 4494
f 4492 4031 4494
f 4012 4031 4492
f 4490 4012 4492
f 4520 3252 4038
f 3251 3252 4520
f 4521 3251 4520
f 4522 4521 4520
f 4523 4521 4522
f 4524 4523 4522
f 4525 4523 4524
f 4526 4525 4524
f 4527 4525 4526
f 4528 4527 4526
f 4529 4527 4528
f 4530 4529 4528
f 4531 4529 4530
f 4532 4531 4530
f 4533 4531 4532
f 4046 4533 4532
f 4047 4533 4046
f 4534 4533 4047
f 4048 4534 4047
f 4049 4534 4048
f 4535 4534 4049
f 4050 4535 4049
f 4536 4535 4050
f 4051 4536 4050
f 4537 4536 4051
f 4052 4537 4051
f 4538 4537 4052
f 4053 4538 4052
f 4539 4538 4053
f 4054 4539 4053
f 4054 4539 4540
f 4054 4540 4055
f 4055 4540 3293
f 3293 4540 4541
f 3293 4541 3294
f 4533 4542 4531
f 4534 4542 4533
f 4534 4543 4542
f 4544 4543 4534
f 4535 4544 4534
f 4545 4544 4535
f 4536 4545 4535
f 4546 4545 4536
f 4537 4546 4536
f 4547 4546 4537
f 4538 4547 4537
f 4548 4547 4538
f 4539 4548 4538
f 4549 4548 4539
f 4539 4549 4540
f 4540 4549 4541
f 4530 4046 4532
f 4045 4046 4530
f 4528 4045 4530
f 4044 4045 4528
f 4526 4044 4528
f 4040 4044 4526
f 4524 4040 4526
f 4039 4040 4524
f 4522 4039 4524
f 4038 4039 4522
f 4520 4038 4522
f 4077 3203 4550
f 4550 3203 3202
f 4550 3202 4551
f 4550 4551 4552
f 4552 4551 4553
f 4552 4553 4554
f 4554 4553 4555
f 4554 4555 4556
f 4556 4555 4557
f 4556 4557 4558
f 4558 4557 4559
f 4558 4559 4560
f 4561 4559 4560
f 4562 4561 4560
f 4563 4561 4562
f 4082 4563 4562
f 4083 4563 4082
f 4564 4563 4083
f 4084 4564 4083
f 4085 4564 4084
f 4565 4564 4085
f 4087 4565 4085
f 4087 4565 4566
f 4087 4566 4088
f 4567 4566 4088
f 4089 4567 4088
f 4568 4567 4089
f 4090 4568 4089
f 4569 4568 4090
f 4090 4569 4091
f 4091 4569 4570
f 4091 4570 4092
f 4092 4570 3244
f 3244 4570 4571
f 3244 4571 3245
f 4563 4572 4561
f 4564 4572 4563
f 4564 4573 4572
f 4574 4573 4564
f 4565 4574 4564
f 4565 4574 4575
f 4565 4575 4566
f 4576 4575 4566
f 4567 4576 4566
f 4577 4576 4567
f 4568 4577 4567
f 4578 4577 4568
f 4569 4578 4568
f 4579 4578 4569
f 4569 4579 4570
f 4570 4579 4571
f 4560 4082 4562
f 4560 4082 4081
f 4560 4081 4558
f 4558 4081 4080
f 4558 4080 4556
f 4556 4080 4079
f 4556 4079 4554
f 4554 4079 4078
f 4554 4078 4552
f 4552 4078 4077
f 4552 4077 4550
f 4580 3154 4074
f 3155 3154 4580
f 4580 3155 4581
f 4580 4581 4582
f 4582 4581 4583
f 4582 4583 4584
f 4584 4583 4585
f 4584 4585 4586
f 4587 4585 4586
f 4586 4587 4588
f 4588 4587 4589
f 4588 4589 4590
f 4590 4589 4591
f 4590 4591 4592
f 4592 4591 4593
f 4592 4593 4068
f 4068 4593 4066
f 4066 4593 4594
f 4066 4594 4065
f 4065 4594 4064
f 4064 4594 4595
f 4064 4595 4062
f 4062 4595 4596
f 4062 4596 4060
f 4060 4596 4597
f 4060 4597 4059
f 4059 4597 4598
f 4058 4598 4059
f 4599 4598 4058
f 4058 4599 4057
f 4057 4599 4600
f 4056 4600 4057
f 3195 4600 4056
f 4601 4600 3195
f 3196 4601 3195
f 4591 4602 4593
f 4593 4602 4594
f 4602 4603 4594
f 4594 4603 4604
f 4594 4604 4595
f 4595 4604 4605
f 4595 4605 4596
f 4596 4605 4606
f 4596 4606 4597
f 4597 4606 4607
f 4597 4607 4598
f 4608 4607 4598
f 4599 4608 4598
f 4609 4608 4599
f 4599 4609 4600
f 4600 4609 4601
f 4592 4068 4590
f 4590 4068 4069
f 4590 4069 4588
f 4070 4069 4588
f 4588 4070 4586
f 4072 4070 4586
f 4586 4072 4584
f 4584 4072 4073
f 4584 4073 4582
f 4074 4073 4582
f 4580 4074 4582
f 4094 3105 4610
f 4610 3105 3104
f 4610 3104 4611
f 4610 4611 4612
f 4612 4611 4613
f 4612 4613 4614
f 4614 4613 4615
f 4614 4615 4616
f 4616 4615 4617
f 4618 4617 4616
f 4619 4617 4618
f 4620 4619 4618
f 4621 4619 4620
f 4622 4621 4620
f 4623 4621 4622
f 4023 4623 4622
f 4024 4623 4023
f 4624 4623 4024
f 4027 4624 4024
f 4095 4624 4027
f 4625 4624 4095
f 3965 4625 4095
f 4626 4625 3965
f 3966 4626 3965
f 4627 4626 3966
f 3967 4627 3966
f 4628 4627 3967
f 4096 4628 3967
f 4629 4628 4096
f 4097 4629 4096
f 4630 4629 4097
f 4098 4630 4097
f 3146 4630 4098
f 4631 4630 3146
f 3147 4631 3146
f 4623 4632 4621
f 4624 4632 4623
f 4624 4633 4632
f 4634 4633 4624
f 4625 4634 4624
f 4635 4634 4625
f 4626 4635 4625
f 4626 4635 4636
f 4626 4636 4627
f 4627 4636 4637
f 4627 4637 4628
f 4638 4637 4628
f 4629 4638 4628
f 4639 4638 4629
f 4630 4639 4629
f 4631 4639 4630
f 4620 4023 4622
f 4022 4023 4620
f 4618 4022 4620
f 4021 4022 4618
f 4616 4021 4618
f 4020 4021 4616
f 4616 4020 4614
f 4614 4020 4019
f 4614 4019 4612
f 4612 4019 4094
f 4612 4094 4610
f 4640 3056 4101
f 3057 3056 4640
f 4641 3057 4640
f 4642 4641 4640
f 4643 4641 4642
f 4642 4643 4644
f 4644 4643 4645
f 4644 4645 4646
f 4646 4645 4647
f 4648 4647 4646
f 4649 4647 4648
f 4650 4649 4648
f 4651 4649 4650
f 4652 4651 4650
f 4653 4651 4652
f 3947 4653 4652
f 3948 4653 3947
f 4654 4653 3948
f 3949 4654 3948
f 4011 4654 3949
f 4655 4654 4011
f 4013 4655 4011
f 4656 4655 4013
f 4014 4656 4013
f 4657 4656 4014
f 4015 4657 4014
f 4658 4657 4015
f 4016 4658 4015
f 4016 4658 4659
f 4016 4659 4017
f 4017 4659 4660
f 4017 4660 4106
f 4106 4660 3097
f 3097 4660 4661
f 3097 4661 3098
f 4653 4662 4651
f 4654 4662 4653
f 4654 4663 4662
f 4664 4663 4654
f 4655 4664 4654
f 4665 4664 4655
f 4656 4665 4655
f 4666 4665 4656
f 4657 4666 4656
f 4667 4666 4657
f 4657 4667 4658
f 4658 4667 4668
f 4658 4668 4659
f 4659 4668 4669
f 4659 4669 4660
f 4660 4669 4661
f 4650 3947 4652
f 4105 3947 4650
f 4648 4105 4650
f 4104 4105 4648
f 4646 4104 4648
f 4103 4104 4646
f 4646 4103 4644
f 4102 4103 4644
f 4644 4102 4642
f 4642 4102 4101
f 4640 4101 4642
f 4670 3007 4107
f 3008 3007 4670
f 4671 3008 4670
f 4672 4671 4670
f 4673 4671 4672
f 4674 4673 4672
f 4675 4673 4674
f 4676 4675 4674
f 4677 4675 4676
f 4678 4677 4676
f 4679 4677 4678
f 4680 4679 4678
f 4681 4679 4680
f 4682 4681 4680
f 4683 4681 4682
f 4005 4683 4682
f 4110 4683 4005
f 4684 4683 4110
f 4111 4684 4110
f 4112 4684 4111
f 4685 4684 4112
f 4113 4685 4112
f 4113 4685 4686
f 4113 4686 4114
f 4114 4686 4687
f 4114 4687 4115
f 4115 4687 4688
f 4116 4688 4115
f 4116 4688 4689
f 4116 4689 4117
f 4117 4689 4690
f 4117 4690 4118
f 4118 4690 3048
f 3048 4690 4691
f 3048 4691 3049
f 4683 4692 4681
f 4684 4692 4683
f 4684 4693 4692
f 4684 4693 4694
f 4684 4694 4685
f 4685 4694 4695
f 4685 4695 4686
f 4686 4695 4696
f 4686 4696 4687
f 4687 4696 4697
f 4687 4697 4688
f 4688 4697 4698
f 4688 4698 4689
f 4689 4698 4699
f 4689 4699 4690
f 4690 4699 4691
f 4680 4005 4682
f 4004 4005 4680
f 4678 4004 4680
f 4003 4004 4678
f 4676 4003 4678
f 4109 4003 4676
f 4674 4109 4676
f 4108 4109 4674
f 4672 4108 4674
f 4107 4108 4672
f 4670 4107 4672
f 4700 2958 2960
f 4701 2958 4700
f 4702 4701 4700
f 4703 4701 4702
f 4704 4703 4702
f 4705 4703 4704
f 4706 4705 4704
f 4707 4705 4706
f 4708 4707 4706
f 4709 4707 4708
f 4710 4709 4708
f 4710 4709 4711
f 4710 4711 4712
f 4712 4711 4713
f 4712 4713 4714
f 4714 4713 4715
f 4715 4713 4716
f 4715 4716 4717
f 4717 4716 4718
f 4717 4718 4719
f 4719 4718 4042
f 4719 4042 4043
f 4701 4086 2958
f 4075 4086 4701
f 4703 4075 4701
f 4071 4075 4703
f 4705 4071 4703
f 4067 4071 4705
f 4707 4067 4705
f 4063 4067 4707
f 4709 4063 4707
f 4709 4063 4061
f 4709 4061 4711
f 4711 4061 4076
f 4711 4076 4713
f 4713 4076 4037
f 4713 4037 4041
f 4713 4041 4716
f 4716 4041 4042
f 4716 4042 4718
f 4719 4043 4720
f 4720 4043 4099
f 4720 4099 4721
f 4721 4099 4100
f 4721 4100 4722
f 4722 4100 4093
f 4722 4093 4723
f 4723 4093 4018
f 4723 4018 4724
f 4724 4018 2991
f 4724 2991 2993
f 2993 4725 4724
f 4724 4725 4723
f 4725 4726 4723
f 4723 4726 4722
f 4726 4727 4722
f 4722 4727 4721
f 4727 4728 4721
f 4721 4728 4720
f 4728 4729 4720
f 4720 4729 4719
f 4729 4717 4719
f 3941 4651 3943
f 4649 4651 3941
f 4647 4649 3941
f 3943 4513 3945
f 4512 4513 3943
f 4501 4512 3943
f 3945 4635 4120
f 4634 4635 3945
f 4633 4634 3945
f 4120 4424 4129
f 4423 4424 4120
f 4422 4423 4120
f 4129 3490 4128
f 4421 3490 4129
f 4429 4421 4129
f 4128 3464 4127
f 3466 3464 4128
f 3495 3466 4128
f 4127 3172 4125
f 3201 3172 4127
f 3200 3201 4127
f 4125 3218 4123
f 3219 3218 4125
f 3221 3219 4125
f 4123 3018 4122
f 3020 3018 4123
f 3022 3020 4123
f 4122 3412 3928
f 3414 3412 4122
f 3415 3414 4122
f 3928 3400 3927
f 3398 3400 3928
f 3402 3398 3928
f 3927 4452 3941
f 4441 4452 3927
f 4439 4441 3927
f 4129 4428 4429
f 4427 4428 4129
f 4426 4427 4129
f 4129 4425 4426
f 4424 4425 4129
f 4120 4411 4422
f 4545 4411 4120
f 4544 4545 4120
f 4545 4411 4546
f 4546 4411 4409
f 4546 4409 4547
f 4547 4409 4407
f 4547 4407 4548
f 4548 4407 4405
f 4548 4405 4549
f 4403 4405 4549
f 4541 4403 4549
f 4401 4403 4541
f 3294 4401 4541
f 3449 4401 3294
f 3447 3449 3294
f 3294 3451 3447
f 3453 3451 3294
f 3455 3453 3294
f 3294 3457 3455
f 3459 3457 3294
f 4127 3459 3294
f 3461 3459 4127
f 3463 3461 4127
f 4127 3464 3463
f 4128 3494 3495
f 3493 3494 4128
f 3492 3493 4128
f 4128 3491 3492
f 3490 3491 4128
f 3349 3441 3442
f 4451 3441 3349
f 4461 4451 3349
f 4459 4451 4461
f 4463 4459 4461
f 4458 4459 4463
f 4463 4458 4465
f 4465 4458 4457
f 4465 4457 4467
f 4456 4457 4467
f 4469 4456 4467
f 4455 4456 4469
f 4471 4455 4469
f 3063 4455 4471
f 4482 3063 4471
f 3065 3063 4482
f 3067 3065 4482
f 3941 4455 3063
f 4454 4455 3941
f 4453 4454 3941
f 3941 4452 4453
f 3927 4437 4439
f 4435 4437 3927
f 4433 4435 3927
f 3927 4431 4433
f 3400 4431 3927
f 3928 3404 3402
f 3406 3404 3928
f 3408 3406 3928
f 3928 3410 3408
f 3412 3410 3928
f 4122 3417 3415
f 4677 3417 4122
f 4675 4677 4122
f 3417 3359 3446
f 3361 3359 3417
f 4677 3361 3417
f 3363 3361 4677
f 4679 3363 4677
f 4681 3363 4679
f 3365 3363 4681
f 2969 3365 4681
f 2971 3365 2969
f 3366 3365 2971
f 3368 3366 2971
f 3357 3446 3359
f 3445 3446 3357
f 3355 3445 3357
f 3444 3445 3355
f 3353 3444 3355
f 3443 3444 3353
f 3351 3443 3353
f 3442 3443 3351
f 3349 3442 3351
f 2995 3392 3393
f 2995 3392 4481
f 4489 4481 2995
f 2996 4489 2995
f 4488 4489 2996
f 2996 4488 4487
f 4487 4486 2996
f 2996 4486 4485
f 2996 4485 2997
f 2997 4485 4484
f 2997 4484 4483
f 4483 3067 4482
f 2998 3067 4483
f 2997 2998 4483
f 2994 3368 2971
f 3397 3368 2994
f 3396 3397 2994
f 2994 3395 3396
f 3394 3395 2994
f 2995 3394 2994
f 3393 3394 2995
f 4511 4632 3343
f 3343 4632 4621
f 3343 4621 4619
f 4511 4519 4632
f 4633 4519 4632
f 4518 4519 4633
f 3945 4518 4633
f 4517 4518 3945
f 4516 4517 3945
f 3945 4515 4516
f 4514 4515 3945
f 4513 4514 3945
f 3943 4499 4501
f 4497 4499 3943
f 4495 4497 3943
f 4663 4495 3943
f 4493 4495 4663
f 4664 4493 4663
f 4664 4493 4491
f 4664 4491 3302
f 4664 3302 4665
f 4665 3302 3300
f 4665 3300 3304
f 4665 3304 4666
f 4666 3304 3306
f 4666 3306 4667
f 4667 3306 3308
f 4667 3308 4668
f 4668 3308 3310
f 4668 3310 4669
f 4669 3310 2992
f 4669 2992 3001
f 2992 3312 3310
f 3314 3312 2992
f 2993 3314 2992
f 3316 3314 2993
f 3317 3316 2993
f 4725 3317 2993
f 3319 3317 4725
f 4725 3319 3348
f 4725 3348 4726
f 4726 3348 3347
f 4726 3347 3346
f 3346 3345 4726
f 4726 3345 3344
f 4726 3344 3343
f 3147 4544 4120
f 4543 4544 3147
f 4542 4543 3147
f 3147 4531 4542
f 4529 4531 3147
f 4527 4529 3147
f 3147 4525 4527
f 3148 4525 3147
f 3149 4525 3148
f 3150 4525 3149
f 3151 4525 3150
f 3152 4525 3151
f 4717 4525 3152
f 3152 4717 3123
f 3123 4717 4729
f 3123 4729 3121
f 3121 4729 3120
f 3120 4729 4728
f 3120 4728 3118
f 3118 4728 3116
f 3116 4728 3114
f 3114 4728 3112
f 3112 4728 4727
f 3110 4727 3112
f 3108 4727 3110
f 3106 4727 3108
f 4726 4727 3106
f 3106 4726 3104
f 3104 4726 4611
f 4611 4726 4613
f 4613 4726 4615
f 4615 4726 3343
f 4615 3343 4617
f 4617 3343 4619
f 4717 4525 4715
f 4715 4525 4523
f 4715 4523 4714
f 4714 4523 4521
f 4714 4521 3251
f 3251 3253 4714
f 4714 3253 3255
f 3257 3255 4714
f 3257 3196 3259
f 4601 3196 3257
f 4609 4601 3257
f 3196 3261 3259
f 3263 3261 3196
f 3265 3263 3196
f 3196 3267 3265
f 3268 3267 3196
f 4127 3268 3196
f 3270 3268 4127
f 4127 3270 3299
f 4127 3298 3299
f 4127 3298 3297
f 4127 3297 3296
f 3296 3295 4127
f 4127 3295 3294
f 4571 4702 3245
f 3245 4702 3159
f 3245 3159 3161
f 4571 4579 4702
f 4702 4579 4578
f 4577 4578 4702
f 4702 4576 4577
f 4700 4576 4702
f 4575 4576 4700
f 4574 4575 4700
f 2960 4574 4700
f 4573 4574 2960
f 4572 4573 2960
f 2961 4572 2960
f 4561 4572 2961
f 4559 4561 2961
f 4557 3052 4559
f 4559 3052 3051
f 4559 3051 2961
f 2961 3051 2963
f 2963 3051 3050
f 2963 3050 3049
f 3052 4557 3053
f 3053 4557 4555
f 3053 4555 3054
f 3054 4555 4553
f 3054 4553 3025
f 3025 4553 4551
f 3025 4551 3202
f 3025 3202 3023
f 3023 3202 3204
f 3023 3204 3206
f 3023 3206 3022
f 3208 3206 3022
f 4123 3208 3022
f 3210 3208 4123
f 3212 3210 4123
f 4123 3214 3212
f 3216 3214 4123
f 3218 3216 4123
f 4125 3250 3221
f 3249 3250 4125
f 3248 3249 4125
f 3169 3248 4125
f 3247 3248 3169
f 3169 3247 3167
f 3167 3247 3246
f 3167 3246 3245
f 3257 4608 4609
f 4607 4608 3257
f 4606 4607 3257
f 4606 4605 3257
f 3257 4605 4604
f 3257 4604 4714
f 4714 4604 4712
f 4712 4604 4710
f 4708 4604 4710
f 4603 4604 4708
f 4706 4603 4708
f 4706 4603 4602
f 4591 4602 4706
f 4591 4589 4706
f 4706 4589 4587
f 4706 4587 4704
f 4704 4587 4585
f 4704 4585 4583
f 4583 4581 4704
f 4704 4581 4702
f 4702 4581 3155
f 4702 3155 3153
f 3153 3157 4702
f 4702 3157 3159
f 3161 3163 3245
f 3245 3163 3165
f 3245 3165 3167
f 4125 3170 3169
f 3172 3170 4125
f 3200 3199 4127
f 4127 3199 3198
f 3197 3198 4127
f 4127 3196 3197
f 4120 4631 3147
f 4639 4631 4120
f 4120 4639 4638
f 4638 4637 4120
f 4636 4637 4120
f 4635 4636 4120
f 3001 3098 3099
f 4661 3098 3001
f 4669 4661 3001
f 3943 4662 4663
f 4651 4662 3943
f 4647 4645 3941
f 3941 4645 4643
f 4641 4643 3941
f 3941 3057 4641
f 3055 3057 3941
f 3059 3055 3941
f 3941 3061 3059
f 3063 3061 3941
f 2998 3069 3067
f 3071 3069 2998
f 2999 3071 2998
f 3072 3071 2999
f 3074 3072 2999
f 2999 3103 3074
f 2999 3103 3102
f 3101 3102 2999
f 2999 3100 3101
f 3000 3100 2999
f 3099 3100 3000
f 3000 3099 3001
f 3049 4691 2963
f 2963 4691 2965
f 2965 4691 4699
f 2965 4699 4698
f 4698 4697 2965
f 2965 4697 2967
f 4696 4697 2967
f 4695 4696 2967
f 2967 4694 4695
f 4693 4694 2967
f 2969 4693 2967
f 4692 4693 2969
f 4681 4692 2969
f 4122 4673 4675
f 4671 4673 4122
f 3008 4671 4122
f 4122 3006 3008
f 3010 3006 4122
f 4122 3010 3012
f 3012 3014 4122
f 3016 3014 4122
f 3018 3016 4122
f 4730 4731 4732
f 2995 4731 4730
f 4730 2995 2994
f 4730 2994 4733
f 4733 2994 2971
f 4733 2971 4734
f 4734 2971 2969
f 4734 2969 4735
f 4735 2969 2967
f 4735 2967 4736
f 4736 2967 2965
f 4736 2965 4737
f 4737 2965 2963
f 4737 2963 4738
f 4738 2963 4739
f 4738 4739 4740
f 4740 4739 4741
f 4741 4739 4742
f 4741 4742 4743
f 4743 4742 4744
f 4744 4742 4745
f 4744 4745 4746
f 4746 4745 4747
f 4746 4747 4748
f 4748 4747 4749
f 4748 4749 4750
f 4750 4749 4751
f 4750 4751 4752
f 4752 4751 4753
f 4754 4753 4752
f 4755 4753 4754
f 4754 4755 4756
f 4756 4755 4757
f 4757 4755 4712
f 4757 4712 4714
f 2963 2961 4739
f 4739 2961 4742
f 2961 2960 4742
f 4742 2960 4700
f 4742 4700 4745
f 4745 4700 4702
f 4745 4702 4747
f 4747 4702 4704
f 4747 4704 4749
f 4749 4704 4706
f 4749 4706 4751
f 4751 4706 4708
f 4751 4708 4753
f 4753 4708 4710
f 4755 4710 4753
f 4712 4710 4755
f 4738 4740 4737
f 4737 4740 4758
f 4737 4758 4736
f 4736 4758 4759
f 4736 4759 4735
f 4735 4759 4760
f 4735 4760 4734
f 4734 4760 4761
f 4734 4761 4733
f 4733 4761 4732
f 4733 4732 4730
f 3022 4762 3020
f 3020 4762 4763
f 3020 4763 3018
f 3018 4763 4764
f 3016 4764 3018
f 4765 4764 3016
f 3014 4765 3016
f 4766 4765 3014
f 3014 4766 3012
f 3012 4766 4767
f 3012 4767 3010
f 3010 4767 4768
f 3010 4768 3006
f 3006 4768 4769
f 3006 4769 3008
f 3008 4769 4671
f 4671 4769 4770
f 4671 4770 4673
f 4673 4770 4771
f 4673 4771 4772
f 4772 4771 4773
f 4772 4773 4774
f 4762 4775 4763
f 4763 4775 4776
f 4763 4776 4764
f 4764 4776 4777
f 4765 4777 4764
f 4778 4777 4765
f 4766 4778 4765
f 4766 4778 4779
f 4766 4779 4767
f 4780 4779 4767
f 4767 4780 4768
f 4781 4780 4768
f 4768 4781 4769
f 4769 4781 4782
f 4769 4782 4783
f 4769 4783 4770
f 4770 4783 4773
f 4770 4773 4771
f 4772 4774 4784
f 4784 4774 4785
f 4784 4785 4786
f 4786 4785 4787
f 4786 4787 4788
f 4788 4787 4789
f 4788 4789 4790
f 4790 4789 4791
f 4790 4791 4792
f 4792 4791 4793
f 4792 4793 4693
f 4693 4692 4792
f 4792 4692 4790
f 4692 4681 4790
f 4790 4681 4788
f 4681 4679 4788
f 4788 4679 4786
f 4679 4677 4786
f 4786 4677 4784
f 4677 4675 4784
f 4784 4675 4772
f 4675 4673 4772
f 3169 4794 3167
f 3167 4794 4795
f 3167 4795 3165
f 3165 4795 4796
f 3165 4796 3163
f 3163 4796 4797
f 3163 4797 3161
f 3161 4797 4798
f 3161 4798 3159
f 3159 4798 4799
f 3159 4799 3157
f 3157 4799 4800
f 3157 4800 3153
f 3153 4800 4801
f 3153 4801 3155
f 3155 4801 4581
f 4581 4801 4802
f 4583 4802 4581
f 4803 4802 4583
f 4804 4803 4583
f 4805 4803 4804
f 4806 4805 4804
f 4794 4807 4795
f 4795 4807 4808
f 4795 4808 4796
f 4796 4808 4809
f 4796 4809 4797
f 4810 4809 4797
f 4797 4810 4798
f 4798 4810 4811
f 4798 4811 4799
f 4799 4811 4812
f 4799 4812 4800
f 4800 4812 4813
f 4800 4813 4801
f 4801 4813 4814
f 4801 4814 4815
f 4801 4815 4802
f 4802 4815 4805
f 4803 4805 4802
f 4816 4806 4804
f 4817 4806 4816
f 4818 4817 4816
f 4819 4817 4818
f 4820 4819 4818
f 4821 4819 4820
f 4822 4821 4820
f 4823 4821 4822
f 4824 4823 4822
f 4825 4823 4824
f 4603 4825 4824
f 4603 4602 4824
f 4824 4602 4822
f 4822 4591 4602
f 4820 4591 4822
f 4820 4589 4591
f 4818 4589 4820
f 4818 4587 4589
f 4816 4587 4818
f 4587 4585 4816
f 4804 4585 4816
f 4804 4583 4585
f 3120 4826 3118
f 3118 4826 4827
f 3118 4827 3116
f 3116 4827 4828
f 3116 4828 3114
f 3114 4828 4829
f 3114 4829 3112
f 3112 4829 4830
f 3112 4830 3110
f 3110 4830 4831
f 3110 4831 3108
f 3108 4831 4832
f 3108 4832 3106
f 4833 4832 3106
f 3104 4833 3106
f 4611 4833 3104
f 4834 4833 4611
f 4613 4834 4611
f 4835 4834 4613
f 4836 4835 4613
f 4837 4835 4836
f 4836 4837 4838
f 4826 4839 4827
f 4840 4839 4827
f 4827 4840 4828
f 4828 4840 4841
f 4828 4841 4829
f 4842 4841 4829
f 4829 4842 4830
f 4830 4842 4843
f 4830 4843 4831
f 4831 4843 4844
f 4831 4844 4832
f 4845 4844 4832
f 4833 4845 4832
f 4846 4845 4833
f 4847 4846 4833
f 4834 4847 4833
f 4834 4847 4837
f 4835 4837 4834
f 4848 4838 4836
f 4848 4838 4849
f 4848 4849 4850
f 4850 4849 4851
f 4850 4851 4852
f 4852 4851 4853
f 4852 4853 4854
f 4854 4853 4855
f 4854 4855 4856
f 4856 4855 4857
f 4856 4857 4633
f 4856 4632 4633
f 4854 4632 4856
f 4854 4621 4632
f 4852 4621 4854
f 4621 4619 4852
f 4852 4619 4850
f 4619 4617 4850
f 4850 4617 4848
f 4848 4615 4617
f 4836 4615 4848
f 4836 4613 4615
f 3069 4858 3071
f 3069 4858 4859
f 3069 4859 3067
f 3067 4859 4860
f 3067 4860 3065
f 3065 4860 4861
f 3065 4861 3063
f 3063 4861 4862
f 3063 4862 3061
f 3061 4862 4863
f 3061 4863 3059
f 3059 4863 4864
f 3059 4864 3055
f 3055 4864 4865
f 3055 4865 3057
f 3057 4865 4641
f 4641 4865 4866
f 4641 4866 4643
f 4643 4866 4867
f 4868 4867 4643
f 4869 4867 4868
f 4870 4869 4868
f 4858 4871 4859
f 4859 4871 4872
f 4859 4872 4860
f 4860 4872 4873
f 4860 4873 4861
f 4861 4873 4874
f 4861 4874 4862
f 4862 4874 4875
f 4862 4875 4863
f 4863 4875 4876
f 4863 4876 4864
f 4864 4876 4877
f 4864 4877 4865
f 4865 4877 4878
f 4865 4878 4879
f 4865 4879 4866
f 4869 4879 4866
f 4866 4869 4867
f 4880 4870 4868
f 4881 4870 4880
f 4880 4881 4882
f 4882 4881 4883
f 4882 4883 4884
f 4884 4883 4885
f 4884 4885 4886
f 4886 4885 4887
f 4886 4887 4888
f 4888 4887 4889
f 4888 4889 4663
f 4663 4662 4888
f 4888 4662 4886
f 4662 4651 4886
f 4886 4651 4884
f 4651 4649 4884
f 4884 4649 4882
f 4649 4647 4882
f 4882 4647 4880
f 4880 4645 4647
f 4868 4645 4880
f 4868 4643 4645
f 3365 4890 3363
f 3363 4890 4891
f 3363 4891 3361
f 3361 4891 4892
f 3361 4892 3359
f 3359 4892 4893
f 3359 4893 3357
f 3357 4893 4894
f 3355 4894 3357
f 4895 4894 3355
f 3353 4895 3355
f 4896 4895 3353
f 3351 4896 3353
f 4897 4896 3351
f 3349 4897 3351
f 4461 4897 3349
f 4898 4897 4461
f 4463 4898 4461
f 4899 4898 4463
f 4463 4899 4900
f 4901 4899 4900
f 4902 4901 4900
f 4890 4903 4891
f 4891 4903 4904
f 4891 4904 4892
f 4892 4904 4905
f 4892 4905 4893
f 4906 4905 4893
f 4894 4906 4893
f 4907 4906 4894
f 4895 4907 4894
f 4908 4907 4895
f 4896 4908 4895
f 4909 4908 4896
f 4897 4909 4896
f 4910 4909 4897
f 4911 4910 4897
f 4898 4911 4897
f 4901 4911 4898
f 4899 4901 4898
f 4900 4902 4912
f 4912 4902 4913
f 4912 4913 4914
f 4914 4913 4915
f 4914 4915 4916
f 4916 4915 4917
f 4916 4917 4918
f 4918 4917 4919
f 4918 4919 4920
f 4920 4919 4921
f 4920 4921 4483
f 4483 4482 4920
f 4920 4482 4918
f 4482 4471 4918
f 4918 4471 4916
f 4471 4469 4916
f 4916 4469 4914
f 4469 4467 4914
f 4914 4467 4912
f 4467 4465 4912
f 4912 4465 4900
f 4465 4463 4900
f 3316 4922 3314
f 3314 4922 4923
f 3314 4923 3312
f 3312 4923 4924
f 3312 4924 3310
f 3310 4924 4925
f 3310 4925 3308
f 3308 4925 4926
f 3308 4926 3306
f 3306 4926 4927
f 3306 4927 3304
f 3304 4927 4928
f 3304 4928 3300
f 3300 4928 4929
f 3300 4929 3302
f 3302 4929 4491
f 4491 4929 4930
f 4491 4930 4493
f 4493 4930 4931
f 4493 4931 4932
f 4932 4931 4933
f 4932 4933 4934
f 4922 4935 4923
f 4923 4935 4936
f 4923 4936 4924
f 4924 4936 4937
f 4924 4937 4925
f 4938 4937 4925
f 4925 4938 4926
f 4926 4938 4939
f 4926 4939 4927
f 4927 4939 4940
f 4927 4940 4928
f 4928 4940 4941
f 4928 4941 4929
f 4929 4941 4942
f 4929 4942 4943
f 4929 4943 4930
f 4930 4943 4933
f 4930 4933 4931
f 4932 4934 4944
f 4944 4934 4945
f 4944 4945 4946
f 4946 4945 4947
f 4946 4947 4948
f 4948 4947 4949
f 4948 4949 4950
f 4950 4949 4951
f 4950 4951 4952
f 4952 4951 4953
f 4952 4953 4513
f 4513 4512 4952
f 4952 4512 4950
f 4512 4501 4950
f 4950 4501 4948
f 4501 4499 4948
f 4948 4499 4946
f 4499 4497 4946
f 4946 4497 4944
f 4497 4495 4944
f 4944 4495 4932
f 4495 4493 4932
f 3267 4954 3265
f 3265 4954 4955
f 3265 4955 3263
f 3263 4955 4956
f 3263 4956 3261
f 3261 4956 4957
f 3261 4957 3259
f 3259 4957 4958
f 3259 4958 3257
f 3257 4958 4959
f 3257 4959 3255
f 3255 4959 4960
f 3255 4960 3253
f 4961 4960 3253
f 3251 4961 3253
f 4521 4961 3251
f 4962 4961 4521
f 4523 4962 4521
f 4523 4962 4963
f 4523 4963 4964
f 4964 4963 4965
f 4964 4965 4966
f 4954 4967 4955
f 4955 4967 4968
f 4955 4968 4956
f 4956 4968 4969
f 4956 4969 4957
f 4957 4969 4970
f 4957 4970 4958
f 4958 4970 4971
f 4958 4971 4959
f 4959 4971 4972
f 4959 4972 4960
f 4960 4972 4973
f 4961 4973 4960
f 4974 4973 4961
f 4975 4974 4961
f 4962 4975 4961
f 4962 4975 4965
f 4962 4965 4963
f 4964 4966 4976
f 4976 4966 4977
f 4976 4977 4978
f 4978 4977 4979
f 4978 4979 4980
f 4980 4979 4981
f 4980 4981 4982
f 4982 4981 4983
f 4982 4983 4984
f 4984 4983 4985
f 4984 4985 4543
f 4543 4542 4984
f 4984 4542 4982
f 4542 4531 4982
f 4982 4531 4980
f 4531 4529 4980
f 4980 4529 4978
f 4529 4527 4978
f 4978 4527 4976
f 4527 4525 4976
f 4976 4525 4964
f 4525 4523 4964
f 3218 4986 3216
f 3216 4986 4987
f 3216 4987 3214
f 3214 4987 4988
f 3214 4988 3212
f 3212 4988 4989
f 3212 4989 3210
f 3210 4989 4990
f 3210 4990 3208
f 3208 4990 4991
f 3208 4991 3206
f 3206 4991 4992
f 3204 4992 3206
f 4993 4992 3204
f 3202 4993 3204
f 4551 4993 3202
f 4994 4993 4551
f 4553 4994 4551
f 4995 4994 4553
f 4996 4995 4553
f 4997 4995 4996
f 4998 4997 4996
f 4986 4999 4987
f 4987 4999 5000
f 4987 5000 4988
f 4988 5000 5001
f 4988 5001 4989
f 4989 5001 5002
f 4989 5002 4990
f 4990 5002 5003
f 4990 5003 4991
f 4991 5003 5004
f 4991 5004 4992
f 4992 5004 5005
f 4993 5005 4992
f 5006 5005 4993
f 5007 5006 4993
f 4994 5007 4993
f 4997 5007 4994
f 4995 4997 4994
f 5008 4998 4996
f 5009 4998 5008
f 5010 5009 5008
f 5011 5009 5010
f 5012 5011 5010
f 5013 5011 5012
f 5012 5013 5014
f 5014 5013 5015
f 5014 5015 5016
f 5016 5015 5017
f 5016 5017 4573
f 4573 4572 5016
f 5016 4572 5014
f 4572 4561 5014
f 5014 4561 5012
f 4561 4559 5012
f 5010 4559 5012
f 5010 4557 4559
f 5008 4557 5010
f 5008 4555 4557
f 4996 4555 5008
f 4996 4553 4555
f 5018 5019 5020
f 5021 5019 5018
f 5022 5021 5018
f 5023 5021 5022
f 5024 5023 5022
f 5025 5023 5024
f 5026 5025 5024
f 5027 5025 5026
f 5028 5027 5026
f 5029 5027 5028
f 5030 5029 5028
f 5031 5029 5030
f 5032 5031 5030
f 5033 5031 5032
f 5034 5033 5032
f 5035 5033 5034
f 5036 5033 5035
f 5037 5036 5035
f 5038 5036 5037
f 5039 5038 5037
f 5040 5038 5039
f 5041 5040 5039
f 5021 5042 5019
f 5043 5042 5021
f 5023 5043 5021
f 5044 5043 5023
f 5025 5044 5023
f 5045 5044 5025
f 5027 5045 5025
f 5046 5045 5027
f 5029 5046 5027
f 5047 5046 5029
f 5031 5047 5029
f 5048 5047 5031
f 5033 5048 5031
f 5049 5048 5033
f 5050 5049 5033
f 5036 5050 5033
f 5040 5050 5036
f 5038 5040 5036
f 5051 5041 5039
f 5052 5041 5051
f 5053 5052 5051
f 5054 5052 5053
f 5055 5054 5053
f 5056 5054 5055
f 5057 5056 5055
f 5057 5056 5058
f 5059 5058 5057
f 5060 5058 5059
f 5061 5060 5059
f 5059 5062 5061
f 5057 5062 5059
f 5057 5063 5062
f 5055 5063 5057
f 5055 5064 5063
f 5053 5064 5055
f 5053 5065 5064
f 5051 5065 5053
f 5051 5066 5065
f 5039 5066 5051
f 5039 5037 5066
f 5067 5068 5069
f 5070 5068 5067
f 5071 5070 5067
f 5072 5070 5071
f 5073 5072 5071
f 5074 5072 5073
f 5075 5074 5073
f 5076 5074 5075
f 5077 5076 5075
f 5078 5076 5077
f 5079 5078 5077
f 5080 5078 5079
f 5081 5080 5079
f 5082 5080 5081
f 5083 5082 5081
f 5084 5082 5083
f 5085 5082 5084
f 5086 5085 5084
f 5087 5085 5086
f 5088 5087 5086
f 5089 5087 5088
f 5090 5089 5088
f 5068 5091 5070
f 5070 5091 5092
f 5070 5092 5072
f 5072 5092 5093
f 5074 5093 5072
f 5094 5093 5074
f 5076 5094 5074
f 5095 5094 5076
f 5078 5095 5076
f 5096 5095 5078
f 5080 5096 5078
f 5097 5096 5080
f 5082 5097 5080
f 5098 5097 5082
f 5099 5098 5082
f 5085 5099 5082
f 5089 5099 5085
f 5087 5089 5085
f 5100 5090 5088
f 5101 5090 5100
f 5102 5101 5100
f 5103 5101 5102
f 5104 5103 5102
f 5105 5103 5104
f 5106 5105 5104
f 5107 5105 5106
f 5108 5107 5106
f 5109 5107 5108
f 5110 5109 5108
f 5108 5111 5110
f 5106 5111 5108
f 5106 5112 5111
f 5104 5112 5106
f 5104 5113 5112
f 5102 5113 5104
f 5102 5114 5113
f 5100 5114 5102
f 5100 5115 5114
f 5088 5115 5100
f 5088 5086 5115
f 5116 5117 5118
f 5119 5117 5116
f 5120 5119 5116
f 5121 5119 5120
f 5122 5121 5120
f 5123 5121 5122
f 5124 5123 5122
f 5125 5123 5124
f 5126 5125 5124
f 5127 5125 5126
f 5128 5127 5126
f 5129 5127 5128
f 5130 5129 5128
f 5131 5129 5130
f 5132 5131 5130
f 5133 5131 5132
f 5134 5131 5133
f 5135 5134 5133
f 5136 5134 5135
f 5137 5136 5135
f 5138 5136 5137
f 5139 5138 5137
f 5119 5140 5117
f 5141 5140 5119
f 5121 5141 5119
f 5142 5141 5121
f 5123 5142 5121
f 5143 5142 5123
f 5125 5143 5123
f 5144 5143 5125
f 5127 5144 5125
f 5145 5144 5127
f 5129 5145 5127
f 5146 5145 5129
f 5131 5146 5129
f 5147 5146 5131
f 5148 5147 5131
f 5134 5148 5131
f 5138 5148 5134
f 5136 5138 5134
f 5149 5139 5137
f 5150 5139 5149
f 5151 5150 5149
f 5152 5150 5151
f 5153 5152 5151
f 5154 5152 5153
f 5155 5154 5153
f 5156 5154 5155
f 5157 5156 5155
f 5158 5156 5157
f 5159 5158 5157
f 5157 5160 5159
f 5155 5160 5157
f 5155 5161 5160
f 5153 5161 5155
f 5153 5162 5161
f 5151 5162 5153
f 5151 5163 5162
f 5149 5163 5151
f 5149 5164 5163
f 5137 5164 5149
f 5137 5135 5164
f 5165 5166 5167
f 5168 5166 5165
f 5169 5168 5165
f 5170 5168 5169
f 5171 5170 5169
f 5172 5170 5171
f 5173 5172 5171
f 5174 5172 5173
f 5175 5174 5173
f 5176 5174 5175
f 5177 5176 5175
f 5178 5176 5177
f 5179 5178 5177
f 5180 5178 5179
f 5181 5180 5179
f 5182 5180 5181
f 5183 5180 5182
f 5184 5183 5182
f 5185 5183 5184
f 5186 5185 5184
f 5187 5185 5186
f 5188 5187 5186
f 5168 5189 5166
f 5190 5189 5168
f 5170 5190 5168
f 5191 5190 5170
f 5172 5191 5170
f 5192 5191 5172
f 5174 5192 5172
f 5193 5192 5174
f 5176 5193 5174
f 5194 5193 5176
f 5178 5194 5176
f 5195 5194 5178
f 5180 5195 5178
f 5196 5195 5180
f 5197 5196 5180
f 5183 5197 5180
f 5187 5197 5183
f 5185 5187 5183
f 5198 5188 5186
f 5199 5188 5198
f 5200 5199 5198
f 5201 5199 5200
f 5202 5201 5200
f 5203 5201 5202
f 5204 5203 5202
f 5205 5203 5204
f 5206 5205 5204
f 5207 5205 5206
f 5208 5207 5206
f 5206 5209 5208
f 5204 5209 5206
f 5204 5210 5209
f 5202 5210 5204
f 5202 5211 5210
f 5200 5211 5202
f 5200 5212 5211
f 5198 5212 5200
f 5198 5213 5212
f 5186 5213 5198
f 5186 5184 5213
f 5214 5215 5216
f 5217 5215 5214
f 5218 5217 5214
f 5219 5217 5218
f 5220 5219 5218
f 5221 5219 5220
f 5222 5221 5220
f 5223 5221 5222
f 5224 5223 5222
f 5225 5223 5224
f 5226 5225 5224
f 5227 5225 5226
f 5228 5227 5226
f 5229 5227 5228
f 5230 5229 5228
f 5231 5229 5230
f 5232 5229 5231
f 5233 5232 5231
f 5234 5232 5233
f 5235 5234 5233
f 5236 5234 5235
f 5237 5236 5235
f 5217 5238 5215
f 5239 5238 5217
f 5219 5239 5217
f 5240 5239 5219
f 5221 5240 5219
f 5241 5240 5221
f 5223 5241 5221
f 5242 5241 5223
f 5225 5242 5223
f 5243 5242 5225
f 5227 5243 5225
f 5244 5243 5227
f 5229 5244 5227
f 5245 5244 5229
f 5246 5245 5229
f 5232 5246 5229
f 5236 5246 5232
f 5234 5236 5232
f 5247 5237 5235
f 5248 5237 5247
f 5249 5248 5247
f 5250 5248 5249
f 5251 5250 5249
f 5252 5250 5251
f 5253 5252 5251
f 5254 5252 5253
f 5255 5254 5253
f 5256 5254 5255
f 5257 5256 5255
f 5255 5258 5257
f 5253 5258 5255
f 5253 5259 5258
f 5251 5259 5253
f 5251 5260 5259
f 5249 5260 5251
f 5249 5261 5260
f 5247 5261 5249
f 5247 5262 5261
f 5235 5262 5247
f 5235 5233 5262
f 5263 5264 5265
f 5266 5264 5263
f 5267 5266 5263
f 5268 5266 5267
f 5269 5268 5267
f 5270 5268 5269
f 5271 5270 5269
f 5272 5270 5271
f 5273 5272 5271
f 5274 5272 5273
f 5275 5274 5273
f 5276 5274 5275
f 5277 5276 5275
f 5278 5276 5277
f 5279 5278 5277
f 5280 5278 5279
f 5281 5278 5280
f 5282 5281 5280
f 5283 5281 5282
f 5284 5283 5282
f 5285 5283 5284
f 5286 5285 5284
f 5266 5287 5264
f 5288 5287 5266
f 5268 5288 5266
f 5289 5288 5268
f 5270 5289 5268
f 5290 5289 5270
f 5272 5290 5270
f 5291 5290 5272
f 5274 5291 5272
f 5292 5291 5274
f 5276 5292 5274
f 5293 5292 5276
f 5278 5293 5276
f 5294 5293 5278
f 5295 5294 5278
f 5281 5295 5278
f 5285 5295 5281
f 5283 5285 5281
f 5296 5286 5284
f 5297 5286 5296
f 5298 5297 5296
f 5299 5297 5298
f 5300 5299 5298
f 5301 5299 5300
f 5302 5301 5300
f 5303 5301 5302
f 5304 5303 5302
f 5305 5303 5304
f 5306 5305 5304
f 5304 5307 5306
f 5302 5307 5304
f 5302 5308 5307
f 5300 5308 5302
f 5300 5309 5308
f 5298 5309 5300
f 5298 5310 5309
f 5296 5310 5298
f 5296 5311 5310
f 5284 5311 5296
f 5284 5282 5311
f 5312 5313 5314
f 5315 5313 5312
f 5316 5315 5312
f 5317 5315 5316
f 5318 5317 5316
f 5319 5317 5318
f 5320 5319 5318
f 5321 5319 5320
f 5322 5321 5320
f 5323 5321 5322
f 5324 5323 5322
f 5325 5323 5324
f 5326 5325 5324
f 5327 5325 5326
f 5328 5327 5326
f 5329 5327 5328
f 5330 5327 5329
f 5331 5330 5329
f 5332 5330 5331
f 5333 5332 5331
f 5334 5332 5333
f 5335 5334 5333
f 5315 5336 5313
f 5337 5336 5315
f 5317 5337 5315
f 5338 5337 5317
f 5319 5338 5317
f 5339 5338 5319
f 5321 5339 5319
f 5340 5339 5321
f 5323 5340 5321
f 5341 5340 5323
f 5325 5341 5323
f 5342 5341 5325
f 5327 5342 5325
f 5343 5342 5327
f 5344 5343 5327
f 5330 5344 5327
f 5334 5344 5330
f 5332 5334 5330
f 5345 5335 5333
f 5346 5335 5345
f 5347 5346 5345
f 5348 5346 5347
f 5349 5348 5347
f 5350 5348 5349
f 5351 5350 5349
f 5352 5350 5351
f 5353 5352 5351
f 5354 5352 5353
f 5355 5354 5353
f 5353 5356 5355
f 5351 5356 5353
f 5351 5357 5356
f 5349 5357 5351
f 5349 5358 5357
f 5347 5358 5349
f 5347 5359 5358
f 5345 5359 5347
f 5345 5360 5359
f 5333 5360 5345
f 5333 5331 5360
f 5361 5362 5363
f 5364 5362 5361
f 5365 5364 5361
f 5366 5364 5365
f 5367 5366 5365
f 5368 5366 5367
f 5369 5368 5367
f 5370 5368 5369
f 5371 5370 5369
f 5372 5370 5371
f 5373 5372 5371
f 5374 5372 5373
f 5375 5374 5373
f 5376 5374 5375
f 5377 5376 5375
f 5378 5376 5377
f 5379 5376 5378
f 5380 5379 5378
f 5381 5379 5380
f 5382 5381 5380
f 5383 5381 5382
f 5384 5383 5382
f 5364 5385 5362
f 5386 5385 5364
f 5366 5386 5364
f 5387 5386 5366
f 5368 5387 5366
f 5388 5387 5368
f 5370 5388 5368
f 5389 5388 5370
f 5372 5389 5370
f 5390 5389 5372
f 5374 5390 5372
f 5391 5390 5374
f 5376 5391 5374
f 5392 5391 5376
f 5393 5392 5376
f 5379 5393 5376
f 5383 5393 5379
f 5381 5383 5379
f 5394 5384 5382
f 5395 5384 5394
f 5396 5395 5394
f 5397 5395 5396
f 5398 5397 5396
f 5399 5397 5398
f 5400 5399 5398
f 5401 5399 5400
f 5402 5401 5400
f 5403 5401 5402
f 5404 5403 5402
f 5402 5405 5404
f 5400 5405 5402
f 5400 5406 5405
f 5398 5406 5400
f 5398 5407 5406
f 5396 5407 5398
f 5396 5408 5407
f 5394 5408 5396
f 5394 5409 5408
f 5382 5409 5394
f 5382 5380 5409
f 5410 5411 5412
f 5413 5411 5410
f 5414 5413 5410
f 5410 5412 5414
f 5412 2170 5414
f 2168 2170 5412
f 5158 2168 5412
f 5415 2168 5158
f 2167 2168 5415
f 5416 2167 5415
f 5417 2167 5416
f 2185 2167 5417
f 5418 2185 5417
f 5419 2185 5418
f 5420 2185 5419
f 5420 2185 2158
f 5420 2158 5421
f 5421 2158 5422
f 5422 2158 5423
f 5424 2158 5423
f 2157 2158 5424
f 5425 2157 5424
f 5426 2157 5425
f 5427 2157 5426
f 2186 2157 5427
f 5428 2186 5427
f 5429 2186 5428
f 2152 2186 5429
f 5117 2152 5429
f 5430 2152 5117
f 5140 5430 5117
f 5141 5430 5140
f 5142 5430 5141
f 5143 5430 5142
f 5431 5430 5143
f 5144 5431 5143
f 5145 5431 5144
f 5146 5431 5145
f 5147 5431 5146
f 5148 5431 5147
f 5138 5431 5148
f 5139 5431 5138
f 5150 5431 5139
f 5412 5431 5150
f 5152 5412 5150
f 5154 5412 5152
f 5156 5412 5154
f 5158 5412 5156
f 5414 5201 5432
f 5199 5201 5414
f 5188 5199 5414
f 5432 5433 5434
f 5435 5433 5432
f 5436 5435 5432
f 5434 5437 5438
f 5439 5437 5434
f 5440 5439 5434
f 5438 5441 2178
f 5442 5441 5438
f 5443 5442 5438
f 2178 5190 2176
f 5189 5190 2178
f 5166 5189 2178
f 2176 5192 2174
f 5191 5192 2176
f 5190 5191 2176
f 2174 5195 2172
f 5194 5195 2174
f 5193 5194 2174
f 2172 5414 2170
f 5196 5414 2172
f 5195 5196 2172
f 5430 2144 2152
f 5444 2144 5430
f 2143 2144 5444
f 5245 2143 5444
f 5246 2143 5245
f 2187 2143 5246
f 5236 2187 5246
f 5237 2187 5236
f 5248 2187 5237
f 2133 2187 5248
f 5250 2133 5248
f 5252 2133 5250
f 2132 2133 5252
f 5254 2132 5252
f 5256 2132 5254
f 5445 2132 5256
f 5446 2132 5445
f 5447 2132 5446
f 5448 2132 5447
f 5449 5448 5447
f 5450 5448 5449
f 5451 5448 5450
f 5452 5448 5451
f 5453 5448 5452
f 5454 5453 5452
f 5455 5453 5454
f 5456 5453 5455
f 5457 5453 5456
f 5458 5453 5457
f 5459 5453 5458
f 5460 5453 5459
f 5461 5460 5459
f 5462 5460 5461
f 5215 5460 5462
f 5238 5460 5215
f 5239 5460 5238
f 5240 5460 5239
f 5444 5460 5240
f 5241 5444 5240
f 5242 5444 5241
f 5243 5444 5242
f 5244 5444 5243
f 5245 5444 5244
f 5431 5463 5430
f 5464 5463 5431
f 5412 5464 5431
f 5432 5207 5436
f 5205 5207 5432
f 5203 5205 5432
f 5432 5201 5203
f 5414 5187 5188
f 5197 5187 5414
f 5196 5197 5414
f 2174 5192 5193
f 2178 5465 5166
f 5466 5465 2178
f 5441 5466 2178
f 5438 5467 5443
f 5437 5467 5438
f 5434 5468 5440
f 5469 5468 5434
f 5470 5469 5434
f 5434 5433 5470
f 5471 5472 5473
f 5474 5472 5471
f 5475 5474 5471
f 5471 5473 5475
f 5404 5476 5477
f 5478 5476 5404
f 5479 5478 5404
f 5480 5478 5479
f 5481 5480 5479
f 5476 5482 5477
f 5483 5482 5476
f 5484 5483 5476
f 5485 5483 5484
f 5486 5485 5484
f 5484 5487 5486
f 5488 5487 5484
f 5489 5487 5488
f 5490 5489 5488
f 5488 5491 5490
f 5492 5491 5488
f 5493 5492 5488
f 5494 5492 5493
f 5495 5494 5493
f 5493 5496 5495
f 5497 5496 5493
f 5498 5496 5497
f 5499 5498 5497
f 5497 5363 5499
f 5500 5363 5497
f 5473 5363 5500
f 5501 5473 5500
f 5502 5473 5501
f 5475 5473 5502
f 5328 5475 5502
f 5326 5475 5328
f 5324 5475 5326
f 5322 5475 5324
f 5320 5475 5322
f 5318 5475 5320
f 5503 5475 5318
f 5316 5503 5318
f 5312 5503 5316
f 5314 5503 5312
f 5504 5503 5314
f 5505 5503 5504
f 5506 5503 5505
f 5507 5503 5506
f 5508 5507 5506
f 5509 5507 5508
f 5510 5507 5509
f 5511 5507 5510
f 5512 5507 5511
f 5513 5507 5512
f 5514 5507 5513
f 5515 5514 5513
f 5516 5514 5515
f 5517 5514 5516
f 5518 5514 5517
f 5519 5514 5518
f 5520 5519 5518
f 5521 5519 5520
f 5355 5519 5521
f 5356 5519 5355
f 5522 5519 5356
f 5357 5522 5356
f 5358 5522 5357
f 5359 5522 5358
f 5523 5522 5359
f 5360 5523 5359
f 5331 5523 5360
f 5329 5523 5331
f 5502 5523 5329
f 5328 5502 5329
f 5473 5361 5363
f 5365 5361 5473
f 5367 5365 5473
f 5524 5367 5473
f 5369 5367 5524
f 5371 5369 5524
f 5524 5373 5371
f 5375 5373 5524
f 5377 5375 5524
f 5524 5378 5377
f 5380 5378 5524
f 5409 5380 5524
f 5524 5408 5409
f 5407 5408 5524
f 5479 5407 5524
f 5406 5407 5479
f 5405 5406 5479
f 5479 5404 5405
f 5525 5306 5307
f 5526 5306 5525
f 5527 5526 5525
f 5525 5528 5527
f 5529 5528 5525
f 5530 5528 5529
f 5531 5530 5529
f 5529 5532 5531
f 5533 5532 5529
f 5534 5533 5529
f 5529 5535 5534
f 5536 5535 5529
f 5537 5535 5536
f 5538 5537 5536
f 5536 5539 5538
f 5540 5539 5536
f 5541 5540 5536
f 5542 5540 5541
f 5543 5542 5541
f 5541 5265 5543
f 5263 5265 5541
f 5544 5263 5541
f 5267 5263 5544
f 5269 5267 5544
f 5544 5271 5269
f 5545 5271 5544
f 5273 5271 5545
f 5275 5273 5545
f 5545 5277 5275
f 5481 5277 5545
f 5279 5277 5481
f 5546 5279 5481
f 5280 5279 5546
f 5282 5280 5546
f 5546 5311 5282
f 5310 5311 5546
f 5309 5310 5546
f 5525 5309 5546
f 5308 5309 5525
f 5307 5308 5525
f 5481 5479 5546
f 5524 5547 5479
f 5548 5547 5524
f 5473 5548 5524
f 5549 5430 5550
f 5444 5430 5549
f 5551 5444 5549
f 5549 5550 5551
f 5552 5551 5553
f 5444 5551 5552
f 5460 5444 5552
f 5552 5553 5460
f 5554 5479 5555
f 5546 5479 5554
f 5556 5546 5554
f 5554 5555 5556
f 5557 5556 5558
f 5546 5556 5557
f 5525 5546 5557
f 5557 5558 5525
f 5559 5560 4125
f 5561 5560 5559
f 4127 5561 5559
f 5559 4125 4127
f 5562 4127 4120
f 5561 4127 5562
f 5563 5561 5562
f 5562 4120 5563
f 5561 5564 5560
f 5565 5564 5561
f 5566 5565 5561
f 5560 5567 5568
f 5569 5567 5560
f 5570 5569 5560
f 5568 5019 5571
f 5572 5019 5568
f 5573 5572 5568
f 5571 5049 5574
f 5048 5049 5571
f 5047 5048 5571
f 5574 4780 5575
f 4779 4780 5574
f 4778 4779 5574
f 5575 4910 5576
f 4909 4910 5575
f 4908 4909 5575
f 5576 4869 5577
f 4879 4869 5576
f 4878 4879 5576
f 5577 5098 5464
f 5097 5098 5577
f 5096 5097 5577
f 5464 5109 5463
f 5107 5109 5464
f 5105 5107 5464
f 5463 5578 5579
f 5580 5578 5463
f 5581 5580 5463
f 5579 5582 5563
f 5583 5582 5579
f 5584 5583 5579
f 5563 5585 5561
f 5586 5585 5563
f 5587 5586 5563
f 5091 5068 4953
f 4953 5068 5588
f 4953 5588 5589
f 4953 5590 5589
f 4953 5590 5591
f 4953 5591 5592
f 4953 5592 5579
f 5579 5592 5593
f 5579 5593 5594
f 5579 5578 5594
f 5463 5595 5581
f 5596 5595 5463
f 5597 5596 5463
f 5463 5598 5597
f 5599 5598 5463
f 5109 5599 5463
f 5464 5103 5105
f 5101 5103 5464
f 5090 5101 5464
f 5464 5089 5090
f 5099 5089 5464
f 5098 5099 5464
f 5096 4934 5095
f 4933 4934 5096
f 5577 4933 5096
f 4943 4933 5577
f 5577 4943 4889
f 4889 4943 4942
f 4889 4942 4941
f 4934 5095 4945
f 5094 5095 4945
f 4945 5094 4947
f 4947 5094 5093
f 4947 5093 4949
f 4949 5093 5092
f 4949 5092 4951
f 4951 5092 5091
f 4951 5091 4953
f 5568 5600 5573
f 5601 5600 5568
f 5602 5601 5568
f 5568 5603 5602
f 5604 5603 5568
f 5567 5604 5568
f 5605 5606 5570
f 5570 5606 5607
f 4810 5607 5570
f 5608 5607 4810
f 4811 5608 4810
f 4812 5608 4811
f 5609 5608 4812
f 4748 5609 4812
f 4746 5609 4748
f 5610 5609 4746
f 4746 5610 5611
f 5606 5605 5612
f 5612 5605 5613
f 5612 5613 5614
f 5614 5613 5615
f 5614 5615 5616
f 5616 5615 5617
f 5616 5617 5618
f 5618 5617 5619
f 5618 5619 4986
f 4986 5619 5060
f 4986 5060 5058
f 4986 5058 4999
f 4999 5058 5056
f 4999 5056 5000
f 5000 5056 5054
f 5000 5054 5001
f 5001 5054 5052
f 5001 5052 5002
f 5002 5052 5041
f 5002 5041 5003
f 5040 5041 5003
f 5004 5040 5003
f 5620 5040 5004
f 5005 5620 5004
f 5621 5620 5005
f 5622 5621 5005
f 5574 5040 5620
f 5050 5040 5574
f 5049 5050 5574
f 5571 5046 5047
f 5045 5046 5571
f 5044 5045 5571
f 5571 5043 5044
f 5042 5043 5571
f 5019 5042 5571
f 4746 5611 4744
f 4744 5611 5623
f 4744 5623 5624
f 5624 5625 4744
f 4744 5625 5626
f 4744 5626 4743
f 4743 5626 5627
f 4743 5627 5017
f 5017 5015 4743
f 4743 5015 5013
f 4743 5013 4741
f 5011 5013 4741
f 5009 5011 4741
f 4741 4998 5009
f 4997 4998 4741
f 4740 4997 4741
f 5007 4997 4740
f 5006 5007 4740
f 5006 5622 5005
f 4758 5622 5006
f 4740 4758 5006
f 5628 5629 4954
f 4954 5629 5630
f 4954 5630 4967
f 4967 5630 5631
f 4967 5631 4968
f 4968 5631 5632
f 4968 5632 4969
f 4969 5632 5633
f 4969 5633 4970
f 4970 5633 5634
f 4970 5634 4971
f 4971 5634 4756
f 4971 4756 4972
f 4972 4756 4973
f 4973 4756 4757
f 4973 4757 4974
f 4974 4757 4975
f 4975 4757 5635
f 4975 5635 4965
f 4965 5635 4966
f 4966 5635 5636
f 4966 5636 4977
f 4977 5636 5637
f 4977 5637 4979
f 4979 5637 5638
f 4979 5638 4981
f 4981 5638 5639
f 4981 5639 4983
f 4983 5639 5640
f 4983 5640 4985
f 4985 5640 5641
f 4985 5641 5642
f 5642 5641 5643
f 5643 5641 5644
f 5645 5644 5643
f 5563 5644 5645
f 5646 5563 5645
f 5647 5563 5646
f 5587 5563 5647
f 5628 5648 5629
f 5629 5648 5566
f 5649 5648 5566
f 5561 5649 5566
f 5650 5649 5561
f 5651 5650 5561
f 5561 5652 5651
f 5653 5652 5561
f 5585 5653 5561
f 4935 4922 5654
f 5654 4922 5655
f 5654 5655 5656
f 5656 5657 5654
f 5654 5657 4847
f 5654 4847 5658
f 5658 4847 5659
f 5659 4847 5660
f 5660 4847 4846
f 5660 4846 4845
f 5661 4857 5657
f 5657 4857 4855
f 5657 4855 4853
f 5661 5662 4857
f 4857 5662 5663
f 4857 5663 5664
f 5664 5665 4857
f 4857 5665 5666
f 4857 5666 5579
f 5579 5666 5667
f 5579 5667 5668
f 5668 5669 5579
f 5579 5669 5670
f 5579 5670 5671
f 5671 5672 5579
f 5579 5672 4953
f 4941 4940 4889
f 4889 4940 4939
f 4938 4939 4889
f 4889 4937 4938
f 5673 4937 4889
f 5674 4937 5673
f 5675 4937 5674
f 5676 4937 5675
f 5677 4937 5676
f 5678 4937 5677
f 5679 5678 5677
f 5680 5678 5679
f 5681 5680 5679
f 5682 5680 5681
f 5682 5680 5683
f 5683 5680 5684
f 5683 5684 5685
f 5685 5684 5686
f 5686 5684 5687
f 5687 5684 5688
f 5687 5688 5689
f 5689 5688 5690
f 5690 5688 5691
f 5691 5688 5692
f 5691 5692 4858
f 4858 5692 4871
f 4871 5692 4872
f 4872 5692 4873
f 4873 5692 4921
f 4873 4921 4874
f 4874 4921 4875
f 4875 4921 4876
f 4876 4921 4877
f 4877 4921 4919
f 4877 4919 4917
f 5678 4937 5693
f 5693 4937 4936
f 5693 4936 5654
f 5654 4936 4935
f 5694 4773 4890
f 4890 4773 4783
f 4890 4783 4903
f 4903 4783 4904
f 4904 4783 4782
f 4905 4782 4904
f 5575 4782 4905
f 4906 5575 4905
f 4907 5575 4906
f 4908 5575 4907
f 4773 5694 4774
f 4774 5694 5695
f 4774 5695 4785
f 4785 5695 5696
f 4785 5696 4787
f 4787 5696 5697
f 4787 5697 4789
f 5698 5697 4789
f 4732 5698 4789
f 5699 5698 4732
f 5700 5699 4732
f 4731 5700 4732
f 5701 5700 4731
f 5702 5701 4731
f 5703 5702 4731
f 5704 5702 5703
f 5703 5704 5705
f 5703 5705 5692
f 5692 5705 5706
f 5692 5706 5707
f 5707 5708 5692
f 5692 5708 5709
f 5692 5709 4921
f 4877 4917 4878
f 4915 4917 4878
f 5576 4915 4878
f 4913 4915 5576
f 4902 4913 5576
f 5576 4901 4902
f 4911 4901 5576
f 4910 4911 5576
f 4889 4887 5577
f 5577 4887 4885
f 5577 4885 4883
f 4883 4881 5577
f 4870 4881 5577
f 4869 4870 5577
f 5710 4826 4839
f 5711 4826 5710
f 5636 5711 5710
f 5563 5712 5644
f 5582 5712 5563
f 5579 5713 5584
f 5579 5713 5714
f 5579 5714 5715
f 5715 4857 5579
f 4853 4851 5657
f 5657 4851 4849
f 5657 4849 4838
f 4838 4837 5657
f 5657 4837 4847
f 5716 4845 5660
f 4844 4845 5716
f 5716 4844 4843
f 5716 4842 4843
f 5717 4842 5716
f 4841 4842 5717
f 4840 4841 5717
f 5717 4839 4840
f 5710 4839 5717
f 4807 4794 5560
f 5560 4794 5718
f 5560 5718 5719
f 5719 5720 5560
f 5560 5720 5721
f 5722 5721 5560
f 5560 5564 5722
f 4756 5634 4754
f 5723 5634 4754
f 4825 5723 4754
f 4754 4823 4825
f 4752 4823 4754
f 4821 4823 4752
f 4819 4821 4752
f 4819 4817 4752
f 4752 4817 4750
f 4750 4817 4806
f 4750 4806 4805
f 4805 4815 4750
f 4750 4815 4748
f 4814 4815 4748
f 4813 4814 4748
f 4748 4812 4813
f 5560 4810 5570
f 4809 4810 5560
f 4808 4809 5560
f 4808 4807 5560
f 4775 4762 5574
f 5574 4762 5724
f 5574 5724 5725
f 5725 5726 5574
f 5620 5726 5574
f 4758 5727 5622
f 5728 5727 4758
f 4758 5728 5729
f 4758 5729 4759
f 4759 5729 5730
f 4759 5730 5731
f 5731 5732 4759
f 4759 5732 4760
f 4760 5732 5733
f 4760 5733 5734
f 5734 5735 4760
f 4760 5735 4761
f 4761 5735 4793
f 4761 4793 4791
f 4791 4789 4761
f 4761 4789 4732
f 5575 4781 4782
f 4780 4781 5575
f 5574 4777 4778
f 5574 4777 4776
f 5574 4776 4775
f 5635 5710 5636
f 5736 3945 5579
f 4120 3945 5736
f 5563 4120 5736
f 5736 5579 5563
f 5737 4123 5574
f 4122 4123 5737
f 5575 4122 5737
f 5737 5574 5575
f 5738 5575 5576
f 4122 5575 5738
f 3941 4122 5738
f 5738 5576 3941
f 5739 5577 3943
f 5576 5577 5739
f 3941 5576 5739
f 5739 3943 3941
f 5464 3943 5577
f 5740 3943 5464
f 5411 5740 5464
f 5464 5412 5411
f 5571 5473 5472
f 5548 5473 5571
f 4123 5548 5571
f 5571 5574 4123
f 5463 5550 5430
f 5741 5550 5463
f 3945 5741 5463
f 5463 5579 3945
f 5568 4125 5560
f 5547 4125 5568
f 5479 5547 5568
f 5568 5555 5479
f 5742 5475 5503
f 5474 5475 5742
f 5743 5474 5742
f 5742 5503 5743
f 5744 5414 5432
f 5413 5414 5744
f 5745 5413 5744
f 5744 5432 5745
f 5474 5746 5472
f 5747 5746 5474
f 5343 5747 5474
f 5344 5747 5343
f 5748 5747 5344
f 5334 5748 5344
f 5335 5748 5334
f 5346 5748 5335
f 5749 5748 5346
f 5348 5749 5346
f 5350 5749 5348
f 5750 5749 5350
f 5352 5750 5350
f 5354 5750 5352
f 5751 5750 5354
f 5752 5750 5751
f 5753 5750 5752
f 5754 5750 5753
f 5755 5754 5753
f 5756 5754 5755
f 5757 5754 5756
f 5758 5754 5757
f 5759 5754 5758
f 5760 5759 5758
f 5761 5759 5760
f 5762 5759 5761
f 5763 5759 5762
f 5764 5759 5763
f 5765 5759 5764
f 5743 5759 5765
f 5766 5743 5765
f 5767 5743 5766
f 5313 5743 5767
f 5336 5743 5313
f 5337 5743 5336
f 5338 5743 5337
f 5474 5743 5338
f 5339 5474 5338
f 5340 5474 5339
f 5341 5474 5340
f 5342 5474 5341
f 5343 5474 5342
f 5472 5768 5571
f 5388 5768 5472
f 5387 5388 5472
f 5768 5568 5571
f 5555 5568 5768
f 5395 5555 5768
f 5397 5555 5395
f 5399 5555 5397
f 5401 5555 5399
f 5403 5555 5401
f 5769 5555 5403
f 5770 5769 5403
f 5771 5769 5770
f 5772 5771 5770
f 5773 5771 5772
f 5774 5771 5773
f 5775 5774 5773
f 5776 5774 5775
f 5777 5774 5776
f 5778 5774 5777
f 5779 5778 5777
f 5780 5778 5779
f 5781 5778 5780
f 5782 5778 5781
f 5783 5778 5782
f 5784 5783 5782
f 5785 5783 5784
f 5786 5783 5785
f 5787 5783 5786
f 5788 5787 5786
f 5789 5787 5788
f 5790 5787 5789
f 5362 5790 5789
f 5472 5790 5362
f 5385 5472 5362
f 5386 5472 5385
f 5387 5472 5386
f 5791 5555 5769
f 5556 5555 5791
f 5792 5556 5791
f 5294 5556 5792
f 5293 5294 5792
f 5556 5299 5558
f 5297 5299 5556
f 5286 5297 5556
f 5558 5793 5794
f 5795 5793 5558
f 5796 5795 5558
f 5794 5797 5798
f 5799 5797 5794
f 5800 5799 5794
f 5798 5801 5802
f 5803 5801 5798
f 5804 5803 5798
f 5802 5288 5805
f 5287 5288 5802
f 5264 5287 5802
f 5805 5290 5806
f 5289 5290 5805
f 5288 5289 5805
f 5806 5293 5792
f 5292 5293 5806
f 5291 5292 5806
f 5472 5746 5790
f 5768 5384 5395
f 5383 5384 5768
f 5393 5383 5768
f 5768 5392 5393
f 5391 5392 5768
f 5390 5391 5768
f 5768 5389 5390
f 5388 5389 5768
f 5558 5305 5796
f 5303 5305 5558
f 5301 5303 5558
f 5558 5299 5301
f 5556 5285 5286
f 5295 5285 5556
f 5294 5295 5556
f 5806 5290 5291
f 5802 5807 5264
f 5808 5807 5802
f 5801 5808 5802
f 5798 5809 5804
f 5797 5809 5798
f 5794 5810 5800
f 5811 5810 5794
f 5812 5811 5794
f 5794 5793 5812
f 5813 5507 5759
f 5503 5507 5813
f 5743 5503 5813
f 5813 5759 5743
f 5814 5507 5514
f 5759 5507 5814
f 5754 5759 5814
f 5814 5514 5754
f 5815 5525 5558
f 5529 5525 5815
f 5794 5529 5815
f 5815 5558 5794
f 5816 5794 5798
f 5529 5794 5816
f 5536 5529 5816
f 5816 5798 5536
f 5817 5818 5453
f 5553 5818 5817
f 5460 5553 5817
f 5817 5453 5460
f 5819 5818 5820
f 5453 5818 5819
f 5448 5453 5819
f 5819 5820 5448
f 5821 5745 5432
f 5822 5745 5821
f 5434 5822 5821
f 5821 5432 5434
f 5823 5434 5438
f 5822 5434 5823
f 5824 5822 5823
f 5823 5438 5824
f 5413 5825 5411
f 5181 5825 5413
f 5182 5181 5413
f 5411 5826 5740
f 5162 5826 5411
f 5161 5162 5411
f 5826 5741 5740
f 5550 5741 5826
f 5122 5550 5826
f 5120 5550 5122
f 5116 5550 5120
f 5118 5550 5116
f 5827 5550 5118
f 5828 5827 5118
f 5550 5829 5551
f 5830 5829 5550
f 5827 5830 5550
f 5551 5220 5553
f 5222 5220 5551
f 5224 5222 5551
f 5553 5831 5818
f 5832 5831 5553
f 5833 5832 5553
f 5818 5834 5820
f 5835 5834 5818
f 5836 5835 5818
f 5820 5837 5838
f 5839 5837 5820
f 5840 5839 5820
f 5838 5258 5841
f 5257 5258 5838
f 5842 5257 5838
f 5841 5261 5843
f 5260 5261 5841
f 5259 5260 5841
f 5843 5231 5829
f 5233 5231 5843
f 5262 5233 5843
f 5828 5844 5845
f 5846 5844 5828
f 5847 5846 5828
f 5845 5848 5849
f 5850 5848 5845
f 5851 5850 5845
f 5849 5852 5853
f 5854 5852 5849
f 5855 5854 5849
f 5853 5856 5857
f 5858 5856 5853
f 5859 5858 5853
f 5857 5159 5860
f 5861 5159 5857
f 5862 5861 5857
f 5411 5860 5159
f 5863 5860 5411
f 5825 5863 5411
f 5179 5825 5181
f 5864 5825 5179
f 5177 5864 5179
f 5175 5864 5177
f 5173 5864 5175
f 5865 5864 5173
f 5171 5865 5173
f 5169 5865 5171
f 5165 5865 5169
f 5866 5865 5165
f 5167 5866 5165
f 5867 5866 5167
f 5868 5866 5867
f 5869 5866 5868
f 5824 5866 5869
f 5870 5824 5869
f 5871 5824 5870
f 5872 5824 5871
f 5873 5824 5872
f 5822 5824 5873
f 5874 5822 5873
f 5875 5822 5874
f 5876 5822 5875
f 5877 5822 5876
f 5878 5822 5877
f 5879 5822 5878
f 5745 5822 5879
f 5880 5745 5879
f 5881 5745 5880
f 5208 5745 5881
f 5209 5745 5208
f 5210 5745 5209
f 5211 5745 5210
f 5413 5745 5211
f 5212 5413 5211
f 5213 5413 5212
f 5184 5413 5213
f 5182 5413 5184
f 5857 5856 5862
f 5853 5852 5859
f 5849 5882 5855
f 5848 5882 5849
f 5845 5844 5851
f 5828 5118 5847
f 5826 5124 5122
f 5126 5124 5826
f 5128 5126 5826
f 5826 5130 5128
f 5132 5130 5826
f 5133 5132 5826
f 5826 5135 5133
f 5164 5135 5826
f 5163 5164 5826
f 5826 5162 5163
f 5411 5160 5161
f 5159 5160 5411
f 5838 5883 5842
f 5837 5883 5838
f 5820 5884 5840
f 5834 5884 5820
f 5818 5885 5836
f 5886 5885 5818
f 5887 5886 5818
f 5818 5831 5887
f 5553 5216 5833
f 5214 5216 5553
f 5218 5214 5553
f 5553 5220 5218
f 5551 5226 5224
f 5228 5226 5551
f 5230 5228 5551
f 5829 5230 5551
f 5231 5230 5829
f 5843 5261 5262
f 5841 5258 5259
f 5888 5362 5789
f 5363 5362 5888
f 5499 5363 5888
f 5889 5499 5888
f 5498 5499 5889
f 5890 5498 5889
f 5496 5498 5890
f 5891 5496 5890
f 5495 5496 5891
f 5892 5495 5891
f 5494 5495 5892
f 5893 5494 5892
f 5492 5494 5893
f 5894 5492 5893
f 5895 5492 5894
f 5782 5895 5894
f 5781 5895 5782
f 5896 5895 5781
f 5780 5896 5781
f 5779 5896 5780
f 5897 5896 5779
f 5777 5897 5779
f 5898 5897 5777
f 5776 5898 5777
f 5899 5898 5776
f 5775 5899 5776
f 5900 5899 5775
f 5773 5900 5775
f 5901 5900 5773
f 5772 5901 5773
f 5902 5901 5772
f 5770 5902 5772
f 5403 5902 5770
f 5477 5902 5403
f 5404 5477 5403
f 5895 5491 5492
f 5896 5491 5895
f 5896 5490 5491
f 5489 5490 5896
f 5897 5489 5896
f 5487 5489 5897
f 5898 5487 5897
f 5486 5487 5898
f 5899 5486 5898
f 5485 5486 5899
f 5900 5485 5899
f 5483 5485 5900
f 5901 5483 5900
f 5482 5483 5901
f 5902 5482 5901
f 5477 5482 5902
f 5893 5782 5894
f 5784 5782 5893
f 5892 5784 5893
f 5785 5784 5892
f 5891 5785 5892
f 5786 5785 5891
f 5890 5786 5891
f 5788 5786 5890
f 5889 5788 5890
f 5789 5788 5889
f 5888 5789 5889
f 5903 5313 5767
f 5314 5313 5903
f 5504 5314 5903
f 5904 5504 5903
f 5505 5504 5904
f 5905 5505 5904
f 5506 5505 5905
f 5906 5506 5905
f 5508 5506 5906
f 5907 5508 5906
f 5509 5508 5907
f 5908 5509 5907
f 5510 5509 5908
f 5909 5510 5908
f 5910 5510 5909
f 5762 5910 5909
f 5761 5910 5762
f 5911 5910 5761
f 5760 5911 5761
f 5758 5911 5760
f 5912 5911 5758
f 5757 5912 5758
f 5913 5912 5757
f 5756 5913 5757
f 5914 5913 5756
f 5755 5914 5756
f 5915 5914 5755
f 5753 5915 5755
f 5916 5915 5753
f 5752 5916 5753
f 5917 5916 5752
f 5751 5917 5752
f 5354 5917 5751
f 5521 5917 5354
f 5355 5521 5354
f 5910 5511 5510
f 5911 5511 5910
f 5911 5512 5511
f 5513 5512 5911
f 5912 5513 5911
f 5515 5513 5912
f 5913 5515 5912
f 5516 5515 5913
f 5914 5516 5913
f 5517 5516 5914
f 5915 5517 5914
f 5518 5517 5915
f 5916 5518 5915
f 5520 5518 5916
f 5917 5520 5916
f 5521 5520 5917
f 5908 5762 5909
f 5763 5762 5908
f 5907 5763 5908
f 5764 5763 5907
f 5906 5764 5907
f 5765 5764 5906
f 5905 5765 5906
f 5766 5765 5905
f 5904 5766 5905
f 5767 5766 5904
f 5903 5767 5904
f 5918 5264 5807
f 5265 5264 5918
f 5543 5265 5918
f 5919 5543 5918
f 5542 5543 5919
f 5920 5542 5919
f 5540 5542 5920
f 5921 5540 5920
f 5539 5540 5921
f 5922 5539 5921
f 5538 5539 5922
f 5923 5538 5922
f 5537 5538 5923
f 5924 5537 5923
f 5925 5537 5924
f 5809 5925 5924
f 5797 5925 5809
f 5926 5925 5797
f 5799 5926 5797
f 5800 5926 5799
f 5927 5926 5800
f 5810 5927 5800
f 5928 5927 5810
f 5811 5928 5810
f 5929 5928 5811
f 5812 5929 5811
f 5930 5929 5812
f 5793 5930 5812
f 5931 5930 5793
f 5795 5931 5793
f 5932 5931 5795
f 5796 5932 5795
f 5305 5932 5796
f 5526 5932 5305
f 5306 5526 5305
f 5925 5535 5537
f 5926 5535 5925
f 5926 5534 5535
f 5533 5534 5926
f 5927 5533 5926
f 5532 5533 5927
f 5928 5532 5927
f 5531 5532 5928
f 5929 5531 5928
f 5530 5531 5929
f 5930 5530 5929
f 5528 5530 5930
f 5931 5528 5930
f 5527 5528 5931
f 5932 5527 5931
f 5526 5527 5932
f 5923 5809 5924
f 5804 5809 5923
f 5922 5804 5923
f 5803 5804 5922
f 5921 5803 5922
f 5801 5803 5921
f 5920 5801 5921
f 5808 5801 5920
f 5919 5808 5920
f 5807 5808 5919
f 5918 5807 5919
f 5933 5215 5462
f 5216 5215 5933
f 5833 5216 5933
f 5934 5833 5933
f 5832 5833 5934
f 5935 5832 5934
f 5831 5832 5935
f 5936 5831 5935
f 5887 5831 5936
f 5937 5887 5936
f 5886 5887 5937
f 5938 5886 5937
f 5885 5886 5938
f 5939 5885 5938
f 5940 5885 5939
f 5456 5940 5939
f 5455 5940 5456
f 5941 5940 5455
f 5454 5941 5455
f 5452 5941 5454
f 5942 5941 5452
f 5451 5942 5452
f 5943 5942 5451
f 5450 5943 5451
f 5944 5943 5450
f 5449 5944 5450
f 5945 5944 5449
f 5447 5945 5449
f 5946 5945 5447
f 5446 5946 5447
f 5947 5946 5446
f 5445 5947 5446
f 5256 5947 5445
f 5842 5947 5256
f 5257 5842 5256
f 5940 5836 5885
f 5941 5836 5940
f 5941 5835 5836
f 5834 5835 5941
f 5942 5834 5941
f 5884 5834 5942
f 5943 5884 5942
f 5840 5884 5943
f 5944 5840 5943
f 5839 5840 5944
f 5945 5839 5944
f 5837 5839 5945
f 5946 5837 5945
f 5883 5837 5946
f 5947 5883 5946
f 5842 5883 5947
f 5938 5456 5939
f 5457 5456 5938
f 5937 5457 5938
f 5458 5457 5937
f 5936 5458 5937
f 5459 5458 5936
f 5935 5459 5936
f 5461 5459 5935
f 5934 5461 5935
f 5462 5461 5934
f 5933 5462 5934
f 5948 5166 5465
f 5167 5166 5948
f 5867 5167 5948
f 5949 5867 5948
f 5868 5867 5949
f 5950 5868 5949
f 5869 5868 5950
f 5951 5869 5950
f 5870 5869 5951
f 5952 5870 5951
f 5871 5870 5952
f 5953 5871 5952
f 5872 5871 5953
f 5954 5872 5953
f 5955 5872 5954
f 5467 5955 5954
f 5437 5955 5467
f 5956 5955 5437
f 5439 5956 5437
f 5440 5956 5439
f 5957 5956 5440
f 5468 5957 5440
f 5958 5957 5468
f 5469 5958 5468
f 5959 5958 5469
f 5470 5959 5469
f 5960 5959 5470
f 5433 5960 5470
f 5961 5960 5433
f 5435 5961 5433
f 5962 5961 5435
f 5436 5962 5435
f 5207 5962 5436
f 5881 5962 5207
f 5208 5881 5207
f 5955 5873 5872
f 5956 5873 5955
f 5956 5874 5873
f 5875 5874 5956
f 5957 5875 5956
f 5876 5875 5957
f 5958 5876 5957
f 5877 5876 5958
f 5959 5877 5958
f 5878 5877 5959
f 5960 5878 5959
f 5879 5878 5960
f 5961 5879 5960
f 5880 5879 5961
f 5962 5880 5961
f 5881 5880 5962
f 5953 5467 5954
f 5443 5467 5953
f 5952 5443 5953
f 5442 5443 5952
f 5951 5442 5952
f 5441 5442 5951
f 5950 5441 5951
f 5466 5441 5950
f 5949 5466 5950
f 5465 5466 5949
f 5948 5465 5949
f 5963 5117 5429
f 5118 5117 5963
f 5847 5118 5963
f 5964 5847 5963
f 5846 5847 5964
f 5965 5846 5964
f 5844 5846 5965
f 5966 5844 5965
f 5851 5844 5966
f 5967 5851 5966
f 5850 5851 5967
f 5968 5850 5967
f 5848 5850 5968
f 5969 5848 5968
f 5970 5848 5969
f 5424 5970 5969
f 5423 5970 5424
f 5971 5970 5423
f 5423 5971 5422
f 5422 5971 5421
f 5421 5971 5972
f 5421 5972 5420
f 5973 5972 5420
f 5419 5973 5420
f 5974 5973 5419
f 5418 5974 5419
f 5975 5974 5418
f 5417 5975 5418
f 5976 5975 5417
f 5416 5976 5417
f 5977 5976 5416
f 5415 5977 5416
f 5158 5977 5415
f 5861 5977 5158
f 5159 5861 5158
f 5970 5882 5848
f 5971 5882 5970
f 5971 5855 5882
f 5854 5855 5971
f 5972 5854 5971
f 5852 5854 5972
f 5973 5852 5972
f 5859 5852 5973
f 5974 5859 5973
f 5858 5859 5974
f 5975 5858 5974
f 5856 5858 5975
f 5976 5856 5975
f 5862 5856 5976
f 5977 5862 5976
f 5861 5862 5977
f 5968 5424 5969
f 5425 5424 5968
f 5967 5425 5968
f 5426 5425 5967
f 5966 5426 5967
f 5427 5426 5966
f 5965 5427 5966
f 5428 5427 5965
f 5964 5428 5965
f 5429 5428 5964
f 5963 5429 5964
f 5978 5750 5519
f 5749 5750 5978
f 5979 5749 5978
f 5748 5749 5979
f 5980 5748 5979
f 5747 5748 5980
f 5981 5747 5980
f 5746 5747 5981
f 5982 5746 5981
f 5790 5746 5982
f 5983 5790 5982
f 5787 5790 5983
f 5984 5787 5983
f 5985 5787 5984
f 5497 5985 5984
f 5493 5985 5497
f 5986 5985 5493
f 5488 5986 5493
f 5484 5986 5488
f 5987 5986 5484
f 5476 5987 5484
f 5988 5987 5476
f 5478 5988 5476
f 5989 5988 5478
f 5480 5989 5478
f 5990 5989 5480
f 5481 5990 5480
f 5991 5990 5481
f 5545 5991 5481
f 5992 5991 5545
f 5544 5992 5545
f 5541 5992 5544
f 5805 5992 5541
f 5802 5805 5541
f 5985 5783 5787
f 5986 5783 5985
f 5986 5778 5783
f 5774 5778 5986
f 5987 5774 5986
f 5771 5774 5987
f 5988 5771 5987
f 5769 5771 5988
f 5989 5769 5988
f 5791 5769 5989
f 5990 5791 5989
f 5792 5791 5990
f 5991 5792 5990
f 5806 5792 5991
f 5992 5806 5991
f 5805 5806 5992
f 5983 5497 5984
f 5500 5497 5983
f 5982 5500 5983
f 5501 5500 5982
f 5981 5501 5982
f 5502 5501 5981
f 5980 5502 5981
f 5523 5502 5980
f 5979 5523 5980
f 5522 5523 5979
f 5978 5522 5979
f 5519 5522 5978
f 2132 5993 2133
f 5841 5993 2132
f 5838 5841 2132
f 5993 2187 2133
f 5994 2187 5993
f 5843 5994 5993
f 5829 5994 5843
f 5995 5994 5829
f 5830 5995 5829
f 5996 5995 5830
f 5827 5996 5830
f 5997 5996 5827
f 5828 5997 5827
f 5998 5997 5828
f 5845 5998 5828
f 5999 5998 5845
f 5849 5999 5845
f 5853 5999 5849
f 6000 5999 5853
f 5857 6000 5853
f 6001 6000 5857
f 6002 6001 5857
f 2167 6001 6002
f 2168 2167 6002
f 5994 2143 2187
f 5995 2143 5994
f 5995 2144 2143
f 5996 2144 5995
f 5996 2152 2144
f 5997 2152 5996
f 5997 2186 2152
f 5998 2186 5997
f 5998 2157 2186
f 5999 2157 5998
f 5999 2158 2157
f 2185 2158 5999
f 6000 2185 5999
f 2167 2185 6000
f 6001 2167 6000
f 6003 2168 6002
f 2170 2168 6003
f 6004 2170 6003
f 2172 2170 6004
f 6005 2172 6004
f 2174 2172 6005
f 6006 2174 6005
f 2176 2174 6006
f 6007 2176 6006
f 2178 2176 6007
f 5866 2178 6007
f 6007 5865 5866
f 6006 5865 6007
f 6006 5864 5865
f 6005 5864 6006
f 6005 5825 5864
f 6004 5825 6005
f 6004 5863 5825
f 6003 5863 6004
f 6003 5860 5863
f 6002 5860 6003
f 6002 5857 5860
f 5993 5841 5843
f 6008 5754 5514
f 5750 5754 6008
f 5519 5750 6008
f 6008 5514 5519
f 6009 5802 5541
f 5798 5802 6009
f 5536 5798 6009
f 6009 5541 5536
f 6010 5448 5820
f 2132 5448 6010
f 5838 2132 6010
f 6010 5820 5838
f 6011 2178 5866
f 5438 2178 6011
f 5824 5438 6011
f 6011 5866 5824
f 6012 5068 5588
f 5069 5068 6012
f 6013 5069 6012
f 6014 6013 6012
f 6015 6013 6014
f 6016 6015 6014
f 6017 6015 6016
f 6018 6017 6016
f 6019 6017 6018
f 6020 6019 6018
f 6021 6019 6020
f 6022 6021 6020
f 6023 6021 6022
f 6024 6023 6022
f 6025 6023 6024
f 6024 6025 5593
f 5593 6025 5594
f 6026 6025 5594
f 5578 6026 5594
f 5580 6026 5578
f 6027 6026 5580
f 5581 6027 5580
f 6028 6027 5581
f 5595 6028 5581
f 6029 6028 5595
f 5596 6029 5595
f 6030 6029 5596
f 5597 6030 5596
f 6031 6030 5597
f 5598 6031 5597
f 6032 6031 5598
f 5599 6032 5598
f 5109 6032 5599
f 6033 6032 5109
f 5110 6033 5109
f 6023 6034 6025
f 6026 6034 6025
f 6026 6035 6034
f 6036 6035 6026
f 6027 6036 6026
f 6037 6036 6027
f 6028 6037 6027
f 6038 6037 6028
f 6029 6038 6028
f 6039 6038 6029
f 6030 6039 6029
f 6040 6039 6030
f 6031 6040 6030
f 6041 6040 6031
f 6032 6041 6031
f 6033 6041 6032
f 6024 5593 6022
f 6022 5593 5592
f 6022 5592 6020
f 6020 5592 5591
f 6018 5591 6020
f 5590 5591 6018
f 6016 5590 6018
f 5589 5590 6016
f 6014 5589 6016
f 5588 5589 6014
f 6012 5588 6014
f 6042 5019 5572
f 5020 5019 6042
f 6043 5020 6042
f 6044 6043 6042
f 6045 6043 6044
f 6046 6045 6044
f 6047 6045 6046
f 6048 6047 6046
f 6049 6047 6048
f 6050 6049 6048
f 6051 6049 6050
f 6052 6051 6050
f 6053 6051 6052
f 6054 6053 6052
f 6055 6053 6054
f 5603 6055 6054
f 5604 6055 5603
f 6056 6055 5604
f 5567 6056 5604
f 5569 6056 5567
f 6057 6056 5569
f 5570 6057 5569
f 6058 6057 5570
f 5605 6058 5570
f 6059 6058 5605
f 5613 6059 5605
f 6060 6059 5613
f 5615 6060 5613
f 6061 6060 5615
f 5617 6061 5615
f 6062 6061 5617
f 5617 6062 5619
f 5060 6062 5619
f 6063 6062 5060
f 5061 6063 5060
f 6055 6064 6053
f 6056 6064 6055
f 6056 6065 6064
f 6066 6065 6056
f 6057 6066 6056
f 6067 6066 6057
f 6058 6067 6057
f 6068 6067 6058
f 6059 6068 6058
f 6069 6068 6059
f 6060 6069 6059
f 6070 6069 6060
f 6061 6070 6060
f 6071 6070 6061
f 6062 6071 6061
f 6063 6071 6062
f 6052 5603 6054
f 5602 5603 6052
f 6050 5602 6052
f 5601 5602 6050
f 6048 5601 6050
f 5600 5601 6048
f 6046 5600 6048
f 5573 5600 6046
f 6044 5573 6046
f 5572 5573 6044
f 6042 5572 6044
f 5618 4986 6072
f 6072 4986 3218
f 6072 3218 3219
f 6072 3219 6073
f 6073 3219 3221
f 6073 3221 6074
f 6074 3221 3250
f 6074 3250 6075
f 6075 3250 3249
f 6075 3249 6076
f 6076 3249 3248
f 6076 3248 6077
f 6077 3248 3247
f 6077 3247 6078
f 6078 3247 6079
f 6078 6079 5607
f 5607 6079 5608
f 6080 6079 5608
f 5609 6080 5608
f 5610 6080 5609
f 6081 6080 5610
f 5611 6081 5610
f 6082 6081 5611
f 5611 6082 5623
f 5623 6082 6083
f 5623 6083 5624
f 5624 6083 6084
f 5624 6084 5625
f 5625 6084 6085
f 5625 6085 5626
f 6086 6085 5626
f 5626 6086 5627
f 5627 6086 5017
f 5017 6086 4574
f 5017 4574 4573
f 6079 3246 3247
f 6080 3246 6079
f 6080 3245 3246
f 4571 3245 6080
f 6081 4571 6080
f 4579 4571 6081
f 6082 4579 6081
f 6082 4579 4578
f 6082 4578 6083
f 6083 4578 4577
f 6083 4577 6084
f 6084 4577 4576
f 6084 4576 6085
f 6085 4576 4575
f 6086 4575 6085
f 4574 4575 6086
f 6078 5607 6077
f 6077 5607 5606
f 6077 5606 6076
f 6076 5606 5612
f 6076 5612 6075
f 6075 5612 5614
f 6075 5614 6074
f 6074 5614 5616
f 6074 5616 6073
f 6073 5616 5618
f 6073 5618 6072
f 5628 4954 6087
f 6087 4954 3267
f 6087 3267 3268
f 6087 3268 6088
f 6088 3268 3270
f 6088 3270 6089
f 3299 3270 6089
f 6090 3299 6089
f 6090 3299 3298
f 6090 3298 6091
f 3297 3298 6091
f 6092 3297 6091
f 3296 3297 6092
f 6093 3296 6092
f 6094 3296 6093
f 5652 6094 6093
f 5653 6094 5652
f 6095 6094 5653
f 5585 6095 5653
f 5586 6095 5585
f 6096 6095 5586
f 5587 6096 5586
f 6097 6096 5587
f 5647 6097 5587
f 5647 6097 6098
f 5647 6098 5646
f 5646 6098 6099
f 5645 6099 5646
f 5645 6099 6100
f 5643 6100 5645
f 5643 6100 6101
f 5643 6101 5642
f 5642 6101 4985
f 4985 6101 4544
f 4985 4544 4543
f 6094 3295 3296
f 6095 3295 6094
f 6095 3294 3295
f 4541 3294 6095
f 6096 4541 6095
f 4549 4541 6096
f 6097 4549 6096
f 6097 4549 4548
f 6097 4548 6098
f 6098 4548 4547
f 6098 4547 6099
f 6099 4547 4546
f 6099 4546 6100
f 6100 4546 4545
f 6100 4545 6101
f 6101 4545 4544
f 6092 5652 6093
f 5651 5652 6092
f 6091 5651 6092
f 5650 5651 6091
f 6090 5650 6091
f 5649 5650 6090
f 6089 5649 6090
f 5648 5649 6089
f 6089 5648 6088
f 6088 5648 5628
f 6088 5628 6087
f 5655 4922 6102
f 6102 4922 3316
f 6102 3316 3317
f 6102 3317 6103
f 6103 3317 3319
f 6103 3319 6104
f 6104 3319 3348
f 6104 3348 6105
f 6105 3348 3347
f 6105 3347 6106
f 6106 3347 3346
f 6106 3346 6107
f 6107 3346 3345
f 6107 3345 6108
f 6108 3345 6109
f 6108 6109 5663
f 5663 6109 5664
f 5664 6109 6110
f 5664 6110 5665
f 5665 6110 5666
f 5666 6110 6111
f 5666 6111 5667
f 5667 6111 6112
f 5667 6112 5668
f 5668 6112 6113
f 5668 6113 5669
f 5669 6113 6114
f 5669 6114 5670
f 5670 6114 6115
f 5670 6115 5671
f 5671 6115 6116
f 5671 6116 5672
f 5672 6116 4953
f 4953 6116 4514
f 4953 4514 4513
f 3345 3344 6109
f 6109 3344 6110
f 3344 3343 6110
f 6110 3343 4511
f 6110 4511 6111
f 6111 4511 4519
f 6111 4519 6112
f 6112 4519 4518
f 6112 4518 6113
f 6113 4518 4517
f 6113 4517 6114
f 6114 4517 4516
f 6114 4516 6115
f 6115 4516 4515
f 6115 4515 6116
f 6116 4515 4514
f 6108 5663 6107
f 6107 5663 5662
f 6107 5662 6106
f 6106 5662 5661
f 6106 5661 6105
f 6105 5661 5657
f 6105 5657 6104
f 6104 5657 5656
f 6104 5656 6103
f 6103 5656 5655
f 6103 5655 6102
f 5694 4890 6117
f 6117 4890 3365
f 3366 3365 6117
f 6118 3366 6117
f 3368 3366 6118
f 6119 3368 6118
f 3397 3368 6119
f 6120 3397 6119
f 3396 3397 6120
f 6121 3396 6120
f 3395 3396 6121
f 6122 3395 6121
f 6122 3395 3394
f 6122 3394 6123
f 6123 3394 6124
f 6123 6124 5699
f 5699 6124 5700
f 5700 6124 6125
f 5701 6125 5700
f 5702 6125 5701
f 5702 6125 6126
f 5704 6126 5702
f 5704 6126 6127
f 5704 6127 5705
f 5705 6127 6128
f 5706 6128 5705
f 6129 6128 5706
f 5707 6129 5706
f 6130 6129 5707
f 5708 6130 5707
f 6131 6130 5708
f 5709 6131 5708
f 4921 6131 5709
f 4484 6131 4921
f 4483 4484 4921
f 3394 3393 6124
f 6124 3393 6125
f 3393 3392 6125
f 4481 3392 6125
f 6125 4481 6126
f 6126 4481 4489
f 6126 4489 6127
f 6127 4489 4488
f 6127 4488 6128
f 6128 4488 4487
f 6129 4487 6128
f 4486 4487 6129
f 6130 4486 6129
f 4485 4486 6130
f 6131 4485 6130
f 4484 4485 6131
f 6123 5699 6122
f 5698 5699 6122
f 6121 5698 6122
f 5697 5698 6121
f 6120 5697 6121
f 5696 5697 6120
f 6119 5696 6120
f 5695 5696 6119
f 6118 5695 6119
f 5694 5695 6118
f 6117 5694 6118
f 6132 4858 5691
f 3071 4858 6132
f 3072 3071 6132
f 6133 3072 6132
f 3074 3072 6133
f 6134 3074 6133
f 3103 3074 6134
f 6135 3103 6134
f 3102 3103 6135
f 6136 3102 6135
f 6136 3102 3101
f 6136 3101 6137
f 6137 3101 3100
f 6137 3100 6138
f 6138 3100 6139
f 6138 6139 5685
f 5685 6139 5683
f 5683 6139 6140
f 5682 6140 5683
f 5681 6140 5682
f 6141 6140 5681
f 5679 6141 5681
f 6142 6141 5679
f 5677 6142 5679
f 6143 6142 5677
f 5676 6143 5677
f 6144 6143 5676
f 5676 6144 5675
f 5675 6144 6145
f 5674 6145 5675
f 6146 6145 5674
f 5673 6146 5674
f 4889 6146 5673
f 4664 6146 4889
f 4663 4664 4889
f 3100 3099 6139
f 6139 3099 6140
f 3099 3098 6140
f 6140 3098 4661
f 6141 4661 6140
f 4669 4661 6141
f 6142 4669 6141
f 4668 4669 6142
f 6143 4668 6142
f 4667 4668 6143
f 6144 4667 6143
f 6144 4667 4666
f 6144 4666 6145
f 6145 4666 4665
f 6146 4665 6145
f 4664 4665 6146
f 6138 5685 6137
f 6137 5685 5686
f 6137 5686 6136
f 6136 5686 5687
f 6135 5687 6136
f 6135 5687 5689
f 6134 5689 6135
f 5690 5689 6134
f 6133 5690 6134
f 5691 5690 6133
f 6132 5691 6133
f 6147 4826 5711
f 3120 4826 6147
f 3121 3120 6147
f 6148 3121 6147
f 3123 3121 6148
f 6149 3123 6148
f 3152 3123 6149
f 6150 3152 6149
f 3151 3152 6150
f 6150 3151 6151
f 6151 3151 3150
f 6151 3150 6152
f 6152 3150 3149
f 6152 3149 6153
f 6153 3149 6154
f 6153 6154 5640
f 5640 6154 5641
f 5641 6154 6155
f 5641 6155 5644
f 5644 6155 5712
f 5712 6155 6156
f 5582 6156 5712
f 5582 6156 6157
f 5583 6157 5582
f 5583 6157 6158
f 5583 6158 5584
f 6159 6158 5584
f 5713 6159 5584
f 6160 6159 5713
f 5713 6160 5714
f 5714 6160 6161
f 5714 6161 5715
f 5715 6161 4857
f 4857 6161 4634
f 4857 4634 4633
f 3149 3148 6154
f 6154 3148 6155
f 3148 3147 6155
f 6155 3147 4631
f 6155 4631 6156
f 6156 4631 4639
f 6156 4639 6157
f 6157 4639 4638
f 6157 4638 6158
f 6158 4638 4637
f 6159 4637 6158
f 4636 4637 6159
f 6160 4636 6159
f 4635 4636 6160
f 6160 4635 6161
f 6161 4635 4634
f 6153 5640 6152
f 6152 5640 5639
f 6152 5639 6151
f 6151 5639 5638
f 6151 5638 6150
f 6150 5638 5637
f 6149 5637 6150
f 5636 5637 6149
f 6148 5636 6149
f 5711 5636 6148
f 6147 5711 6148
f 5718 4794 6162
f 6162 4794 3169
f 6162 3169 3170
f 6162 3170 6163
f 6163 3170 3172
f 6163 3172 6164
f 6164 3172 3201
f 6164 3201 6165
f 6165 3201 3200
f 6165 3200 6166
f 3199 3200 6166
f 6167 3199 6166
f 3198 3199 6167
f 6168 3198 6167
f 6168 3198 6169
f 6168 6169 5564
f 5565 6169 5564
f 5565 6169 6170
f 5565 6170 5566
f 5566 6170 5629
f 5629 6170 6171
f 5629 6171 5630
f 5630 6171 6172
f 5630 6172 5631
f 5631 6172 6173
f 5631 6173 5632
f 6174 6173 5632
f 5633 6174 5632
f 6175 6174 5633
f 5634 6175 5633
f 6176 6175 5634
f 5723 6176 5634
f 4825 6176 5723
f 4604 6176 4825
f 4603 4604 4825
f 3198 3197 6169
f 6169 3197 6170
f 3197 3196 6170
f 6170 3196 4601
f 6170 4601 6171
f 6171 4601 4609
f 6171 4609 6172
f 6172 4609 4608
f 6172 4608 6173
f 6173 4608 4607
f 6174 4607 6173
f 4606 4607 6174
f 6175 4606 6174
f 4605 4606 6175
f 6176 4605 6175
f 4604 4605 6176
f 6167 5564 6168
f 5722 5564 6167
f 6166 5722 6167
f 5721 5722 6166
f 6166 5721 6165
f 6165 5721 5720
f 6165 5720 6164
f 6164 5720 5719
f 6164 5719 6163
f 6163 5719 5718
f 6163 5718 6162
f 5724 4762 6177
f 6177 4762 3022
f 6177 3022 3023
f 6177 3023 6178
f 6178 3023 3025
f 6178 3025 6179
f 6179 3025 3054
f 6179 3054 6180
f 6180 3054 3053
f 6180 3053 6181
f 6181 3053 3052
f 6181 3052 6182
f 6182 3052 3051
f 6182 3051 6183
f 6183 3051 6184
f 6183 6184 5622
f 5622 6184 5727
f 5727 6184 6185
f 5727 6185 5728
f 5729 6185 5728
f 6186 6185 5729
f 5730 6186 5729
f 6187 6186 5730
f 5731 6187 5730
f 6188 6187 5731
f 5731 6188 5732
f 6189 6188 5732
f 5732 6189 5733
f 6190 6189 5733
f 5734 6190 5733
f 6191 6190 5734
f 5734 6191 5735
f 4793 6191 5735
f 4694 6191 4793
f 4693 4694 4793
f 3051 3050 6184
f 6184 3050 6185
f 3050 3049 6185
f 4691 3049 6185
f 6186 4691 6185
f 4699 4691 6186
f 6187 4699 6186
f 4698 4699 6187
f 6188 4698 6187
f 4697 4698 6188
f 6189 4697 6188
f 4696 4697 6189
f 6190 4696 6189
f 4695 4696 6190
f 6191 4695 6190
f 4694 4695 6191
f 6183 5622 6182
f 6182 5622 5621
f 6182 5621 6181
f 6181 5621 5620
f 6181 5620 6180
f 5726 5620 6180
f 6180 5726 6179
f 6179 5726 5725
f 6179 5725 6178
f 6178 5725 5724
f 6178 5724 6177
f 2996 4731 2995
f 6192 4731 2996
f 2997 6192 2996
f 2997 6192 6193
f 2997 6193 2998
f 2998 6193 6194
f 2998 6194 2999
f 2999 6194 6195
f 2999 6195 3000
f 3000 6195 6196
f 3000 6196 3001
f 6197 6196 3001
f 2992 6197 3001
f 6198 6197 2992
f 2993 6198 2992
f 4725 6198 2993
f 6199 6198 4725
f 4726 6199 4725
f 6200 6199 4726
f 6201 6200 4726
f 5659 6200 6201
f 6201 5659 5660
f 6192 5703 4731
f 6192 5703 5692
f 6192 5692 6193
f 6193 5692 5688
f 6193 5688 6194
f 6194 5688 5684
f 6194 5684 6195
f 6195 5684 5680
f 6195 5680 6196
f 6196 5680 5678
f 6197 5678 6196
f 6197 5678 5693
f 6198 5693 6197
f 6198 5693 5654
f 6198 5654 5658
f 6199 5658 6198
f 5659 5658 6199
f 6200 5659 6199
f 6202 5660 6201
f 5716 5660 6202
f 6203 5716 6202
f 5717 5716 6203
f 6204 5717 6203
f 5710 5717 6204
f 6205 5710 6204
f 5635 5710 6205
f 6206 5635 6205
f 4757 5635 6206
f 4714 4757 6206
f 6206 4715 4714
f 6205 4715 6206
f 6205 4717 4715
f 6204 4717 6205
f 6204 4729 4717
f 6203 4729 6204
f 6203 4728 4729
f 6202 4728 6203
f 6202 4727 4728
f 6201 4727 6202
f 6201 4726 4727
f 4127 3198 4125
f 4125 3198 3199
f 4125 3199 3200
f 4127 3294 4120
f 3295 3294 4127
f 3296 3295 4127
f 3945 4639 4120
f 4120 4639 4631
f 4120 4631 3147
f 3945 6036 5741
f 6035 6036 3945
f 6034 6035 3945
f 5741 5110 5740
f 6033 5110 5741
f 6041 6033 5741
f 5740 5084 3943
f 5086 5084 5740
f 5115 5086 5740
f 3941 4643 3943
f 3943 4643 4645
f 3943 4645 4647
f 3941 3349 4122
f 4461 3349 3941
f 4463 4461 3941
f 4123 3010 4122
f 4122 3010 3006
f 4122 3006 3008
f 4123 5032 5548
f 5034 5032 4123
f 5035 5034 4123
f 5548 5020 5547
f 5018 5020 5548
f 5022 5018 5548
f 5547 6064 4125
f 6053 6064 5547
f 6051 6053 5547
f 5741 6040 6041
f 6039 6040 5741
f 6038 6039 5741
f 5741 6037 6038
f 6036 6037 5741
f 6034 6023 3945
f 3945 6023 4519
f 3945 4519 4511
f 4518 6023 4519
f 6021 6023 4518
f 4517 6021 4518
f 6019 6021 4517
f 4516 6019 4517
f 6017 6019 4516
f 4515 6017 4516
f 6015 6017 4515
f 4514 6015 4515
f 6013 6015 4514
f 4513 6013 4514
f 5069 6013 4513
f 5067 5069 4513
f 4513 5071 5067
f 5073 5071 4513
f 5075 5073 4513
f 4513 5077 5075
f 5079 5077 4513
f 3943 5079 4513
f 5081 5079 3943
f 5083 5081 3943
f 3943 5084 5083
f 5740 5114 5115
f 5113 5114 5740
f 5112 5113 5740
f 5740 5111 5112
f 5110 5111 5740
f 3218 5061 5062
f 6063 5061 3218
f 3219 6063 3218
f 6071 6063 3219
f 3221 6071 3219
f 6070 6071 3221
f 3250 6070 3221
f 6069 6070 3250
f 3249 6069 3250
f 6068 6069 3249
f 3248 6068 3249
f 6067 6068 3248
f 3247 6067 3248
f 3161 6067 3247
f 3247 3161 3246
f 3246 3161 3159
f 3246 3159 3157
f 4125 6067 3161
f 6066 6067 4125
f 6065 6066 4125
f 4125 6064 6065
f 5547 6049 6051
f 6047 6049 5547
f 6045 6047 5547
f 5547 6043 6045
f 5020 6043 5547
f 5548 5024 5022
f 5026 5024 5548
f 5028 5026 5548
f 5548 5030 5028
f 5032 5030 5548
f 4123 5037 5035
f 3053 5037 4123
f 4123 3053 3054
f 5037 3208 5066
f 3206 3208 5037
f 3053 3206 5037
f 3053 3206 3204
f 3053 3204 3052
f 3052 3204 3051
f 3051 3204 3202
f 3051 3202 2965
f 2965 3202 2963
f 2963 3202 4551
f 2963 4551 4553
f 3210 5066 3208
f 5065 5066 3210
f 3212 5065 3210
f 5064 5065 3212
f 3214 5064 3212
f 5063 5064 3214
f 3216 5063 3214
f 5062 5063 3216
f 3218 5062 3216
f 4572 4573 2960
f 2960 4573 4574
f 4575 4574 2960
f 2960 4575 4700
f 4700 4575 4576
f 4700 4576 4577
f 4577 4578 4700
f 4700 4578 4579
f 4700 4579 4702
f 4571 4579 4702
f 3245 4571 4702
f 3246 3157 3245
f 3245 3157 4704
f 3245 4704 4702
f 2963 4553 2961
f 2961 4553 4555
f 2961 4555 4557
f 4557 4559 2961
f 2961 4559 4561
f 2961 4561 2960
f 4572 4561 2960
f 4543 3148 4544
f 3149 3148 4543
f 3150 3149 4543
f 3148 4545 4544
f 3148 4545 3147
f 3147 4545 4546
f 3147 4546 4120
f 4120 4546 4547
f 4120 4547 4548
f 4548 4549 4120
f 4541 4549 4120
f 3294 4541 4120
f 4127 3297 3296
f 3298 3297 4127
f 4127 3298 3299
f 4127 3299 3196
f 3196 3299 3270
f 3196 3270 4601
f 3268 3270 4601
f 3267 3268 4601
f 4609 3267 4601
f 3265 3267 4609
f 3263 3265 4609
f 4608 3263 4609
f 3261 3263 4608
f 4607 3261 4608
f 3259 3261 4607
f 4606 3259 4607
f 3257 3259 4606
f 4605 3257 4606
f 4712 3257 4605
f 4710 4712 4605
f 3257 3255 4712
f 3253 3255 4712
f 4714 3253 4712
f 3251 3253 4714
f 4521 3251 4714
f 4714 4521 4715
f 4523 4521 4715
f 4525 4523 4715
f 4717 4525 4715
f 4527 4525 4717
f 4529 4527 4717
f 4717 4531 4529
f 4542 4531 4717
f 4543 4542 4717
f 3945 4511 4633
f 4633 4511 3343
f 4633 3343 3344
f 3344 3345 4633
f 4633 3345 3346
f 4633 3346 3347
f 3347 3348 4633
f 4633 3348 4632
f 4632 3348 4621
f 4621 3348 4619
f 4619 3348 4617
f 4617 3348 4615
f 4615 3348 4726
f 4613 4726 4615
f 4727 4726 4613
f 4613 4727 4611
f 4611 4727 3104
f 3104 4727 4728
f 3104 4728 3106
f 3108 4728 3106
f 3110 4728 3108
f 3110 4728 3112
f 4729 4728 3112
f 3112 4729 3114
f 3114 4729 3116
f 3116 4729 3118
f 3118 4729 4717
f 3118 4717 3120
f 3121 4717 3120
f 3123 4717 3121
f 3152 4717 3123
f 4543 4717 3152
f 3151 4543 3152
f 3150 4543 3151
f 4725 3348 4726
f 3319 3348 4725
f 2993 3319 4725
f 2993 3319 3317
f 2993 3317 3316
f 3316 3314 2993
f 2993 3314 3312
f 2993 3312 3310
f 3308 4663 3310
f 3310 4663 4664
f 3310 4664 4665
f 3308 3306 4663
f 4663 3306 3304
f 4663 3304 3300
f 3300 3302 4663
f 4663 3302 4491
f 4663 4491 3943
f 3943 4491 4493
f 4495 4493 3943
f 4495 4497 3943
f 3943 4497 4499
f 3943 4499 4501
f 4501 4512 3943
f 3943 4512 4513
f 4483 2997 4484
f 3065 2997 4483
f 3063 3065 4483
f 2997 4485 4484
f 4486 4485 2997
f 4487 4486 2997
f 4487 4488 2997
f 2997 4488 2996
f 2996 4488 4489
f 2996 4489 4481
f 2995 4481 2996
f 3392 4481 2995
f 2995 3392 3393
f 2994 3393 2995
f 2994 3393 3394
f 2994 3394 3395
f 3395 4679 3396
f 4681 4679 3395
f 2994 4681 3395
f 2971 4681 2994
f 4692 4681 2971
f 4693 4692 2971
f 4677 3396 4679
f 3397 3396 4677
f 4675 3397 4677
f 3368 3397 4675
f 4673 3368 4675
f 3366 3368 4673
f 3365 3366 4673
f 4671 3365 4673
f 3363 3365 4671
f 3361 3363 4671
f 3008 3361 4671
f 3359 3361 3008
f 3008 3359 4122
f 4122 3359 3357
f 3355 3357 4122
f 4122 3353 3355
f 3351 3353 4122
f 3349 3351 4122
f 4463 4465 3941
f 3941 4465 4467
f 3941 4467 4469
f 3941 4469 3057
f 4471 4469 3057
f 3055 4471 3057
f 4482 4471 3055
f 4483 4482 3055
f 4665 4666 3310
f 3310 4666 4667
f 3310 4667 4668
f 3310 4669 4668
f 4661 4669 3310
f 2993 4661 3310
f 2992 4661 2993
f 2992 4661 3001
f 3001 4661 3000
f 3098 4661 3000
f 3000 3098 2999
f 2999 3098 3099
f 2999 3099 3100
f 3100 3101 2999
f 2999 3101 3102
f 2999 3102 2998
f 3103 3102 2998
f 3074 3103 2998
f 2998 3072 3074
f 2997 3072 2998
f 3071 3072 2997
f 3069 3071 2997
f 2997 3067 3069
f 3065 3067 2997
f 4483 3061 3063
f 3059 3061 4483
f 3055 3059 4483
f 3057 4641 3941
f 3941 4641 4643
f 3943 4649 4647
f 4651 4649 3943
f 3943 4651 4662
f 4662 4663 3943
f 4633 4634 3945
f 3945 4634 4635
f 4636 4635 3945
f 3945 4637 4636
f 3945 4637 4638
f 3945 4638 4639
f 4602 4603 4710
f 4710 4603 4604
f 4710 4604 4605
f 3196 3197 4127
f 4127 3197 3198
f 4125 3201 3200
f 3172 3201 4125
f 4125 3172 3170
f 3170 3169 4125
f 4125 3169 3167
f 4125 3167 3165
f 3165 3163 4125
f 4125 3163 3161
f 3157 3153 4704
f 4704 3153 3155
f 4704 3155 4706
f 4706 3155 4581
f 4706 4581 4583
f 4583 4585 4706
f 4706 4585 4587
f 4589 4587 4706
f 4706 4591 4589
f 4708 4591 4706
f 4602 4591 4708
f 4710 4602 4708
f 2971 4694 4693
f 2969 4694 2971
f 4695 4694 2969
f 4696 4695 2969
f 2969 4697 4696
f 2967 4697 2969
f 4698 4697 2967
f 2967 4698 4699
f 4699 4691 2967
f 2967 4691 3049
f 2967 3049 2965
f 2965 3049 3050
f 2965 3050 3051
f 3054 3025 4123
f 4123 3025 3023
f 4123 3023 3022
f 3022 3020 4123
f 4123 3020 3018
f 3016 3018 4123
f 4123 3014 3016
f 4123 3014 3012
f 4123 3012 3010

